cod_departamento,cod_municipio,cod_zona,cod_puesto,departamento,municipio,puesto,comuna_nombre
01,001,01,01,ANTIOQUIA,MEDELLIN,SEC. ESC. LA ESPERANZA No,COMUNA 1 POPULAR
01,001,01,02,ANTIOQUIA,MEDELLIN,INST.EDUC. LA CANDELARIA,COMUNA 1 POPULAR
01,001,01,03,ANTIOQUIA,MEDELLIN,IE MARIA DE LOS ANGELES CANO MARQUEZ,COMUNA 1 POPULAR
01,001,01,04,ANTIOQUIA,MEDELLIN,SEC. ESC. MEDELLIN,COMUNA 1 POPULAR
01,001,01,05,ANTIOQUIA,MEDELLIN,I.E.FE Y ALEGRIA GRANIZAL,COMUNA 1 POPULAR
01,001,01,06,ANTIOQUIA,MEDELLIN,IE LA AVANZADA,COMUNA 1 POPULAR
01,001,01,07,ANTIOQUIA,MEDELLIN,SEC. ESC. CARPINELO AMAPOLITA,COMUNA 1 POPULAR
01,001,01,08,ANTIOQUIA,MEDELLIN,IE ANTONIO DERKA,COMUNA 1 POPULAR
01,001,01,09,ANTIOQUIA,MEDELLIN,SEC. ESC. NUEVO HORIZONTE,COMUNA 1 POPULAR
01,001,02,01,ANTIOQUIA,MEDELLIN,I.E. NUEVO HORIZONTE - PAULO VI,COMUNA 1 POPULAR
01,001,02,02,ANTIOQUIA,MEDELLIN,SEC. ESC. DIVINA PROVIDENCIA,COMUNA 1 POPULAR
01,001,02,03,ANTIOQUIA,MEDELLIN,SEC.ESC.AGRIPINA MONTES DEL VALLE,COMUNA 1 POPULAR
01,001,02,04,ANTIOQUIA,MEDELLIN,I.E.FEDERICO CARRASQUILLA,COMUNA 1 POPULAR
01,001,02,05,ANTIOQUIA,MEDELLIN,I.E.GUADALUPE,COMUNA 1 POPULAR
01,001,03,01,ANTIOQUIA,MEDELLIN,I.E.  ASIA IGNACIANA,COMUNA 2 SANTA CRUZ
01,001,03,02,ANTIOQUIA,MEDELLIN,SEC.ESC.  MANUEL URIBE ANGEL,COMUNA 2 SANTA CRUZ
01,001,03,03,ANTIOQUIA,MEDELLIN,SEC. ESC. FIDEL ANTONIO SALDARRIAGA,COMUNA 2 SANTA CRUZ
01,001,03,04,ANTIOQUIA,MEDELLIN,SEC ESC LA FRONTERA,COMUNA 2 SANTA CRUZ
01,001,04,01,ANTIOQUIA,MEDELLIN,I.E. BARRIO SANTA CRUZ,COMUNA 2 SANTA CRUZ
01,001,04,02,ANTIOQUIA,MEDELLIN,SEC. ESC. ARZOBISPO GARCIA,COMUNA 2 SANTA CRUZ
01,001,04,03,ANTIOQUIA,MEDELLIN,I.E. REPUBLICA DE HONDURAS,COMUNA 2 SANTA CRUZ
01,001,05,01,ANTIOQUIA,MEDELLIN,I.E. MONTECARLO GUILLERMO GAVIRIA CORREA,COMUNA 3 MANRIQUE
01,001,05,02,ANTIOQUIA,MEDELLIN,IE LAS NIEVES,COMUNA 3 MANRIQUE
01,001,05,03,ANTIOQUIA,MEDELLIN,I.E. MANUELA BELTRAN,COMUNA 3 MANRIQUE
01,001,05,04,ANTIOQUIA,MEDELLIN,SEC ESC SAN JOSE (IE MANUELA BELTRAN),COMUNA 3 MANRIQUE
01,001,05,05,ANTIOQUIA,MEDELLIN,I.E.RAMON MUNERA LOPERA,COMUNA 3 MANRIQUE
01,001,05,06,ANTIOQUIA,MEDELLIN,IE BELLO ORIENTE,COMUNA 3 MANRIQUE
01,001,05,07,ANTIOQUIA,MEDELLIN,IE JOSE ROBERTO VASQUEZ,COMUNA 3 MANRIQUE
01,001,05,08,ANTIOQUIA,MEDELLIN,SEC. ESC. BALDOMERO SANIN CANO,COMUNA 3 MANRIQUE
01,001,06,01,ANTIOQUIA,MEDELLIN,I.E. JOSE ANTONIO GALAN,COMUNA 3 MANRIQUE
01,001,06,02,ANTIOQUIA,MEDELLIN,I.E. HERNAN TORO AGUDELO,COMUNA 3 MANRIQUE
01,001,06,03,ANTIOQUIA,MEDELLIN,IE RODRIGO LARA BONILLA - SEDE LA SUSANA,COMUNA 3 MANRIQUE
01,001,06,04,ANTIOQUIA,MEDELLIN,IE SAN JUAN BAUTISTA DE LA SALLE,COMUNA 3 MANRIQUE
01,001,07,01,ANTIOQUIA,MEDELLIN,COL AGUSTINIANO DE SAN NICOLAS,COMUNA 4 ARANJUEZ
01,001,07,02,ANTIOQUIA,MEDELLIN,I.E. MONSEÑOR FRANCISCO CRISTOBAL TORO,COMUNA 4 ARANJUEZ
01,001,07,03,ANTIOQUIA,MEDELLIN,I.E. GILBERTO ALZATE AVENDAÑO,COMUNA 4 ARANJUEZ
01,001,07,04,ANTIOQUIA,MEDELLIN,I.E. CAMPO VALDES,COMUNA 4 ARANJUEZ
01,001,07,05,ANTIOQUIA,MEDELLIN,I.E.SAN JUAN BOSCO,COMUNA 4 ARANJUEZ
01,001,07,06,ANTIOQUIA,MEDELLIN,I.E. JOSE EUSEBIO CARO,COMUNA 4 ARANJUEZ
01,001,07,07,ANTIOQUIA,MEDELLIN,IE LORENZA VILLEGAS DE SANTOS,COMUNA 4 ARANJUEZ
01,001,07,08,ANTIOQUIA,MEDELLIN,SEC ESC TOMAS CARRASQUILLA No,COMUNA 4 ARANJUEZ
01,001,08,01,ANTIOQUIA,MEDELLIN,I.E. ALFONSO MORA NARANJO,COMUNA 4 ARANJUEZ
01,001,08,02,ANTIOQUIA,MEDELLIN,I.E. JOSE MARIA BRAVO MARQUEZ,COMUNA 4 ARANJUEZ
01,001,08,03,ANTIOQUIA,MEDELLIN,I.E. FRANCISCO MIRANDA,COMUNA 4 ARANJUEZ
01,001,08,04,ANTIOQUIA,MEDELLIN,I.E. JAVIERA LONDOÑO SEVILLA,COMUNA 4 ARANJUEZ
01,001,08,05,ANTIOQUIA,MEDELLIN,I.E. EL BOSQUE,COMUNA 4 ARANJUEZ
01,001,08,06,ANTIOQUIA,MEDELLIN,SEC ESC JULIO ARBOLEDA,COMUNA 4 ARANJUEZ
01,001,08,07,ANTIOQUIA,MEDELLIN,SEC. ESC. PORFIRIO BARBA JACOB,COMUNA 4 ARANJUEZ
01,001,08,08,ANTIOQUIA,MEDELLIN,IE FE Y ALEGRIA LUIS AMIGO MORAVIA,COMUNA 4 ARANJUEZ
01,001,09,01,ANTIOQUIA,MEDELLIN,I.E. JULIO CESAR GARCIA,COMUNA 5 CASTILLA
01,001,09,02,ANTIOQUIA,MEDELLIN,IE DIEGO ECHAVARRIA MISAS,COMUNA 5 CASTILLA
01,001,09,03,ANTIOQUIA,MEDELLIN,I.E. PBRO ANTONIO JOSE BERNAL LONDOÑO SJ,COMUNA 5 CASTILLA
01,001,09,04,ANTIOQUIA,MEDELLIN,I.E.SEBASTIAN DE BELALCAZAR,COMUNA 5 CASTILLA
01,001,09,05,ANTIOQUIA,MEDELLIN,SEC ESC TRICENTENARIO,COMUNA 5 CASTILLA
01,001,09,06,ANTIOQUIA,MEDELLIN,SEC ESC TOSCANA,COMUNA 5 CASTILLA
01,001,10,01,ANTIOQUIA,MEDELLIN,I.E. MARIA MONTESSORI,COMUNA 5 CASTILLA
01,001,10,02,ANTIOQUIA,MEDELLIN,ITM CASTILLA,COMUNA 5 CASTILLA
01,001,10,03,ANTIOQUIA,MEDELLIN,I.E. DINAMARCA,COMUNA 5 CASTILLA
01,001,10,04,ANTIOQUIA,MEDELLIN,I.E. REPUBLICA DE URUGUAY,COMUNA 5 CASTILLA
01,001,10,05,ANTIOQUIA,MEDELLIN,IE FELIX DE BEDOUT MORENO,COMUNA 5 CASTILLA
01,001,10,06,ANTIOQUIA,MEDELLIN,TERMINAL DE TRANSPORTES DEL NORTE,COMUNA 5 CASTILLA
01,001,11,01,ANTIOQUIA,MEDELLIN,I.E. CIUDADELA LAS AMERICAS,COMUNA 6 DOCE DE OCTUBRE
01,001,11,02,ANTIOQUIA,MEDELLIN,I.E. PROGRESAR,COMUNA 6 DOCE DE OCTUBRE
01,001,11,03,ANTIOQUIA,MEDELLIN,SEC. ESC. LEON DE GREIFF,COMUNA 6 DOCE DE OCTUBRE
01,001,11,04,ANTIOQUIA,MEDELLIN,I.E. DOCE DE OCTUBRE,COMUNA 6 DOCE DE OCTUBRE
01,001,11,05,ANTIOQUIA,MEDELLIN,I.E. JOSE MARIA ESPINOSA PRIETO - CASD,COMUNA 6 DOCE DE OCTUBRE
01,001,11,06,ANTIOQUIA,MEDELLIN,I.E. EL TRIUNFO SANTA TERESA,COMUNA 6 DOCE DE OCTUBRE
01,001,11,07,ANTIOQUIA,MEDELLIN,I.E. SANTA JUANA DE LESTONNAC,COMUNA 6 DOCE DE OCTUBRE
01,001,11,08,ANTIOQUIA,MEDELLIN,I.E. JESUS MARIA VALLE,COMUNA 6 DOCE DE OCTUBRE
01,001,12,01,ANTIOQUIA,MEDELLIN,I.E.MAESTRO FERNANDO BOTERO,COMUNA 6 DOCE DE OCTUBRE
01,001,12,02,ANTIOQUIA,MEDELLIN,I.E.ALFREDO COCK ARANGO,COMUNA 6 DOCE DE OCTUBRE
01,001,12,03,ANTIOQUIA,MEDELLIN,SEC.ESC.SAN MARTIN DE PORRES,COMUNA 6 DOCE DE OCTUBRE
01,001,12,04,ANTIOQUIA,MEDELLIN,I.E. KENNEDY,COMUNA 6 DOCE DE OCTUBRE
01,001,12,05,ANTIOQUIA,MEDELLIN,SEC.CONCENTRACION EDUC.KENNEDY,COMUNA 6 DOCE DE OCTUBRE
01,001,12,06,ANTIOQUIA,MEDELLIN,I.E. JORGE ELIECER GAITAN,COMUNA 6 DOCE DE OCTUBRE
01,001,12,07,ANTIOQUIA,MEDELLIN,SEC. ESC. EL PEDREGAL,COMUNA 6 DOCE DE OCTUBRE
01,001,12,08,ANTIOQUIA,MEDELLIN,I.E.LA ESPERANZA,COMUNA 6 DOCE DE OCTUBRE
01,001,12,09,ANTIOQUIA,MEDELLIN,SENA PEDREGAL,COMUNA 6 DOCE DE OCTUBRE
01,001,13,01,ANTIOQUIA,MEDELLIN,I.E. SAN VICENTE DE PAUL,COMUNA 7 ROBLEDO
01,001,13,02,ANTIOQUIA,MEDELLIN,SEC.ESC. EL DIAMANTE,COMUNA 7 ROBLEDO
01,001,13,03,ANTIOQUIA,MEDELLIN,I.E.EL DIAMANTE (SEDE BTO),COMUNA 7 ROBLEDO
01,001,13,04,ANTIOQUIA,MEDELLIN,I.E. VILLA DE LA CANDELARIA,COMUNA 7 ROBLEDO
01,001,13,05,ANTIOQUIA,MEDELLIN,I.E.FE Y ALEGRIA SAN JOSE,COMUNA 7 ROBLEDO
01,001,13,06,ANTIOQUIA,MEDELLIN,TECNOLOGICO DE ANTIOQUIA,COMUNA 7 ROBLEDO
01,001,13,07,ANTIOQUIA,MEDELLIN,IE JESUS REY,COMUNA 7 ROBLEDO
01,001,13,08,ANTIOQUIA,MEDELLIN,IE AURES,COMUNA 7 ROBLEDO
01,001,14,01,ANTIOQUIA,MEDELLIN,IE MON GERARDO VALENCIA CANO,COMUNA 7 ROBLEDO
01,001,14,02,ANTIOQUIA,MEDELLIN,I.E. JORGE ROBLEDO,COMUNA 7 ROBLEDO
01,001,14,03,ANTIOQUIA,MEDELLIN,I.E.MARISCAL ROBLEDO,COMUNA 7 ROBLEDO
01,001,14,04,ANTIOQUIA,MEDELLIN,SEC.ESC. SANTA MARGARITA,COMUNA 7 ROBLEDO
01,001,14,05,ANTIOQUIA,MEDELLIN,INSTITUTO FERRINI - SEDE ROBLEDO,COMUNA 7 ROBLEDO
01,001,14,06,ANTIOQUIA,MEDELLIN,I.E.CAMILO MORA CARRASQUILLA,COMUNA 7 ROBLEDO
01,001,14,07,ANTIOQUIA,MEDELLIN,COL MAYOR DE ANTIOQUIA,COMUNA 7 ROBLEDO
01,001,14,08,ANTIOQUIA,MEDELLIN,IE BARRIO OLAYA HERRERA,COMUNA 7 ROBLEDO
01,001,15,01,ANTIOQUIA,MEDELLIN,I.E. JUAN DE DIOS CARVAJAL,COMUNA 8 VILLA HERMOSA
01,001,15,02,ANTIOQUIA,MEDELLIN,I.E. JUAN DE LA CRUZ POSADA,COMUNA 8 VILLA HERMOSA
01,001,15,03,ANTIOQUIA,MEDELLIN,I.E.JOSE CELESTINO MUTIS,COMUNA 8 VILLA HERMOSA
01,001,15,04,ANTIOQUIA,MEDELLIN,I.T.M. (CAMPUS FRATERNIDAD),COMUNA 8 VILLA HERMOSA
01,001,15,05,ANTIOQUIA,MEDELLIN,SEC.ESC.JULIA AGUDELO,COMUNA 8 VILLA HERMOSA
01,001,15,06,ANTIOQUIA,MEDELLIN,SEC.ESC.NIÑO JESUS DE PRAGA,COMUNA 8 VILLA HERMOSA
01,001,15,07,ANTIOQUIA,MEDELLIN,I.E.SOL DE ORIENTE,COMUNA 8 VILLA HERMOSA
01,001,15,08,ANTIOQUIA,MEDELLIN,I.E. LUIS CARLOS GALAN SARMIENTO,COMUNA 8 VILLA HERMOSA
01,001,15,09,ANTIOQUIA,MEDELLIN,IE ESC NORMAL SUPERIOR DE MEDELLIN,COMUNA 8 VILLA HERMOSA
01,001,16,01,ANTIOQUIA,MEDELLIN,SEC. ESC. VILLA TURBAY,COMUNA 8 VILLA HERMOSA
01,001,16,02,ANTIOQUIA,MEDELLIN,SECCION ESCUELA HOGAR ANTIOQUIA,COMUNA 8 VILLA HERMOSA
01,001,16,03,ANTIOQUIA,MEDELLIN,SEC ESC SOR MARIA LUISA COURBIN,COMUNA 8 VILLA HERMOSA
01,001,16,04,ANTIOQUIA,MEDELLIN,I.E. SAN FRANCISCO DE ASIS,COMUNA 8 VILLA HERMOSA
01,001,16,05,ANTIOQUIA,MEDELLIN,IE FELIX HENAO BOTERO,COMUNA 8 VILLA HERMOSA
01,001,16,06,ANTIOQUIA,MEDELLIN,IE GABRIEL GARCIA MARQUEZ,COMUNA 8 VILLA HERMOSA
01,001,17,01,ANTIOQUIA,MEDELLIN,I.E.GUADALUPANO LA SALLE,COMUNA 9 BUENOS AIRES
01,001,17,02,ANTIOQUIA,MEDELLIN,IE MERCEDITAS GOMEZ MARTINEZ,COMUNA 9 BUENOS AIRES
01,001,17,03,ANTIOQUIA,MEDELLIN,I.E. MANUEL JOSÉ CAYZEDO,COMUNA 9 BUENOS AIRES
01,001,17,04,ANTIOQUIA,MEDELLIN,I.E. LA MILAGROSA,COMUNA 9 BUENOS AIRES
01,001,17,05,ANTIOQUIA,MEDELLIN,COLEGIO EUCARISTICO,COMUNA 9 BUENOS AIRES
01,001,17,06,ANTIOQUIA,MEDELLIN,SENA - SEDE BUENOS AIRES,COMUNA 9 BUENOS AIRES
01,001,17,07,ANTIOQUIA,MEDELLIN,IE ARZOBISPO TULIO BOTERO SALAZAR,COMUNA 9 BUENOS AIRES
01,001,17,08,ANTIOQUIA,MEDELLIN,IE MADRE LAURA,COMUNA 9 BUENOS AIRES
01,001,17,09,ANTIOQUIA,MEDELLIN,SECCION ESCUELA ALEJANDRO ECHAVARRIA,COMUNA 9 BUENOS AIRES
01,001,18,01,ANTIOQUIA,MEDELLIN,I.E. GABRIELA GOMEZ CARVAJAL,COMUNA 9 BUENOS AIRES
01,001,18,02,ANTIOQUIA,MEDELLIN,IE FEDERICO OZANAM,COMUNA 9 BUENOS AIRES
01,001,18,03,ANTIOQUIA,MEDELLIN,ESC NORMAL SUPERIOR ANTIOQUEÑA,COMUNA 9 BUENOS AIRES
01,001,18,04,ANTIOQUIA,MEDELLIN,SEC. ESC. JOSE DE SAN MARTIN,COMUNA 9 BUENOS AIRES
01,001,18,05,ANTIOQUIA,MEDELLIN,SEC. ESC. JUAN CANCIO RESTREPO,COMUNA 9 BUENOS AIRES
01,001,19,01,ANTIOQUIA,MEDELLIN,I.E. TULIO OSPINA,COMUNA 10 LA CANDELARIA
01,001,19,02,ANTIOQUIA,MEDELLIN,SEC. COL. AGUSTIN NIETO CABALLERO,COMUNA 10 LA CANDELARIA
01,001,19,03,ANTIOQUIA,MEDELLIN,COLEGIO SALESIANO EL SUFRAGIO,COMUNA 10 LA CANDELARIA
01,001,19,04,ANTIOQUIA,MEDELLIN,I.E. CENTRO FORMATIVO DE ANTIOQUIA -CEFA,COMUNA 10 LA CANDELARIA
01,001,19,05,ANTIOQUIA,MEDELLIN,I.E. HECTOR ABAD GOMEZ,COMUNA 10 LA CANDELARIA
01,001,19,06,ANTIOQUIA,MEDELLIN,I.E. JAVIERA LONDOÑO,COMUNA 10 LA CANDELARIA
01,001,19,07,ANTIOQUIA,MEDELLIN,I.T.M. (PRADO CENTRO),COMUNA 10 LA CANDELARIA
01,001,20,01,ANTIOQUIA,MEDELLIN,AUDITORIO CC SAN DIEGO TORRE NTE PISO,COMUNA 10 LA CANDELARIA
01,001,20,02,ANTIOQUIA,MEDELLIN,ALCALDIA MUNICIPAL (SOTANO),COMUNA 10 LA CANDELARIA
01,001,20,03,ANTIOQUIA,MEDELLIN,SENA,COMUNA 10 LA CANDELARIA
01,001,20,04,ANTIOQUIA,MEDELLIN,UNIVERSIDAD CLARETIANA,COMUNA 10 LA CANDELARIA
01,001,20,05,ANTIOQUIA,MEDELLIN,PLAZA MINORISTA JOSE MARIA VILLA,COMUNA 10 LA CANDELARIA
01,001,21,01,ANTIOQUIA,MEDELLIN,INSTITUTO JORGE ROBLEDO,COMUNA 11 LAURELES
01,001,21,02,ANTIOQUIA,MEDELLIN,I.E. MATER DEI,COMUNA 11 LAURELES
01,001,21,03,ANTIOQUIA,MEDELLIN,I.E. MARCO FIDEL SUAREZ,COMUNA 11 LAURELES
01,001,21,04,ANTIOQUIA,MEDELLIN,COL. CALASANZ (FEM) CAMPESTRE ESCOLAPIAS,COMUNA 11 LAURELES
01,001,21,05,ANTIOQUIA,MEDELLIN,COL. SAN IGNACIO DE LOYOLA - SD MAYORES,COMUNA 11 LAURELES
01,001,21,06,ANTIOQUIA,MEDELLIN,SEC. ESC. CARLOS OBANDO VELASCO,COMUNA 11 LAURELES
01,001,21,07,ANTIOQUIA,MEDELLIN,INST. UNIVERSITARIA SALAZAR Y HERRERA,COMUNA 11 LAURELES
01,001,22,01,ANTIOQUIA,MEDELLIN,SEC.ESC. AGRUPACION COLOMBIA,COMUNA 11 LAURELES
01,001,22,02,ANTIOQUIA,MEDELLIN,I.E. LUCRECIO JARAMILLO VELEZ,COMUNA 11 LAURELES
01,001,22,03,ANTIOQUIA,MEDELLIN,COLEGIO BETHLEMITAS,COMUNA 11 LAURELES
01,001,22,04,ANTIOQUIA,MEDELLIN,COL. SAN IGNACIO DE LOYOLA - SD INFANTIL,COMUNA 11 LAURELES
01,001,22,05,ANTIOQUIA,MEDELLIN,CORP. UNIVERSITARIA ADVENTISTA - UNAC,COMUNA 11 LAURELES
01,001,22,06,ANTIOQUIA,MEDELLIN,UNIVERSIDAD PONTIFICIA BOLIVARIANA,COMUNA 11 LAURELES
01,001,23,01,ANTIOQUIA,MEDELLIN,SEC. ESC. SANTA LUCIA,COMUNA 12 LA AMERICA
01,001,23,02,ANTIOQUIA,MEDELLIN,I.E. CONCEJO DE MEDELLIN,COMUNA 12 LA AMERICA
01,001,23,03,ANTIOQUIA,MEDELLIN,I.E. LA PIEDAD,COMUNA 12 LA AMERICA
01,001,23,04,ANTIOQUIA,MEDELLIN,I.E.SANTA ROSA DE LIMA,COMUNA 12 LA AMERICA
01,001,23,05,ANTIOQUIA,MEDELLIN,IE LOLA GONZALEZ,COMUNA 12 LA AMERICA
01,001,23,06,ANTIOQUIA,MEDELLIN,INST. FERRINI - SD CALASANZ,COMUNA 12 LA AMERICA
01,001,24,01,ANTIOQUIA,MEDELLIN,COLEGIO LATINO,COMUNA 12 LA AMERICA
01,001,24,02,ANTIOQUIA,MEDELLIN,SEC.ESC.RAFAEL URIBE URIBE,COMUNA 12 LA AMERICA
01,001,24,03,ANTIOQUIA,MEDELLIN,SEC. ESC. PEDRO DE CASTRO,COMUNA 12 LA AMERICA
01,001,24,04,ANTIOQUIA,MEDELLIN,I.E.FRANCISCO ANTONIO ZEA,COMUNA 12 LA AMERICA
01,001,24,05,ANTIOQUIA,MEDELLIN,I.E AMERICA,COMUNA 12 LA AMERICA
01,001,24,06,ANTIOQUIA,MEDELLIN,C,COMUNA 12 LA AMERICA
01,001,24,07,ANTIOQUIA,MEDELLIN,LICEO SALAZAR Y HERRERA,COMUNA 12 LA AMERICA
01,001,25,01,ANTIOQUIA,MEDELLIN,I.E. BLANQUIZAL,COMUNA 13 SAN JAVIER
01,001,25,02,ANTIOQUIA,MEDELLIN,SEC. ESC. REPUBLICA DE PANAMA,COMUNA 13 SAN JAVIER
01,001,25,03,ANTIOQUIA,MEDELLIN,I.E JUAN XXIII,COMUNA 13 SAN JAVIER
01,001,25,04,ANTIOQUIA,MEDELLIN,SEC. ESC. MONSEÑOR PERDOMO,COMUNA 13 SAN JAVIER
01,001,25,05,ANTIOQUIA,MEDELLIN,SEC.ESC.PIO XII,COMUNA 13 SAN JAVIER
01,001,25,06,ANTIOQUIA,MEDELLIN,I.E.STELLA VELEZ LONDOÑO,COMUNA 13 SAN JAVIER
01,001,25,07,ANTIOQUIA,MEDELLIN,SEC ESC JUAN DE DIOS ARANZAZU,COMUNA 13 SAN JAVIER
01,001,26,01,ANTIOQUIA,MEDELLIN,I.E.LA INDEPENDENCIA,COMUNA 13 SAN JAVIER
01,001,26,02,ANTIOQUIA,MEDELLIN,SEC.ESC.EL SOCORRO,COMUNA 13 SAN JAVIER
01,001,26,03,ANTIOQUIA,MEDELLIN,SEC. ESC. BETANIA,COMUNA 13 SAN JAVIER
01,001,26,04,ANTIOQUIA,MEDELLIN,I.E.EL CORAZON,COMUNA 13 SAN JAVIER
01,001,26,05,ANTIOQUIA,MEDELLIN,I.E.EDUARDO SANTOS,COMUNA 13 SAN JAVIER
01,001,26,06,ANTIOQUIA,MEDELLIN,I.E. CARLOS VIECO ORTIZ,COMUNA 13 SAN JAVIER
01,001,26,07,ANTIOQUIA,MEDELLIN,SEC. ESC. AMOR AL NIÑO,COMUNA 13 SAN JAVIER
01,001,26,08,ANTIOQUIA,MEDELLIN,I.E FUNDADORES,COMUNA 13 SAN JAVIER
01,001,26,09,ANTIOQUIA,MEDELLIN,SEC. ESC. VEINTE DE JULIO,COMUNA 13 SAN JAVIER
01,001,27,01,ANTIOQUIA,MEDELLIN,PARQUE COMERCIAL EL TESORO,COMUNA 14 EL POBLADO
01,001,27,02,ANTIOQUIA,MEDELLIN,COL.MARYMOUNT,COMUNA 14 EL POBLADO
01,001,27,03,ANTIOQUIA,MEDELLIN,COLEGIO SAN LUCAS,COMUNA 14 EL POBLADO
01,001,27,04,ANTIOQUIA,MEDELLIN,SEC. ESC. GUILLERMO ECHAVARRIA MISAS,COMUNA 14 EL POBLADO
01,001,27,05,ANTIOQUIA,MEDELLIN,COLEGIO CAMPESTRE MANZANARES,COMUNA 14 EL POBLADO
01,001,27,06,ANTIOQUIA,MEDELLIN,COLEGIO SAN JOSE DE LA SALLE,COMUNA 14 EL POBLADO
01,001,28,01,ANTIOQUIA,MEDELLIN,POLITECNICO JAIME ISAZA CADAVID,COMUNA 14 EL POBLADO
01,001,28,02,ANTIOQUIA,MEDELLIN,I.E. INEM JOSE FELIX DE RESTREPO,COMUNA 14 EL POBLADO
01,001,28,03,ANTIOQUIA,MEDELLIN,UNIVERSIDAD EAFIT,COMUNA 14 EL POBLADO
01,001,28,04,ANTIOQUIA,MEDELLIN,COL DE LA COMPAÑIA DE MARIA LA ENSEÑANZA,COMUNA 14 EL POBLADO
01,001,28,05,ANTIOQUIA,MEDELLIN,COL. SAN JOSE DE LAS VEGAS,COMUNA 14 EL POBLADO
01,001,28,06,ANTIOQUIA,MEDELLIN,COLEGIO PINARES ALTOVERDE,COMUNA 14 EL POBLADO
01,001,29,01,ANTIOQUIA,MEDELLIN,I.E. CAMILO C. RESTREPO,COMUNA 15 GUAYABAL
01,001,29,02,ANTIOQUIA,MEDELLIN,I.E.BENJAMIN HERRERA,COMUNA 15 GUAYABAL
01,001,29,03,ANTIOQUIA,MEDELLIN,I.E.CRISTO REY,COMUNA 15 GUAYABAL
01,001,29,04,ANTIOQUIA,MEDELLIN,SEC. ESC. REPUBLICA DE COSTA RICA,COMUNA 15 GUAYABAL
01,001,29,05,ANTIOQUIA,MEDELLIN,SEC.ESC.LA COLINA,COMUNA 15 GUAYABAL
01,001,29,06,ANTIOQUIA,MEDELLIN,I.E. LA SALLE DE CAMPOAMOR,COMUNA 15 GUAYABAL
01,001,29,07,ANTIOQUIA,MEDELLIN,SEC ESC CRISTO REY APOLO,COMUNA 15 GUAYABAL
01,001,29,08,ANTIOQUIA,MEDELLIN,SEC. ESC. SANTISIMA TRINIDAD,COMUNA 15 GUAYABAL
01,001,30,01,ANTIOQUIA,MEDELLIN,I.E. FATIMA NUTIBARA,COMUNA 16 BELEN
01,001,30,02,ANTIOQUIA,MEDELLIN,SEC. ESC. SOFIA OSPINA DE NAVARRO,COMUNA 16 BELEN
01,001,30,03,ANTIOQUIA,MEDELLIN,I.E.JUAN MARIA CESPEDES,COMUNA 16 BELEN
01,001,30,04,ANTIOQUIA,MEDELLIN,I.E. GUILLERMO VALENCIA,COMUNA 16 BELEN
01,001,30,05,ANTIOQUIA,MEDELLIN,UNID.DEPORTIVA ANDRES ESCOBAR,COMUNA 16 BELEN
01,001,30,06,ANTIOQUIA,MEDELLIN,LICEO SAN RAFAEL,COMUNA 16 BELEN
01,001,30,07,ANTIOQUIA,MEDELLIN,COLEGIO SAN JUAN BOSCO,COMUNA 16 BELEN
01,001,30,08,ANTIOQUIA,MEDELLIN,IE YERMO Y PARRES,COMUNA 16 BELEN
01,001,30,09,ANTIOQUIA,MEDELLIN,SECCION ESCUELA CARLOS FRANCO,COMUNA 16 BELEN
01,001,30,10,ANTIOQUIA,MEDELLIN,INSTITUCION EDUCATIVA ROSALIA SUAREZ,COMUNA 16 BELEN
01,001,31,01,ANTIOQUIA,MEDELLIN,I.E. OCTAVIO HARRY - JACQUELINE KENNEDY,COMUNA 16 BELEN
01,001,31,02,ANTIOQUIA,MEDELLIN,I.E.JOSE MARIA BERNAL,COMUNA 16 BELEN
01,001,31,03,ANTIOQUIA,MEDELLIN,INSTITUTO SAN CARLOS,COMUNA 16 BELEN
01,001,31,04,ANTIOQUIA,MEDELLIN,I.E.ALCALDIA DE MEDELLIN,COMUNA 16 BELEN
01,001,31,05,ANTIOQUIA,MEDELLIN,COLEGIO PADRE MANYANET,COMUNA 16 BELEN
01,001,31,06,ANTIOQUIA,MEDELLIN,I.E. CAPILLA DEL ROSARIO,COMUNA 16 BELEN
01,001,31,07,ANTIOQUIA,MEDELLIN,IE ANTONIO RICAURTE,COMUNA 16 BELEN
01,001,31,08,ANTIOQUIA,MEDELLIN,COL LA INMACULADA,COMUNA 16 BELEN
01,001,32,01,ANTIOQUIA,MEDELLIN,I.E.RAMON GIRALDO CEBALLOS,COMUNA 16 BELEN
01,001,32,02,ANTIOQUIA,MEDELLIN,UNIVERSIDAD DE MEDELLIN,COMUNA 16 BELEN
01,001,32,03,ANTIOQUIA,MEDELLIN,I.E HORACIO MUÑOZ SUESCUN,COMUNA 16 BELEN
01,001,32,04,ANTIOQUIA,MEDELLIN,I.E.REPUBLICA DE VENEZUELA,COMUNA 16 BELEN
01,001,32,05,ANTIOQUIA,MEDELLIN,I. E. SAN ROBERTO BELARMINO,COMUNA 16 BELEN
01,001,32,06,ANTIOQUIA,MEDELLIN,INST. SALESIANO PEDRO JUSTO BERRIO,COMUNA 16 BELEN
01,001,32,07,ANTIOQUIA,MEDELLIN,IE PEDRO OCTAVIO AMADO,COMUNA 16 BELEN
01,001,90,01,ANTIOQUIA,MEDELLIN,ESTADIO ATANASIO GIRARDOT,
01,001,90,02,ANTIOQUIA,MEDELLIN,PLAZA MAYOR CTRO EXPOS. CONVEN,
01,001,98,01,ANTIOQUIA,MEDELLIN,RECLUSION DE MUJERES PEDREGAL MEDELLIN,
01,001,98,02,ANTIOQUIA,MEDELLIN,ESTABLECIMIENTO CARCELARIO PEDREGAL MEDE,
01,001,98,03,ANTIOQUIA,MEDELLIN,CENTRO CARLOS LLERAS RESTREPO,
01,001,99,01,ANTIOQUIA,MEDELLIN,CENTRO EDUCATIVO EL MANZANILLO,CORREGIMIENTO ALTAVISTA
01,001,99,02,ANTIOQUIA,MEDELLIN,C.E. MARIA PAULINA TABORDA,CORREGIMIENTO ALTAVISTA
01,001,99,03,ANTIOQUIA,MEDELLIN,I.E. DEBORA ARANGO PEREZ,CORREGIMIENTO ALTAVISTA
01,001,99,04,ANTIOQUIA,MEDELLIN,COLEGIO PACHA MAMA,CORREGIMIENTO ALTAVISTA
01,001,99,10,ANTIOQUIA,MEDELLIN,IE FE Y ALEGRIA EL LIMONAR,
01,001,99,17,ANTIOQUIA,MEDELLIN,IE HECTOR ROGELIO MONTOYA,CORREGIMIENTO PALMITAS
01,001,99,33,ANTIOQUIA,MEDELLIN,CASA DE GOBIERNO SANTA ELENA,CORREGIMIENTO SANTA ELENA
01,001,99,34,ANTIOQUIA,MEDELLIN,COLISEO SANTA ELENA,CORREGIMIENTO SANTA ELENA
01,001,99,35,ANTIOQUIA,MEDELLIN,C.E. JUAN ANDRES PATIÑO,CORREGIMIENTO SANTA ELENA
01,001,99,36,ANTIOQUIA,MEDELLIN,C.E. MEDIA LUNA,CORREGIMIENTO SANTA ELENA
01,001,99,A1,ANTIOQUIA,MEDELLIN,IE SAN ANTONIO DE PRADO,
01,001,99,A2,ANTIOQUIA,MEDELLIN,I.E. MANUEL J. BETANCUR,
01,001,99,A3,ANTIOQUIA,MEDELLIN,IE MONSEÑOR VICTOR WIEDEMANN,
01,001,99,A4,ANTIOQUIA,MEDELLIN,CENTRO DE DESARROLLO SOCIAL (CDS),
01,001,99,A5,ANTIOQUIA,MEDELLIN,PAR. BIBLIOTECA JOSE HORACIO BETANCUR,
01,001,99,A6,ANTIOQUIA,MEDELLIN,IE ANGELA RESTREPO MORENO,
01,001,99,B1,ANTIOQUIA,MEDELLIN,IE SAN CRISTOBAL,CORREGIMIENTO SAN CRISTOBAL
01,001,99,B2,ANTIOQUIA,MEDELLIN,PARQUE BIBLIOTECA FERNANDO BOTERO,CORREGIMIENTO SAN CRISTOBAL
01,001,99,B3,ANTIOQUIA,MEDELLIN,IE LUSITANIA,CORREGIMIENTO SAN CRISTOBAL
01,001,99,B4,ANTIOQUIA,MEDELLIN,I.E. PRESBITERO JUAN J. ESCOBAR,CORREGIMIENTO SAN CRISTOBAL
01,001,99,B5,ANTIOQUIA,MEDELLIN,IE LOMA HERMOSA,CORREGIMIENTO SAN CRISTOBAL
01,001,99,B6,ANTIOQUIA,MEDELLIN,SEC ESC JUAN NEPOMUCENO MORALES,CORREGIMIENTO SAN CRISTOBAL
01,001,99,B7,ANTIOQUIA,MEDELLIN,IE ALFONSO UPEGUI OROZCO,CORREGIMIENTO SAN CRISTOBAL
01,004,00,00,ANTIOQUIA,ABEJORRAL,I.E. FUNDACION CELIA DUQUE,
01,004,98,01,ANTIOQUIA,ABEJORRAL,CARCEL MUNICIPAL,
01,004,99,01,ANTIOQUIA,ABEJORRAL,IER PANTANILLO,
01,004,99,09,ANTIOQUIA,ABEJORRAL,CHAGUALAL IER ZOILA DUQUE BAENA,
01,004,99,11,ANTIOQUIA,ABEJORRAL,GUAICO GRANDE IER CELIA DUQUE,
01,004,99,17,ANTIOQUIA,ABEJORRAL,PORTUGAL IER ZOILA DUQUE BAENA,
01,004,99,40,ANTIOQUIA,ABEJORRAL,PURIMA IER CELIA DUQUE,
01,007,00,00,ANTIOQUIA,ABRIAQUI,I.E LA MILAGROSA,
01,007,99,05,ANTIOQUIA,ABRIAQUI,SD  LA ANTIGUA I.E LA MILAGROSA,
01,010,00,00,ANTIOQUIA,ALEJANDRIA,I.E. PROCESA DELGADO,
01,013,01,01,ANTIOQUIA,AMAGA,E.U. ALEJANDRO TORO,
01,013,01,02,ANTIOQUIA,AMAGA,I.E. NORMAL SUPERIOR AMAGA,
01,013,02,01,ANTIOQUIA,AMAGA,ESCUELA URBANA MARIA AUXILIADORA,
01,013,02,02,ANTIOQUIA,AMAGA,COLISEO CTO JUAN MONTOYA CORREA,
01,013,98,01,ANTIOQUIA,AMAGA,CARCEL MUNICIPAL,
01,013,99,01,ANTIOQUIA,AMAGA,I.E.R. URBANO RUIZ,
01,013,99,03,ANTIOQUIA,AMAGA,I.E BELISARIO BETANCUR C,
01,013,99,04,ANTIOQUIA,AMAGA,I.E. SAN FERNANDO DE AMAGA,
01,013,99,05,ANTIOQUIA,AMAGA,I.E PASCUAL CORREA F. SEDE BACHILLERATO,
01,016,00,01,ANTIOQUIA,AMALFI,IE EDUARDO FERNANDEZ BOTERO,
01,016,00,02,ANTIOQUIA,AMALFI,SEDE B  I.E. EDUARDO FERNANDEZ BOTERO,
01,016,98,01,ANTIOQUIA,AMALFI,CARCEL MUNICIPAL,
01,016,99,01,ANTIOQUIA,AMALFI,I.E.R. LA MANGUITA,
01,016,99,10,ANTIOQUIA,AMALFI,I.E.R. PORTACHUELO,
01,019,01,01,ANTIOQUIA,ANDES,IE SAN JUAN DE LOS ANDES,
01,019,01,02,ANTIOQUIA,ANDES,IE MARIA AUXILIADORA,
01,019,01,03,ANTIOQUIA,ANDES,C DE DESARROLLO INFANTIL CDI CAFETERITOS,
01,019,02,01,ANTIOQUIA,ANDES,IE MARCO FIDEL SUAREZ,
01,019,02,02,ANTIOQUIA,ANDES,PLACA POLIDEPORTIVA,
01,019,03,01,ANTIOQUIA,ANDES,COLISEO PEDRO ANTONIO RPO ESCO,
01,019,03,02,ANTIOQUIA,ANDES,LICEO JUAN DE DIOS URIBE,
01,019,03,03,ANTIOQUIA,ANDES,SEDE EDUCATIVA LA AGUADA,
01,019,98,01,ANTIOQUIA,ANDES,CARCEL,
01,019,99,01,ANTIOQUIA,ANDES,I.E.R. FELIPE HENAO JARAMILLO,
01,019,99,03,ANTIOQUIA,ANDES,C.E.R. GABRIEL ALVAREZ RESTREPO,
01,019,99,05,ANTIOQUIA,ANDES,IE SAN JOSE -SEDE PRIMARIA,
01,019,99,06,ANTIOQUIA,ANDES,I.E.R.CARBONERA,
01,019,99,09,ANTIOQUIA,ANDES,I.E.R. SANTA INES,
01,019,99,13,ANTIOQUIA,ANDES,IE SANTA RITA,
01,019,99,17,ANTIOQUIA,ANDES,IE TAPARTO,
01,019,99,23,ANTIOQUIA,ANDES,IE SAN PERUCHITO,
01,022,00,00,ANTIOQUIA,ANGELOPOLIS,I.E SAN JOSE,
01,022,99,01,ANTIOQUIA,ANGELOPOLIS,I.E  LOS ANGELES,
01,022,99,70,ANTIOQUIA,ANGELOPOLIS,C.E.R. SAN ISIDRO,
01,025,00,00,ANTIOQUIA,ANGOSTURA,I.E. MARIANO DE JESUS EUSSE,
01,025,99,06,ANTIOQUIA,ANGOSTURA,CER LA QUINTA -SEDE GABRIELA MISTRAL,
01,025,99,12,ANTIOQUIA,ANGOSTURA,CER SAN FERNANDO,
01,025,99,15,ANTIOQUIA,ANGOSTURA,IGLESIA DE LLANOS DE CUIVA,
01,028,00,00,ANTIOQUIA,ANORI,COLISEO LUIS RODRIGO CÁRDENAS LOPERA,
01,028,99,03,ANTIOQUIA,ANORI,C.E.R MERCEDES YEPES,
01,028,99,05,ANTIOQUIA,ANORI,I.E.R AMANDA POSADA,
01,028,99,09,ANTIOQUIA,ANORI,C.E.R LA HONDONA,
01,028,99,13,ANTIOQUIA,ANORI,C.E.R MADRESECA,
01,028,99,15,ANTIOQUIA,ANORI,C.E.R EL CARMÍN,
01,028,99,16,ANTIOQUIA,ANORI,C.E.R LA CASITA,
01,028,99,37,ANTIOQUIA,ANORI,C.E.R SANTO DOMINGO,
01,031,01,01,ANTIOQUIA,ANTIOQUIA,I.E. SAN LUIS GONZAGA,
01,031,01,02,ANTIOQUIA,ANTIOQUIA,COLISEO HERNAN SEPULVEDA,
01,031,02,01,ANTIOQUIA,ANTIOQUIA,IE ARTURO VELASQUEZ ORTIZ,
01,031,02,02,ANTIOQUIA,ANTIOQUIA,ESCUELA MARTINEZ PARDO,
01,031,99,01,ANTIOQUIA,ANTIOQUIA,CER SANTA INES,
01,031,99,02,ANTIOQUIA,ANTIOQUIA,ESCUELA MORADITAS CENTRAL,
01,031,99,04,ANTIOQUIA,ANTIOQUIA,CER EL PESCADO,
01,031,99,05,ANTIOQUIA,ANTIOQUIA,CER CACIQUE GUASABRA,
01,031,99,07,ANTIOQUIA,ANTIOQUIA,CER LAS AZULES,
01,031,99,09,ANTIOQUIA,ANTIOQUIA,CER MANUEL MARIA TORO,
01,031,99,15,ANTIOQUIA,ANTIOQUIA,CER SOCORRO DE SABANAS,
01,034,00,00,ANTIOQUIA,ANZA,I.E ANZA,
01,034,99,01,ANTIOQUIA,ANZA,I.E.R.  ASCENCION MONTOYA DE TORRES,
01,034,99,30,ANTIOQUIA,ANZA,I.E.R. LA CEJITA,
01,035,01,01,ANTIOQUIA,APARTADO,I.E ALFONSO LOPEZ,COMUNA 1 BERNARDO JARAMILLO
01,035,01,02,ANTIOQUIA,APARTADO,I.E. POLICARPA SALAVARRIETA,COMUNA 1 BERNARDO JARAMILLO
01,035,01,03,ANTIOQUIA,APARTADO,I.E. LA PAZ,COMUNA 1 BERNARDO JARAMILLO
01,035,01,04,ANTIOQUIA,APARTADO,SD,COMUNA 1 BERNARDO JARAMILLO
01,035,02,01,ANTIOQUIA,APARTADO,I. E. SAN FRANCISCO DE ASIS,COMUNA 2 OCHO DE FEBRERO
01,035,02,02,ANTIOQUIA,APARTADO,I. E. SAN PEDRO CLAVER,COMUNA 2 OCHO DE FEBRERO
01,035,02,03,ANTIOQUIA,APARTADO,CDI ALEGRES GIRASOLES,COMUNA 2 OCHO DE FEBRERO
01,035,02,04,ANTIOQUIA,APARTADO,I. E. SANTA MARIA LA ANTIGUA,COMUNA 2 OCHO DE FEBRERO
01,035,03,01,ANTIOQUIA,APARTADO,UNIVERSIDAD COOPERATIVA,COMUNA 3 PUEBLO NUEVO
01,035,03,02,ANTIOQUIA,APARTADO,I.E. HERACLIO MENA PADILLA,COMUNA 3 PUEBLO NUEVO
01,035,03,03,ANTIOQUIA,APARTADO,COLEGIO ADVENTISTA,COMUNA 3 PUEBLO NUEVO
01,035,03,04,ANTIOQUIA,APARTADO,I.E CADENA LAS PLAYAS,COMUNA 3 PUEBLO NUEVO
01,035,04,01,ANTIOQUIA,APARTADO,I. E. CAMPO ALEGRE,COMUNA 4 JOSE JOAQUIN VELEZ
01,035,04,02,ANTIOQUIA,APARTADO,I.E. MADRE LAURA,COMUNA 4 JOSE JOAQUIN VELEZ
01,035,04,03,ANTIOQUIA,APARTADO,COLEGIO COOPERATIVO CARB,COMUNA 4 JOSE JOAQUIN VELEZ
01,035,04,04,ANTIOQUIA,APARTADO,I.E. JOSE JOAQUIN VELEZ,COMUNA 4 JOSE JOAQUIN VELEZ
01,035,04,05,ANTIOQUIA,APARTADO,I.E JOSE CELESTINO MUTIS,COMUNA 4 JOSE JOAQUIN VELEZ
01,035,04,06,ANTIOQUIA,APARTADO,COLISEO CUBIERTO ANTONIO ROLDAN BETANCUR,COMUNA 4 JOSE JOAQUIN VELEZ
01,035,04,07,ANTIOQUIA,APARTADO,SENA REGIONAL APARTADO,COMUNA 4 JOSE JOAQUIN VELEZ
01,035,98,01,ANTIOQUIA,APARTADO,CARCEL Y PENIT DE MEDIA SEG DE APARTADO,
01,035,99,15,ANTIOQUIA,APARTADO,I.E.R CHURIDO PUEBLO,CORREGIMIENTO CHURIDO PUEBLO
01,035,99,21,ANTIOQUIA,APARTADO,I.E.R PUERTO GIRON,CORREGIMIENTO PUERTO GIRON
01,035,99,25,ANTIOQUIA,APARTADO,I.E.R. BARTOLOME CATAÑO VALLEJO,
01,035,99,50,ANTIOQUIA,APARTADO,I.E.R. EL REPOSO,CORREGIMIENTO EL REPOSO
01,037,00,00,ANTIOQUIA,ARBOLETES,I.E. MIGUEL VICENTE GARRIDO,
01,037,99,03,ANTIOQUIA,ARBOLETES,C.E.R BUENOS AIRES,CORREGIMIENTO EL BUENOS AIRES
01,037,99,05,ANTIOQUIA,ARBOLETES,C.E.R EL CARMELO,CORREGIMIENTO EL CARMELO
01,037,99,06,ANTIOQUIA,ARBOLETES,I.E SANTA FE DE LAS PLATAS,CORREGIMIENTO SANTA FE DE LAS
01,037,99,08,ANTIOQUIA,ARBOLETES,I.E LAS NARANJITAS,CORREGIMIENTO EL LAS NARANJITA
01,037,99,12,ANTIOQUIA,ARBOLETES,I.E GUADUAL,CORREGIMIENTO EL GUADUAL
01,037,99,20,ANTIOQUIA,ARBOLETES,I.E LA CANDELARIA,CORREGIMIENTO LA CANDELARIA
01,037,99,75,ANTIOQUIA,ARBOLETES,I.E LA TRINIDAD,CORREGIMIENTO LA TRINIDAD
01,037,99,80,ANTIOQUIA,ARBOLETES,I.E PAJILLAL,
01,039,00,00,ANTIOQUIA,ARGELIA,I.E. SANTA TERESA,
01,039,99,04,ANTIOQUIA,ARGELIA,SD EL PITAL I.E. PBRO MARIO ANGEL,
01,039,99,07,ANTIOQUIA,ARGELIA,SD EL ROSARIO I.E STA. TERESA,
01,039,99,10,ANTIOQUIA,ARGELIA,SD GUADUALITO I.E. STA TERESA,
01,039,99,20,ANTIOQUIA,ARGELIA,SD BUENOS AIRES I.E. STA TERESA,
01,039,99,25,ANTIOQUIA,ARGELIA,SD MESONES I.E STA TERESA,
01,039,99,80,ANTIOQUIA,ARGELIA,SD SAN AGUSTIN I.E. PBRO MARIO ANGEL,
01,040,00,00,ANTIOQUIA,ARMENIA,I.E ROSA MESA DE MEJIA,
01,040,99,01,ANTIOQUIA,ARMENIA,SD LA HERRADURA I.E ROSA MESA DE MEJIA,
01,043,01,01,ANTIOQUIA,BARBOSA,PBRO. LUIS EDUARDO PEREZ MOLINA,
01,043,01,02,ANTIOQUIA,BARBOSA,I.E. MANUEL JOSE CAICEDO,
01,043,01,03,ANTIOQUIA,BARBOSA,IE LUIS EDUARDO ARIAS,
01,043,02,01,ANTIOQUIA,BARBOSA,CENTRO DE EDUCACION SUPERIOR,
01,043,02,02,ANTIOQUIA,BARBOSA,COL. COOPERATIVO SIMÓN BOLIVAR,
01,043,02,03,ANTIOQUIA,BARBOSA,C.A.S DIEGO FERNANDEZ BARBOSA,
01,043,02,04,ANTIOQUIA,BARBOSA,UNIDAD DEPORTIVA LOS BUCAROS,
01,043,02,05,ANTIOQUIA,BARBOSA,BIBLIOTECA ISOLDA ECHAVARRIA,
01,043,98,01,ANTIOQUIA,BARBOSA,CARCEL,
01,043,99,01,ANTIOQUIA,BARBOSA,I.E.R. EL HATILLO,CORREGIMIENTO EL HATILLO
01,046,00,00,ANTIOQUIA,BELMIRA,IE PRESBITERO RICARDO LUIS GUTIERREZ T.,
01,046,99,01,ANTIOQUIA,BELMIRA,I.E.R. LABORES,
01,046,99,03,ANTIOQUIA,BELMIRA,C.E.R. PLAYAS,
01,046,99,04,ANTIOQUIA,BELMIRA,I.E.R. CARLOS GONZALEZ.,
01,046,99,05,ANTIOQUIA,BELMIRA,C.E.R. QUEBRADITAS.,
01,049,01,01,ANTIOQUIA,BELLO,MEGACOLEGIO I.E. BARRIO PARIS,COMUNA 1 PARIS
01,049,01,02,ANTIOQUIA,BELLO,SD PRINCIPAL I.E. ALBERTO DIAZ MUÑOZ,COMUNA 1 PARIS
01,049,01,03,ANTIOQUIA,BELLO,SD PRADERA I.E ALBERTO DIAZ MUÑOZ,COMUNA 1 PARIS
01,049,01,04,ANTIOQUIA,BELLO,IE BARRIO PARIS,COMUNA 1 PARIS
01,049,01,05,ANTIOQUIA,BELLO,I.E. SAN JUDAS BARRIO PARIS,COMUNA 1 PARIS
01,049,01,06,ANTIOQUIA,BELLO,CENTRO EDUCAT RAQUEL JARAMILLO,COMUNA 1 PARIS
01,049,02,01,ANTIOQUIA,BELLO,I.E. ATANASIO GIRARDOT,COMUNA 2 MADERA
01,049,02,02,ANTIOQUIA,BELLO,COLEGIO PARROQUIAL SAN FCO DE ASIS,COMUNA 2 MADERA
01,049,02,03,ANTIOQUIA,BELLO,COLEGIO SAN BUENAVENTURA,COMUNA 2 MADERA
01,049,02,04,ANTIOQUIA,BELLO,COLEGIO BETHLEMITAS,COMUNA 2 MADERA
01,049,02,05,ANTIOQUIA,BELLO,SD AVENIDAS LICEO ANTIOQUEÑO,COMUNA 2 MADERA
01,049,02,06,ANTIOQUIA,BELLO,IE SUAREZ DE LA PRESENTACION,COMUNA 2 MADERA
01,049,03,01,ANTIOQUIA,BELLO,SD SERRAMONTE LICEO ANTIOQUEÑO,COMUNA 3 SANTA ANA
01,049,03,02,ANTIOQUIA,BELLO,COLEGIO LA SALLE,COMUNA 3 SANTA ANA
01,049,03,03,ANTIOQUIA,BELLO,I.E. TOMAS CADAVID RESTREPO,COMUNA 3 SANTA ANA
01,049,04,01,ANTIOQUIA,BELLO,I.E MARCO FIDEL SUAREZ SEDE NAZARETH,COMUNA 4 SUAREZ
01,049,04,02,ANTIOQUIA,BELLO,I.E DIVINA EUCARISTIA,COMUNA 4 SUAREZ
01,049,04,03,ANTIOQUIA,BELLO,INST. UNIVERSITARIA MARCO FIDEL SUAREZ,COMUNA 4 SUAREZ
01,049,04,04,ANTIOQUIA,BELLO,IE JORGE ELIECER GAITAN,COMUNA 4 SUAREZ
01,049,04,05,ANTIOQUIA,BELLO,IE SAGRADO CORAZON,COMUNA 4 SUAREZ
01,049,04,06,ANTIOQUIA,BELLO,COL JESUS DE LA BUENA ESPERANZ,COMUNA 4 SUAREZ
01,049,04,07,ANTIOQUIA,BELLO,I.E. SANTA CATALINA,COMUNA 4 SUAREZ
01,049,04,08,ANTIOQUIA,BELLO,I.E. LA MILAGROSA,COMUNA 4 SUAREZ
01,049,05,01,ANTIOQUIA,BELLO,I.E. FERNANDO VELEZ,COMUNA 5 LA CUMBRE
01,049,05,02,ANTIOQUIA,BELLO,I.E CARLOS PEREZ SEDE ROSALIA,COMUNA 5 LA CUMBRE
01,049,05,03,ANTIOQUIA,BELLO,COLEGIO CARMELITANO,COMUNA 5 LA CUMBRE
01,049,05,04,ANTIOQUIA,BELLO,COLEGIO MANO AMIGA,COMUNA 5 LA CUMBRE
01,049,06,01,ANTIOQUIA,BELLO,SECC VILLA LINDA IE ANTONIO MARIA BEDOYA,COMUNA 6 BELLAVISTA
01,049,06,02,ANTIOQUIA,BELLO,TIERRA ADENTRO I.E. ANTONIO MARIA BEDOYA,COMUNA 6 BELLAVISTA
01,049,06,03,ANTIOQUIA,BELLO,IE VILLA DEL SOL SEC,COMUNA 6 BELLAVISTA
01,049,06,04,ANTIOQUIA,BELLO,I.E. HERNAN VILLA BAENA,COMUNA 6 BELLAVISTA
01,049,07,01,ANTIOQUIA,BELLO,I.E. GILBERTO ECHEVERRI MEJIA,COMUNA 7 ALTOS DE NIQUIA
01,049,07,02,ANTIOQUIA,BELLO,I.E. CIAL ANTONIO ROLDAN,COMUNA 7 ALTOS DE NIQUIA
01,049,07,03,ANTIOQUIA,BELLO,IE JOSEFA CAMPOS,COMUNA 7 ALTOS DE NIQUIA
01,049,08,01,ANTIOQUIA,BELLO,COL NUESTRA SEÑORA DE CHIQUINQ,COMUNA 8 NIQUIA
01,049,08,02,ANTIOQUIA,BELLO,I.E FE Y ALEGRIA NUEVA GENERAC,COMUNA 8 NIQUIA
01,049,08,03,ANTIOQUIA,BELLO,BETSABE ESPINAL,COMUNA 8 NIQUIA
01,049,08,04,ANTIOQUIA,BELLO,I.E. CONCEJO DE BELLO,COMUNA 8 NIQUIA
01,049,08,05,ANTIOQUIA,BELLO,COLEGIO ANA MARIA JANER,COMUNA 8 NIQUIA
01,049,09,01,ANTIOQUIA,BELLO,I.E. NAVARRA,COMUNA 9 GUASIMALITO
01,049,09,02,ANTIOQUIA,BELLO,SD EL TREBOL I.E. NAVARRA,COMUNA 9 GUASIMALITO
01,049,09,03,ANTIOQUIA,BELLO,I.E SAN GABRIEL ARCANGEL,COMUNA 9 GUASIMALITO
01,049,10,01,ANTIOQUIA,BELLO,I.E. LAS VEGAS,COMUNA 10 FONTIDUEÑO
01,049,10,02,ANTIOQUIA,BELLO,I.E FONTIDUEÑO JAIME ARANGO R,COMUNA 10 FONTIDUEÑO
01,049,10,03,ANTIOQUIA,BELLO,SEC PRIMARIA IE FONTIDUEÑO JAIME ARANGO,COMUNA 10 FONTIDUEÑO
01,049,11,01,ANTIOQUIA,BELLO,IE ZAMORA CENTENARIO,COMUNA 11 ZAMORA
01,049,11,02,ANTIOQUIA,BELLO,I.E FEDERICO SIERRA ARANGO,COMUNA 11 ZAMORA
01,049,11,03,ANTIOQUIA,BELLO,I.E. LA GABRIELA,COMUNA 11 ZAMORA
01,049,11,04,ANTIOQUIA,BELLO,SD,COMUNA 11 ZAMORA
01,049,90,01,ANTIOQUIA,BELLO,I.E. ANDRES BELLO,
01,049,90,02,ANTIOQUIA,BELLO,UNIVERSIDAD PUBLICA DE BELLO,
01,049,98,01,ANTIOQUIA,BELLO,CARCEL NACIONAL DE BELLAVISTA,
01,049,99,01,ANTIOQUIA,BELLO,I.E. SAN FELIX,COMUNA 12 SAN FELIX
01,049,99,02,ANTIOQUIA,BELLO,I.E LA UNION SAN FELIX,COMUNA 12 SAN FELIX
01,049,99,03,ANTIOQUIA,BELLO,SD JOSE MARIA GRIJELMO FE Y ALEGRIA,
01,052,00,00,ANTIOQUIA,BETANIA,COLISEO ANTONIO ROLDAN BETANCUR,
01,052,99,40,ANTIOQUIA,BETANIA,I.E. LA LIBIA,
01,055,00,01,ANTIOQUIA,BETULIA,COLISEO MARIO GIL,
01,055,00,02,ANTIOQUIA,BETULIA,COLISEO IVAN ARANGO ARCILA,
01,055,99,01,ANTIOQUIA,BETULIA,E.U. FRANCISCO CESAR,
01,055,99,05,ANTIOQUIA,BETULIA,CER LEONOR ANGEL VANEGAS,
01,055,99,09,ANTIOQUIA,BETULIA,CER LA GUAMALA,
01,055,99,85,ANTIOQUIA,BETULIA,CASETA COMUNAL,
01,058,01,01,ANTIOQUIA,BOLIVAR,I. E SAN JOSE DEL CITARA,
01,058,01,02,ANTIOQUIA,BOLIVAR,COLISEO CUBIERTO,
01,058,02,01,ANTIOQUIA,BOLIVAR,I.E JOSE MARIA HERRAN,
01,058,02,02,ANTIOQUIA,BOLIVAR,I.E.MARIA AUXILIADORA,
01,058,98,01,ANTIOQUIA,BOLIVAR,CARCEL,
01,058,99,01,ANTIOQUIA,BOLIVAR,I. E. JUAN TAMAYO,
01,058,99,08,ANTIOQUIA,BOLIVAR,I. E. FARALLONES DEL CITARA,
01,058,99,50,ANTIOQUIA,BOLIVAR,I.E PAULINA PUERTA,
01,061,00,00,ANTIOQUIA,BURITICA,I.E. SANTA GEMA,
01,061,99,01,ANTIOQUIA,BURITICA,I.E.R. URARCO,
01,061,99,03,ANTIOQUIA,BURITICA,INSPECCION DE POLICIA,
01,061,99,04,ANTIOQUIA,BURITICA,I.E.R. GUARCO,
01,061,99,05,ANTIOQUIA,BURITICA,I.E.R. ADOLFO MORENO USUGA,
01,061,99,13,ANTIOQUIA,BURITICA,CASETA COMUNAL,
01,062,00,00,ANTIOQUIA,BRICEÑO,I.E. ANTONIO ROLDAN BETANCUR,
01,062,99,17,ANTIOQUIA,BRICEÑO,C.E.R. BUENAVISTA,
01,062,99,20,ANTIOQUIA,BRICEÑO,C.E.R. PESCADO CAPITAN,
01,062,99,22,ANTIOQUIA,BRICEÑO,C.E.R. CHORRILLOS,
01,062,99,25,ANTIOQUIA,BRICEÑO,C.E.R.VEREDA EL ANIME,
01,062,99,30,ANTIOQUIA,BRICEÑO,C.E.R. EL ROBLAL,
01,062,99,40,ANTIOQUIA,BRICEÑO,C.E.R. CHIRI,
01,062,99,50,ANTIOQUIA,BRICEÑO,C.E. LAS CRUCES,
01,062,99,60,ANTIOQUIA,BRICEÑO,C.E.R. MORAVIA,
01,064,00,00,ANTIOQUIA,CACERES,IE MONSEÑOR GERARDO PATIÑO,
01,064,99,01,ANTIOQUIA,CACERES,I.E. COL. GUARUMO,
01,064,99,02,ANTIOQUIA,CACERES,C.E.R EL TIGRE,
01,064,99,03,ANTIOQUIA,CACERES,SEDE SAN PABLO - C.E.R. EL TIGRE,
01,064,99,05,ANTIOQUIA,CACERES,I.E. GASPAR DE RODAS JARDIN SEDE,
01,064,99,07,ANTIOQUIA,CACERES,I.E. ESC. MANIZALEZ,
01,064,99,13,ANTIOQUIA,CACERES,IE AURELIO MEJIA PTO BELGICA,
01,064,99,29,ANTIOQUIA,CACERES,I.E. ESC. PIAMONTE,
01,067,00,00,ANTIOQUIA,CAICEDO,SD PRINCIPAL I.E. SAN JUAN BOSCO,
01,067,99,23,ANTIOQUIA,CAICEDO,COLISEO CUBIERTO,
01,070,01,01,ANTIOQUIA,CALDAS,I.E.GABRIEL ECHAVARRIA,
01,070,01,02,ANTIOQUIA,CALDAS,COLEGIO CAMPESTRE MONTEALEGRE,
01,070,01,03,ANTIOQUIA,CALDAS,I.E. SANTA MARIA GORETTI,
01,070,01,04,ANTIOQUIA,CALDAS,C.D.I. TRES AGUAS,
01,070,02,01,ANTIOQUIA,CALDAS,I.E JOSE MARIA BERNAL,
01,070,02,02,ANTIOQUIA,CALDAS,I.E. JOAQUIN ARISTIZABAL,
01,070,03,01,ANTIOQUIA,CALDAS,I.E JORGE VALENCIA,
01,070,03,02,ANTIOQUIA,CALDAS,CENTRO ARTISTICO Y CULTURAL,
01,070,03,03,ANTIOQUIA,CALDAS,I.E. MARIA AUXILIADORA,
01,070,04,01,ANTIOQUIA,CALDAS,CENTRO INTEGRACION CIUDADANA,
01,070,04,02,ANTIOQUIA,CALDAS,COLISEO,
01,070,04,03,ANTIOQUIA,CALDAS,I.E. SANTA INES,
01,070,05,01,ANTIOQUIA,CALDAS,I.E. FEDERICO ANGEL,
01,070,05,02,ANTIOQUIA,CALDAS,PARQUE HABITAT DEL SUR,
01,070,05,03,ANTIOQUIA,CALDAS,I.E.R. DARIO GUTIERREZ RAVE,
01,073,00,00,ANTIOQUIA,CAMPAMENTO,COLISEO MUNICIPAL DE CAMPAMENTO,
01,073,99,10,ANTIOQUIA,CAMPAMENTO,ESCUELA LA CHIQUITA,
01,073,99,80,ANTIOQUIA,CAMPAMENTO,ESCUELA  NORIZAL,
01,076,00,01,ANTIOQUIA,CAÑASGORDAS,COLISEO MUNICIPAL,
01,076,00,02,ANTIOQUIA,CAÑASGORDAS,IE NICOLAS GAVIRIA SD ESC URBANA CAÑASGO,
01,076,99,05,ANTIOQUIA,CAÑASGORDAS,I.E.R. BERNARDO SIERRA,
01,076,99,09,ANTIOQUIA,CAÑASGORDAS,I.E.R. JUNTAS DE URAMITA,
01,076,99,13,ANTIOQUIA,CAÑASGORDAS,CASETA J.A.C LA BALSA,
01,076,99,22,ANTIOQUIA,CAÑASGORDAS,I.E.R. SAN PASCUAL,
01,078,00,00,ANTIOQUIA,CARACOLI,I.E. GABRIEL CORREA VELEZ,
01,078,99,04,ANTIOQUIA,CARACOLI,C.E.R. HELOINA BEDOYA,
01,078,99,09,ANTIOQUIA,CARACOLI,C.E.R. EL BAGRE,
01,078,99,13,ANTIOQUIA,CARACOLI,C.E.R. GABRIEL HENAO JARAMILLO,
01,079,00,00,ANTIOQUIA,CARAMANTA,I.E JUAN PABLO GOMEZ OCHOA,
01,079,99,03,ANTIOQUIA,CARAMANTA,I.E.R ALEGRIAS,
01,079,99,07,ANTIOQUIA,CARAMANTA,C.E.R MARGARITA MARIA,
01,079,99,37,ANTIOQUIA,CARAMANTA,C.E.R JUAN DE LA CRUZ VALENCIA,
01,080,01,01,ANTIOQUIA,CAREPA,INST. EDUC. JOSE MARIA MUÑOZ,
01,080,01,02,ANTIOQUIA,CAREPA,INST. EDUCATIVA COLOMBIA,
01,080,01,03,ANTIOQUIA,CAREPA,CREM CENTRO DE RECURSOS EDUCATIVOS,
01,080,01,04,ANTIOQUIA,CAREPA,I.E. COLOMBIA Sede OBRERO,
01,080,02,01,ANTIOQUIA,CAREPA,I.E. LICEO LUIS CARLOS GALAN S,
01,080,02,02,ANTIOQUIA,CAREPA,I.E. J.M.M Sede SAN MARINO,
01,080,02,03,ANTIOQUIA,CAREPA,PLACA POLIDEPORTIVA SAN MARINO,
01,080,02,04,ANTIOQUIA,CAREPA,IE LA CADENA,
01,080,03,01,ANTIOQUIA,CAREPA,I.E. ACAIDANA,
01,080,03,02,ANTIOQUIA,CAREPA,COLISEO CUBIERTO,
01,080,03,03,ANTIOQUIA,CAREPA,PLACA POLIDEPORTIVA EL OASIS,
01,080,03,04,ANTIOQUIA,CAREPA,I.E. LUIS CARLOS GALAN SEDE MEGA COLEGIO,
01,080,99,10,ANTIOQUIA,CAREPA,C.E.R. VIJAGUAL,
01,080,99,20,ANTIOQUIA,CAREPA,I.E.R. VILLA NELLY,
01,080,99,30,ANTIOQUIA,CAREPA,I.E. PIEDRAS BLANCAS,
01,080,99,70,ANTIOQUIA,CAREPA,I.E. ZUNGO EMBARCADERO,
01,082,01,01,ANTIOQUIA,CARMEN DE VIBORAL,I. E. FRAY JULIO TOBON  SEDE C,
01,082,01,02,ANTIOQUIA,CARMEN DE VIBORAL,CENTRO DE CONVENCIONES,
01,082,01,03,ANTIOQUIA,CARMEN DE VIBORAL,I. E. T. I. JORGE ELIECER GAITAN,
01,082,02,01,ANTIOQUIA,CARMEN DE VIBORAL,COLISEO MUNICIPAL,
01,082,02,02,ANTIOQUIA,CARMEN DE VIBORAL,POLIDEPORTIVO MUNICIPAL,
01,082,02,03,ANTIOQUIA,CARMEN DE VIBORAL,CASA DE LA CULTURA,
01,082,03,01,ANTIOQUIA,CARMEN DE VIBORAL,IE EL PROGRESO,
01,082,03,02,ANTIOQUIA,CARMEN DE VIBORAL,PARQUE EDUCATIVO,
01,082,99,01,ANTIOQUIA,CARMEN DE VIBORAL,PUESTO DE SALUD LA ESPERANZA,CORREGIMIENTO LA ESPERANZA
01,082,99,02,ANTIOQUIA,CARMEN DE VIBORAL,C.E.R. ALTO GRANDE,CORREGIMIENTO ALTO GRANDE
01,082,99,03,ANTIOQUIA,CARMEN DE VIBORAL,I.E.R. CAMPESTRE NUEVO HORIZONTE,CORREGIMIENTO LA CHAPA
01,082,99,04,ANTIOQUIA,CARMEN DE VIBORAL,C.E.R. EL PORVENIR,CORREGIMIENTO SANTA RITA
01,082,99,05,ANTIOQUIA,CARMEN DE VIBORAL,C.E.R.SANTA INES,CORREGIMIENTO SANTA INES
01,082,99,15,ANTIOQUIA,CARMEN DE VIBORAL,C.E.R. LA MADERA,CORREGIMIENTO LA MADERA
01,082,99,40,ANTIOQUIA,CARMEN DE VIBORAL,I. E. R. SANTA MARIA,CORREGIMIENTO AGUAS CLARAS
01,085,00,00,ANTIOQUIA,CAROLINA,I.E. PRESBITERO JULIO TAMAYO C,
01,088,01,01,ANTIOQUIA,CAUCASIA,I.E. SANTO DOMINGO,
01,088,01,02,ANTIOQUIA,CAUCASIA,I.E. SANTO DOMINGO NUEVA SANTA H,
01,088,01,03,ANTIOQUIA,CAUCASIA,I.E. LICEO CAUCASIA STA HELENA,
01,088,01,04,ANTIOQUIA,CAUCASIA,I.E. LICEO CAUCASIA,
01,088,01,05,ANTIOQUIA,CAUCASIA,I.E. LICEO CONCEJO MUNICIPAL,
01,088,01,06,ANTIOQUIA,CAUCASIA,I.E. STA TERESITA LOMA FRESCA,
01,088,01,07,ANTIOQUIA,CAUCASIA,I.E. STA TERESITA CENTRO,
01,088,01,08,ANTIOQUIA,CAUCASIA,I.E. ANTIOQUIA LA GRANDE,
01,088,02,01,ANTIOQUIA,CAUCASIA,I.E. LA MISERICORDIA SAN RAFAEL,
01,088,02,02,ANTIOQUIA,CAUCASIA,COL MIL EL TESORO DEL SABER,
01,088,02,03,ANTIOQUIA,CAUCASIA,I.E. LA MISERICORDIA PPAL,
01,088,02,04,ANTIOQUIA,CAUCASIA,I.E. MARCO FIDEL SUAREZ,
01,088,02,05,ANTIOQUIA,CAUCASIA,I.E. DIVINO NIÑO PRINCIPAL,
01,088,02,06,ANTIOQUIA,CAUCASIA,SD CARACOLI I.E. DIVINO NIÑO,
01,088,02,07,ANTIOQUIA,CAUCASIA,SD SAN JOSE I.E. DIVINO NIÑO,
01,088,02,08,ANTIOQUIA,CAUCASIA,I.E. LAS MALVINAS,
01,088,98,01,ANTIOQUIA,CAUCASIA,CARCEL,
01,088,99,01,ANTIOQUIA,CAUCASIA,I.E. VILLA DEL SOCORRO,
01,088,99,05,ANTIOQUIA,CAUCASIA,I.E.R. CUTURU - SEDE CUTURU,
01,088,99,06,ANTIOQUIA,CAUCASIA,CER NO HAY COMO DIOS - SEDE SANTA ELENA,
01,088,99,10,ANTIOQUIA,CAUCASIA,SD LA ILUSION C.E.R SANTA ELENA,
01,088,99,17,ANTIOQUIA,CAUCASIA,I.E.R MARGENTO - SEDE MARGENTO,
01,088,99,25,ANTIOQUIA,CAUCASIA,SD RIVERAS DEL CAUCA CER SANTA ELENA,
01,088,99,27,ANTIOQUIA,CAUCASIA,CER VILLA FATIMA - SEDE VEINTE DE JULIO,
01,088,99,28,ANTIOQUIA,CAUCASIA,CER RIVERAS DEL CAUCA - SANTIAGO CASTILL,
01,088,99,40,ANTIOQUIA,CAUCASIA,SD CACERI I.E.R. CACERI,
01,088,99,60,ANTIOQUIA,CAUCASIA,SD ALTO CACERI I.E.R. CACERI,
01,088,99,70,ANTIOQUIA,CAUCASIA,C.E.R SANTA ROSITA,
01,091,00,00,ANTIOQUIA,CISNEROS,I.E CISNEROS SEDE LICEO,
01,094,00,00,ANTIOQUIA,COCORNA,I.E. COCORNA,
01,094,99,02,ANTIOQUIA,COCORNA,C.E.R. AGUALINDA,
01,094,99,03,ANTIOQUIA,COCORNA,I.E. EVA TULIA QUINTERO DE TORO,
01,094,99,04,ANTIOQUIA,COCORNA,I.E.R. CRUCES,
01,094,99,13,ANTIOQUIA,COCORNA,C.E.R. LA FLORIDA,
01,094,99,30,ANTIOQUIA,COCORNA,C.E.R. LA GRANJA,
01,094,99,55,ANTIOQUIA,COCORNA,C.E.R. LA PRIMAVERA,
01,094,99,58,ANTIOQUIA,COCORNA,C.E.R. PAILANIA,
01,097,00,00,ANTIOQUIA,CONCEPCION,I. E. PRESBITERO LIBARDO AGUIRRE,
01,100,00,00,ANTIOQUIA,CONCORDIA,I.E DE JESUS,
01,100,99,01,ANTIOQUIA,CONCORDIA,ESCUELA EL SOCORRO,
01,100,99,05,ANTIOQUIA,CONCORDIA,ESCUELA MORELIA,
01,100,99,07,ANTIOQUIA,CONCORDIA,ESCUELA SAN JOSE DEL GOLPE,
01,103,01,01,ANTIOQUIA,COPACABANA,IE GABRIELA MISTRAL,
01,103,01,02,ANTIOQUIA,COPACABANA,IE PRESBITERO B. MONTOYA,
01,103,01,03,ANTIOQUIA,COPACABANA,COL COOP JUAN DEL CORRAL,
01,103,01,04,ANTIOQUIA,COPACABANA,IE VILLANUEVA,
01,103,01,05,ANTIOQUIA,COPACABANA,CASA DE LA CULTURA,
01,103,02,01,ANTIOQUIA,COPACABANA,SEDE COPACABANA TECNOLOGICO DE ANTIOQUIA,
01,103,02,02,ANTIOQUIA,COPACABANA,I.E JOSE MIGUEL DE RESTREPO Y PUERTA,
01,103,02,03,ANTIOQUIA,COPACABANA,IE CAMILO TORRES,
01,103,02,04,ANTIOQUIA,COPACABANA,IE ASUNCION SECUNDARIA,
01,103,03,01,ANTIOQUIA,COPACABANA,Col. Autónomo Ntra. Señora de la B. E,
01,103,03,02,ANTIOQUIA,COPACABANA,I.E SAN LUIS GONZAGA,
01,103,03,03,ANTIOQUIA,COPACABANA,IE LA TRINIDAD,
01,103,03,04,ANTIOQUIA,COPACABANA,ESC. URB. LA MISERICORDIA,
01,103,99,01,ANTIOQUIA,COPACABANA,I.E. SAN RAFAEL,
01,103,99,02,ANTIOQUIA,COPACABANA,SEDE MONTAÑUELA - I. E. SAN LUIS GONZAGA,
01,106,01,01,ANTIOQUIA,CHIGORODO,INST.EDUCATIVA LOS ANDES,
01,106,01,02,ANTIOQUIA,CHIGORODO,I. E. GONZALO MEJIA,
01,106,02,01,ANTIOQUIA,CHIGORODO,I.E. CHIGORODO,
01,106,02,02,ANTIOQUIA,CHIGORODO,I. E. MARIA AUXILIADORA,
01,106,03,01,ANTIOQUIA,CHIGORODO,LICEO MUNICIPAL,
01,106,03,02,ANTIOQUIA,CHIGORODO,IE JUAN EVANGELISTA B-BRISAS DE LA CAS,
01,106,04,01,ANTIOQUIA,CHIGORODO,ESC. SIMON BOLIVAR,
01,106,04,02,ANTIOQUIA,CHIGORODO,INS. EDUC. BRISAS DEL RIO,
01,106,04,03,ANTIOQUIA,CHIGORODO,COLEGIO DIOCESANO LAURA MONTOYA,
01,106,99,05,ANTIOQUIA,CHIGORODO,CASETA COMUNAL BARRANQUILLITA,
01,109,00,01,ANTIOQUIA,DABEIBA,COLISEO MUNICIPAL DESTREZAS DABEIBANAS,
01,109,00,02,ANTIOQUIA,DABEIBA,ESC JUAN HENRIQUE WHITE,
01,109,99,01,ANTIOQUIA,DABEIBA,CASETA COMUNAL CAMPARRUSIA,
01,109,99,02,ANTIOQUIA,DABEIBA,SD LLANO GRANDE I.E. MADRE LAURA MONTOYA,
01,109,99,03,ANTIOQUIA,DABEIBA,SD VALLESI I.E. MADRE LAURA MONTOYA,
01,109,99,04,ANTIOQUIA,DABEIBA,C.E.R. JOSEFA ROMERO,
01,109,99,05,ANTIOQUIA,DABEIBA,SEDE BOTON - I.E. JUAN H. WHITE,
01,109,99,09,ANTIOQUIA,DABEIBA,I.E.R. URAMA SEDE PRIMARIA,
01,109,99,10,ANTIOQUIA,DABEIBA,CASETA COMUNAL LA BALSITA,
01,109,99,70,ANTIOQUIA,DABEIBA,SD TAPARALES IER INDIGENISTA LLANO GORDO,
01,112,00,00,ANTIOQUIA,DON MATIAS,I.E DONMATIAS SEDE LUIS LOPEZ DE MESA,
01,112,99,01,ANTIOQUIA,DON MATIAS,COL. ANTONIO JOSE CADAVID CHAV,
01,112,99,05,ANTIOQUIA,DON MATIAS,C.E.R. RIOGRANDE,
01,115,00,00,ANTIOQUIA,EBEJICO,I.E.U. SAN JOSE,
01,115,99,05,ANTIOQUIA,EBEJICO,I. E. BOYACA,CORREGIMIENTO BRASIL
01,115,99,06,ANTIOQUIA,EBEJICO,I. E. R. SAN PIO X,CORREGIMIENTO EL ZARZAL
01,115,99,07,ANTIOQUIA,EBEJICO,ESC LA ARGENTINA,CORREGIMIENTO GUAYABAL
01,115,99,09,ANTIOQUIA,EBEJICO,I. E. LA CLARA,CORREGIMIENTO LA CLARA
01,115,99,25,ANTIOQUIA,EBEJICO,I.E.R PRESBITERO GABRIEL YEPES YEPES,CORREGIMIENTO SEVILLA
01,117,01,01,ANTIOQUIA,EL BAGRE,CTRO DE FORM. MINERO AMB. SD ROLDAN BL,
01,117,01,02,ANTIOQUIA,EL BAGRE,COLEGIO LA ESMERALDA,
01,117,02,01,ANTIOQUIA,EL BAGRE,ESCUELA PORTUGAL,
01,117,02,02,ANTIOQUIA,EL BAGRE,COLEGIO,
01,117,99,60,ANTIOQUIA,EL BAGRE,ESCUELA RURAL PUERTO CLAVER,
01,117,99,65,ANTIOQUIA,EL BAGRE,COLEGIO RURAL PUERTO LOPEZ,
01,118,00,00,ANTIOQUIA,ENTRERRIOS,I.E. ENTRERRIOS,
01,121,01,01,ANTIOQUIA,ENVIGADO,COL LA SALLE DE ENVIGADO,
01,121,01,02,ANTIOQUIA,ENVIGADO,UNIVERSIDAD EIA.  SEDE ZUÑIGA,
01,121,01,03,ANTIOQUIA,ENVIGADO,COLEGIO BENEDITINO DE SANTA MARIA,
01,121,02,01,ANTIOQUIA,ENVIGADO,COL UNID EDUC SAN MARCOS,
01,121,02,02,ANTIOQUIA,ENVIGADO,CTRO DE ENCUENTRO CIUDADANO SAN MARCOS,
01,121,02,03,ANTIOQUIA,ENVIGADO,COLEGIO COLOMBO BRITANICO,
01,121,03,01,ANTIOQUIA,ENVIGADO,IE MARCELIANO VELEZ,
01,121,03,02,ANTIOQUIA,ENVIGADO,LICEO FRANCISCO RESTREPO MOLINA,
01,121,03,03,ANTIOQUIA,ENVIGADO,I.E JOSE MIGUEL DE LA CALLE,
01,121,04,01,ANTIOQUIA,ENVIGADO,CENTRO GERONTOLOGICO ATARDESER,
01,121,04,02,ANTIOQUIA,ENVIGADO,I.E NORMAL SUPERIOR DE ENVIGADO,
01,121,04,03,ANTIOQUIA,ENVIGADO,ESCUELA PIO XII,
01,121,05,01,ANTIOQUIA,ENVIGADO,IE DARIO DE BEDOUT,
01,121,05,02,ANTIOQUIA,ENVIGADO,IE MARIA PAUSSEPIN,
01,121,05,03,ANTIOQUIA,ENVIGADO,COL CUMBRES,
01,121,05,04,ANTIOQUIA,ENVIGADO,COLEGIO FRANCISCANO PALERMO DE SAN JOSE,
01,121,06,01,ANTIOQUIA,ENVIGADO,IE EL SALADO,
01,121,06,02,ANTIOQUIA,ENVIGADO,CENTRO DE ENCUENTRO CIUDADANO ARENALES,
01,121,06,03,ANTIOQUIA,ENVIGADO,INST UNIVERSITARIA ENVIGADO,
01,121,06,04,ANTIOQUIA,ENVIGADO,IE COMERCIAL DE ENVIGADO,
01,121,07,01,ANTIOQUIA,ENVIGADO,SECRETARIA DE OBRAS PUBLICAS DE ENVIGADO,
01,121,07,02,ANTIOQUIA,ENVIGADO,CTRO DE DESAR. INFANTIL CDI EL DORADO,
01,121,07,03,ANTIOQUIA,ENVIGADO,CANCHA LA MERCED,
01,121,08,01,ANTIOQUIA,ENVIGADO,SD JHON F KENNEDY I.E LA PAZ,
01,121,08,02,ANTIOQUIA,ENVIGADO,IE LETICIA ARANGO DE AVENDAÑO,
01,121,08,03,ANTIOQUIA,ENVIGADO,SD PRINCIPAL I.E. LA PAZ,
01,121,09,01,ANTIOQUIA,ENVIGADO,COLEGIO GIMNASIO INTEGRAL SANTA ANA,
01,121,09,02,ANTIOQUIA,ENVIGADO,URB. MULTIFAMILIAR  SEÑORIAL,
01,121,09,03,ANTIOQUIA,ENVIGADO,I.E SAN VICENTE ALTO DE LAS FLORES,
01,121,09,04,ANTIOQUIA,ENVIGADO,POLIDEPORTIVO SUR DE ENVIGADO,
01,121,10,01,ANTIOQUIA,ENVIGADO,IE ALEJANDRO VELEZ BARRIENTOS SD ALCALA,
01,121,10,02,ANTIOQUIA,ENVIGADO,I.E JOSE MANUEL RESTREPO VELEZ (JOMAR),
01,121,10,03,ANTIOQUIA,ENVIGADO,TECNOLOGICO DE ARTES DEBORA ARANGO,
01,121,10,04,ANTIOQUIA,ENVIGADO,IE MANUEL URIBE ANGEL (MUA),
01,121,10,05,ANTIOQUIA,ENVIGADO,COLEGIO DE LA PRESENTACION DE ENVIGADO,
01,121,98,01,ANTIOQUIA,ENVIGADO,CARCEL MUNICIPAL DE ENVIGADO,
01,121,99,01,ANTIOQUIA,ENVIGADO,LAS PALMAS CENTRO DE SALUD,
01,121,99,02,ANTIOQUIA,ENVIGADO,PANTANILLO IE MARTIN EDUARDO RIOS LLANOS,
01,124,00,01,ANTIOQUIA,FREDONIA,ESC NORMAL SUPERIOR MARIANO OSPINA SEC P,
01,124,00,02,ANTIOQUIA,FREDONIA,ESCUELA MARCO FIDEL SUAREZ,
01,124,98,01,ANTIOQUIA,FREDONIA,CARCEL,
01,124,99,01,ANTIOQUIA,FREDONIA,LOCAL ANTIGUO PUESTO DE SALUD,
01,124,99,02,ANTIOQUIA,FREDONIA,IE MINAS SECC LA GARRUCHA,
01,124,99,03,ANTIOQUIA,FREDONIA,I.E. LOS PALOMOS,
01,124,99,04,ANTIOQUIA,FREDONIA,I.E. LLANO GRANDE,
01,124,99,05,ANTIOQUIA,FREDONIA,I.E. LLANO GRANDE ALFONSO PALACIO,
01,124,99,20,ANTIOQUIA,FREDONIA,I.E. EDELMIRA ALVAREZ,
01,124,99,70,ANTIOQUIA,FREDONIA,I.E. PIEDRA VERDE,
01,127,00,01,ANTIOQUIA,FRONTINO,UNIDAD DEPORTIVA LA MANDARINA,
01,127,00,02,ANTIOQUIA,FRONTINO,I.E. AGROPECUARIA PEDRO ANTONIO ELEJALDE,
01,127,99,01,ANTIOQUIA,FRONTINO,C.E.R. CARAUTA I.E.R. NOBOGACITA,
01,127,99,03,ANTIOQUIA,FRONTINO,CASETA COMUNAL CHONTADURO,
01,127,99,05,ANTIOQUIA,FRONTINO,C.E.R EL CERRO IE MANUEL ANTONIO TORO,
01,127,99,07,ANTIOQUIA,FRONTINO,C.E.R. EL MADERO,
01,127,99,09,ANTIOQUIA,FRONTINO,C.E.R. FUEMIA I.E. MANUEL ANTONIO TORO,
01,127,99,10,ANTIOQUIA,FRONTINO,C.E.R.ALTOS DE MURRI I.E.R.LA BLANQUITA,
01,127,99,13,ANTIOQUIA,FRONTINO,COLISEO LA BLANQUITA,
01,127,99,14,ANTIOQUIA,FRONTINO,C.E.R. SINCERIN I.E.R. NOBOGACITA,
01,127,99,17,ANTIOQUIA,FRONTINO,C.E.R.PONTON E.N.S MIGUEL ANGEL ALVAREZ,
01,127,99,19,ANTIOQUIA,FRONTINO,C.E.R. NOBOGA I.E. LAS MERCEDES,
01,127,99,21,ANTIOQUIA,FRONTINO,I.E. GABRIELA WHITE DE VELEZ,
01,127,99,55,ANTIOQUIA,FRONTINO,C.E.R. PANTANOS I.E.R. LA BLANQUITA,
01,127,99,58,ANTIOQUIA,FRONTINO,C.E.R.EL SALADO E.N.S.MIGUEL A. ALVAREZ,
01,130,00,00,ANTIOQUIA,GIRALDO,COLISEO GUILLERMO GAVIRIA,
01,130,99,07,ANTIOQUIA,GIRALDO,ESCUELA MANGLAR,
01,130,99,30,ANTIOQUIA,GIRALDO,ESCUELA PINGURO,
01,133,01,01,ANTIOQUIA,GIRARDOTA,NTRA. SRA. DE LA PRESENTACION,
01,133,01,02,ANTIOQUIA,GIRARDOTA,COLEGIO NUESTRA SEÑORA DEL ROSARIO,
01,133,02,01,ANTIOQUIA,GIRARDOTA,I.E. ATANASIO GIRARDOT,
01,133,02,02,ANTIOQUIA,GIRARDOTA,COLEGIO JUAN BERNARDONE,
01,133,02,03,ANTIOQUIA,GIRARDOTA,I.E. EMILIANO GARCIA,
01,133,02,04,ANTIOQUIA,GIRARDOTA,LICEO  MANUEL  JOSE  SIERRA,
01,133,99,10,ANTIOQUIA,GIRARDOTA,I.E.R. SAN DIEGO,
01,133,99,20,ANTIOQUIA,GIRARDOTA,ESCUELA MANGA ARRIBA,
01,133,99,30,ANTIOQUIA,GIRARDOTA,I.E. NUESTRA SEÑORA DEL CARMEN,
01,133,99,80,ANTIOQUIA,GIRARDOTA,PARROQUIA LA SAGRADA FAMILIA,
01,136,00,00,ANTIOQUIA,GOMEZ PLATA,I.E. GOMEZ PLATA BLOQUE,
01,136,99,01,ANTIOQUIA,GOMEZ PLATA,I. E.R. EL SALTO,
01,136,99,05,ANTIOQUIA,GOMEZ PLATA,CENTRO DE SALUD SAN MATIAS,
01,136,99,20,ANTIOQUIA,GOMEZ PLATA,C.E.R. LA ESTRELLA,
01,139,00,00,ANTIOQUIA,GRANADA,COLISEO CUBIERTO,
01,139,99,01,ANTIOQUIA,GRANADA,SD SANTA ANA  I.E. JORGE ALBERTO GOMEZ,CORREGIMIENTO SANTA ANA
01,139,99,40,ANTIOQUIA,GRANADA,SD JESUS MARIA  I.E. JORGE ALBERTO GOMEZ,
01,140,00,00,ANTIOQUIA,GUADALUPE,COLISEO MUNICIPAL GUADALUPE,
01,140,99,45,ANTIOQUIA,GUADALUPE,C.E.R. LUIS JARAMILLO HINCAPIE,
01,140,99,75,ANTIOQUIA,GUADALUPE,CER ALBERTO BETANCUR,
01,140,99,85,ANTIOQUIA,GUADALUPE,C.E.R. SAN JUAN ABAJO,
01,142,01,01,ANTIOQUIA,GUARNE,I.E. SANTO TOMAS,
01,142,01,02,ANTIOQUIA,GUARNE,COLISEO SANTO TOMAS,
01,142,01,03,ANTIOQUIA,GUARNE,I.E. EL SANGO,
01,142,01,04,ANTIOQUIA,GUARNE,INDER POLIGONO,
01,142,01,05,ANTIOQUIA,GUARNE,CDI-CARRUSEL DE LOS SUEÑOS,
01,142,02,01,ANTIOQUIA,GUARNE,I.E. LA INMACULADA CONCEPCION,
01,142,02,02,ANTIOQUIA,GUARNE,COLEGIO SAN ANTONIO,
01,142,02,03,ANTIOQUIA,GUARNE,I.E. CHAPARRAL SEDE CENTRAL,
01,142,99,15,ANTIOQUIA,GUARNE,E.R. MANUEL JOSE SIERRA,
01,142,99,20,ANTIOQUIA,GUARNE,C.E. SAN IGNACIO,
01,142,99,40,ANTIOQUIA,GUARNE,J.A.C. TOLDAS,
01,142,99,45,ANTIOQUIA,GUARNE,I.E. PIEDRAS BLANCAS,
01,142,99,80,ANTIOQUIA,GUARNE,I.E. EZEQUIEL SIERRA,
01,142,99,90,ANTIOQUIA,GUARNE,I.E.R ESCUELA SAN JOSE,
01,145,00,00,ANTIOQUIA,GUATAPE,COLISEO MUNICIPAL DE GUATAPÉ,
01,148,00,00,ANTIOQUIA,HELICONIA,I.E SAN RAFAEL,
01,148,99,01,ANTIOQUIA,HELICONIA,I.E. ALTO DEL CORRAL,
01,148,99,04,ANTIOQUIA,HELICONIA,C.E.R LA PAVA,
01,148,99,05,ANTIOQUIA,HELICONIA,I.E HECTOR HIGINIO BEDOYA VARGAS,
01,148,99,13,ANTIOQUIA,HELICONIA,SALON COMUNAL LLANO DE SAN JOSE,
01,150,00,00,ANTIOQUIA,HISPANIA,I.E. AURA MARIA VALENCIA,
01,150,99,25,ANTIOQUIA,HISPANIA,C.E.R. EL LLANETE,
01,151,01,01,ANTIOQUIA,ITAGUI,I.E. DIEGO ECHAVARRIA MISAS,COMUNA 1
01,151,01,02,ANTIOQUIA,ITAGUI,I.E. JUAN N. CADAVID,COMUNA 1
01,151,01,03,ANTIOQUIA,ITAGUI,COLEGIO EL ROSARIO,COMUNA 1
01,151,01,04,ANTIOQUIA,ITAGUI,I.E. MARIA JESUS MEJIA SEDE BACHILLERATO,COMUNA 1
01,151,02,01,ANTIOQUIA,ITAGUI,I.E. ANTONIO JOSE DE SUCRE,COMUNA 1
01,151,02,02,ANTIOQUIA,ITAGUI,I.E. AVELINO SALDARRIAGA GAVIRIA,COMUNA 1
01,151,02,03,ANTIOQUIA,ITAGUI,I.E. SAN JOSE,COMUNA 1
01,151,03,01,ANTIOQUIA,ITAGUI,I.E. ISOLDA ECHAVARRIA,COMUNA 2
01,151,03,02,ANTIOQUIA,ITAGUI,I.E. JOHN F. KENNEDY,COMUNA 2
01,151,03,03,ANTIOQUIA,ITAGUI,I.E. FELIPE DE RESTREPO,COMUNA 2
01,151,03,04,ANTIOQUIA,ITAGUI,CASA DE LA MUJER,COMUNA 2
01,151,03,05,ANTIOQUIA,ITAGUI,SEDE JUNTA DE ACCION COMUNAL LA FINQUITA,COMUNA 2
01,151,04,01,ANTIOQUIA,ITAGUI,IE CONCEJO MUNICIPAL-SEDE SAN FRANCISCO,COMUNA 3
01,151,04,02,ANTIOQUIA,ITAGUI,SD PRINCIPAL I.E. ESTEBAN OCHOA,COMUNA 3
01,151,04,03,ANTIOQUIA,ITAGUI,SD,COMUNA 3
01,151,04,04,ANTIOQUIA,ITAGUI,I.E. CONCEJO MUNICIPAL - SEDE BARILOCHE,COMUNA 3
01,151,04,05,ANTIOQUIA,ITAGUI,I.E. LUIS CARLOS GALAN,COMUNA 3
01,151,05,01,ANTIOQUIA,ITAGUI,I.E. SIMON BOLIVAR,COMUNA 4
01,151,05,02,ANTIOQUIA,ITAGUI,I.E. ENRIQUE VELEZ ESCOBAR,COMUNA 4
01,151,05,03,ANTIOQUIA,ITAGUI,I.E. MARCELIANA SALDARRIAGA,COMUNA 4
01,151,05,04,ANTIOQUIA,ITAGUI,SD PROVIDENCIA IE ENRIQUE VELEZ ESCOBAR,COMUNA 4
01,151,06,01,ANTIOQUIA,ITAGUI,SD ARNULFO FLOREZ IE ENRIQUE VELEZ E.,COMUNA 4
01,151,06,02,ANTIOQUIA,ITAGUI,I.E. PEDRO ESTRADA,COMUNA 4
01,151,06,03,ANTIOQUIA,ITAGUI,I.E. BENEDIKTA ZUR NIEDEN,COMUNA 4
01,151,06,04,ANTIOQUIA,ITAGUI,I.E. ORESTES SINDICCE,COMUNA 4
01,151,06,05,ANTIOQUIA,ITAGUI,CENTRAL MAYORISTA,COMUNA 4
01,151,07,01,ANTIOQUIA,ITAGUI,I.E. LOMA LINDA,COMUNA 5
01,151,07,02,ANTIOQUIA,ITAGUI,IE CIUDAD ITAGÜÍ-SD MARÍA BERNAL MOLINA,COMUNA 5
01,151,07,03,ANTIOQUIA,ITAGUI,I.E. MARIA JESUS MEJIA SEDE,COMUNA 5
01,151,07,04,ANTIOQUIA,ITAGUI,I.E. CARLOS ENRIQUE CORTES,COMUNA 5
01,151,07,05,ANTIOQUIA,ITAGUI,I.E. CIUDAD ITAGÜÍ SEDE EL TABLAZO,COMUNA 5
01,151,08,01,ANTIOQUIA,ITAGUI,I.E. EL ROSARIO,COMUNA 6
01,151,08,02,ANTIOQUIA,ITAGUI,I.E. AVELINO SALDARRIAGA SEDE LA UNIÓN,COMUNA 6
01,151,08,03,ANTIOQUIA,ITAGUI,PLACA POLIDEPORTIVA LA UNIÓN,COMUNA 6
01,151,08,04,ANTIOQUIA,ITAGUI,SEDE JUNTA DE ACCION COMUNAL LA UNIÓN,COMUNA 6
01,151,08,05,ANTIOQUIA,ITAGUI,PLACA POLIDEPORTIVA SANTA MARIA LA NUEVA,COMUNA 6
01,151,90,01,ANTIOQUIA,ITAGUI,POLIDEPORTIVO MUNICIPAL,
01,151,90,02,ANTIOQUIA,ITAGUI,UNIVERSIDAD IDEAS,
01,151,98,01,ANTIOQUIA,ITAGUI,CARCEL DISTRITO NACIONAL,
01,151,98,02,ANTIOQUIA,ITAGUI,CARCEL YARUMITO,
01,151,99,A1,ANTIOQUIA,ITAGUI,I.E LOS GOMEZ,CORREGIMIENTO EL MANZANILLO
01,151,99,B1,ANTIOQUIA,ITAGUI,I.E. MARIA JOSEFA ESCOBAR,CORREGIMIENTO EL MANZANILLO
01,151,99,C1,ANTIOQUIA,ITAGUI,I.E. LOS GOMEZ SEDE EL AJIZAL,CORREGIMIENTO EL MANZANILLO
01,154,00,00,ANTIOQUIA,ITUANGO,I.E PEDRO NEL OSPINA,
01,154,98,01,ANTIOQUIA,ITUANGO,CARCEL ITUANGO,
01,154,99,05,ANTIOQUIA,ITUANGO,I.E BADILLO,
01,154,99,08,ANTIOQUIA,ITUANGO,TIENDA LA GUAMERA,
01,154,99,09,ANTIOQUIA,ITUANGO,CASETA COMUNAL EL ARO,
01,154,99,11,ANTIOQUIA,ITUANGO,C.E.R EL CEDRAL,
01,154,99,13,ANTIOQUIA,ITUANGO,I.E JESUS MARIA VALLE JARAMILLO,
01,154,99,16,ANTIOQUIA,ITUANGO,C.E.R PATRICIO SUCERQUIA,
01,154,99,17,ANTIOQUIA,ITUANGO,SALON PARROQUIAL SANTA ANA,
01,154,99,18,ANTIOQUIA,ITUANGO,I.E LA PEREZ,
01,154,99,19,ANTIOQUIA,ITUANGO,C.E.R SANTA LUCIA,
01,154,99,20,ANTIOQUIA,ITUANGO,C.E.R SAN JUANILLO,
01,154,99,21,ANTIOQUIA,ITUANGO,CASA DE LA CULTURA SANTA RITA DE ITUANGO,
01,154,99,50,ANTIOQUIA,ITUANGO,ANTIGUA INSPECCION DE POLICIA LA HUNDIDA,
01,157,00,00,ANTIOQUIA,JARDIN,I.E. ESCUELA MOISES ROJAS,
01,157,99,06,ANTIOQUIA,JARDIN,I.E. DAVID CROZIER,
01,157,99,08,ANTIOQUIA,JARDIN,I.E. MARIA JOSEFA CORREA,
01,160,00,00,ANTIOQUIA,JERICO,I.E. ESCUELA MADRE LAURA,
01,160,98,01,ANTIOQUIA,JERICO,CARCEL,
01,160,99,07,ANTIOQUIA,JERICO,I.E.R SAN FRANCISCO DE ASIS,
01,163,01,01,ANTIOQUIA,LA CEJA,ESC. MARIA JOSEFA MARULANDA,
01,163,01,02,ANTIOQUIA,LA CEJA,C.E.LA PAZ,
01,163,01,03,ANTIOQUIA,LA CEJA,PARQUE BIBLIOTECA EL PARAISO,
01,163,01,04,ANTIOQUIA,LA CEJA,IE CONCEJO MUNICIPAL,
01,163,02,01,ANTIOQUIA,LA CEJA,ESC JUSTO PASTOR MEJIA,
01,163,02,02,ANTIOQUIA,LA CEJA,ESC. ALFONSO URIBE JARAMILLO,
01,163,02,03,ANTIOQUIA,LA CEJA,CENTRO DIA GERONTOLOGICO,
01,163,03,01,ANTIOQUIA,LA CEJA,IE BERNARDO URIBE LONDOÑO SD,
01,163,03,02,ANTIOQUIA,LA CEJA,COLISEO DE COMBATE,
01,163,03,03,ANTIOQUIA,LA CEJA,COLISEO POLIDEPORTIVO LA CEJA,
01,163,03,04,ANTIOQUIA,LA CEJA,I.E.LA PAZ SEDE,
01,163,99,47,ANTIOQUIA,LA CEJA,I.E FRANCISCO MARIA CARDONA,CORREGIMIENTO SAN JOSE
01,166,01,01,ANTIOQUIA,LA ESTRELLA,I.E. BAM SEDE JAIME ARANGO VELASQUEZ,
01,166,01,02,ANTIOQUIA,LA ESTRELLA,CASA PARA LA EDUCACION,
01,166,01,03,ANTIOQUIA,LA ESTRELLA,SD RAFAEL POMBO I.E. BAM,
01,166,01,04,ANTIOQUIA,LA ESTRELLA,COL. DIVINO SALVADOR,
01,166,01,05,ANTIOQUIA,LA ESTRELLA,I.E. ANA EVA ESCOBAR SEDE BACHILLERATO,
01,166,01,06,ANTIOQUIA,LA ESTRELLA,AULA AMBIENTAL,
01,166,02,01,ANTIOQUIA,LA ESTRELLA,"INST. MPAL DE DEPORTES ""INDERE""",
01,166,02,02,ANTIOQUIA,LA ESTRELLA,I.E. CONCEJO MUNICIPAL,
01,166,02,03,ANTIOQUIA,LA ESTRELLA,SD TULIO OSPINA I.E. JAGA,
01,166,02,04,ANTIOQUIA,LA ESTRELLA,SD INMACULADA FE Y ALEGRIA I.E. JAGA,
01,166,02,05,ANTIOQUIA,LA ESTRELLA,I.E. JOSE ANTONIO GALAN,
01,166,02,06,ANTIOQUIA,LA ESTRELLA,SD MANUELA BELTRAN I.E. BAM,
01,166,98,01,ANTIOQUIA,LA ESTRELLA,CARCEL MUNICIPAL LA ESTRELLA,
01,168,00,00,ANTIOQUIA,PUERTO NARE-LA MAGDALENA,I E CARLOS A DUQUE R SECC PRIMARIA,
01,168,99,04,ANTIOQUIA,PUERTO NARE-LA MAGDALENA,C.E.R. EL DELIRIO,
01,168,99,05,ANTIOQUIA,PUERTO NARE-LA MAGDALENA,I.E.R. LA SIERRA,
01,168,99,10,ANTIOQUIA,PUERTO NARE-LA MAGDALENA,I.E.R. LA UNION,
01,168,99,15,ANTIOQUIA,PUERTO NARE-LA MAGDALENA,C.E.R. LA ARABIA,
01,168,99,20,ANTIOQUIA,PUERTO NARE-LA MAGDALENA,I.E.JORGE ENRIQUE VILLEGAS,
01,169,00,01,ANTIOQUIA,LA UNION,COLISEO ERNESTO RIOS ARIAS,
01,169,00,02,ANTIOQUIA,LA UNION,I.E. FELIX MARIA RESTREPO LONDOÑO,
01,169,99,01,ANTIOQUIA,LA UNION,I.E. MARCO EMILIO LOPEZ GALLEGO,CORREGIMIENTO MESOPOTAMIA
01,170,00,00,ANTIOQUIA,LA PINTADA,COLISEO MARCO TULIO RESTREPO MUNERA,
01,172,00,00,ANTIOQUIA,LIBORINA,COLISEO MUNICIPAL,
01,172,99,01,ANTIOQUIA,LIBORINA,EL CARMEN DE LA VENTA PLACA POLIDEPORT.,
01,172,99,05,ANTIOQUIA,LIBORINA,LA HONDA PLACA POLIDEPORTIVA,
01,172,99,09,ANTIOQUIA,LIBORINA,LA MERCED DEL PLAYON PLACA POLIDEPORT.,
01,172,99,13,ANTIOQUIA,LIBORINA,SAN DIEGO PLACA POLIDEPORTIVA,
01,175,00,00,ANTIOQUIA,MACEO,COLISEO CUBIERTO CENTENARIO,
01,175,99,01,ANTIOQUIA,MACEO,CASA DE LA CULTURA,
01,175,99,02,ANTIOQUIA,MACEO,COLEGIO LA FLORESTA,
01,175,99,03,ANTIOQUIA,MACEO,ROUND POINT VIA MEDELLIN A PUERTO BERRIO,
01,178,01,01,ANTIOQUIA,MARINILLA,COLISEO MUNICIPAL,
01,178,01,02,ANTIOQUIA,MARINILLA,ESC. NORMAL SUP RAFAEL M. GIR,
01,178,01,03,ANTIOQUIA,MARINILLA,SIMONA DUQUE SECUNDARIA IE TEC INDUST.,
01,178,02,01,ANTIOQUIA,MARINILLA,COLEGIO NACIONAL SAN JOSE,
01,178,02,02,ANTIOQUIA,MARINILLA,IE ROMAN GOMEZ SD PRIMARIA ESCUELA ROJA,
01,178,03,01,ANTIOQUIA,MARINILLA,PRIMARIA ESCUELA AZUL IE TEC INDUSTRIAL,
01,178,03,02,ANTIOQUIA,MARINILLA,COREDI,
01,178,99,58,ANTIOQUIA,MARINILLA,I.E.R. ROSALIA HOYOS,
01,181,00,00,ANTIOQUIA,MONTEBELLO,COLISEO MUNICIPAL,
01,181,99,01,ANTIOQUIA,MONTEBELLO,C.E.R SABALETAS,
01,181,99,05,ANTIOQUIA,MONTEBELLO,C.E.R EL CARMELO,
01,184,00,00,ANTIOQUIA,MURINDO,I.E MURINDO,
01,184,99,01,ANTIOQUIA,MURINDO,I.E. OPOGADO,
01,184,99,02,ANTIOQUIA,MURINDO,I.E. CAMPO ALEGRE,
01,184,99,03,ANTIOQUIA,MURINDO,I.E. JEDEGA,
01,187,00,00,ANTIOQUIA,MUTATA,I.E MUTATA,
01,187,99,01,ANTIOQUIA,MUTATA,C.E.R PAVARANDOCITO,
01,187,99,03,ANTIOQUIA,MUTATA,C.E.R LA MILAGROSA,
01,187,99,04,ANTIOQUIA,MUTATA,PLACA POLIDEPORTIVA PAVARANDOGRANDE,
01,187,99,05,ANTIOQUIA,MUTATA,I.E.R. LA INMACULADA CAUCHERAS,
01,190,00,00,ANTIOQUIA,NARIÑO,SD PRIMARIA I.E INMACULADA CONCEPCION,
01,190,99,04,ANTIOQUIA,NARIÑO,SD BALSORA C.E.R. UVITAL,
01,190,99,06,ANTIOQUIA,NARIÑO,SD PRINCIPAL C.E.R. UVITAL,
01,190,99,07,ANTIOQUIA,NARIÑO,COLISEO DAVID CIFUENTES,
01,190,99,20,ANTIOQUIA,NARIÑO,SD PRINCIPAL C.E.R. EL CARMELO,
01,190,99,25,ANTIOQUIA,NARIÑO,SD LA LINDA I.E INMACULADA CONCEPCION,
01,190,99,60,ANTIOQUIA,NARIÑO,SD LAS MANGAS C.E.R. EL CARMELO,
01,191,00,01,ANTIOQUIA,NECHI,SD PRINCIPAL I.E. NECHI,
01,191,00,02,ANTIOQUIA,NECHI,ESCUELA URBANA I.E. NECHI,
01,191,99,01,ANTIOQUIA,NECHI,I.E.R. TRINIDAD ARRIBA - SAN PABLO ABAJO,
01,191,99,06,ANTIOQUIA,NECHI,BIJAGUAL I.E. JORGE ELICER GAITAN,
01,191,99,12,ANTIOQUIA,NECHI,I. E. COLORADO,
01,191,99,15,ANTIOQUIA,NECHI,I.E.R. LA CONCHA,
01,191,99,17,ANTIOQUIA,NECHI,I. E. LAS FLORES,
01,191,99,24,ANTIOQUIA,NECHI,LOS CARGUEROS I.E. JORGE ELICER GAITAN,
01,192,00,01,ANTIOQUIA,NECOCLI,I.E ANTONIO ROLDAN BETANCUR,
01,192,00,02,ANTIOQUIA,NECOCLI,I.E EDUARDO ESPITIA ROMERO,
01,192,99,01,ANTIOQUIA,NECOCLI,I.E.R CARIBIA,
01,192,99,02,ANTIOQUIA,NECOCLI,I.E.R LAS CHANGAS,
01,192,99,03,ANTIOQUIA,NECOCLI,I.E.R. TULAPITA,
01,192,99,10,ANTIOQUIA,NECOCLI,I.E.R EL MELLITO,
01,192,99,12,ANTIOQUIA,NECOCLI,I.E.R EL TOTUMO,
01,192,99,15,ANTIOQUIA,NECOCLI,I.E.R MELLO VILLAVICENCIO,
01,192,99,16,ANTIOQUIA,NECOCLI,I.E.R MULATOS,
01,192,99,23,ANTIOQUIA,NECOCLI,I.E.R PUEBLO NUEVO,
01,192,99,27,ANTIOQUIA,NECOCLI,I.E.R ZAPATA,
01,193,00,00,ANTIOQUIA,OLAYA,CASA DE LA CULTURA - CABECERA,
01,193,99,01,ANTIOQUIA,OLAYA,I.E LLANADAS PRIMAVERA,
01,193,99,03,ANTIOQUIA,OLAYA,I.E VEREDA EL PENCAL,
01,193,99,05,ANTIOQUIA,OLAYA,SUCRE - CASA DE LA CULTURA,
01,196,00,01,ANTIOQUIA,PEÑOL,I.E. LEON XIII,
01,199,00,00,ANTIOQUIA,PEQUE,COLISEO RICARDO ANTONIO DAVID PIEDRAHITA,
01,199,99,01,ANTIOQUIA,PEQUE,I.E RENEGADO VALLE,
01,199,99,02,ANTIOQUIA,PEQUE,C.E.R. JUAN IGNACIO TAMAYO,
01,199,99,04,ANTIOQUIA,PEQUE,C.E.R. JERIGUA,
01,199,99,05,ANTIOQUIA,PEQUE,C.E.R. LOMITAS,
01,199,99,09,ANTIOQUIA,PEQUE,I.E.R. FLORENCIO SALAS TUBERQUIA,
01,199,99,13,ANTIOQUIA,PEQUE,C.E.R. VEGA DEL INGLES,
01,202,00,00,ANTIOQUIA,PUEBLORRICO,I. E. EL SALVADOR,
01,205,01,01,ANTIOQUIA,PUERTO BERRIO,I.E AMERICA,
01,205,01,02,ANTIOQUIA,PUERTO BERRIO,ESC. LA MILLA,
01,205,01,03,ANTIOQUIA,PUERTO BERRIO,I.E. ANTONIO NARIÑO,
01,205,01,04,ANTIOQUIA,PUERTO BERRIO,I.E. ALFONSO LOPEZ PUMAREJO,
01,205,02,01,ANTIOQUIA,PUERTO BERRIO,INSTITUTO LA INMACULADA,
01,205,02,02,ANTIOQUIA,PUERTO BERRIO,ESC. LA ISLA,
01,205,02,03,ANTIOQUIA,PUERTO BERRIO,I.E. BOMBONA,
01,205,02,04,ANTIOQUIA,PUERTO BERRIO,CENTRO DIA,
01,205,98,01,ANTIOQUIA,PUERTO BERRIO,CARCEL,
01,205,99,01,ANTIOQUIA,PUERTO BERRIO,SD MURILLO I.E.R LA CARLOTA,
01,205,99,04,ANTIOQUIA,PUERTO BERRIO,SD CRISTALINA I.E.R LA CARLOTA,
01,205,99,05,ANTIOQUIA,PUERTO BERRIO,SD EL BRASIL I.E.R LA CARLOTA,
01,205,99,09,ANTIOQUIA,PUERTO BERRIO,I.E.R MADRE LAURA,
01,205,99,15,ANTIOQUIA,PUERTO BERRIO,I. E. R PEDRO JUSTO BERRIO,
01,206,00,00,ANTIOQUIA,PUERTO TRIUNFO,SD PRIMARIA I.E. PABLO VI,
01,206,98,01,ANTIOQUIA,PUERTO TRIUNFO,CARCEL MUNICIPAL,
01,206,98,02,ANTIOQUIA,PUERTO TRIUNFO,CARCEL PENITENCIARIA DE MEDIA SEGURIDAD,
01,206,99,11,ANTIOQUIA,PUERTO TRIUNFO,I.E. DORADAL,
01,206,99,13,ANTIOQUIA,PUERTO TRIUNFO,I.E. ESTACION COCORNA,
01,206,99,18,ANTIOQUIA,PUERTO TRIUNFO,I.E. LA MERCED,
01,206,99,23,ANTIOQUIA,PUERTO TRIUNFO,I.E. PUERTO PERALES,
01,206,99,26,ANTIOQUIA,PUERTO TRIUNFO,CENTRO DE DESARROLLO SOCIAL,
01,208,00,01,ANTIOQUIA,REMEDIOS,I.E. IGNACIO YEPES YEPES,
01,208,00,02,ANTIOQUIA,REMEDIOS,PARQUE EDUC. ISABELITA TEJADA CUARTAS,
01,208,99,01,ANTIOQUIA,REMEDIOS,SEDE B I. E.R. LA CRUZADA,CORREGIMIENTO LA CRUZADA
01,208,99,02,ANTIOQUIA,REMEDIOS,E. R. CAMPO VIJAO,
01,208,99,03,ANTIOQUIA,REMEDIOS,C.E.R. CAÑAVERAL,
01,208,99,04,ANTIOQUIA,REMEDIOS,C.E.R. CHORRO DE LAGRIMAS,
01,208,99,05,ANTIOQUIA,REMEDIOS,I. E.R. PABLO VI,CORREGIMIENTO SANTA ISABEL
01,208,99,06,ANTIOQUIA,REMEDIOS,SD LA GORGONA - IE IGNACIO YEPES YEPES,
01,208,99,07,ANTIOQUIA,REMEDIOS,CENTRO CULTURAL LEJANIAS,
01,211,00,01,ANTIOQUIA,RETIRO,COLISEO MUN CARLOS MAURO HOYOS,
01,211,00,02,ANTIOQUIA,RETIRO,IE IGNACIO BOTERO VALLEJO,
01,211,99,70,ANTIOQUIA,RETIRO,IE LUIS EDUARDO POSADA,
01,214,01,01,ANTIOQUIA,RIONEGRO,I.E. JULIO SANIN,COMUNA 1 LIBORIO MEJIA
01,214,01,02,ANTIOQUIA,RIONEGRO,OFICINA VALORIZACION ALCALDIA,COMUNA 1 LIBORIO MEJIA
01,214,01,03,ANTIOQUIA,RIONEGRO,COLISEO RUBEN DARIO QUINTERO,COMUNA 1 LIBORIO MEJIA
01,214,02,01,ANTIOQUIA,RIONEGRO,ESCUELA UNIDA,COMUNA 1 LIBORIO MEJIA
01,214,02,02,ANTIOQUIA,RIONEGRO,SD BALDOMERO IE JOSEFINA MUÑOZ GONZALEZ,COMUNA 1 LIBORIO MEJIA
01,214,03,01,ANTIOQUIA,RIONEGRO,IE SAN ANTONIO,COMUNA 2 SAN ANTONIO
01,214,03,02,ANTIOQUIA,RIONEGRO,IT SANTIAGO DE ARMA,COMUNA 3 MONS. ALFONSO URIBE J
01,214,03,03,ANTIOQUIA,RIONEGRO,COLISEO IVAN RAMIRO CORDOBA,COMUNA 3 MONS. ALFONSO URIBE J
01,214,03,04,ANTIOQUIA,RIONEGRO,SD CUATRO ESQ IE JOSEFINA MUÑOZ GONZALEZ,COMUNA 3 MONS. ALFONSO URIBE J
01,214,04,01,ANTIOQUIA,RIONEGRO,ESC EDUARDO URIBE BOTERO,COMUNA 4 EL PORVENIR
01,214,04,02,ANTIOQUIA,RIONEGRO,LIC CONSEJO MUNICIPAL,COMUNA 4 EL PORVENIR
01,214,04,03,ANTIOQUIA,RIONEGRO,ESC PASCUALA MUÑOZ,COMUNA 4 EL PORVENIR
01,214,98,01,ANTIOQUIA,RIONEGRO,CARCEL MUNICIPAL,
01,214,99,A2,ANTIOQUIA,RIONEGRO,I E GILBERTO ECHEVERRY MEJIA,CORREGIMIENTO DEL SUR
01,214,99,B1,ANTIOQUIA,RIONEGRO,I E ANTONIO DONADO CAMACHO,
01,214,99,B2,ANTIOQUIA,RIONEGRO,AUDITORIO AEROPUERTO CORR. J.M.C.,
01,214,99,C1,ANTIOQUIA,RIONEGRO,I E BARRO BLANCO,
01,214,99,C2,ANTIOQUIA,RIONEGRO,ESC SAN JOSE DE LAS CUCHILLAS,
01,214,99,D1,ANTIOQUIA,RIONEGRO,CASETA COMUNAL GALICIA,
01,214,99,D2,ANTIOQUIA,RIONEGRO,IE ANA GOMEZ DE SIERRA,
01,217,00,00,ANTIOQUIA,SABANALARGA,COLISEO MPAL FRANCISCO LUIS HOLGUIN F,
01,217,99,01,ANTIOQUIA,SABANALARGA,SALON PARROQUIAL,
01,217,99,02,ANTIOQUIA,SABANALARGA,I.E.R EL SOCORRO,
01,217,99,03,ANTIOQUIA,SABANALARGA,I.E.R EL JUNCO,
01,218,01,01,ANTIOQUIA,SABANETA,I.E. RAFAEL J. MEJIA,
01,218,01,02,ANTIOQUIA,SABANETA,I.E. PRIMITIVO LEAL LA DOCTORA,
01,218,01,03,ANTIOQUIA,SABANETA,CTRO PARA EL ADULTO MAYOR CAITES,
01,218,01,04,ANTIOQUIA,SABANETA,I.E. PRESBITERO ANTONIO BAENA SALAZAR,
01,218,02,01,ANTIOQUIA,SABANETA,COL PADRE RAMON ARCILA R,
01,218,02,02,ANTIOQUIA,SABANETA,IE JOSE FELIX DE RESTREPO,
01,218,02,03,ANTIOQUIA,SABANETA,BIBLIOTECA MUNICIPAL,
01,218,02,04,ANTIOQUIA,SABANETA,CASA DE LA CULTURA LA BARQUEREÑA,
01,218,03,01,ANTIOQUIA,SABANETA,CTRO DE ATENCION,
01,218,03,02,ANTIOQUIA,SABANETA,IE CONCEJO DE SABANETA JMCB,
01,218,03,03,ANTIOQUIA,SABANETA,IE MARIA MEDIADORA,
01,218,03,04,ANTIOQUIA,SABANETA,PARQUE DE LOS,
01,218,03,05,ANTIOQUIA,SABANETA,GIMNASIO CAMPESTRE LOS ALCAZARES,
01,218,99,01,ANTIOQUIA,SABANETA,I.E MARIA AUXILIADORA,
01,218,99,02,ANTIOQUIA,SABANETA,E.R. LAS LOMITAS (JAC),
01,218,99,03,ANTIOQUIA,SABANETA,JAC VEREDA SAN JOSE,
01,220,00,00,ANTIOQUIA,SALGAR,IE JULIO RESTREPO,
01,220,99,01,ANTIOQUIA,SALGAR,CASETA COMUNAL EL CONCILIO,
01,220,99,05,ANTIOQUIA,SALGAR,I.E.R. ABELARDO OCHOA,
01,220,99,07,ANTIOQUIA,SALGAR,CASETA COMUNAL LA GULUNGA ALTA,
01,220,99,09,ANTIOQUIA,SALGAR,C. E. R. CARLOS VIECO ORTIZ,
01,220,99,70,ANTIOQUIA,SALGAR,C. E. R. PEÑALISA,
01,223,00,00,ANTIOQUIA,SAN ANDRES,COLISEO LOS FUNDADORES,
01,223,99,01,ANTIOQUIA,SAN ANDRES,I.E.R. ANA JOAQUINA RESTREPO,
01,223,99,02,ANTIOQUIA,SAN ANDRES,I.E.R. LAS CRUCES,
01,223,99,03,ANTIOQUIA,SAN ANDRES,ESCUELA MONTAÑA/ADENTRO,
01,223,99,04,ANTIOQUIA,SAN ANDRES,ESCUELA LA CIENAGA,
01,223,99,07,ANTIOQUIA,SAN ANDRES,PUESTO DE SALUD  SAN RAFAEL,
01,223,99,08,ANTIOQUIA,SAN ANDRES,C.E.R. COREDI,
01,223,99,20,ANTIOQUIA,SAN ANDRES,ESCUELA EL PEÑOL I.E.R. LAS CRUCES,
01,223,99,60,ANTIOQUIA,SAN ANDRES,ESC. SANTA GERTRUDIS I.E.R. LAS CRUCES,
01,226,00,00,ANTIOQUIA,SAN CARLOS,COLIS. MPAL JULIAN CONRADO E IVAN GIRAL.,
01,226,99,01,ANTIOQUIA,SAN CARLOS,I.E.R. EL JORDAN,
01,226,99,02,ANTIOQUIA,SAN CARLOS,I.E.R.PALMICHAL SEDE EL CHOCO,
01,226,99,05,ANTIOQUIA,SAN CARLOS,C.E.R. SIMON BOLIVAR,
01,226,99,07,ANTIOQUIA,SAN CARLOS,C.E.R. SAMANA,
01,226,99,50,ANTIOQUIA,SAN CARLOS,I.E.R PUERTO GARZA,
01,227,00,00,ANTIOQUIA,SAN FRANCISCO,CENTRO DE DESARROLLO INFANTIL,
01,227,99,05,ANTIOQUIA,SAN FRANCISCO,NUEVA SD C.E.R.SAN JUAN DE AQUITANIA,CORREGIMIENTO DE AQUITANIA
01,229,00,00,ANTIOQUIA,SAN JERONIMO,COLISEO MUNICIPAL,
01,229,99,06,ANTIOQUIA,SAN JERONIMO,SD TOMASA MENDEZ I.E.R. AGRICOLA,
01,229,99,13,ANTIOQUIA,SAN JERONIMO,C.E.R. LOS CEDROS,
01,229,99,18,ANTIOQUIA,SAN JERONIMO,ENORSGED SD FRANCISCO HERRERA CAMPUZANO,
01,229,99,36,ANTIOQUIA,SAN JERONIMO,SD RAFAEL J MEJIA IE BENIGNO MENA,
01,230,00,00,ANTIOQUIA,SAN JOSE DE LA MONTAÑA,IE FRANCISCO ABEL GALLEGO - SECCION C,
01,231,00,00,ANTIOQUIA,SAN JUAN DE URABA,IE SAN JUAN DE URABA,
01,231,99,01,ANTIOQUIA,SAN JUAN DE URABA,I.E.R BELEN,
01,231,99,10,ANTIOQUIA,SAN JUAN DE URABA,I.E.R MONSEÑOR ESCOBAR VELEZ,
01,231,99,20,ANTIOQUIA,SAN JUAN DE URABA,E.R. LA BALSITA,
01,231,99,30,ANTIOQUIA,SAN JUAN DE URABA,I.E.R EL FILO DE DAMAQUIEL,
01,231,99,80,ANTIOQUIA,SAN JUAN DE URABA,C.E.R SAN JUANCITO,
01,231,99,82,ANTIOQUIA,SAN JUAN DE URABA,C.E.R SAN NICOLAS DEL RIO,
01,231,99,86,ANTIOQUIA,SAN JUAN DE URABA,I.E.R SIETE VUELTAS,
01,231,99,91,ANTIOQUIA,SAN JUAN DE URABA,I.E.R UVEROS,
01,232,00,00,ANTIOQUIA,SAN LUIS,SEDE JUAN JOSE HOYOS,
01,232,99,03,ANTIOQUIA,SAN LUIS,C.E.R. BUENOS AIRES,
01,232,99,04,ANTIOQUIA,SAN LUIS,COLISEO EL PRODIGIO,
01,232,99,05,ANTIOQUIA,SAN LUIS,C.E.R. EL SILENCIO,
01,232,99,15,ANTIOQUIA,SAN LUIS,C.E.R. LA JOSEFINA,
01,232,99,18,ANTIOQUIA,SAN LUIS,C.E.R. LA TEBAIDA,
01,232,99,50,ANTIOQUIA,SAN LUIS,C.E.R. RIOCLARO,
01,232,99,75,ANTIOQUIA,SAN LUIS,C.E.R. SAN PABLO,
01,235,01,01,ANTIOQUIA,SAN PEDRO,I E PIO XII,
01,235,01,02,ANTIOQUIA,SAN PEDRO,SD LA GABRIELA I E PIO XII,
01,235,02,01,ANTIOQUIA,SAN PEDRO,COLISEO TIPO B,
01,235,02,02,ANTIOQUIA,SAN PEDRO,CTRO DE INTEGRAC. CIUDAD. LOS ENCENILLOS,
01,235,99,01,ANTIOQUIA,SAN PEDRO,I.E.R. SAN JUAN,
01,235,99,08,ANTIOQUIA,SAN PEDRO,I.E.R. CEREZALES,
01,235,99,25,ANTIOQUIA,SAN PEDRO,I.E.R. EL ESPINAL,
01,235,99,50,ANTIOQUIA,SAN PEDRO,I.E.R. OVEJAS,
01,235,99,70,ANTIOQUIA,SAN PEDRO,I.E.R. PANTANILLO,
01,237,01,01,ANTIOQUIA,SAN PEDRO DE URABA,I.E. SAN PEDRO DE URABA,
01,237,01,02,ANTIOQUIA,SAN PEDRO DE URABA,E.U.I.  ZOILA LOPEZ,
01,237,02,01,ANTIOQUIA,SAN PEDRO DE URABA,SD POLICARPA S. I.E. SAN PEDRO DE URABA,
01,237,02,02,ANTIOQUIA,SAN PEDRO DE URABA,E.U.I. HERNANDEZ CASTILLO,
01,237,99,01,ANTIOQUIA,SAN PEDRO DE URABA,I.E.R. LOS ALMENDROS,
01,237,99,02,ANTIOQUIA,SAN PEDRO DE URABA,I.E.R. LOS ALMAGROS,
01,237,99,03,ANTIOQUIA,SAN PEDRO DE URABA,I.E.R. BUCHADO MEDIO,
01,237,99,04,ANTIOQUIA,SAN PEDRO DE URABA,I.E.R. ALTO ROSARIO,
01,237,99,05,ANTIOQUIA,SAN PEDRO DE URABA,I.E.R. LAS PAVAS,
01,237,99,06,ANTIOQUIA,SAN PEDRO DE URABA,I.E.R ARENAS MONAS,
01,237,99,10,ANTIOQUIA,SAN PEDRO DE URABA,I.E.R EL TOMATE,
01,237,99,15,ANTIOQUIA,SAN PEDRO DE URABA,I.E.R EL RAYO,
01,237,99,25,ANTIOQUIA,SAN PEDRO DE URABA,I.E.R SANTA CATALINA,
01,237,99,32,ANTIOQUIA,SAN PEDRO DE URABA,I.E.R ZAPINDONGA,
01,238,00,01,ANTIOQUIA,SAN RAFAEL,COLISEO MUNICIPAL SECTOR EL JARDIN,
01,238,00,02,ANTIOQUIA,SAN RAFAEL,IE SAN RAFAEL SEDE NARCISA ARBELAEZ,
01,238,99,15,ANTIOQUIA,SAN RAFAEL,ESTADERO EL BIZCOCHO,
01,238,99,23,ANTIOQUIA,SAN RAFAEL,SALON COREDI,
01,241,00,00,ANTIOQUIA,SAN ROQUE,IE NORMAL SUPERIOR SAN ROQUE,
01,241,99,05,ANTIOQUIA,SAN ROQUE,I.E.R. CRISTALES,
01,241,99,06,ANTIOQUIA,SAN ROQUE,I.E.R. PROVIDENCIA,
01,241,99,07,ANTIOQUIA,SAN ROQUE,CER ALEJANDRO GOMEZ DIEZ,
01,241,99,09,ANTIOQUIA,SAN ROQUE,I.E.R. SAN JOSE DEL NUS,
01,244,00,00,ANTIOQUIA,SAN VICENTE,COLISEO MUNICIPAL SAN VICENTE FERRER,
01,244,99,02,ANTIOQUIA,SAN VICENTE,C.E.R. LA TRAVESIA,
01,244,99,03,ANTIOQUIA,SAN VICENTE,C.E.R. CORRIENTES,
01,244,99,05,ANTIOQUIA,SAN VICENTE,C.E.R. LA FLORESTA,
01,244,99,06,ANTIOQUIA,SAN VICENTE,C.E.R. COMPAÑÍA ABAJO,
01,244,99,08,ANTIOQUIA,SAN VICENTE,COLEGIO LA MAGDALENA,
01,244,99,09,ANTIOQUIA,SAN VICENTE,C.E.R. SAN JOSE,
01,244,99,11,ANTIOQUIA,SAN VICENTE,C.E.R. EL CORAL,
01,244,99,12,ANTIOQUIA,SAN VICENTE,COLISEO MARCO TULIO TORRES,
01,244,99,14,ANTIOQUIA,SAN VICENTE,I.E.R. CHAPARRAL,
01,244,99,40,ANTIOQUIA,SAN VICENTE,C.E.R. OVEJAS,
01,247,01,01,ANTIOQUIA,SANTA BARBARA,I.E. MARIA AUXILIADORA,
01,247,01,02,ANTIOQUIA,SANTA BARBARA,I.E. JESUS MARIA PAGOLA,
01,247,02,01,ANTIOQUIA,SANTA BARBARA,I.E. MONSEÑOR EMILIO BOTERO,
01,247,02,02,ANTIOQUIA,SANTA BARBARA,COLISEO LUIS FERNANDO PATIÑO,
01,247,98,01,ANTIOQUIA,SANTA BARBARA,CARCEL,
01,247,99,01,ANTIOQUIA,SANTA BARBARA,ESCUELA DAMASCO,
01,247,99,13,ANTIOQUIA,SANTA BARBARA,ESCUELA VERSALLES,
01,250,01,01,ANTIOQUIA,SANTA ROSA DE OSOS,ESC. NORMAL SUPERIOR PEDRO JUSTO BERRIO,
01,250,01,02,ANTIOQUIA,SANTA ROSA DE OSOS,PARQUE NEURONA EDUCATIVA,
01,250,01,03,ANTIOQUIA,SANTA ROSA DE OSOS,TERMINAL DEL TRANSPORTE,
01,250,02,01,ANTIOQUIA,SANTA ROSA DE OSOS,COLISEO ANTONIO ROLDAN BETANCUR,
01,250,02,02,ANTIOQUIA,SANTA ROSA DE OSOS,COLISEO MENOR,
01,250,98,01,ANTIOQUIA,SANTA ROSA DE OSOS,CARCEL,
01,250,99,01,ANTIOQUIA,SANTA ROSA DE OSOS,I.E.R ARAGON,
01,250,99,02,ANTIOQUIA,SANTA ROSA DE OSOS,C.E.R SAN JOSE DE LA AHUMADA,
01,250,99,05,ANTIOQUIA,SANTA ROSA DE OSOS,C.E.R CHAQUIRO,
01,250,99,09,ANTIOQUIA,SANTA ROSA DE OSOS,I.E.R HOYO RICO,
01,250,99,10,ANTIOQUIA,SANTA ROSA DE OSOS,CASETA COMUNAL RIO GRANDE,
01,250,99,11,ANTIOQUIA,SANTA ROSA DE OSOS,I.E.R SAN ISIDRO,
01,250,99,13,ANTIOQUIA,SANTA ROSA DE OSOS,CASA DE LA CULTURA SAN PABLO,
01,250,99,20,ANTIOQUIA,SANTA ROSA DE OSOS,C.E.R EL CANEY,
01,253,00,00,ANTIOQUIA,SANTO DOMINGO,COLISEO JORGE EDUARDO ARIAS,
01,253,98,01,ANTIOQUIA,SANTO DOMINGO,CARCEL NACIONAL,
01,253,99,01,ANTIOQUIA,SANTO DOMINGO,I.E.R. BOTERO,
01,253,99,05,ANTIOQUIA,SANTO DOMINGO,ANTIGUO HOTEL EL LIMON,
01,253,99,09,ANTIOQUIA,SANTO DOMINGO,I.E.R. PORCESITO,
01,253,99,13,ANTIOQUIA,SANTO DOMINGO,I.E.R. PEDRO PABLO CASTRILLON,
01,253,99,14,ANTIOQUIA,SANTO DOMINGO,IE ROBERTO LOPEZ GOMEZ,
01,253,99,40,ANTIOQUIA,SANTO DOMINGO,SALON CAPILLA JUNTA ACCION COMUNAL,
01,256,01,01,ANTIOQUIA,SANTUARIO,I.E. SENDEROS,
01,256,01,02,ANTIOQUIA,SANTUARIO,CASA DE LA CULTURA,
01,256,01,03,ANTIOQUIA,SANTUARIO,PARQUE EDUCATIVO,
01,256,02,01,ANTIOQUIA,SANTUARIO,ESCUELA CLARA ZULUAGA,
01,256,02,02,ANTIOQUIA,SANTUARIO,I.E.T.I. JOSE MARIA CORDOBA SD PRIMARIA,
01,256,99,08,ANTIOQUIA,SANTUARIO,CER JOSE IGNACIO BOTERO SD LA PAZ,
01,256,99,40,ANTIOQUIA,SANTUARIO,C.E.R. MONSEÑOR FRANCISCO L. GOMEZ G.,
01,259,01,01,ANTIOQUIA,SEGOVIA,I.E. DOMINGO SAVIO,
01,259,01,02,ANTIOQUIA,SEGOVIA,COLISEO CUBIERTO ABEL RIVERA VILLA,
01,259,02,01,ANTIOQUIA,SEGOVIA,I.E. MARIA GORETTI,
01,259,02,02,ANTIOQUIA,SEGOVIA,I.E. MANUEL CEPEDA,
01,259,99,01,ANTIOQUIA,SEGOVIA,I.E.R. FRAY MARTIN DE PORRES (FRAGUAS),
01,259,99,02,ANTIOQUIA,SEGOVIA,SD CAMPO ALEGRE I.E.R. LIBORIO BATALLER,
01,259,99,03,ANTIOQUIA,SEGOVIA,I.E.R. SANTA LAURA,
01,259,99,04,ANTIOQUIA,SEGOVIA,SD LA PO CAMPESINA-IE STO DOMINGO SAVIO,
01,262,01,01,ANTIOQUIA,SONSON,IE ROSA MARIA HENAO DE LAS PAVAS,
01,262,01,02,ANTIOQUIA,SONSON,SD,
01,262,02,01,ANTIOQUIA,SONSON,IE BRAULIO MEJIA,
01,262,02,02,ANTIOQUIA,SONSON,SENA,
01,262,98,01,ANTIOQUIA,SONSON,CARCEL,
01,262,99,01,ANTIOQUIA,SONSON,C.E.R ALTO DE SABANAS,
01,262,99,02,ANTIOQUIA,SONSON,C.E.R EL SALTO,
01,262,99,04,ANTIOQUIA,SONSON,C.E.R LA LOMA,
01,262,99,05,ANTIOQUIA,SONSON,C.E.R LLANADA SANTA CLARA,
01,262,99,06,ANTIOQUIA,SONSON,C.E.R. ROBLAL ARRIBA,
01,262,99,07,ANTIOQUIA,SONSON,I.E.R. LA DANTA,CORREGIMIENTO DANTAS
01,262,99,08,ANTIOQUIA,SONSON,I.E.R. LA MESA,CORREGIMIENTO DANTAS
01,262,99,09,ANTIOQUIA,SONSON,C.E.R LA LINDA,CORREGIMIENTO DANTAS
01,262,99,10,ANTIOQUIA,SONSON,C.E.R SAN MIGUEL,CORREGIMIENTO SAN MIGUEL
01,262,99,11,ANTIOQUIA,SONSON,C.E.R CAUNZAL LOS MEDIOS,CORREGIMIENTO LOS MEDIOS
01,262,99,13,ANTIOQUIA,SONSON,C.E.R LAS CRUCES,CORREGIMIENTO LOS MEDIOS
01,262,99,15,ANTIOQUIA,SONSON,C.E.R ARENILLAL,CORREGIMIENTO LOS MEDIOS
01,262,99,20,ANTIOQUIA,SONSON,C.E.R LOS PLANES,CORREGIMIENTO LOS POTREROS
01,262,99,25,ANTIOQUIA,SONSON,C.E.R LOS POTREROS,CORREGIMIENTO LOS POTREROS
01,262,99,30,ANTIOQUIA,SONSON,C.E.R EL SALADO,
01,262,99,35,ANTIOQUIA,SONSON,C.E.R LA TORRE,
01,262,99,37,ANTIOQUIA,SONSON,C.E.R RIO VERDE DE LOS HENAOS,
01,262,99,40,ANTIOQUIA,SONSON,C.E.R JERUSALEN LA FLORIDA,
01,262,99,42,ANTIOQUIA,SONSON,C.E.R BRASILAL,
01,262,99,47,ANTIOQUIA,SONSON,I.E.R. LA SOLEDAD,
01,262,99,50,ANTIOQUIA,SONSON,C.E.R. LA MORELIA,
01,262,99,55,ANTIOQUIA,SONSON,C.E.R. MANZANARES CENTRO,
01,262,99,62,ANTIOQUIA,SONSON,C.E.R SAN PABLO LA QUIEBRA,
01,265,00,00,ANTIOQUIA,SOPETRAN,COLISEO MUNICIPAL - SECTOR AGUAMALA,
01,265,99,01,ANTIOQUIA,SOPETRAN,SD CORDOBA - IE ESC. NORMAL SUPERIOR,
01,265,99,05,ANTIOQUIA,SOPETRAN,SD GUAYABAL I.E. JOSE MARIA VILLA,
01,265,99,09,ANTIOQUIA,SOPETRAN,SD HORIZONTES I.E. JOSE MARIA VILLA,
01,265,99,13,ANTIOQUIA,SOPETRAN,SD MONTEGRANDE I.E. JOSE MARIA VILLA,
01,265,99,15,ANTIOQUIA,SOPETRAN,SD NUEVO HORIZONTE I.E. JOSE MARIA VILLA,
01,265,99,17,ANTIOQUIA,SOPETRAN,SD SAN NICOLAS - IE ESC NORMAL SUPERIOR,
01,268,00,00,ANTIOQUIA,TAMESIS,IE AGRICOLA VICTOR MANUEL OROZCO,
01,268,98,01,ANTIOQUIA,TAMESIS,CARCEL,
01,268,99,01,ANTIOQUIA,TAMESIS,CASA DE LA CULTURA PALERMO,
01,268,99,05,ANTIOQUIA,TAMESIS,I.E.R. SAN PABLO SECCION PRIMARIA,
01,270,01,01,ANTIOQUIA,TARAZA,I.E. ANTONIO ROLDAN BETANCUR,
01,270,01,02,ANTIOQUIA,TARAZA,PARQUE EDUCATIVO JESUS ARCANGEL RAMIREZ,
01,270,02,01,ANTIOQUIA,TARAZA,COLEGIO SEDE ANGEL AMABLE ARROYAVE,
01,270,02,02,ANTIOQUIA,TARAZA,I.E. RAFAEL NUÑEZ,
01,270,98,01,ANTIOQUIA,TARAZA,CÁRCEL MUNICIPAL,
01,270,99,10,ANTIOQUIA,TARAZA,I.E.R MONTENEGRO,
01,270,99,20,ANTIOQUIA,TARAZA,IE LA INMACULADA,
01,270,99,30,ANTIOQUIA,TARAZA,IE LA CAUCANA,
01,270,99,35,ANTIOQUIA,TARAZA,C.E.R EL GUAIMARO,
01,270,99,60,ANTIOQUIA,TARAZA,C.E.R PUERTO ANTIOQUIA,
01,271,00,00,ANTIOQUIA,TARSO,PLACA POLID. IE JOSE PRIETO SEC.PRIMA.,
01,274,00,01,ANTIOQUIA,TITIRIBI,ESCUELA EVANGELINA BETANCUR,
01,274,00,02,ANTIOQUIA,TITIRIBI,PQ EDUC. JUAN BAUTISTA MONTOYA Y FLOREZ,
01,274,99,01,ANTIOQUIA,TITIRIBI,C.E.R ANTONIO JOSE,
01,274,99,02,ANTIOQUIA,TITIRIBI,C.E.R. CORCOVADO,
01,274,99,05,ANTIOQUIA,TITIRIBI,IE BENJAMIN CORREA,
01,274,99,09,ANTIOQUIA,TITIRIBI,C.E.R OFELIA ECHEVERRI,
01,274,99,13,ANTIOQUIA,TITIRIBI,C.E.R LUIS ZEA URIBE,
01,277,00,00,ANTIOQUIA,TOLEDO,I.E.J. EMILIO VALDERRAMA AGUDELO,
01,277,99,01,ANTIOQUIA,TOLEDO,I.E.R. BUENAVISTA,
01,277,99,05,ANTIOQUIA,TOLEDO,I.E.R. EL VALLE,
01,280,01,01,ANTIOQUIA,TURBO,I.E. ANGEL MILAN PEREA,
01,280,01,02,ANTIOQUIA,TURBO,IE SANTA FE LA PLAYA,
01,280,01,03,ANTIOQUIA,TURBO,COL DIOCESANO NTRA SRA DEL CARMEN,
01,280,02,01,ANTIOQUIA,TURBO,IE SAGRADO CORAZON,
01,280,02,02,ANTIOQUIA,TURBO,IE SAN MARTIN DE PORRES,
01,280,02,03,ANTIOQUIA,TURBO,IE FRANCISCO VALDERRAMA,
01,280,03,01,ANTIOQUIA,TURBO,UNIV DE ANTIOQUIA CIENCIAS DEL MAR,
01,280,03,02,ANTIOQUIA,TURBO,IE NORMAL SUPERIOR DE URABA,
01,280,03,03,ANTIOQUIA,TURBO,IE SAG. CORAZON DE JESUS SD JESUS MORA,
01,280,99,01,ANTIOQUIA,TURBO,I.E. VILLA MARIA,
01,280,99,02,ANTIOQUIA,TURBO,C.E.R PUYA DEL MEDIO,
01,280,99,03,ANTIOQUIA,TURBO,IE SAN JOSE-LA SALLE,
01,280,99,04,ANTIOQUIA,TURBO,I.E. PUERTO CESAR,
01,280,99,05,ANTIOQUIA,TURBO,I.E. COMUNAL SAN JORGE,
01,280,99,06,ANTIOQUIA,TURBO,IE EL DOS,
01,280,99,07,ANTIOQUIA,TURBO,C.E. SANTIAGO DE URABA,
01,280,99,08,ANTIOQUIA,TURBO,IE NUEVO ANTIOQUIA,
01,280,99,09,ANTIOQUIA,TURBO,IE NUEVA GRANADA,
01,280,99,10,ANTIOQUIA,TURBO,IE PUNTA DE PIEDRA,
01,280,99,12,ANTIOQUIA,TURBO,IE PUEBLO BELLO,
01,280,99,13,ANTIOQUIA,TURBO,IE RIOGRANDE,
01,280,99,14,ANTIOQUIA,TURBO,IE NUEVA COLONIA,
01,280,99,16,ANTIOQUIA,TURBO,IE SAN JOSE DE MULATOS,
01,280,99,17,ANTIOQUIA,TURBO,IE SAN PABLO DE TULAPA,
01,280,99,18,ANTIOQUIA,TURBO,IE SAN VICENTE DEL CONGO,
01,280,99,26,ANTIOQUIA,TURBO,IE BOCAS DEL ATRATO,
01,280,99,30,ANTIOQUIA,TURBO,IE ALTO DE MULATOS,
01,280,99,35,ANTIOQUIA,TURBO,E.U.I. LOMAS AISLADAS,
01,280,99,A1,ANTIOQUIA,TURBO,IE CURRULAO,
01,280,99,A2,ANTIOQUIA,TURBO,IE CENTRAL,
01,282,00,00,ANTIOQUIA,URAMITA,COLISEO MUNICIPAL,
01,282,99,07,ANTIOQUIA,URAMITA,CASETA COMUNAL,
01,282,99,70,ANTIOQUIA,URAMITA,C.E.R. EL PITAL,
01,283,01,01,ANTIOQUIA,URRAO,CASA DEL DEPORTE,
01,283,01,02,ANTIOQUIA,URRAO,COLISEO,
01,283,02,01,ANTIOQUIA,URRAO,ESC. ANEXA NORMAL SAGRADA FLIA,
01,283,02,02,ANTIOQUIA,URRAO,I.E. JAIPERA,
01,283,99,09,ANTIOQUIA,URRAO,C.E.R ANTONIO JOSE ARANGO,
01,283,99,13,ANTIOQUIA,URRAO,C.E.R. VASQUEZ,
01,283,99,15,ANTIOQUIA,URRAO,C.E.R MARIA AUXILIADORA,
01,283,99,17,ANTIOQUIA,URRAO,C.E.R PUNTA DE OCAIDO,
01,283,99,21,ANTIOQUIA,URRAO,C.E.R SAN JOSE,
01,286,00,00,ANTIOQUIA,VALDIVIA,COLISEO GUILLERMO GAVIRIA,
01,286,99,05,ANTIOQUIA,VALDIVIA,COLISEO ROBERTO GALLEGO,
01,286,99,09,ANTIOQUIA,VALDIVIA,PUESTO DE SALUD (RAUDAL),
01,289,00,00,ANTIOQUIA,VALPARAISO,E.U. DE NIÑOS GUILLERMO VALENCIA,
01,289,99,80,ANTIOQUIA,VALPARAISO,C.E.R. SAN MIGUEL,
01,290,00,01,ANTIOQUIA,VEGACHI,BLOQUE II -  LA ESCUELA I.E. EFE GOMEZ,
01,290,00,02,ANTIOQUIA,VEGACHI,BLOQUE I -  EL COLEGIO I.E. EFE GOMEZ,
01,290,99,01,ANTIOQUIA,VEGACHI,I.E. JOHN F. KENNEDY SEDE EL CINCO,
01,290,99,40,ANTIOQUIA,VEGACHI,CASETA COMUNAL,CORREGIMIENTO EL TIGRE
01,291,00,00,ANTIOQUIA,VIGIA DEL FUERTE,PARQUE EDUCATIVO SABERES ANCESTRALES,
01,291,99,04,ANTIOQUIA,VIGIA DEL FUERTE,I.E. PLAYA BAJO MURRI,
01,291,99,05,ANTIOQUIA,VIGIA DEL FUERTE,IE BUCHADO,
01,291,99,20,ANTIOQUIA,VIGIA DEL FUERTE,IE LOMA MURRI,
01,291,99,30,ANTIOQUIA,VIGIA DEL FUERTE,IE PALOBLANCO,
01,291,99,75,ANTIOQUIA,VIGIA DEL FUERTE,IE SAN ALEJANDRO,
01,291,99,82,ANTIOQUIA,VIGIA DEL FUERTE,IE S.A. DE PADUA,
01,291,99,86,ANTIOQUIA,VIGIA DEL FUERTE,CASA COMUNAL SAN MIGUEL,
01,291,99,91,ANTIOQUIA,VIGIA DEL FUERTE,IE ALIANZA PARA EL PROGRESO,
01,292,00,00,ANTIOQUIA,VENECIA,COLISEO MUNICIPAL,
01,292,99,01,ANTIOQUIA,VENECIA,ESCUELA PIEDRAS BLANCAS,
01,292,99,05,ANTIOQUIA,VENECIA,IE ORLANDO VELASQUEZ - ESCUELA PRIMARIA,
01,292,99,15,ANTIOQUIA,VENECIA,ESCUELA EL CERRO,
01,292,99,25,ANTIOQUIA,VENECIA,ANTIGUO COLEGIO,
01,292,99,50,ANTIOQUIA,VENECIA,ESCUELA PALENQUE,
01,293,00,00,ANTIOQUIA,YALI,IE LORENZO YALI - SEDE PRIMARIA,
01,293,99,01,ANTIOQUIA,YALI,C.E.R. LA MASCARA,
01,295,01,01,ANTIOQUIA,YARUMAL,ESCUELA EPIFANIO MEJIA,
01,295,01,02,ANTIOQUIA,YARUMAL,IE DE MARIA,
01,295,01,03,ANTIOQUIA,YARUMAL,ESC MARIA AUXILIADORA,
01,295,01,04,ANTIOQUIA,YARUMAL,CDI URB JOSE MARIA CORDOBA,
01,295,01,05,ANTIOQUIA,YARUMAL,ESCUELA NORMAL SUPERIOR LA MERCED,
01,295,01,06,ANTIOQUIA,YARUMAL,COL.CUBIERTO POLIDEP.DEL CAFE,
01,295,02,01,ANTIOQUIA,YARUMAL,I.E. SAN LUIS,
01,295,02,02,ANTIOQUIA,YARUMAL,ESCUELA LA INMACULADA,
01,295,02,03,ANTIOQUIA,YARUMAL,COLEGIO CATOLICO LA INMACULADA,
01,295,98,01,ANTIOQUIA,YARUMAL,CARCEL,
01,295,99,09,ANTIOQUIA,YARUMAL,IE CEDEÑO,
01,295,99,11,ANTIOQUIA,YARUMAL,CASETA COMUNAL EL PUEBLITO,
01,295,99,13,ANTIOQUIA,YARUMAL,IE EL CEDRO,
01,295,99,15,ANTIOQUIA,YARUMAL,IE LLANOS DE CUIVA,
01,295,99,16,ANTIOQUIA,YARUMAL,C.E.R. EL LLANO,
01,295,99,17,ANTIOQUIA,YARUMAL,IE OCHALI SEDE BASICA PRIMARIA,
01,295,99,50,ANTIOQUIA,YARUMAL,C.E.R LA LOMA,
01,298,00,01,ANTIOQUIA,YOLOMBO,IE COLEGIO EDUARDO AGUILAR,
01,298,00,02,ANTIOQUIA,YOLOMBO,PARQ. EDUC. BARBARA CABALLERO Y ALZATE,
01,298,99,01,ANTIOQUIA,YOLOMBO,I.E.R. LA FLORESTA,
01,298,99,02,ANTIOQUIA,YOLOMBO,C.E.R.LA ARGENTINA,
01,298,99,03,ANTIOQUIA,YOLOMBO,C.E.R. VILLANUEVA,
01,298,99,04,ANTIOQUIA,YOLOMBO,I.E.R. PRESBITERO EDUARDO ZULUAGA,
01,298,99,05,ANTIOQUIA,YOLOMBO,C.E.R. PEDRO CASTRILLON,
01,298,99,06,ANTIOQUIA,YOLOMBO,I.E.R. CACHUMBAL,
01,300,00,01,ANTIOQUIA,YONDO-CASABE,IE LUIS EDUARDO DIAZ SECCION PRIMARIA,
01,300,00,02,ANTIOQUIA,YONDO-CASABE,COLISEO BENITO ARIAS,
01,300,99,25,ANTIOQUIA,YONDO-CASABE,C.E.R CUATRO BOCAS,
01,300,99,32,ANTIOQUIA,YONDO-CASABE,I.E.R. ALTO CIMITARRA,
01,300,99,50,ANTIOQUIA,YONDO-CASABE,C.E.R CAÑO BLANCO,
01,300,99,60,ANTIOQUIA,YONDO-CASABE,I.E.R. SAN LUIS BELTRAN,
01,300,99,65,ANTIOQUIA,YONDO-CASABE,I.E.R. SAN MIGUEL DEL TIGRE,
01,301,00,01,ANTIOQUIA,ZARAGOZA,IE SANTO CRISTO DE ZARAGOZA,
01,301,00,02,ANTIOQUIA,ZARAGOZA,IE LUIS FERNANDO RESTREPO RESTREPO,
01,301,99,01,ANTIOQUIA,ZARAGOZA,IE LA PAJUILA,
01,301,99,02,ANTIOQUIA,ZARAGOZA,I.E.R. VEGAS DE SEGOVIA,
01,301,99,03,ANTIOQUIA,ZARAGOZA,IE NANCY ROCIO GARCIA,
01,301,99,04,ANTIOQUIA,ZARAGOZA,C.E.R CORDERO ICACAL,
01,301,99,05,ANTIOQUIA,ZARAGOZA,C.E.R. EL SALTILLO,
01,301,99,13,ANTIOQUIA,ZARAGOZA,IE SIMON BOLIVAR,
03,001,01,01,ATLANTICO,BARRANQUILLA,INS.DIS.DESAR.INT.NVA GRANADA,
03,001,01,02,ATLANTICO,BARRANQUILLA,IDETH SEDE PRINCIPAL SEDE II,
03,001,01,03,ATLANTICO,BARRANQUILLA,COL.DTAL OLAYA(ANT C.E.B.,
03,001,01,04,ATLANTICO,BARRANQUILLA,COL DISTRITAL MARIA INMACULADA,
03,001,02,01,ATLANTICO,BARRANQUILLA,IE DISTRITAL LA MERCED,
03,001,02,02,ATLANTICO,BARRANQUILLA,COLEGIO JOSE EUSEBIO CARO (BLOQUE NUEVO),
03,001,02,03,ATLANTICO,BARRANQUILLA,IED KARL PARRISH,
03,001,02,04,ATLANTICO,BARRANQUILLA,COL.CAMILO TORRES,
03,001,03,01,ATLANTICO,BARRANQUILLA,ES.NORMAL SUPERIOR LA HACIENDA,
03,001,03,02,ATLANTICO,BARRANQUILLA,COLEGIO AMERICANO,
03,001,03,03,ATLANTICO,BARRANQUILLA,IED CARLOS MEISEL,
03,001,03,04,ATLANTICO,BARRANQUILLA,C.DTAL.EL SILENCIO(ANT CEB,
03,001,04,01,ATLANTICO,BARRANQUILLA,I.E.D. JAVIER SANCHEZ,
03,001,04,02,ATLANTICO,BARRANQUILLA,COLEGIO HILDA MUÑOZ,
03,001,04,04,ATLANTICO,BARRANQUILLA,COL.DTAL.LA SALLE,
03,001,05,01,ATLANTICO,BARRANQUILLA,COLEGIO JORGE NICOLAS ABELLO,
03,001,05,02,ATLANTICO,BARRANQUILLA,IDETH SEDE I PRIMARIA,
03,001,05,03,ATLANTICO,BARRANQUILLA,IED SALVADOR SUAREZ SUAREZ,
03,001,05,04,ATLANTICO,BARRANQUILLA,JORGE NICOLAS ABELLO SD,
03,001,06,01,ATLANTICO,BARRANQUILLA,I.E.D.INOCENCIO CHINCA,
03,001,06,02,ATLANTICO,BARRANQUILLA,COL SOFIA CAMARGO DE LLERAS PRIMARIA,
03,001,06,03,ATLANTICO,BARRANQUILLA,IED SALVADOR ENTREGAS,
03,001,07,01,ATLANTICO,BARRANQUILLA,COLEGIO DISTRITAL MARIE POUSSEPIN,
03,001,07,02,ATLANTICO,BARRANQUILLA,IED DAVID SANCHEZ JULIAO,
03,001,07,03,ATLANTICO,BARRANQUILLA,C.DIST.SARIT ARTETA DE VASQUEZ,
03,001,08,01,ATLANTICO,BARRANQUILLA,INST.LAS MERCEDES COL.SAN PABL,
03,001,08,02,ATLANTICO,BARRANQUILLA,COLEGIO CRISTIANO PENIEL,
03,001,08,03,ATLANTICO,BARRANQUILLA,I.E.D.SONIA AHUMADA,
03,001,08,04,ATLANTICO,BARRANQUILLA,COLEGIO SANTA MARIA DE LA PROVIDENCIA,
03,001,08,05,ATLANTICO,BARRANQUILLA,FUNDACION CE CAMILO,
03,001,09,01,ATLANTICO,BARRANQUILLA,COL.MANUEL ELKIN PATARROYO SD,
03,001,09,02,ATLANTICO,BARRANQUILLA,COL MANUEL ELKIN PATARROYO SD,
03,001,09,03,ATLANTICO,BARRANQUILLA,I.E.D. ZAPATA OLIVELLA,
03,001,10,01,ATLANTICO,BARRANQUILLA,COL. TEC. SAN CARLOS BORROMEO,
03,001,10,02,ATLANTICO,BARRANQUILLA,JUAN ACOSTA SOLERA,
03,001,10,03,ATLANTICO,BARRANQUILLA,IED BETSABE ESPINOSA,
03,001,11,01,ATLANTICO,BARRANQUILLA,CENTRO DE EDUCACION BASICA C.E.B.,
03,001,11,02,ATLANTICO,BARRANQUILLA,I.E.D.EL PUEBLO,
03,001,11,03,ATLANTICO,BARRANQUILLA,NODO SENA CONSTRUCCION,
03,001,11,04,ATLANTICO,BARRANQUILLA,MEGA COLEGIO IED VILLAS DE SAN PABLO,
03,001,11,05,ATLANTICO,BARRANQUILLA,COL ALBERTO ASSA,
03,001,12,01,ATLANTICO,BARRANQUILLA,COL. JOSE RAIMUNDO SOJO (MEGA),
03,001,12,02,ATLANTICO,BARRANQUILLA,E.D.EVARISTO SOURDIS SEDE,
03,001,12,03,ATLANTICO,BARRANQUILLA,E.D.EVARISTO SOURDIS SEDE,
03,001,13,01,ATLANTICO,BARRANQUILLA,I.E.D.JOSE MARIA VELAZ SEDE,
03,001,13,02,ATLANTICO,BARRANQUILLA,IED LA ESMERALDA,
03,001,13,03,ATLANTICO,BARRANQUILLA,INST. EDUCATIVA EVARDO TURIZO PALENCIA,
03,001,14,01,ATLANTICO,BARRANQUILLA,I.C.LAS MALVINAS,
03,001,14,02,ATLANTICO,BARRANQUILLA,IED ESPERANZA DEL SUR,
03,001,14,03,ATLANTICO,BARRANQUILLA,I.E.MUNDO BOLIVARIANO,
03,001,14,04,ATLANTICO,BARRANQUILLA,IED LOS ROSALES,
03,001,15,01,ATLANTICO,BARRANQUILLA,INS.TEC.DIST.CRUZADA SOCIAL,
03,001,15,02,ATLANTICO,BARRANQUILLA,INST EDUC DIST SIMON BOLIVAR,
03,001,15,03,ATLANTICO,BARRANQUILLA,IEDT MEIRA DELMAR SD,
03,001,16,01,ATLANTICO,BARRANQUILLA,COL DIST DE B/QUILLA GABRIEL GARCIA M,
03,001,16,02,ATLANTICO,BARRANQUILLA,I.E.D.LA VICTORIA,
03,001,16,03,ATLANTICO,BARRANQUILLA,NUEVO COL. TEC. DEL SANTUARIO.,
03,001,17,01,ATLANTICO,BARRANQUILLA,I.D.E. COSTA CARIBE,
03,001,17,02,ATLANTICO,BARRANQUILLA,JOSE CONSUEGRA HIGGINS,
03,001,17,03,ATLANTICO,BARRANQUILLA,I.D.E.STA.MARIA(MEGACOLEGIO),
03,001,17,04,ATLANTICO,BARRANQUILLA,IED SANTO DOMINGO DE GUZMAN,
03,001,18,01,ATLANTICO,BARRANQUILLA,I.E.D. SAN LUIS SEDE,
03,001,18,02,ATLANTICO,BARRANQUILLA,I.E.D.LAS AMERICAS,
03,001,18,03,ATLANTICO,BARRANQUILLA,COLEGIO GOLDA MEIR,
03,001,18,04,ATLANTICO,BARRANQUILLA,IED DESPERTAR DEL SUR,
03,001,18,05,ATLANTICO,BARRANQUILLA,IED LAS GARDENIAS,
03,001,19,01,ATLANTICO,BARRANQUILLA,IED GERMAN VARGAS CANTILLO FE Y ALEGRIA,
03,001,19,02,ATLANTICO,BARRANQUILLA,I.E.D COMUNITARIA METROPOLITANA,
03,001,19,03,ATLANTICO,BARRANQUILLA,I.D.E.COL.CIUD.ESTUD.(ANT,
03,001,19,04,ATLANTICO,BARRANQUILLA,I.E.D. REUVEN FEUERSTEIN,
03,001,20,01,ATLANTICO,BARRANQUILLA,COL.MIGUEL ANGEL BUILES BLQ,
03,001,20,02,ATLANTICO,BARRANQUILLA,COL.MIGUEL ANGEL BUILES BLQ,
03,001,20,03,ATLANTICO,BARRANQUILLA,I.E.D.CIUDADELA,
03,001,20,04,ATLANTICO,BARRANQUILLA,IED OLGA EMILIANI,
03,001,20,05,ATLANTICO,BARRANQUILLA,IED TEC METROPOLITANO DE BARRANQUILLA,
03,001,21,01,ATLANTICO,BARRANQUILLA,IE DISTRITAL LA ESMERALDA SEDE,
03,001,21,02,ATLANTICO,BARRANQUILLA,COL.LA PRESENTACION,
03,001,21,03,ATLANTICO,BARRANQUILLA,CENTRO SOCIAL DON BOSCO,
03,001,22,01,ATLANTICO,BARRANQUILLA,COL.TEC.DISTR.DE REBOLO,
03,001,22,02,ATLANTICO,BARRANQUILLA,CENTRO SOCIAL DON BOSCO SD,
03,001,22,03,ATLANTICO,BARRANQUILLA,COLEGIO MADRE MARIA SARA ALVARADO,
03,001,22,04,ATLANTICO,BARRANQUILLA,IED COLEGIO SAGRADO CORAZON DE JESUS,
03,001,23,01,ATLANTICO,BARRANQUILLA,SENA SAN JOSE MULTIPLE BILINGUE,
03,001,23,02,ATLANTICO,BARRANQUILLA,COL SAN JOSE SD,
03,001,23,03,ATLANTICO,BARRANQUILLA,COL.DTAL.SAN GABRIEL SEDE No,
03,001,23,04,ATLANTICO,BARRANQUILLA,I.E.D.LA UNION SEDE,
03,001,24,01,ATLANTICO,BARRANQUILLA,I.E.D DES HUMANO MARIA CANO,
03,001,24,02,ATLANTICO,BARRANQUILLA,COL.OCTAVIO PAZ,
03,001,24,03,ATLANTICO,BARRANQUILLA,I.E.D.LOS LAURELES,
03,001,24,04,ATLANTICO,BARRANQUILLA,I.E.D.MARCO FIDEL SUAREZ,
03,001,25,01,ATLANTICO,BARRANQUILLA,I.E.D.NTRA.SRA. DE LAS NIEVES,
03,001,25,02,ATLANTICO,BARRANQUILLA,COLEGIO SANTA TERESITA,
03,001,25,03,ATLANTICO,BARRANQUILLA,I.E.D.CALIXTO ALVAREZ,
03,001,25,04,ATLANTICO,BARRANQUILLA,IED JOSE MARTI,
03,001,26,01,ATLANTICO,BARRANQUILLA,INT.DTAL.CASTILLO LA ALBORAYA,
03,001,26,02,ATLANTICO,BARRANQUILLA,"COL.DTAL.BUENOS AIRES""CODIBA""",
03,001,26,03,ATLANTICO,BARRANQUILLA,COL.DTAL.MARIA AUXILIADORA,
03,001,26,04,ATLANTICO,BARRANQUILLA,COLEGIO DE COMFAMILIAR,
03,001,27,01,ATLANTICO,BARRANQUILLA,INST.ELENA DE CHAUVIN,
03,001,27,02,ATLANTICO,BARRANQUILLA,I.E. DISTRITAL LAS NIEVES,
03,001,27,03,ATLANTICO,BARRANQUILLA,COL.LAS NIEVES SEDE,
03,001,27,04,ATLANTICO,BARRANQUILLA,IED SAN MIGUEL ARCANGEL,
03,001,27,05,ATLANTICO,BARRANQUILLA,IED LA LUZ,
03,001,28,01,ATLANTICO,BARRANQUILLA,I E D BARRIO SIMON BOLIVAR BTO,
03,001,28,02,ATLANTICO,BARRANQUILLA,I.E.D.LUZ DEL CARIBE,
03,001,28,03,ATLANTICO,BARRANQUILLA,COL.DISTRITAL JORGE ISAAC,
03,001,28,04,ATLANTICO,BARRANQUILLA,I.DIST.SIMON BOLIVAR PRIMARIA,
03,001,29,01,ATLANTICO,BARRANQUILLA,COLEGIO MAYOR DE BARRANQUILLA,
03,001,29,02,ATLANTICO,BARRANQUILLA,I.E.D.VILLANUEVA,
03,001,29,03,ATLANTICO,BARRANQUILLA,IED BRISAS DEL RIO,
03,001,29,04,ATLANTICO,BARRANQUILLA,E.NOR.SUPERIOR DEL DTO BQUILLA,
03,001,29,05,ATLANTICO,BARRANQUILLA,INST.LA SALLE,
03,001,30,01,ATLANTICO,BARRANQUILLA,INST. TEC.DE COMERCIO DE BARRANQUILLA,
03,001,30,02,ATLANTICO,BARRANQUILLA,IT DE COMERCIO DE BQUILLA SD,
03,001,30,03,ATLANTICO,BARRANQUILLA,I E D  NUESTRA SEÑORA DEL ROSARIO,
03,001,30,04,ATLANTICO,BARRANQUILLA,COLEGIO COLON,
03,001,30,05,ATLANTICO,BARRANQUILLA,COLEGIO ATENEO TECNICO COMERCIAL,
03,001,31,01,ATLANTICO,BARRANQUILLA,IU DE BARRANQUILLA,
03,001,31,02,ATLANTICO,BARRANQUILLA,INST. TEC. NACIONAL DE COMERCIO,
03,001,31,03,ATLANTICO,BARRANQUILLA,INST. TEC. NACIONAL DE COMERCIO SEDE,
03,001,31,04,ATLANTICO,BARRANQUILLA,ID DE EDUCACION ARTISTICA Y CULTURAL ALE,
03,001,31,05,ATLANTICO,BARRANQUILLA,ANTONIO JOSE DE SUCRE SEDE,
03,001,31,06,ATLANTICO,BARRANQUILLA,COLISEO UNIVERSIDAD SIMON BOLIVAR SD,
03,001,32,01,ATLANTICO,BARRANQUILLA,I.E.D.PESTALOZZI,
03,001,32,02,ATLANTICO,BARRANQUILLA,NUEVO COLEGIO DEL PRADO,
03,001,32,03,ATLANTICO,BARRANQUILLA,IED LA CONCEPCION,
03,001,32,04,ATLANTICO,BARRANQUILLA,COLEGIO DEL SAGRADO CORAZON,
03,001,32,05,ATLANTICO,BARRANQUILLA,CENTRO COMERCIAL LE MERIDIEM GOLF,
03,001,33,01,ATLANTICO,BARRANQUILLA,GIMNASIO EL PARAISO SEDE,
03,001,33,02,ATLANTICO,BARRANQUILLA,IED PARAISO,
03,001,33,03,ATLANTICO,BARRANQUILLA,COL.NTRA.SEÑORA DE NAZARETH,
03,001,33,04,ATLANTICO,BARRANQUILLA,COL.NTRA.SEÑORA DE LOURDES,
03,001,33,05,ATLANTICO,BARRANQUILLA,COL.BARRANQUILLA CODEBA,
03,001,33,06,ATLANTICO,BARRANQUILLA,IED SANTA BERNARDITA,
03,001,34,01,ATLANTICO,BARRANQUILLA,COL.SAGRADA FAMILIA,
03,001,34,02,ATLANTICO,BARRANQUILLA,COL.MILITAR ACOLSURE,
03,001,34,03,ATLANTICO,BARRANQUILLA,SEM.CONCILIAR SAN LUIS BELTRAN,
03,001,34,04,ATLANTICO,BARRANQUILLA,COL.INST.ARIANO,
03,001,35,01,ATLANTICO,BARRANQUILLA,COL.JORGE ISAAC,
03,001,35,02,ATLANTICO,BARRANQUILLA,COL.HEBREO UNION,
03,001,35,03,ATLANTICO,BARRANQUILLA,CORPORACION EL LITORAL SD I,
03,001,35,04,ATLANTICO,BARRANQUILLA,CENTRO COMERCIAL MIRAMAR,
03,001,35,05,ATLANTICO,BARRANQUILLA,CENTRO COMERCIAL JARDIN DEL RIO,
03,001,36,01,ATLANTICO,BARRANQUILLA,COLEGIO LICEO DE CERVANTES,
03,001,36,02,ATLANTICO,BARRANQUILLA,COLEGIO EL BUEN CONCEJO,
03,001,36,03,ATLANTICO,BARRANQUILLA,COLEGIO LINDON B JOHNSON SCHOOL,
03,001,36,04,ATLANTICO,BARRANQUILLA,UNIVERSIDAD AUTONOMA DEL CARIBE,
03,001,36,05,ATLANTICO,BARRANQUILLA,CENTRO COMERCIAL MALL PLAZA BUENAVISTA,
03,001,36,06,ATLANTICO,BARRANQUILLA,C. COMERCIAL Y EMPRESARIAL BLUE GARDENS,
03,001,37,01,ATLANTICO,BARRANQUILLA,I.E SANTA MAGDALENA SOFIA,
03,001,37,02,ATLANTICO,BARRANQUILLA,I.E.D.SAN SALVADOR (INEDISSA),
03,001,37,03,ATLANTICO,BARRANQUILLA,C.E.D.LIBERTADOR SIMON BOLIVAR,
03,001,37,04,ATLANTICO,BARRANQUILLA,INSTITUTO LAS AMERICAS,
03,001,38,01,ATLANTICO,BARRANQUILLA,COLEGIO LA MEDALLA MILAGROSA,
03,001,38,02,ATLANTICO,BARRANQUILLA,COLEGIO BIFI LA SALLE,
03,001,38,03,ATLANTICO,BARRANQUILLA,COL.LA ENSEÑANZA,
03,001,38,04,ATLANTICO,BARRANQUILLA,CENTRO COMERCIAL VIVA BARRANQUILLA,
03,001,38,05,ATLANTICO,BARRANQUILLA,COLEGIO MARYMOUNT,
03,001,98,01,ATLANTICO,BARRANQUILLA,CTRO DE REHABILITACION MASC. (EL BOSQUE),
03,001,98,02,ATLANTICO,BARRANQUILLA,CENTRO REH. FEM. BUEN PASTOR,
03,001,98,03,ATLANTICO,BARRANQUILLA,CARCEL Y PENITEN. DE MEDIA SEGURIDAD,
03,001,99,10,ATLANTICO,BARRANQUILLA,I.E. FUNDACION PIES DESCALZOS,
03,001,99,11,ATLANTICO,BARRANQUILLA,IED SAN VICENTE DE PAUL,
03,001,99,25,ATLANTICO,BARRANQUILLA,I.E. DISTRITAL JUAN MINA,
03,004,01,01,ATLANTICO,BARANOA,ESCUELA NORMAL SUPERIOR SANTA ANA ENSSA,
03,004,01,02,ATLANTICO,BARANOA,IE DE BARANOA JULIO PANTOJA MALDONADO,
03,004,01,03,ATLANTICO,BARANOA,FRANCISCO JOSE DE CALDAS SD EL CAMPESINO,
03,004,01,04,ATLANTICO,BARANOA,IE DE BARANOA JULIO PANTOJA M. SD,
03,004,01,05,ATLANTICO,BARANOA,CENTRO EDUCATIVO JERUSALEM,
03,004,01,06,ATLANTICO,BARANOA,IE FRANCISCO JOSE DE CALDAS SD,
03,004,02,01,ATLANTICO,BARANOA,IE DE BARANOA JULIO PANTOJA M. SD,
03,004,02,02,ATLANTICO,BARANOA,I.E. JUAN JOSE NIETO,
03,004,02,03,ATLANTICO,BARANOA,CASA DE LA MUJER LA CASA MORADA,
03,004,02,04,ATLANTICO,BARANOA,CENTRO DE INTEGRACION JUVENIL,
03,004,99,01,ATLANTICO,BARANOA,IET AGROPECUARIA DE CAMPECHE,
03,004,99,05,ATLANTICO,BARANOA,I.E. MARIA INMACULADA DE PITAL,
03,004,99,09,ATLANTICO,BARANOA,I.E. DE SIBARCO,
03,007,01,01,ATLANTICO,CAMPO DE LA CRUZ,IE PANFILO CM SD EL CARMEN,
03,007,01,02,ATLANTICO,CAMPO DE LA CRUZ,IE CAMPO DE LA CRUZ,
03,007,02,01,ATLANTICO,CAMPO DE LA CRUZ,IE LA INMACULADA,
03,007,02,02,ATLANTICO,CAMPO DE LA CRUZ,IE PANFILO CANTILLO MENDOZA,
03,007,99,05,ATLANTICO,CAMPO DE LA CRUZ,IE BOHORQUEZ,
03,010,00,00,ATLANTICO,CANDELARIA,I.E. NUESTRA SEÑORA DE LA CANDELARIA,
03,010,99,01,ATLANTICO,CANDELARIA,INS BASICA NUMERO,
03,010,99,05,ATLANTICO,CANDELARIA,INS BASICA NUMERO,
03,013,01,01,ATLANTICO,GALAPA,IE FCO DE PAULA SANTANDER SD PETRONITAS,
03,013,01,02,ATLANTICO,GALAPA,IE FCO DE PAULA SANTANDER  SEDE PPAL,
03,013,02,01,ATLANTICO,GALAPA,I.E.MARIA AUXILIADORA SEDE,
03,013,02,02,ATLANTICO,GALAPA,IE MARIA AUXILIADORA SEDE PPAL,
03,013,02,03,ATLANTICO,GALAPA,I E ROQUE ACOSTA ECHEVERRIA,
03,013,03,01,ATLANTICO,GALAPA,IE MEGACOLEGIO MUNDO FELIZ,
03,013,03,02,ATLANTICO,GALAPA,IE MEGACOLEGIO VILLA OLIMPICA,
03,013,99,01,ATLANTICO,GALAPA,IE ANTONIO NARIÑO DE PALUATO,
03,016,00,01,ATLANTICO,JUAN DE ACOSTA,CENTRO DE EVENTOS,
03,016,00,02,ATLANTICO,JUAN DE ACOSTA,ESCUELA DE NIÑAS SD,
03,016,99,05,ATLANTICO,JUAN DE ACOSTA,CENTRO EDUCATIVO BOCATOCINO,
03,016,99,09,ATLANTICO,JUAN DE ACOSTA,INSTITUCION EDUCATIVA FERMIN TILANO,
03,016,99,13,ATLANTICO,JUAN DE ACOSTA,IE TECNICA SAN JOSE DE SACO,
03,016,99,21,ATLANTICO,JUAN DE ACOSTA,IE ACAD. Y TEC. TURIST. DE STA VERONICA,
03,019,00,00,ATLANTICO,LURUACO,PUESTO CABECERA MUNICIPAL,
03,019,99,01,ATLANTICO,LURUACO,IE EL BUEN PASTOR SEDE,
03,019,99,05,ATLANTICO,LURUACO,IE T A NTRA SEÑORA DEL CARMEN PENDALES,
03,019,99,09,ATLANTICO,LURUACO,IE PALMAR DE CANDELARIA,
03,019,99,13,ATLANTICO,LURUACO,IE TECNICO AGROPECUARIO DE SANTA CRUZ,
03,019,99,17,ATLANTICO,LURUACO,CENTRO EDUCATIVO DE SAN JUAN DE TOCAGUA,
03,022,01,01,ATLANTICO,MALAMBO,INSTITUCION EDUCATIVA EL CONCORDE,
03,022,01,02,ATLANTICO,MALAMBO,UNIVERSIDAD DE BARRANQUILLA,
03,022,01,03,ATLANTICO,MALAMBO,INSTITUCION EDUCATIVA DE MESOLANDIA,
03,022,01,04,ATLANTICO,MALAMBO,INSTITUCION EDUCATIVA SAN SEBASTIAN,
03,022,01,05,ATLANTICO,MALAMBO,I E CRISTO REY SEDE CIUDAD CARIBE,
03,022,02,01,ATLANTICO,MALAMBO,I E T C ALBERTO PUMAREJO SEDE MA AUX,
03,022,02,02,ATLANTICO,MALAMBO,INSTITUCION EDUCATIVA SIMON BOLIVAR,
03,022,02,03,ATLANTICO,MALAMBO,I E EVA RODRIGUEZ ARAUJO,
03,022,03,01,ATLANTICO,MALAMBO,I E NUESTRA SEÑORA DE LA CANDELARIA,
03,022,03,02,ATLANTICO,MALAMBO,INSTITUCION EDUCATIVA BELLAVISTA,
03,022,03,03,ATLANTICO,MALAMBO,I E N DE LA C SEDE ROBERTO MENDOZA,
03,022,04,01,ATLANTICO,MALAMBO,IE TECNICA JUAN XXIII,
03,022,04,02,ATLANTICO,MALAMBO,IE VILLA CAMPO,
03,022,04,03,ATLANTICO,MALAMBO,IETC ALBERTO PUMAREJO,
03,022,99,01,ATLANTICO,MALAMBO,I E T A JUAN DOMINGUEZ ROMERO CARACOLI,
03,025,00,00,ATLANTICO,MANATI,PUESTO CABECERA MUNICIPAL,
03,028,01,01,ATLANTICO,PALMAR DE VARELA,I.E. TECNICA COMERCIAL E IND. DE PALMAR,
03,028,01,02,ATLANTICO,PALMAR DE VARELA,I.E. TECN. COM E IND. SD AUGUSTO QUANT,
03,028,02,01,ATLANTICO,PALMAR DE VARELA,I.E. TEC COM AGROP SD JHON F. KENNEDY,
03,028,02,02,ATLANTICO,PALMAR DE VARELA,I.E. TECNICA AGROPECUARIA DE PALMAR,
03,028,99,01,ATLANTICO,PALMAR DE VARELA,ESC UNICA DE BURRUSCO,
03,031,00,00,ATLANTICO,PIOJO,PUESTO CABECERA MUNICIPAL,
03,031,99,01,ATLANTICO,PIOJO,CANCHA DE AGUAS VIVAS,
03,031,99,05,ATLANTICO,PIOJO,COLEGIO BASICO EL CERRITO,
03,031,99,09,ATLANTICO,PIOJO,IE NIÑO JESUS DE PRAGA HIBACHARO,
03,034,00,01,ATLANTICO,POLONUEVO,IE MADRE BERNARDA,
03,034,00,02,ATLANTICO,POLONUEVO,IE MARIA EMMA,
03,034,99,01,ATLANTICO,POLONUEVO,IE NTRA SRA DEL ROSARIO DE PITALITO,
03,035,00,00,ATLANTICO,PONEDERA,IE TECNICA COMERCIAL DE PONEDERA,
03,035,99,20,ATLANTICO,PONEDERA,CENTRO EDUCATIVO LA RETIRADA,
03,035,99,28,ATLANTICO,PONEDERA,IE MARTILLO,
03,035,99,35,ATLANTICO,PONEDERA,IE TEC AGROPECUARIA DE PUERTO GIRALDO,
03,035,99,43,ATLANTICO,PONEDERA,IE TEC AGROPECUARIA SD No,
03,037,01,01,ATLANTICO,PUERTO COLOMBIA,I E TURISTICA SIMON BOLIVAR,
03,037,01,02,ATLANTICO,PUERTO COLOMBIA,I.E.SAN NICOLAS DE TOLENTINO,
03,037,01,03,ATLANTICO,PUERTO COLOMBIA,UNIVERSIDAD DEL ATLANTICO,
03,037,02,01,ATLANTICO,PUERTO COLOMBIA,I.E.T.C.FCO.JAVIER CISNEROS,
03,037,02,02,ATLANTICO,PUERTO COLOMBIA,I.E.MARIA MANCILLA SANCHEZ,
03,037,02,03,ATLANTICO,PUERTO COLOMBIA,HOGAR INFANTIL SANTA MARIA JOSEFA,
03,037,99,05,ATLANTICO,PUERTO COLOMBIA,I E EUSTORGIO SALGAR,
03,037,99,08,ATLANTICO,PUERTO COLOMBIA,LICEO CAMPESTRE MONTECARMELO,
03,040,00,00,ATLANTICO,REPELON,PUESTO CABECERA MUNICIPAL,
03,040,99,01,ATLANTICO,REPELON,IE DEPARTAMENTAL ARROYO NEGRO,
03,040,99,05,ATLANTICO,REPELON,IE CIEN PESOS LAS TABLAS,
03,040,99,09,ATLANTICO,REPELON,I.E. LAS TABLAS BLOQUE,
03,040,99,13,ATLANTICO,REPELON,IE TECNICO AGROACUICOLA DE ROTINET,
03,040,99,17,ATLANTICO,REPELON,IE TECNICA AGROPECUARIA VILLA ROSA,
03,043,01,01,ATLANTICO,SABANAGRANDE,I.E.ESC.NORMAL SUPERIOR SRA FA,
03,043,01,02,ATLANTICO,SABANAGRANDE,I.E. SANTA RITA,
03,043,02,01,ATLANTICO,SABANAGRANDE,I.E.SAN JUAN BOSCO SD No,
03,043,02,02,ATLANTICO,SABANAGRANDE,I.E. SIMON BOLIVAR,
03,043,02,03,ATLANTICO,SABANAGRANDE,SENA SAN JOSE,
03,046,01,01,ATLANTICO,SABANALARGA,I E DE SABANALARGA CODESA,
03,046,01,02,ATLANTICO,SABANALARGA,I E TECNICO COMERCIAL DE SABANALARGA,
03,046,01,03,ATLANTICO,SABANALARGA,C D I SEMBRANDO VALORES,
03,046,01,04,ATLANTICO,SABANALARGA,IE TECNICA INDUSTRIAL,
03,046,01,05,ATLANTICO,SABANALARGA,IE JOSE AGUSTIN BLANCO BARROS,
03,046,01,06,ATLANTICO,SABANALARGA,IE MAXIMO MERCADO,
03,046,02,01,ATLANTICO,SABANALARGA,I E MARCO FIDEL SUAREZ,
03,046,02,02,ATLANTICO,SABANALARGA,I E ANEXA SANTA TERESITA,
03,046,02,03,ATLANTICO,SABANALARGA,I E FERNANDO HOYOS RIPOLL,
03,046,02,04,ATLANTICO,SABANALARGA,IE GOLDEN INTERNATIONAL SCHOOL,
03,046,02,05,ATLANTICO,SABANALARGA,IE ESCUELA NORMAL SUP. SANTA TERESITA,
03,046,02,06,ATLANTICO,SABANALARGA,CDI LAS MERCEDES,
03,046,99,01,ATLANTICO,SABANALARGA,I E SAN JOSE DE AGUADA DE PABLO,
03,046,99,05,ATLANTICO,SABANALARGA,I E SAN PEDRO CLAVER DE CASCAJAL,
03,046,99,09,ATLANTICO,SABANALARGA,I E SIMON BOLIVAR DE COLOMBIA,
03,046,99,11,ATLANTICO,SABANALARGA,I E SAN CALLETANO DE GALLEGO,
03,046,99,13,ATLANTICO,SABANALARGA,I E JOSE CONSUEGRA HIGGINS,
03,046,99,17,ATLANTICO,SABANALARGA,I E TECNICA AGROPECUARIA DE LA PEÑA,
03,046,99,25,ATLANTICO,SABANALARGA,I E ANTONIA SANTOS DE MOLINEROS,
03,047,00,00,ATLANTICO,SANTA LUCIA,PUESTO CABECERA MUNICIPAL,
03,047,99,01,ATLANTICO,SANTA LUCIA,INSTITUCION EDUCATIVA ALGODONAL,
03,049,01,01,ATLANTICO,SANTO TOMAS,IE TECNICA AGROINDUSTRIAL ORIENTAL,
03,049,01,02,ATLANTICO,SANTO TOMAS,CIC PLAZA PRINCIPAL,
03,049,02,01,ATLANTICO,SANTO TOMAS,IE TECNICA COMERCIAL DE SANTO TOMAS,
03,049,02,02,ATLANTICO,SANTO TOMAS,CDI CAMINO REAL,
03,049,99,01,ATLANTICO,SANTO TOMAS,IE DIV ORIENTAL SEDE No,
03,052,01,01,ATLANTICO,SOLEDAD,IE TECNICO LA ENSEÑANZA,
03,052,01,02,ATLANTICO,SOLEDAD,I.E.INOBASOL - SEDE,
03,052,01,03,ATLANTICO,SOLEDAD,I.E. DOLORES MA.UCROS - SEDE,
03,052,01,04,ATLANTICO,SOLEDAD,I.E. INOBASOL,
03,052,02,01,ATLANTICO,SOLEDAD,I.E.DOLORES MARIA UCROS,
03,052,02,02,ATLANTICO,SOLEDAD,INST. EDUCATIVA POLICARPA SALAVARRIETA,
03,052,02,03,ATLANTICO,SOLEDAD,IE FRANCISCO DE PAULA SANTANDER,
03,052,02,04,ATLANTICO,SOLEDAD,I.E. LUIS R CAPARROSO,
03,052,03,01,ATLANTICO,SOLEDAD,I.E.TEC.MICROEMPRES.DE SOLEDAD,
03,052,03,02,ATLANTICO,SOLEDAD,I.E.SAGRADO CORAZON,
03,052,03,03,ATLANTICO,SOLEDAD,I.E.ANTONIO RAMON MORENO,
03,052,03,04,ATLANTICO,SOLEDAD,I.E.TEC.MARIA AUXILIADORA,
03,052,03,05,ATLANTICO,SOLEDAD,IE  IND.DE SOLEDAD SD,
03,052,04,01,ATLANTICO,SOLEDAD,I.E.VISTA HERMOSA,
03,052,04,02,ATLANTICO,SOLEDAD,I.E.FCO.JOSE CALDAS - COSTA H.,
03,052,04,03,ATLANTICO,SOLEDAD,I.E. SAGRADO CORAZON S. MARGARITA,
03,052,05,01,ATLANTICO,SOLEDAD,COLEGIO SAGRADA SABIDURIA,
03,052,05,02,ATLANTICO,SOLEDAD,I.E.INEM MIGUEL ANTONIO CARO,
03,052,05,03,ATLANTICO,SOLEDAD,I.E.FRANCISCO JOSE DE CALDAS,
03,052,05,04,ATLANTICO,SOLEDAD,I.E.NOROCCIDENTAL DE SOLEDAD,
03,052,06,01,ATLANTICO,SOLEDAD,INST EDUCATIVA NOROCCIDENTAL SEDE MUVDI,
03,052,06,02,ATLANTICO,SOLEDAD,I.E.TEC.I.YCOMERCIAL SEDES,
03,052,06,03,ATLANTICO,SOLEDAD,LICEO CERVANTISTA,
03,052,06,04,ATLANTICO,SOLEDAD,COLEGIO INETECODECOL,
03,052,06,05,ATLANTICO,SOLEDAD,GIMNASIO COLOMBO REPUBLICANO,
03,052,07,01,ATLANTICO,SOLEDAD,LICEO SAN GABRIEL,
03,052,07,02,ATLANTICO,SOLEDAD,C.ARQUIDIOCESANO SAN PANCRACIO,
03,052,07,03,ATLANTICO,SOLEDAD,I.E.MARIA MONTESSORI,
03,052,07,04,ATLANTICO,SOLEDAD,I.E.LICEO MAYOR DE SOLEDAD,
03,052,08,01,ATLANTICO,SOLEDAD,IE NOBEL JUAN MANUEL SANTOS,
03,052,08,02,ATLANTICO,SOLEDAD,I.E.TEC.JOSE CASTILLO BOLIVAR,
03,052,08,03,ATLANTICO,SOLEDAD,CENTRO EDUCATIVO MI NUEVA GENERACION,
03,052,09,01,ATLANTICO,SOLEDAD,COLEGIO LICEO NACIONAL,
03,052,09,02,ATLANTICO,SOLEDAD,LICEO MIXTO SAN JOSE,
03,052,09,03,ATLANTICO,SOLEDAD,INSTITUTO TECNICO EDGAR MORIN,
03,052,09,04,ATLANTICO,SOLEDAD,I.E.JESUS MAESTRO F.M.S.D,
03,052,09,05,ATLANTICO,SOLEDAD,COLEGIO AGUSTIN CODAZZI E U,
03,052,09,06,ATLANTICO,SOLEDAD,CENTRO DE CAPACITACION ESPECIAL CENCAES,
03,052,10,01,ATLANTICO,SOLEDAD,NUEVO COLEGIO MARIA MONTESSORI,
03,052,10,02,ATLANTICO,SOLEDAD,I.E.TECNICA MANUELA BELTRAN,
03,052,10,03,ATLANTICO,SOLEDAD,I.E.NUESTRA SEÑORA DEL CARMEN,
03,052,10,04,ATLANTICO,SOLEDAD,COL.METROPOLIT.DE SOLEDAD,
03,052,10,05,ATLANTICO,SOLEDAD,IE TECNICO INDUSTRIAL EL MILAGROSO,
03,052,10,06,ATLANTICO,SOLEDAD,INSTITUTO LUIS SANCHEZ PORTO,
03,052,11,01,ATLANTICO,SOLEDAD,I.E.JOSEFA DONADO,
03,052,11,02,ATLANTICO,SOLEDAD,IE ALBERTO PUMAREJO,
03,052,11,03,ATLANTICO,SOLEDAD,I.E.NTRA.SRA LAS MISERICORDIAS,
03,052,11,04,ATLANTICO,SOLEDAD,I.E.JHON F. KENNEDY,
03,052,12,01,ATLANTICO,SOLEDAD,I.E.BICENTENARIO DE SOLEDAD,
03,052,12,02,ATLANTICO,SOLEDAD,INSTI. EDUCATIVA SAN ANTONIO DE PADUA,
03,052,12,03,ATLANTICO,SOLEDAD,CDI VILLA ADELA,
03,052,13,01,ATLANTICO,SOLEDAD,I.E.TAJAMAR,
03,052,13,02,ATLANTICO,SOLEDAD,I.E.CONTINENTAL DEL CARIBE,
03,052,13,03,ATLANTICO,SOLEDAD,C PARA EL DES. AGROECOLO Y AGROINDUST NO,
03,055,00,00,ATLANTICO,SUAN,IE ADOLFO BOLIVAR MARENCO,
03,058,00,00,ATLANTICO,TUBARA,PUESTO CABECERA MUNICIPAL,
03,058,99,01,ATLANTICO,TUBARA,CENTRO EDUCATIVO CUATRO BOCAS,
03,058,99,05,ATLANTICO,TUBARA,CENTRO EDUCATIVO EL MORRO,
03,058,99,06,ATLANTICO,TUBARA,IE PLAYA MENDOZA,
03,058,99,09,ATLANTICO,TUBARA,INSTITUCION EDUCATIVA GUAIMARAL,
03,058,99,13,ATLANTICO,TUBARA,CENTRO EDUCATIVO DE JUARUCO,
03,061,00,00,ATLANTICO,USIACURI,IE NUESTRA SEÑORA DEL TRANSITO,
05,001,01,01,BOLIVAR,CARTAGENA,CENTRO COMERCIAL BOCAGRANDE,
05,001,01,02,BOLIVAR,CARTAGENA,UNIV. TECNOLG. DE BOLIVAR - MA,
05,001,01,03,BOLIVAR,CARTAGENA,LUDOTECA PARQUE CENTENARIO,
05,001,01,04,BOLIVAR,CARTAGENA,COL. EUCARÍSTICO DE SANTA TERESA,
05,001,01,05,BOLIVAR,CARTAGENA,CENTRO COMERCIAL PLAZA BOCAGRANDE,
05,001,02,01,BOLIVAR,CARTAGENA,COLEGIO DE LA ESPERANZA,
05,001,02,02,BOLIVAR,CARTAGENA,COLEGIO NAVAL DE CRESPO,
05,001,02,03,BOLIVAR,CARTAGENA,COLEGIO EL CARMELO,
05,001,02,04,BOLIVAR,CARTAGENA,COLEGIO BERVELLY HILLS,
05,001,03,01,BOLIVAR,CARTAGENA,COLEGIO LICEO BOLIVAR,
05,001,03,02,BOLIVAR,CARTAGENA,IE STA MARIA SEDE SAGRADO CORAZON,
05,001,03,03,BOLIVAR,CARTAGENA,I.E.CORAZON DE MARIA,
05,001,03,04,BOLIVAR,CARTAGENA,IE CORAZON DE MARIA S S J CLAV,
05,001,03,05,BOLIVAR,CARTAGENA,I.E SANTA MARIA SD MARCO FIDEL SUAREZ,
05,001,04,01,BOLIVAR,CARTAGENA,COLISEO CUBIERTO BERNARDO CARABALLO,
05,001,04,02,BOLIVAR,CARTAGENA,COLEGIO JOSE DE LA VEGA,
05,001,04,03,BOLIVAR,CARTAGENA,IE HER. ANTONIO RAMOS DE LA SALLE,
05,001,04,04,BOLIVAR,CARTAGENA,INST. ED. ANA MARIA VELEZ DE TRUJILLO,
05,001,04,05,BOLIVAR,CARTAGENA,CORP UNIVERSITARIA RAFAEL NUÑEZ TORICES,
05,001,05,01,BOLIVAR,CARTAGENA,C.ECON. PIEDRA DE BOL UNIV. C/GENA,
05,001,05,02,BOLIVAR,CARTAGENA,COLEGIO COMFENALCO SEDE CEDESARROLLO,
05,001,05,03,BOLIVAR,CARTAGENA,INST. ED. MADRE LAURA,
05,001,05,04,BOLIVAR,CARTAGENA,SENA,
05,001,05,05,BOLIVAR,CARTAGENA,I E CASD MANUELA BELTRAN,
05,001,06,01,BOLIVAR,CARTAGENA,IE NUEVO BOSQUE,
05,001,06,02,BOLIVAR,CARTAGENA,COL ALBERTO ELIAS FERNANDEZ,
05,001,06,03,BOLIVAR,CARTAGENA,I.E NUEVO BOSQUE SEDE JOSE MARIA CORDOBA,
05,001,06,04,BOLIVAR,CARTAGENA,INST. ED. FERNANDO DE LA VEGA,
05,001,06,05,BOLIVAR,CARTAGENA,E. NORMAL SUPERIOR DE CARTAGENA D INDIAS,
05,001,06,06,BOLIVAR,CARTAGENA,UNIVERSIDAD DEL SINU SEDE PLAZA COLON,
05,001,07,01,BOLIVAR,CARTAGENA,IE SAN JUAN DE DAMASCO,
05,001,07,02,BOLIVAR,CARTAGENA,IE OLGA GONZALEZ ARRAUT,
05,001,07,03,BOLIVAR,CARTAGENA,IE MANUELA BELTRAN - SED HIJOS,
05,001,07,04,BOLIVAR,CARTAGENA,SEMINARIO CARTAGENA,
05,001,07,05,BOLIVAR,CARTAGENA,UNIVERSIDAD ANTONIO NARIÑO,
05,001,07,06,BOLIVAR,CARTAGENA,COLEGIO LATINOAMERICANO,
05,001,07,07,BOLIVAR,CARTAGENA,FUNDACION COLEGIO OCTAVIANA DEL C VIVES,
05,001,08,01,BOLIVAR,CARTAGENA,UNIV DE CARTAGENA CLAUSTRO SAN AGUSTIN,
05,001,08,02,BOLIVAR,CARTAGENA,COL SALESIANOS SAN PEDRO CLAVE,
05,001,08,03,BOLIVAR,CARTAGENA,IE ANTONIA SANTOS,
05,001,08,04,BOLIVAR,CARTAGENA,UNIV. DE CARTAGENA CLAUSTRO LA MERCED,
05,001,08,05,BOLIVAR,CARTAGENA,FUNDACION UNIVERSITARIA LOS LIBERTADORES,
05,001,09,01,BOLIVAR,CARTAGENA,INST UNIVERSITARIA MAYOR DE CARTAGENA,
05,001,09,02,BOLIVAR,CARTAGENA,INST UNI BELLAS ARTES Y CIENCIAS DE BOL.,
05,001,09,03,BOLIVAR,CARTAGENA,ESCUELAS PROFESIONALES SALESIANAS,
05,001,10,01,BOLIVAR,CARTAGENA,IE FE Y ALEGRIA LAS GAVIOTAS,
05,001,10,02,BOLIVAR,CARTAGENA,IE LAS GAVIOTAS SEDE MOISES GO,
05,001,10,03,BOLIVAR,CARTAGENA,I.E. LAS GAVIOTAS SEDE EL NIÑO JESUS,
05,001,10,04,BOLIVAR,CARTAGENA,CENTRO DE ENSEÑANZA HIJOS DE BOLIVAR,
05,001,11,01,BOLIVAR,CARTAGENA,IE FOCO ROJO,
05,001,11,02,BOLIVAR,CARTAGENA,COLEGIO ALMIRANTE COLON S. OLAYA,
05,001,11,03,BOLIVAR,CARTAGENA,I.E. PLAYAS DE ACAPULCO,
05,001,11,04,BOLIVAR,CARTAGENA,IE. NUESTRA SEÑORA PERPETUO SOCORRO,
05,001,11,05,BOLIVAR,CARTAGENA,IE REPUBLICA DEL LIBANO,
05,001,11,06,BOLIVAR,CARTAGENA,IE SAN FELIPE NERIS,
05,001,12,01,BOLIVAR,CARTAGENA,IE FRANCISCO DE PAULA SANTANDE,
05,001,12,02,BOLIVAR,CARTAGENA,IE MARIA REINA,
05,001,12,03,BOLIVAR,CARTAGENA,ESCUELA CIUDAD DE TUNJA,
05,001,12,04,BOLIVAR,CARTAGENA,I.E. CORAZON DE MARIA - LAZARO MARTINEZ,
05,001,12,05,BOLIVAR,CARTAGENA,I.E. ANTONIO NARIÑO,
05,001,12,06,BOLIVAR,CARTAGENA,I.E. PEDRO ROMERO,
05,001,12,07,BOLIVAR,CARTAGENA,IE OMAIRA SANCHEZ,
05,001,12,08,BOLIVAR,CARTAGENA,CDI CIENAGA DE LA VIRGEN,
05,001,13,01,BOLIVAR,CARTAGENA,IE CAMILO TORRES,
05,001,13,02,BOLIVAR,CARTAGENA,CENTRO COLOMBIATON GUSTAVO PULECIO,
05,001,13,03,BOLIVAR,CARTAGENA,IE LA LIBERTAD,
05,001,13,04,BOLIVAR,CARTAGENA,IE NUESTRO ESFUERZO,
05,001,13,05,BOLIVAR,CARTAGENA,IE CLEMENTE MANUEL ZABALA,
05,001,13,06,BOLIVAR,CARTAGENA,IE JORGE GARCIA USTA,
05,001,14,01,BOLIVAR,CARTAGENA,ESCUELA GABRIELA SAN MARTIN,
05,001,14,02,BOLIVAR,CARTAGENA,COL FE Y ALEGRIA LAS AMERICAS,
05,001,14,03,BOLIVAR,CARTAGENA,CENTRO CULTURAL LAS PALMERAS,
05,001,14,04,BOLIVAR,CARTAGENA,IE DE FREDONIA,
05,001,14,05,BOLIVAR,CARTAGENA,COLEGIO DIOS ES AMOR CDA,
05,001,14,06,BOLIVAR,CARTAGENA,IE TECNICA VILLA ESTRELLA,
05,001,15,01,BOLIVAR,CARTAGENA,IE FULGENCIO LEQUERICA VELEZ,
05,001,15,02,BOLIVAR,CARTAGENA,NUESTRA SEÑORA DEL CARMEN,
05,001,15,03,BOLIVAR,CARTAGENA,IE FULGENCIO LEQUERICA VELEZ-  ECUADOR,
05,001,15,04,BOLIVAR,CARTAGENA,FUND. UNIV. COLOMBO INTERNACIONAL,
05,001,16,01,BOLIVAR,CARTAGENA,COLEGIO INEM,
05,001,16,02,BOLIVAR,CARTAGENA,CENT RECREACIONAL NAPOLEON PEREA,
05,001,16,03,BOLIVAR,CARTAGENA,IE JOSE M RODRIGUEZ S ISABEL LA CATOLICA,
05,001,16,04,BOLIVAR,CARTAGENA,IE JOSE MANUEL R-JARDIN INF  CARACOLES,
05,001,17,01,BOLIVAR,CARTAGENA,IE,
05,001,17,02,BOLIVAR,CARTAGENA,IE BERTHA GEDEON DE BALADI,
05,001,17,03,BOLIVAR,CARTAGENA,COLEGIO ALMIRANTE COLON  VISTA HERMOSA,
05,001,17,04,BOLIVAR,CARTAGENA,IE SALIM BECHARA SEDE ALBORNOZ,
05,001,18,01,BOLIVAR,CARTAGENA,IE LUIS CARLOS LOPEZ,
05,001,18,02,BOLIVAR,CARTAGENA,IE TERNERA,
05,001,18,03,BOLIVAR,CARTAGENA,IE SOLEDAD ACOSTA DE SAMPER,
05,001,18,04,BOLIVAR,CARTAGENA,UNIVERSIDAD SAN BUENAVENTURA,
05,001,18,05,BOLIVAR,CARTAGENA,COLEGIO BIFFI,
05,001,18,06,BOLIVAR,CARTAGENA,CENTRO COMERCIAL PARQUE HEREDIA,
05,001,19,01,BOLIVAR,CARTAGENA,COL FE Y ALEGRIA EL PROGRESO,
05,001,19,02,BOLIVAR,CARTAGENA,IE SAN FRANCISCO ASIS - HIJO DE LOS AGRI,
05,001,19,03,BOLIVAR,CARTAGENA,IE SAN LUCAS,
05,001,19,04,BOLIVAR,CARTAGENA,IE POLICARPA SALAVARRIETA,
05,001,20,01,BOLIVAR,CARTAGENA,IE MERCEDES ABREGO,
05,001,20,02,BOLIVAR,CARTAGENA,COL SUEÑOS Y OPORTUNIDADES JES,
05,001,20,03,BOLIVAR,CARTAGENA,IE MERCEDES ABREGO SEDE MEDELLIN,
05,001,20,04,BOLIVAR,CARTAGENA,I.E. CIUDADELA,
05,001,20,05,BOLIVAR,CARTAGENA,I.E. SALVADOR MANDELA,
05,001,20,06,BOLIVAR,CARTAGENA,I.E. ROSEDAL,
05,001,21,01,BOLIVAR,CARTAGENA,IE JHON F KENNEDY,
05,001,21,02,BOLIVAR,CARTAGENA,INST FEMENINO PROMOCION SOCIAL,
05,001,21,03,BOLIVAR,CARTAGENA,I.E. NUESTRA SEÑORA DE LA CONSOLATA,
05,001,21,04,BOLIVAR,CARTAGENA,I.E. JUAN JOSE NIETO,
05,001,22,01,BOLIVAR,CARTAGENA,COLEGIO COMFAMILIAR,
05,001,22,02,BOLIVAR,CARTAGENA,ESC ANA MARIA PEREZ OTERO,
05,001,22,03,BOLIVAR,CARTAGENA,IE PROM SOCIAL DE C/GENA SD LA CONSOLATA,
05,001,22,04,BOLIVAR,CARTAGENA,IE AMBIENTALISTA CARTAGENA DE INDIAS,
05,001,22,05,BOLIVAR,CARTAGENA,IE SEDE EMILIANO ALCALA ROMERO,
05,001,22,06,BOLIVAR,CARTAGENA,I E REPUBLICA DE ARGENTINA,
05,001,22,07,BOLIVAR,CARTAGENA,CENTRO COMERCIAL LA GRAN MANZANA,
05,001,98,01,BOLIVAR,CARTAGENA,CARCEL DISTRITAL DE TERNERA,
05,001,99,01,BOLIVAR,CARTAGENA,SANTA CRUZ DEL ISLOTE,
05,001,99,02,BOLIVAR,CARTAGENA,BARU,
05,001,99,03,BOLIVAR,CARTAGENA,BOCACHICA,
05,001,99,05,BOLIVAR,CARTAGENA,CAÑO DE LORO,
05,001,99,09,BOLIVAR,CARTAGENA,ISLA FUERTE,
05,001,99,13,BOLIVAR,CARTAGENA,ISLAS DEL ROSARIO,
05,001,99,17,BOLIVAR,CARTAGENA,SANTA ANA,
05,001,99,21,BOLIVAR,CARTAGENA,TIERRABOMBA,
05,001,99,22,BOLIVAR,CARTAGENA,I.E NUEVA ESPERANZA ARROYO GRANDE,
05,001,99,25,BOLIVAR,CARTAGENA,ARROYO DE PIEDRA,
05,001,99,33,BOLIVAR,CARTAGENA,BAYUNCA,
05,001,99,34,BOLIVAR,CARTAGENA,LA BOQUILLA,
05,001,99,35,BOLIVAR,CARTAGENA,PONTEZUELA,
05,001,99,41,BOLIVAR,CARTAGENA,PUNTA CANOA,
05,001,99,70,BOLIVAR,CARTAGENA,PASACABALLOS,
05,001,99,71,BOLIVAR,CARTAGENA,PASACABALLOS - MEMBRILLAL,
05,001,99,72,BOLIVAR,CARTAGENA,LA BOQUILLA,
05,001,99,73,BOLIVAR,CARTAGENA,TERMINAL ZONA NORTE,
05,001,99,74,BOLIVAR,CARTAGENA,BAYUNCA,
05,001,99,75,BOLIVAR,CARTAGENA,PASACABALLOS,
05,001,99,76,BOLIVAR,CARTAGENA,TIERRABOMBA,
05,001,99,77,BOLIVAR,CARTAGENA,ARROYO DE PIEDRA,
05,004,00,00,BOLIVAR,ACHI,PUESTO CABECERA MUNICIPAL,
05,004,99,01,BOLIVAR,ACHI,BOYACA,
05,004,99,05,BOLIVAR,ACHI,BUENAVISTA,
05,004,99,06,BOLIVAR,ACHI,BUENOS AIRES,
05,004,99,11,BOLIVAR,ACHI,CENTRO ALEGRE,
05,004,99,13,BOLIVAR,ACHI,EL ALGARROBO,
05,004,99,15,BOLIVAR,ACHI,EL GALLEGO,
05,004,99,21,BOLIVAR,ACHI,GUACAMAYO,
05,004,99,25,BOLIVAR,ACHI,GUAMO,
05,004,99,30,BOLIVAR,ACHI,LOS NISPEROS,
05,004,99,32,BOLIVAR,ACHI,NUEVA ESPERANZA,
05,004,99,34,BOLIVAR,ACHI,PALENQUILLO,
05,004,99,35,BOLIVAR,ACHI,PAYANDE,
05,004,99,37,BOLIVAR,ACHI,PLAYA ALTA,
05,004,99,39,BOLIVAR,ACHI,PUERTO VENECIA,
05,004,99,40,BOLIVAR,ACHI,PUERTO ISABEL,
05,004,99,42,BOLIVAR,ACHI,PROVIDENCIA,
05,004,99,45,BOLIVAR,ACHI,RIONEGRO,
05,004,99,52,BOLIVAR,ACHI,SANTA LUCIA,
05,004,99,53,BOLIVAR,ACHI,TACUYALTA,
05,004,99,61,BOLIVAR,ACHI,TRES CRUCES,
05,004,99,63,BOLIVAR,ACHI,,CORREGIMIENTO PARAISO                   10000011800000128000001
05,005,00,00,BOLIVAR,ARENAL,PUESTO CABECERA MUNICIPAL,
05,005,99,10,BOLIVAR,ARENAL,BUENAVISTA,
05,005,99,15,BOLIVAR,ARENAL,CARNIZALA,
05,005,99,20,BOLIVAR,ARENAL,SAN RAFAEL,
05,005,99,25,BOLIVAR,ARENAL,SANTO DOMINGO,
05,005,99,30,BOLIVAR,ARENAL,SAN AGUSTIN,
05,005,99,35,BOLIVAR,ARENAL,SABANA BAJA,
05,006,00,00,BOLIVAR,ALTOS DEL ROSARIO,PUESTO CABECERA MUNICIPAL,
05,006,99,15,BOLIVAR,ALTOS DEL ROSARIO,EL RUBIO,
05,006,99,20,BOLIVAR,ALTOS DEL ROSARIO,LA PACHA,
05,006,99,38,BOLIVAR,ALTOS DEL ROSARIO,SAN ISIDRO,
05,006,99,40,BOLIVAR,ALTOS DEL ROSARIO,SANTA LUCIA,
05,007,01,01,BOLIVAR,ARJONA,ESC. REPUBLICA DE COLOMBIA,COMUNA 1
05,007,01,02,BOLIVAR,ARJONA,COL BENJAMIN HERRERA,COMUNA 2
05,007,01,03,BOLIVAR,ARJONA,CENTRO DE ALTO RENDIMIENTO,COMUNA 2
05,007,01,04,BOLIVAR,ARJONA,INST EDUC MARIA MICHELSEN DE LOPEZ,COMUNA 1
05,007,02,01,BOLIVAR,ARJONA,INST.EDUC.CATALINA HERRERA,COMUNA 3
05,007,02,02,BOLIVAR,ARJONA,ESC MIX ANGELA DORADO,COMUNA 3
05,007,02,03,BOLIVAR,ARJONA,ESC FRANCISCO DE PAULA SANTANDER,COMUNA 4
05,007,02,04,BOLIVAR,ARJONA,IE DOMINGO TARRA GUARDO SD MANUELA BELTR,COMUNA 4
05,007,90,01,BOLIVAR,ARJONA,COLEGIO INDUSTRIAL DON BOSCO,
05,007,99,01,BOLIVAR,ARJONA,PUERTO BADEL (CAÑO SALADO),
05,007,99,04,BOLIVAR,ARJONA,GAMBOTE,CORREGIMIENTO DE GAMBOTE
05,007,99,05,BOLIVAR,ARJONA,ROCHA,CORREGIMIENTO DE ROCHA
05,007,99,09,BOLIVAR,ARJONA,SINCERIN,CORREGIMIENTO DE SINCERIN
05,009,00,00,BOLIVAR,ARROYO HONDO,PUESTO CABECERA MUNICIPAL,
05,009,99,17,BOLIVAR,ARROYO HONDO,MACHADO,
05,009,99,19,BOLIVAR,ARROYO HONDO,MONROY,
05,009,99,21,BOLIVAR,ARROYO HONDO,PILON,
05,009,99,29,BOLIVAR,ARROYO HONDO,SATO,
05,009,99,35,BOLIVAR,ARROYO HONDO,SAN FRANCISCO,
05,010,00,00,BOLIVAR,BARRANCO DE LOBA,PUESTO CABECERA MUNICIPAL,
05,010,99,04,BOLIVAR,BARRANCO DE LOBA,LOS CERRITOS,
05,010,99,05,BOLIVAR,BARRANCO DE LOBA,RIONUEVO,
05,010,99,09,BOLIVAR,BARRANCO DE LOBA,SAN ANTONIO,
05,010,99,40,BOLIVAR,BARRANCO DE LOBA,LAS MINAS DE SANTA CRUZ,
05,010,99,50,BOLIVAR,BARRANCO DE LOBA,LAS DELICIAS,
05,010,99,70,BOLIVAR,BARRANCO DE LOBA,PUEBLITO MEJIA,
05,013,00,00,BOLIVAR,CALAMAR,PUESTO CABECERA MUNICIPAL,
05,013,99,05,BOLIVAR,CALAMAR,BARRANCA NUEVA,
05,013,99,09,BOLIVAR,CALAMAR,BARRANCA VIEJA,
05,013,99,13,BOLIVAR,CALAMAR,HATO VIEJO,
05,013,99,25,BOLIVAR,CALAMAR,SAN PEDRITO,
05,013,99,33,BOLIVAR,CALAMAR,YUCAL,
05,014,00,00,BOLIVAR,CANTAGALLO,PUESTO CABECERA MUNICIPAL,
05,014,99,10,BOLIVAR,CANTAGALLO,BRISAS DE BOLIVAR,
05,014,99,20,BOLIVAR,CANTAGALLO,LAVICTORIA,
05,014,99,50,BOLIVAR,CANTAGALLO,SAN LORENZO,
05,015,00,00,BOLIVAR,CICUCO,PUESTO CABECERA MUNICIPAL,
05,015,99,20,BOLIVAR,CICUCO,CAMPO SERENO,
05,015,99,35,BOLIVAR,CICUCO,LA PEÑA,
05,015,99,40,BOLIVAR,CICUCO,PUEBLO NUEVO,
05,015,99,65,BOLIVAR,CICUCO,SAN FRANCISCO DE LOBA,
05,015,99,70,BOLIVAR,CICUCO,SAN JAVIER,
05,016,00,00,BOLIVAR,CORDOBA,PUESTO CABECERA MUNICIPAL,
05,016,99,01,BOLIVAR,CORDOBA,GUAIMARAL,
05,016,99,05,BOLIVAR,CORDOBA,SAN ANDRES,
05,016,99,06,BOLIVAR,CORDOBA,SINCELEJITO,
05,016,99,09,BOLIVAR,CORDOBA,TACAMOCHO,
05,016,99,20,BOLIVAR,CORDOBA,MARTIN ALONZO,
05,016,99,26,BOLIVAR,CORDOBA,PUEBLO NUEVO,
05,016,99,70,BOLIVAR,CORDOBA,SANTA LUCIA,
05,016,99,80,BOLIVAR,CORDOBA,TACAMOCHITO,
05,016,99,90,BOLIVAR,CORDOBA,VEREDA LA SIERRA,
05,018,00,00,BOLIVAR,CLEMENCIA,PUESTO CABECERA MUNICIPAL,
05,018,99,15,BOLIVAR,CLEMENCIA,EL PEÑIQUE,
05,018,99,20,BOLIVAR,CLEMENCIA,LAS CARAS,
05,022,01,01,BOLIVAR,EL CARMEN DE BOLIVAR,IE AGROEMP  JULIO CESAR TURBAY,
05,022,01,02,BOLIVAR,EL CARMEN DE BOLIVAR,IE ESPIRITU SANTO,
05,022,01,03,BOLIVAR,EL CARMEN DE BOLIVAR,IE GABRIEL GARCIA TABOADA,
05,022,01,04,BOLIVAR,EL CARMEN DE BOLIVAR,IE TEC AGROEMP GABRIELA MISTRAL,
05,022,01,05,BOLIVAR,EL CARMEN DE BOLIVAR,IE TEC AGRO GIOVANNI CRISTINI SEDE JFK,
05,022,01,06,BOLIVAR,EL CARMEN DE BOLIVAR,IE MARIA INMACULADA,
05,022,02,01,BOLIVAR,EL CARMEN DE BOLIVAR,IE MANUEL EDMUNDO MENDOZA,
05,022,02,02,BOLIVAR,EL CARMEN DE BOLIVAR,IE TEC IND JUAN FEDERICO HOLLMAN,
05,022,99,01,BOLIVAR,EL CARMEN DE BOLIVAR,BAJO GRANDE,
05,022,99,05,BOLIVAR,EL CARMEN DE BOLIVAR,CARACOLI,
05,022,99,07,BOLIVAR,EL CARMEN DE BOLIVAR,CENTRO ALEGRE,
05,022,99,08,BOLIVAR,EL CARMEN DE BOLIVAR,EL HOBO,
05,022,99,09,BOLIVAR,EL CARMEN DE BOLIVAR,EL SALADO,
05,022,99,10,BOLIVAR,EL CARMEN DE BOLIVAR,GUAMANGA,
05,022,99,11,BOLIVAR,EL CARMEN DE BOLIVAR,HATO NUEVO,
05,022,99,13,BOLIVAR,EL CARMEN DE BOLIVAR,JESUS DEL MONTE,
05,022,99,15,BOLIVAR,EL CARMEN DE BOLIVAR,CANZONA,
05,022,99,16,BOLIVAR,EL CARMEN DE BOLIVAR,LA SIERRA,
05,022,99,17,BOLIVAR,EL CARMEN DE BOLIVAR,MACAYEPO,
05,022,99,18,BOLIVAR,EL CARMEN DE BOLIVAR,LAZARO,
05,022,99,19,BOLIVAR,EL CARMEN DE BOLIVAR,ARENAS,
05,022,99,20,BOLIVAR,EL CARMEN DE BOLIVAR,RAIZAL SANTA LUCIA,
05,022,99,21,BOLIVAR,EL CARMEN DE BOLIVAR,SAN CARLOS,
05,022,99,25,BOLIVAR,EL CARMEN DE BOLIVAR,SAN ISIDRO,
05,022,99,32,BOLIVAR,EL CARMEN DE BOLIVAR,SANTO DOMINGO DE MEZA,
05,022,99,65,BOLIVAR,EL CARMEN DE BOLIVAR,VERDUM,
05,025,00,00,BOLIVAR,EL GUAMO,PUESTO CABECERA MUNICIPAL,
05,025,99,01,BOLIVAR,EL GUAMO,LA ENEA,
05,025,99,05,BOLIVAR,EL GUAMO,LATA,
05,025,99,09,BOLIVAR,EL GUAMO,NERVITI,
05,025,99,13,BOLIVAR,EL GUAMO,ROBLES,
05,025,99,17,BOLIVAR,EL GUAMO,TASAJERA,
05,026,00,00,BOLIVAR,HATILLO DE LOBA,PUESTO CABECERA MUNICIPAL,
05,026,99,04,BOLIVAR,HATILLO DE LOBA,CERRO DE LAS AGUADAS,
05,026,99,12,BOLIVAR,HATILLO DE LOBA,EL POZON,
05,026,99,20,BOLIVAR,HATILLO DE LOBA,JUANA SANCHEZ,
05,026,99,30,BOLIVAR,HATILLO DE LOBA,LA RIBONA,
05,026,99,32,BOLIVAR,HATILLO DE LOBA,LA VICTORIA,
05,026,99,36,BOLIVAR,HATILLO DE LOBA,LAS BRISAS,
05,026,99,42,BOLIVAR,HATILLO DE LOBA,PUEBLO NUEVO,
05,026,99,55,BOLIVAR,HATILLO DE LOBA,SAN MIGUEL,
05,027,00,00,BOLIVAR,EL PEÑON,PUESTO CABECERA MUNICIPAL,
05,027,99,03,BOLIVAR,EL PEÑON,BUENOS AIRES,
05,027,99,04,BOLIVAR,EL PEÑON,CASTAÑAL,
05,027,99,15,BOLIVAR,EL PEÑON,CHAPETONA,
05,027,99,20,BOLIVAR,EL PEÑON,LA HUMAREDA,
05,027,99,25,BOLIVAR,EL PEÑON,EL JAPON,
05,027,99,31,BOLIVAR,EL PEÑON,PEÑONCITO,
05,028,01,01,BOLIVAR,MAGANGUE,COLEGIO COMUNAL VERSALLES SD SUR,COMUNA 1
05,028,01,02,BOLIVAR,MAGANGUE,COLEGIO DPTAL YATI,COMUNA 1
05,028,01,03,BOLIVAR,MAGANGUE,I.E.COMUNAL VERSALLES SEDE PAL,COMUNA 2
05,028,01,04,BOLIVAR,MAGANGUE,I.E.COM. VERSALLES S.ILUSION,COMUNA 2
05,028,01,05,BOLIVAR,MAGANGUE,I.E. LICEO MODERNO DE LA CANDELARIA,COMUNA 1
05,028,02,01,BOLIVAR,MAGANGUE,INST.EDUC.SAN JOSE N.,COMUNA 3
05,028,02,02,BOLIVAR,MAGANGUE,COLISEO CUBIERTO DE ALTO R.,COMUNA 4
05,028,02,03,BOLIVAR,MAGANGUE,LICEO JOAQUIN FDO. VELEZ,COMUNA 5
05,028,02,04,BOLIVAR,MAGANGUE,ESC. OFICIAL CAMILO TORRES,COMUNA 5
05,028,02,05,BOLIVAR,MAGANGUE,I.E. SAN JOSE No.,COMUNA 3
05,028,90,01,BOLIVAR,MAGANGUE,IE LICEO MODERNO,
05,028,98,01,BOLIVAR,MAGANGUE,CARCEL,
05,028,99,01,BOLIVAR,MAGANGUE,BARBOSA,CORREGIMIENTO BARBOSA
05,028,99,05,BOLIVAR,MAGANGUE,BARRANCA DE YUCA,CORREGIMIENTO BARRANCA DE YUCA
05,028,99,07,BOLIVAR,MAGANGUE,BETANIA,CORREGIMIENTO BETANIA
05,028,99,09,BOLIVAR,MAGANGUE,BOCAS DE SAN ANTONIO,CORREGIMIENTO BOCAS DE SAN ANT
05,028,99,17,BOLIVAR,MAGANGUE,CASCAJAL,CORREGIMIENTO CASCAJAL
05,028,99,19,BOLIVAR,MAGANGUE,CEIBAL,CORREGIMIENTO  CEIBAL
05,028,99,21,BOLIVAR,MAGANGUE,COYONGAL,CORREGIMIENTO  COYONGAL
05,028,99,22,BOLIVAR,MAGANGUE,EL CUATRO,CORREGIMIENTO  EL CUATRO
05,028,99,23,BOLIVAR,MAGANGUE,GUAZO,CORREGIMIENTO  GUAZO
05,028,99,25,BOLIVAR,MAGANGUE,HENEQUEN,CORREGIMIENTO HENEQUEN
05,028,99,27,BOLIVAR,MAGANGUE,EMAUS,CORREGIMIENTO EMAUS
05,028,99,29,BOLIVAR,MAGANGUE,ISLA GRANDE,CORREGIMIENTO ISLA GRANDE
05,028,99,33,BOLIVAR,MAGANGUE,JUAN ARIAS,CORREGIMIENTO JUAN ARIAS
05,028,99,37,BOLIVAR,MAGANGUE,LA PASCUALA,CORREGIMIENTO LA PASCUALA
05,028,99,39,BOLIVAR,MAGANGUE,LAS BRISAS,CORREGIMIENTO LAS BRISAS
05,028,99,41,BOLIVAR,MAGANGUE,MADRID,CORREGIMIENTO MADRID
05,028,99,43,BOLIVAR,MAGANGUE,PANSEGUITA,CORREGIMIENTO PANSEGUITA
05,028,99,45,BOLIVAR,MAGANGUE,PALMARITO,CORREGIMIENTO PALMARITO
05,028,99,49,BOLIVAR,MAGANGUE,PIÑALITO,CORREGIMIENTO PIÑALITO
05,028,99,50,BOLIVAR,MAGANGUE,PLAYA DE LAS FLORES,CORREGIMIENTO PLAYA DE LAS FL
05,028,99,51,BOLIVAR,MAGANGUE,PUERTO KENNEDY,CORREGIMIENTO PUERTO KENNEDY
05,028,99,52,BOLIVAR,MAGANGUE,PUNTA DE CARTAGENA,CORREGIMIENTO PUNTA DE CARTAG
05,028,99,53,BOLIVAR,MAGANGUE,EL RETIRO,CORREGIMIENTO EL RETIRO
05,028,99,54,BOLIVAR,MAGANGUE,PUERTO NARIÑO,CORREGIMIENTO PUERTO NARIÑO
05,028,99,55,BOLIVAR,MAGANGUE,ROMA,CORREGIMIENTO ROMA
05,028,99,56,BOLIVAR,MAGANGUE,SAN ANTOÑITO,CORREGIMIENTO SAN ANTOÑITO
05,028,99,57,BOLIVAR,MAGANGUE,SAN JOSE DE LAS MARTAS,
05,028,99,59,BOLIVAR,MAGANGUE,SAN RAFAEL DE CORTINA,
05,028,99,61,BOLIVAR,MAGANGUE,SAN SEBASTIAN DE BUENAVISTA,
05,028,99,62,BOLIVAR,MAGANGUE,SANTA COITA,CORREGIMIENTO SANTA COITA
05,028,99,63,BOLIVAR,MAGANGUE,SANTA FE,CORREGIMIENTO SANTA FE
05,028,99,65,BOLIVAR,MAGANGUE,SANTA LUCIA,CORREGIMIENTO SANTA LUCIA
05,028,99,66,BOLIVAR,MAGANGUE,SANTA MONICA,CORREGIMIENTO SANTA MONICA
05,028,99,67,BOLIVAR,MAGANGUE,SANTA PABLA,CORREGIMIENTO SANTA PABLA
05,028,99,73,BOLIVAR,MAGANGUE,SITIONUEVO,CORREGIMIENTO SITIONUEVO
05,028,99,77,BOLIVAR,MAGANGUE,TACALOA,CORREGIMIENTO TACALOA
05,028,99,81,BOLIVAR,MAGANGUE,TACASALUMA,CORREGIMIENTO TACASALUMA
05,028,99,82,BOLIVAR,MAGANGUE,TRES PUNTAS,CORREGIMIENTO SABANETA
05,028,99,83,BOLIVAR,MAGANGUE,TOLU,CORREGIMIENTO TOLU
05,028,99,84,BOLIVAR,MAGANGUE,LA VENTURA,CORREGIMIENTO LA  VENTURA
05,028,99,93,BOLIVAR,MAGANGUE,SABANETA,CORREGIMIENTO SABANETA
05,031,00,01,BOLIVAR,MAHATES,IE CAMILO TORRES SD NUESTRA SEÑORA DEL C,
05,031,00,02,BOLIVAR,MAHATES,IE CAMILO TORRES SD SAGRADO CORAZON DE J,
05,031,99,01,BOLIVAR,MAHATES,EVITAR,
05,031,99,05,BOLIVAR,MAHATES,GAMERO,
05,031,99,09,BOLIVAR,MAHATES,MALAGANA,
05,031,99,10,BOLIVAR,MAHATES,MANDINGA,
05,031,99,13,BOLIVAR,MAHATES,SAN BASILIO DEL PALENQUE,
05,031,99,15,BOLIVAR,MAHATES,SAN JOAQUIN,
05,037,00,00,BOLIVAR,MARGARITA,I.E.DE MARGARITA - SEDE MARIA BERNARDA,
05,037,99,01,BOLIVAR,MARGARITA,BOTON DE LEIVA,
05,037,99,05,BOLIVAR,MARGARITA,CAUSADO,
05,037,99,09,BOLIVAR,MARGARITA,CANTERA,
05,037,99,10,BOLIVAR,MARGARITA,CAÑO MONO,
05,037,99,11,BOLIVAR,MARGARITA,COROCITO,
05,037,99,13,BOLIVAR,MARGARITA,CHILLOA,
05,037,99,17,BOLIVAR,MARGARITA,DOÑA JUANA,
05,037,99,21,BOLIVAR,MARGARITA,GUATACA SUR,
05,037,99,22,BOLIVAR,MARGARITA,LA MONTAÑA,
05,037,99,25,BOLIVAR,MARGARITA,MAMONCITO,
05,037,99,27,BOLIVAR,MARGARITA,SAN JOSE,
05,037,99,29,BOLIVAR,MARGARITA,SANDOVAL,
05,040,01,01,BOLIVAR,MARIA LA BAJA,I.E.T.A . D. D.R SEDE LAS DELI,
05,040,01,02,BOLIVAR,MARIA LA BAJA,I.E. RAFAEL URIBE URIBE SEDE,
05,040,01,03,BOLIVAR,MARIA LA BAJA,CENTRO DE INTEGRACION CIUDADANA CIC,
05,040,02,01,BOLIVAR,MARIA LA BAJA,I.E. RAFAEL URIBE URIBE SEDE,
05,040,02,02,BOLIVAR,MARIA LA BAJA,I.E TEC ACUICOLA SAN FRANCSICO,
05,040,02,03,BOLIVAR,MARIA LA BAJA,IETAE SAN FRANCISCO ASIS SD PTO SANT.,
05,040,02,04,BOLIVAR,MARIA LA BAJA,INSTITUCIÓN EDUCATIVA SAN LUIS BELTRAN,
05,040,99,01,BOLIVAR,MARIA LA BAJA,CORREA,
05,040,99,02,BOLIVAR,MARIA LA BAJA,ARROYO GRANDE,
05,040,99,04,BOLIVAR,MARIA LA BAJA,COLÚ,
05,040,99,05,BOLIVAR,MARIA LA BAJA,EL NISPERO,
05,040,99,09,BOLIVAR,MARIA LA BAJA,FLAMENCO,
05,040,99,11,BOLIVAR,MARIA LA BAJA,LOS BELLOS,
05,040,99,13,BOLIVAR,MARIA LA BAJA,MAMPUJAN,
05,040,99,14,BOLIVAR,MARIA LA BAJA,MATUYA,
05,040,99,15,BOLIVAR,MARIA LA BAJA,NUEVA FLORIDA,
05,040,99,17,BOLIVAR,MARIA LA BAJA,ÑANGUMA,
05,040,99,21,BOLIVAR,MARIA LA BAJA,RETIRO NUEVO,
05,040,99,25,BOLIVAR,MARIA LA BAJA,SAN JOSE DEL PLAYON,
05,040,99,29,BOLIVAR,MARIA LA BAJA,SAN PABLO,
05,040,99,30,BOLIVAR,MARIA LA BAJA,PUEBLO NUEVO,
05,040,99,31,BOLIVAR,MARIA LA BAJA,SAN PABLO,
05,040,99,33,BOLIVAR,MARIA LA BAJA,EL SENA,
05,041,00,00,BOLIVAR,MONTECRISTO,PUESTO CABECERA MUNICIPAL,
05,041,99,02,BOLIVAR,MONTECRISTO,ALTO CARIBONA,
05,041,99,10,BOLIVAR,MONTECRISTO,BETANIA,
05,041,99,12,BOLIVAR,MONTECRISTO,CAMPO ALEGRE,
05,041,99,15,BOLIVAR,MONTECRISTO,EL PARAISO,
05,041,99,20,BOLIVAR,MONTECRISTO,EL DORADO,
05,041,99,38,BOLIVAR,MONTECRISTO,PLATANAL,
05,041,99,40,BOLIVAR,MONTECRISTO,PUEBLO LINDO,
05,041,99,42,BOLIVAR,MONTECRISTO,PUERTO ESPAÑA,
05,041,99,44,BOLIVAR,MONTECRISTO,REGENERACION,
05,041,99,46,BOLIVAR,MONTECRISTO,SAN AGUSTIN,
05,041,99,52,BOLIVAR,MONTECRISTO,SAN MATEO,
05,041,99,60,BOLIVAR,MONTECRISTO,TABURETERA,
05,041,99,65,BOLIVAR,MONTECRISTO,VILLA ESPERANZA,
05,041,99,70,BOLIVAR,MONTECRISTO,VILLA URIBE,
05,043,01,01,BOLIVAR,MOMPOS,IE TEC COL NAL PINILLOS SD M AUXILIADORA,
05,043,01,02,BOLIVAR,MOMPOS,IE TEC AGRO T. NAJERA SD A HEREDIA,
05,043,02,01,BOLIVAR,MOMPOS,IE TEC COL NAL PINILLOS,
05,043,02,02,BOLIVAR,MOMPOS,COL STA CRUZ DE MOMPOS,
05,043,99,01,BOLIVAR,MOMPOS,CALDERA,
05,043,99,03,BOLIVAR,MOMPOS,ANCON,
05,043,99,05,BOLIVAR,MOMPOS,CANDELARIA,
05,043,99,06,BOLIVAR,MOMPOS,EL CARMEN DE CICUCO,
05,043,99,08,BOLIVAR,MOMPOS,EL ROSARIO,
05,043,99,09,BOLIVAR,MOMPOS,BOMBA,
05,043,99,21,BOLIVAR,MOMPOS,GUAIMARAL,
05,043,99,25,BOLIVAR,MOMPOS,GUATACA,
05,043,99,29,BOLIVAR,MOMPOS,LA LOBATA,
05,043,99,37,BOLIVAR,MOMPOS,LA RINCONADA,
05,043,99,39,BOLIVAR,MOMPOS,LA JAGUA,
05,043,99,40,BOLIVAR,MOMPOS,LA TRAVESIA,
05,043,99,41,BOLIVAR,MOMPOS,LAS BOQUILLAS,
05,043,99,45,BOLIVAR,MOMPOS,LOMA DE SIMON,
05,043,99,49,BOLIVAR,MOMPOS,LOS PIÑONES,
05,043,99,55,BOLIVAR,MOMPOS,PUEBLO NUEVO,
05,043,99,65,BOLIVAR,MOMPOS,SAN IGNACIO,
05,043,99,67,BOLIVAR,MOMPOS,SAN LUIS,
05,043,99,69,BOLIVAR,MOMPOS,SAN NICOLAS,
05,043,99,73,BOLIVAR,MOMPOS,SANTA CRUZ,
05,043,99,74,BOLIVAR,MOMPOS,SANTA ELENA,
05,043,99,75,BOLIVAR,MOMPOS,SANTA ROSA,
05,043,99,77,BOLIVAR,MOMPOS,SANTA TERESITA,
05,043,99,90,BOLIVAR,MOMPOS,VILLANUEVA,
05,044,00,00,BOLIVAR,MORALES,CDI UN MUNDO DE AMOR,
05,044,99,02,BOLIVAR,MORALES,BOCA DE LA HONDA,
05,044,99,03,BOLIVAR,MORALES,BODEGA CENTRAL,
05,044,99,05,BOLIVAR,MORALES,EL DIQUE,
05,044,99,06,BOLIVAR,MORALES,CORCOBADO,
05,044,99,07,BOLIVAR,MORALES,LA PALMA,
05,044,99,08,BOLIVAR,MORALES,LA ESMERALDA,
05,044,99,09,BOLIVAR,MORALES,LAS PAILAS,
05,044,99,13,BOLIVAR,MORALES,MICOAHUMADO,
05,044,99,20,BOLIVAR,MORALES,MINA GALLO,
05,044,99,30,BOLIVAR,MORALES,PAREDES DE ORORIA,
05,050,00,00,BOLIVAR,NOROSI,PUESTO CABECERA MUNICIPAL,
05,050,99,01,BOLIVAR,NOROSI,BUENA SEÑA,
05,050,99,02,BOLIVAR,NOROSI,EL BEBEDERO,
05,050,99,03,BOLIVAR,NOROSI,LAS NIEVES,
05,050,99,05,BOLIVAR,NOROSI,CASA DE BARRO,
05,050,99,09,BOLIVAR,NOROSI,OLIVARES,
05,050,99,13,BOLIVAR,NOROSI,SANTA ELENA,
05,050,99,17,BOLIVAR,NOROSI,MINA BRISA,
05,050,99,19,BOLIVAR,NOROSI,MINA ESTRELLA,
05,050,99,21,BOLIVAR,NOROSI,VILLA ARIZA,
05,059,00,00,BOLIVAR,PINILLOS,PUESTO CABECERA MUNICIPAL,
05,059,99,01,BOLIVAR,PINILLOS,ARMENIA,
05,059,99,07,BOLIVAR,PINILLOS,BUENOS AIRES,
05,059,99,12,BOLIVAR,PINILLOS,EL LIBANO,
05,059,99,15,BOLIVAR,PINILLOS,LA RUFINA,
05,059,99,16,BOLIVAR,PINILLOS,LA UNION,
05,059,99,17,BOLIVAR,PINILLOS,LAS CONCHITAS,
05,059,99,18,BOLIVAR,PINILLOS,LAS FLORES,
05,059,99,19,BOLIVAR,PINILLOS,LA UNION (CABECERA),
05,059,99,20,BOLIVAR,PINILLOS,LA VICTORIA,
05,059,99,21,BOLIVAR,PINILLOS,MANTEQUERA,
05,059,99,24,BOLIVAR,PINILLOS,NICARAGUA,
05,059,99,25,BOLIVAR,PINILLOS,PALENQUITO,
05,059,99,29,BOLIVAR,PINILLOS,INSTITUCION EDUCATIVA DE PALOMINO,
05,059,99,31,BOLIVAR,PINILLOS,PUERTO LOPEZ,
05,059,99,32,BOLIVAR,PINILLOS,PUERTO NUEVO,
05,059,99,34,BOLIVAR,PINILLOS,PUERTO BELLO,
05,059,99,37,BOLIVAR,PINILLOS,SANTA COA,
05,059,99,38,BOLIVAR,PINILLOS,SAN FRANCISCO,
05,059,99,39,BOLIVAR,PINILLOS,SANTA ELENA (EL ESTOPAL),
05,059,99,41,BOLIVAR,PINILLOS,SANTA ROSA,
05,059,99,43,BOLIVAR,PINILLOS,TAPOA,
05,059,99,44,BOLIVAR,PINILLOS,VIDA TRANQUILA,
05,059,99,55,BOLIVAR,PINILLOS,LOS LIMONES,
05,059,99,60,BOLIVAR,PINILLOS,MONTECELIO,
05,063,00,00,BOLIVAR,REGIDOR,PUESTO CABECERA MUNICIPAL,
05,063,99,70,BOLIVAR,REGIDOR,EL PIÑAL,
05,063,99,75,BOLIVAR,REGIDOR,LOS CAIMANES,
05,063,99,80,BOLIVAR,REGIDOR,SAN ANTONIO,
05,063,99,83,BOLIVAR,REGIDOR,SAN CAYETANO,
05,063,99,86,BOLIVAR,REGIDOR,SANTA TERESA,
05,065,00,00,BOLIVAR,RIOVIEJO,PUESTO CABECERA MUNICIPAL,
05,065,99,05,BOLIVAR,RIOVIEJO,CAMPO ALEGRE,
05,065,99,08,BOLIVAR,RIOVIEJO,COBADILLO,
05,065,99,12,BOLIVAR,RIOVIEJO,CAIMITAL,
05,065,99,15,BOLIVAR,RIOVIEJO,HATILLO,
05,065,99,20,BOLIVAR,RIOVIEJO,BLANCAS PALOMAS,
05,065,99,25,BOLIVAR,RIOVIEJO,MACEDONIA,
05,070,00,00,BOLIVAR,SAN ESTANISLAO,INSTITUCION EDUC MAURICIO NELSON VISBAL,
05,070,99,05,BOLIVAR,SAN ESTANISLAO,LAS PIEDRAS,
05,072,00,00,BOLIVAR,SAN CRISTOBAL,INSTITUCION EDUC SAN CRISTOBAL SEDE -,
05,072,99,20,BOLIVAR,SAN CRISTOBAL,HIGUERETAL,
05,073,00,00,BOLIVAR,SAN FERNANDO,PUESTO CABECERA MUNICIPAL,
05,073,99,01,BOLIVAR,SAN FERNANDO,GUASIMAL,
05,073,99,02,BOLIVAR,SAN FERNANDO,EL PALMAR,
05,073,99,04,BOLIVAR,SAN FERNANDO,EL GATO,
05,073,99,05,BOLIVAR,SAN FERNANDO,CENTRO DE VIDA,
05,073,99,06,BOLIVAR,SAN FERNANDO,JOLON,
05,073,99,07,BOLIVAR,SAN FERNANDO,PORVENIR,
05,073,99,12,BOLIVAR,SAN FERNANDO,PUNTA DE HORNOS,
05,073,99,13,BOLIVAR,SAN FERNANDO,SANTA ROSA,
05,073,99,20,BOLIVAR,SAN FERNANDO,EL CONTADERO,
05,073,99,40,BOLIVAR,SAN FERNANDO,LA GUADUA,
05,073,99,45,BOLIVAR,SAN FERNANDO,LAS CUEVAS,
05,073,99,55,BOLIVAR,SAN FERNANDO,PAMPANILLO,
05,076,01,01,BOLIVAR,SAN JACINTO,I.E. PIO XII,
05,076,01,02,BOLIVAR,SAN JACINTO,I.E. LEON XIII - SEDE SANTA LUCIA,
05,076,02,01,BOLIVAR,SAN JACINTO,I.E. PIO XII - SD RAFAEL NUÑEZ,
05,076,02,02,BOLIVAR,SAN JACINTO,I.E. LEON XIII - SEDE LA ANUCIACION,
05,076,99,01,BOLIVAR,SAN JACINTO,ARENAS,
05,076,99,05,BOLIVAR,SAN JACINTO,BAJO GRANDE,
05,076,99,07,BOLIVAR,SAN JACINTO,EL PARAISO,
05,076,99,08,BOLIVAR,SAN JACINTO,LAS CHARQUITAS,
05,076,99,09,BOLIVAR,SAN JACINTO,LAS PALMAS,
05,076,99,10,BOLIVAR,SAN JACINTO,LAS MERCEDES,
05,076,99,17,BOLIVAR,SAN JACINTO,SAN CRISTOBAL,
05,078,00,00,BOLIVAR,SAN JACINTO DEL CAUCA,PUESTO CABECERA MUNICIPAL,
05,078,99,10,BOLIVAR,SAN JACINTO DEL CAUCA,ASTILLEROS,
05,078,99,20,BOLIVAR,SAN JACINTO DEL CAUCA,BERMUDEZ,
05,078,99,30,BOLIVAR,SAN JACINTO DEL CAUCA,CAIMITAL,
05,078,99,35,BOLIVAR,SAN JACINTO DEL CAUCA,GALINDO,
05,078,99,40,BOLIVAR,SAN JACINTO DEL CAUCA,LA RAYA,
05,078,99,42,BOLIVAR,SAN JACINTO DEL CAUCA,TENCHE,
05,078,99,45,BOLIVAR,SAN JACINTO DEL CAUCA,MEJICO,
05,079,01,01,BOLIVAR,SAN JUAN NEPOMUCENO,IE NORMAL SUP MONTES DE MARIA SD EL PROG,
05,079,01,02,BOLIVAR,SAN JUAN NEPOMUCENO,INS.ED.DIOGENES ARRIETA ARRIB,
05,079,02,01,BOLIVAR,SAN JUAN NEPOMUCENO,INS.ED.NOR.SUP.M.DE MARIA PRI,
05,079,02,02,BOLIVAR,SAN JUAN NEPOMUCENO,INS.ED.LA FLORESTA SAN JOSE,
05,079,02,03,BOLIVAR,SAN JUAN NEPOMUCENO,IE TECNICA AGROPECUARIA RODOLFO BARRIOS,
05,079,02,04,BOLIVAR,SAN JUAN NEPOMUCENO,IE TECNICA EN SISTEMAS LA FLORESTA SD P,
05,079,99,01,BOLIVAR,SAN JUAN NEPOMUCENO,CORRALITO,
05,079,99,02,BOLIVAR,SAN JUAN NEPOMUCENO,SAN PEDRO CONSOLADO,
05,079,99,03,BOLIVAR,SAN JUAN NEPOMUCENO,LA HAYA,
05,079,99,04,BOLIVAR,SAN JUAN NEPOMUCENO,SAN JOSE DEL PEÑON,
05,079,99,05,BOLIVAR,SAN JUAN NEPOMUCENO,SAN AGUSTIN,
05,079,99,06,BOLIVAR,SAN JUAN NEPOMUCENO,SAN CAYETANO,
05,079,99,07,BOLIVAR,SAN JUAN NEPOMUCENO,SAN CAYETANO BACHILLERATO,
05,079,99,08,BOLIVAR,SAN JUAN NEPOMUCENO,SAN CAYETANO  - ARROYO HONDO,
05,082,00,00,BOLIVAR,SAN MARTIN DE LOBA,PUESTO CABECERA MUNICIPAL,
05,082,99,01,BOLIVAR,SAN MARTIN DE LOBA,CHIMI,
05,082,99,06,BOLIVAR,SAN MARTIN DE LOBA,EL VARAL,
05,082,99,10,BOLIVAR,SAN MARTIN DE LOBA,JOBO,
05,082,99,25,BOLIVAR,SAN MARTIN DE LOBA,PAPAYAL,
05,082,99,29,BOLIVAR,SAN MARTIN DE LOBA,PLAYITAS,
05,082,99,32,BOLIVAR,SAN MARTIN DE LOBA,PUEBLO NVO CERRO DE JULIO,
05,084,00,00,BOLIVAR,SAN PABLO,PUESTO CABECERA MUNICIPAL,
05,084,99,01,BOLIVAR,SAN PABLO,CANALETAL,
05,084,99,02,BOLIVAR,SAN PABLO,VALLECITO,
05,084,99,04,BOLIVAR,SAN PABLO,AGUASUCIA,
05,084,99,13,BOLIVAR,SAN PABLO,EL CARMEN,
05,084,99,15,BOLIVAR,SAN PABLO,CAÑABRAVAL,
05,084,99,17,BOLIVAR,SAN PABLO,EL SOCORRO,
05,084,99,20,BOLIVAR,SAN PABLO,LA VIRGENCITA,
05,084,99,25,BOLIVAR,SAN PABLO,POZO AZUL,
05,084,99,30,BOLIVAR,SAN PABLO,CERRO AZUL,
05,084,99,53,BOLIVAR,SAN PABLO,SANTO DOMINGO,
05,084,99,70,BOLIVAR,SAN PABLO,VILLANUEVA,
05,091,00,00,BOLIVAR,SANTA CATALINA,PUESTO CABECERA MUNICIPAL,
05,091,99,01,BOLIVAR,SANTA CATALINA,PUEBLO NUEVO,
05,091,99,05,BOLIVAR,SANTA CATALINA,COLORADO,
05,091,99,13,BOLIVAR,SANTA CATALINA,GALERAZAMBA,
05,091,99,15,BOLIVAR,SANTA CATALINA,JOBO,
05,091,99,21,BOLIVAR,SANTA CATALINA,LOMA DE ARENA,
05,094,00,00,BOLIVAR,SANTA ROSA,PUESTO CABECERA MUNICIPAL,
05,095,00,00,BOLIVAR,SANTA ROSA DEL SUR,PUESTO CABECERA MUNICIPAL,
05,095,99,06,BOLIVAR,SANTA ROSA DEL SUR,BUENAVISTA,
05,095,99,12,BOLIVAR,SANTA ROSA DEL SUR,SAN FRANCISCO,
05,095,99,18,BOLIVAR,SANTA ROSA DEL SUR,FATIMA,
05,095,99,19,BOLIVAR,SANTA ROSA DEL SUR,LA MARIZOSA,
05,095,99,20,BOLIVAR,SANTA ROSA DEL SUR,LOS ARRAYANES,
05,095,99,24,BOLIVAR,SANTA ROSA DEL SUR,LOS CANELOS,
05,095,99,25,BOLIVAR,SANTA ROSA DEL SUR,SAN ISIDRO,
05,095,99,26,BOLIVAR,SANTA ROSA DEL SUR,SAN JUAN DE RIOGRANDE,
05,095,99,30,BOLIVAR,SANTA ROSA DEL SUR,SAN JOSE,
05,095,99,32,BOLIVAR,SANTA ROSA DEL SUR,SAN PEDRO FRIO,
05,095,99,36,BOLIVAR,SANTA ROSA DEL SUR,SAN LUCAS,
05,095,99,37,BOLIVAR,SANTA ROSA DEL SUR,SANTA ISABEL,
05,095,99,42,BOLIVAR,SANTA ROSA DEL SUR,VILLA FLOR,
05,095,99,43,BOLIVAR,SANTA ROSA DEL SUR,VEREDA SAN LUQUITAS,
05,095,99,44,BOLIVAR,SANTA ROSA DEL SUR,VEREDA SAN BENITO,
05,095,99,45,BOLIVAR,SANTA ROSA DEL SUR,MINA PEPO,
05,095,99,46,BOLIVAR,SANTA ROSA DEL SUR,MINA FORTUNA,
05,095,99,47,BOLIVAR,SANTA ROSA DEL SUR,LOS GUAYACANES,
05,097,00,00,BOLIVAR,SIMITI,PUESTO CABECERA MUNICIPAL,
05,097,99,01,BOLIVAR,SIMITI,ANIMAS ALTAS,
05,097,99,02,BOLIVAR,SIMITI,SINAI,
05,097,99,03,BOLIVAR,SIMITI,CAMPO PALLARES,
05,097,99,08,BOLIVAR,SIMITI,EL DIAMANTE,
05,097,99,10,BOLIVAR,SIMITI,EL PARAISO,
05,097,99,11,BOLIVAR,SIMITI,EL GARZAL,
05,097,99,12,BOLIVAR,SIMITI,LAS BRISAS,
05,097,99,18,BOLIVAR,SIMITI,ORORIA,
05,097,99,22,BOLIVAR,SIMITI,MONTERREY,
05,097,99,23,BOLIVAR,SIMITI,SAN BLAS,
05,097,99,25,BOLIVAR,SIMITI,SAN JOAQUIN,
05,097,99,27,BOLIVAR,SIMITI,SAN LUIS,
05,097,99,30,BOLIVAR,SIMITI,SANTA LUCIA,
05,097,99,49,BOLIVAR,SIMITI,VERACRUZ (CERRO DE BURGOS),
05,097,99,50,BOLIVAR,SIMITI,SABANA,
05,097,99,51,BOLIVAR,SIMITI,IETAC EUTIMIO GUTIERREZ MANJON,
05,106,00,00,BOLIVAR,SOPLAVIENTO,NUEVO LIBANO,
05,110,00,00,BOLIVAR,TALAIGUA NUEVO,PUESTO CABECERA MUNICIPAL,
05,110,99,14,BOLIVAR,TALAIGUA NUEVO,CAÑO HONDO,
05,110,99,28,BOLIVAR,TALAIGUA NUEVO,EL PORVENIR,
05,110,99,35,BOLIVAR,TALAIGUA NUEVO,EL VESUBIO,
05,110,99,49,BOLIVAR,TALAIGUA NUEVO,LAS MARIAS,
05,110,99,51,BOLIVAR,TALAIGUA NUEVO,LOS MANGOS,
05,110,99,56,BOLIVAR,TALAIGUA NUEVO,PATICO,
05,110,99,63,BOLIVAR,TALAIGUA NUEVO,PEÑON DE DURAN,
05,110,99,91,BOLIVAR,TALAIGUA NUEVO,SAN MARTIN (LA LADERA DE TALA,
05,110,99,96,BOLIVAR,TALAIGUA NUEVO,TUPE,
05,110,99,98,BOLIVAR,TALAIGUA NUEVO,TALAIGUA VIEJO,
05,113,00,00,BOLIVAR,TIQUISIO (PTO. RICO),INSTITUCION EDUCATIVA DE PUERTO RICO,
05,113,99,05,BOLIVAR,TIQUISIO (PTO. RICO),AGUAS NEGRAS,
05,113,99,10,BOLIVAR,TIQUISIO (PTO. RICO),BOCAS DE SOLIS,
05,113,99,15,BOLIVAR,TIQUISIO (PTO. RICO),BOLOMBOLO,
05,113,99,20,BOLIVAR,TIQUISIO (PTO. RICO),INSTITUCION EDUCATIVA DE COLORADO,
05,113,99,21,BOLIVAR,TIQUISIO (PTO. RICO),DOS BOCAS,
05,113,99,23,BOLIVAR,TIQUISIO (PTO. RICO),EL SUDAN,
05,113,99,30,BOLIVAR,TIQUISIO (PTO. RICO),LA VENTURA,
05,113,99,33,BOLIVAR,TIQUISIO (PTO. RICO),MINA SECA,
05,113,99,35,BOLIVAR,TIQUISIO (PTO. RICO),PALMA ESTERAL,
05,113,99,40,BOLIVAR,TIQUISIO (PTO. RICO),PUERTO COCA,
05,113,99,42,BOLIVAR,TIQUISIO (PTO. RICO),QUEBRADA DEL MEDIO,
05,113,99,50,BOLIVAR,TIQUISIO (PTO. RICO),SABANAS DEL FIRME,
05,113,99,65,BOLIVAR,TIQUISIO (PTO. RICO),TIQUISIO NUEVO,
05,113,99,70,BOLIVAR,TIQUISIO (PTO. RICO),INST EDUC DE MINA SECA SEDE LOS PLANOS,
05,118,01,01,BOLIVAR,TURBACO,INST EDC CRISANTO LUQUE,COMUNA 1
05,118,01,02,BOLIVAR,TURBACO,SENA REGIONAL BOLIVAR,COMUNA 1
05,118,01,03,BOLIVAR,TURBACO,INST EDUC ALFONSO LOPEZ PUMARE,COMUNA 6
05,118,01,04,BOLIVAR,TURBACO,INST EDUC LA BUENA ESPERANZA,COMUNA 5
05,118,01,05,BOLIVAR,TURBACO,I.E. QUERIDOS AMIGOS,COMUNA 1
05,118,02,01,BOLIVAR,TURBACO,INST EDUC CUARTA POZA DE MANGA,COMUNA 4
05,118,02,02,BOLIVAR,TURBACO,INST EDUC,COMUNA 2
05,118,02,03,BOLIVAR,TURBACO,INST EDUC FELIPE SANTIAGO ESCO,COMUNA 3
05,118,02,04,BOLIVAR,TURBACO,INST EDUC F SANTIAGO - MARIA A,COMUNA 3
05,118,02,05,BOLIVAR,TURBACO,INST EDUC CRISANTO LUQUE SEDE,COMUNA 3
05,118,02,06,BOLIVAR,TURBACO,IE,COMUNA 2
05,118,90,01,BOLIVAR,TURBACO,CENTRO DE VIDA,
05,118,98,01,BOLIVAR,TURBACO,CARCEL DE TURBACO,
05,118,99,01,BOLIVAR,TURBACO,CAÑAVERAL,CORREGIMIENTO CAÑAVERAL
05,118,99,02,BOLIVAR,TURBACO,I E AGUAS PRIETAS,COMUNA 1
05,118,99,05,BOLIVAR,TURBACO,CHIQUITO,
05,121,00,01,BOLIVAR,TURBANA,IE MARCO FIDEL SUAREZ,
05,121,00,02,BOLIVAR,TURBANA,IE INETI SEDE NUESTRA SEÑORA DEL CARMEN,
05,121,99,01,BOLIVAR,TURBANA,BALLESTAS,
05,121,99,02,BOLIVAR,TURBANA,COVADO - PUEBLO NUEVO,
05,121,99,03,BOLIVAR,TURBANA,VEREDA EL CHORRO Y LA LEGUA,
05,124,00,00,BOLIVAR,VILLANUEVA,PUESTO CABECERA MUNICIPAL,
05,124,99,01,BOLIVAR,VILLANUEVA,CIPACOA,
05,124,99,05,BOLIVAR,VILLANUEVA,ALGARROBO,
05,127,00,00,BOLIVAR,ZAMBRANO,PUESTO CABECERA MUNICIPAL,
05,127,99,02,BOLIVAR,ZAMBRANO,VEREDA CAPACA,
07,001,01,01,BOYACA,TUNJA,COL. BOYACA FCO DE PAULA SANTANDER,
07,001,01,02,BOYACA,TUNJA,I.T. GONZALO SUAREZ RENDON SEDE CENTRAL,
07,001,01,03,BOYACA,TUNJA,COL DE BOYACA SD JOSE IGNACIO DE MARQUEZ,
07,001,01,04,BOYACA,TUNJA,IES JUAN CASTELLANOS SD CRISANTO LUQUE,
07,001,01,05,BOYACA,TUNJA,AUDITORIO GUSTAVO M CASTELLANOS COMFABOY,
07,001,01,06,BOYACA,TUNJA,COLEGIO SALESIANO MALDONADO,
07,001,02,01,BOYACA,TUNJA,UNIVERSIDAD JUAN DE CASTELLANOS,
07,001,02,02,BOYACA,TUNJA,C.A.S.D. BARRIO SAN ANTONIO,
07,001,02,03,BOYACA,TUNJA,INEM CARLOS ARTURO TORRES SD CENTRAL,
07,001,02,04,BOYACA,TUNJA,IE LIBERTADOR SIMON BOLIVAR SEDE CENTRAL,
07,001,02,05,BOYACA,TUNJA,UNIVERSIDAD SANTO TOMAS,
07,001,02,06,BOYACA,TUNJA,COLISEO SAN ANTONIO,
07,001,02,07,BOYACA,TUNJA,I.E GUSTAVO ROJAS PINILLA SD CENTRAL,
07,001,02,08,BOYACA,TUNJA,IE LIBERTADOR SIMON BOLIVAR SN FRANCISCO,
07,001,02,09,BOYACA,TUNJA,I.E. SILVINO RODRIGUEZ SD MANZANARES,
07,001,02,10,BOYACA,TUNJA,IE NORMAL SUPERIOR SD JARDIN NACIONAL,
07,001,02,11,BOYACA,TUNJA,CTRO DE REHAB. INTEG. DE BOYACA - CRIB,
07,001,03,01,BOYACA,TUNJA,COLISEO CUBIERTO MUNICIPAL,
07,001,03,02,BOYACA,TUNJA,COLISEO MUNICIPAL COMFABOY,
07,001,03,03,BOYACA,TUNJA,N. S. LEONOR ALVAREZ PINZON PRIMARIA,
07,001,03,04,BOYACA,TUNJA,COLISEO I.R.D.ET,
07,001,03,05,BOYACA,TUNJA,I.E. ANTONIO JOSE SANDOVAL GOMEZ,
07,001,03,06,BOYACA,TUNJA,COLISEO UNIBOYACA,
07,001,90,01,BOYACA,TUNJA,PUESTO CENSO (COL. BOY SAN AGUSTIN),
07,001,98,01,BOYACA,TUNJA,CARCEL,
07,001,99,21,BOYACA,TUNJA,PUENTE DE BOYACA,
07,007,00,00,BOYACA,ALMEIDA,PUESTO CABECERA MUNICIPAL,
07,008,00,01,BOYACA,AQUITANIA (PUEBLOVIEJO),COLEGIO RAMON IGNACIO AVELLA,
07,008,00,02,BOYACA,AQUITANIA (PUEBLOVIEJO),IET RAMON IGNACIO AVELLA PRIMARIA URBANA,
07,008,99,06,BOYACA,AQUITANIA (PUEBLOVIEJO),DIGANOME,
07,008,99,10,BOYACA,AQUITANIA (PUEBLOVIEJO),HIRVA,
07,008,99,20,BOYACA,AQUITANIA (PUEBLOVIEJO),MARAVILLA,
07,008,99,24,BOYACA,AQUITANIA (PUEBLOVIEJO),MOMBITA,
07,008,99,27,BOYACA,AQUITANIA (PUEBLOVIEJO),PRIMAVERA,
07,008,99,28,BOYACA,AQUITANIA (PUEBLOVIEJO),SISVACA,
07,008,99,30,BOYACA,AQUITANIA (PUEBLOVIEJO),SORIANO,
07,008,99,32,BOYACA,AQUITANIA (PUEBLOVIEJO),SUSE,
07,008,99,36,BOYACA,AQUITANIA (PUEBLOVIEJO),TOQUILLA,
07,008,99,37,BOYACA,AQUITANIA (PUEBLOVIEJO),HATOLAGUNA,
07,008,99,38,BOYACA,AQUITANIA (PUEBLOVIEJO),HATOVIEJO,
07,008,99,39,BOYACA,AQUITANIA (PUEBLOVIEJO),DAITO,
07,010,00,00,BOYACA,ARCABUCO,PUESTO CABECERA MUNICIPAL,
07,013,00,00,BOYACA,BELEN,PUESTO CABECERA MUNICIPAL,
07,013,99,08,BOYACA,BELEN,SAN JOSE DE LA MONTAÑA,
07,016,00,00,BOYACA,BERBEO,PUESTO CABECERA MUNICIPAL,
07,019,00,00,BOYACA,BETEITIVA,PUESTO CABECERA MUNICIPAL,
07,019,99,01,BOYACA,BETEITIVA,OTENGA,
07,022,00,00,BOYACA,BOAVITA,PUESTO CABECERA MUNICIPAL,
07,022,99,05,BOYACA,BOAVITA,SAN FRANCISCO,
07,022,99,13,BOYACA,BOAVITA,EL ESPIGON,
07,025,00,00,BOYACA,BOYACA,PUESTO CABECERA MUNICIPAL,
07,028,00,00,BOYACA,BRICEÑO,PUESTO CABECERA MUNICIPAL,
07,031,00,00,BOYACA,BUENAVISTA,PUESTO CABECERA MUNICIPAL,
07,031,99,01,BOYACA,BUENAVISTA,CAMPOALEGRE,
07,031,99,06,BOYACA,BUENAVISTA,CAMPOHERMOSO,
07,031,99,15,BOYACA,BUENAVISTA,PISMAL,
07,034,00,00,BOYACA,BUSBANZA,PUESTO CABECERA MUNICIPAL,
07,037,00,00,BOYACA,CALDAS,PUESTO CABECERA MUNICIPAL,
07,037,99,01,BOYACA,CALDAS,NARIÑO,
07,037,99,08,BOYACA,CALDAS,EL CUBO,
07,037,99,25,BOYACA,CALDAS,QUIPE Y CHINGAGUTA,
07,040,00,00,BOYACA,CAMPOHERMOSO,PUESTO CABECERA MUNICIPAL,
07,040,99,40,BOYACA,CAMPOHERMOSO,LOS CEDROS,
07,040,99,45,BOYACA,CAMPOHERMOSO,VISTAHERMOSA,
07,043,00,00,BOYACA,CERINZA,PUESTO CABECERA MUNICIPAL,
07,046,00,00,BOYACA,CIENEGA,PUESTO CABECERA MUNICIPAL,
07,049,00,00,BOYACA,COMBITA,PUESTO CABECERA MUNICIPAL,
07,049,98,01,BOYACA,COMBITA,CARCEL,
07,049,99,09,BOYACA,COMBITA,EL BARNE,
07,049,99,25,BOYACA,COMBITA,SANTA BARBARA EL ESPARTILLAL,
07,052,00,00,BOYACA,COPER,PUESTO CABECERA MUNICIPAL,
07,052,99,09,BOYACA,COPER,CANTINO,
07,052,99,15,BOYACA,COPER,PEDRO GOMEZ,
07,052,99,18,BOYACA,COPER,RICAURTE,
07,052,99,22,BOYACA,COPER,TURTUR,
07,055,00,00,BOYACA,CORRALES,PUESTO CABECERA MUNICIPAL,
07,058,00,00,BOYACA,COVARACHIA,PUESTO CABECERA MUNICIPAL,
07,058,99,01,BOYACA,COVARACHIA,LA PALMERA,
07,058,99,03,BOYACA,COVARACHIA,NOGONTOVA LA CAPILLA DE SAN LUIS BELTRAN,
07,058,99,04,BOYACA,COVARACHIA,SATOBA ARRIBA,
07,058,99,05,BOYACA,COVARACHIA,TAPIAS,
07,059,00,00,BOYACA,CUBARA,PUESTO CABECERA MUNICIPAL,
07,059,99,01,BOYACA,CUBARA,AGUABLANCA,
07,059,99,03,BOYACA,CUBARA,BOJABA,
07,059,99,05,BOYACA,CUBARA,EL GUAMO,
07,059,99,30,BOYACA,CUBARA,CHUSCAL,
07,060,00,00,BOYACA,CUCAITA,PUESTO CABECERA MUNICIPAL,
07,061,00,00,BOYACA,CUITIVA,PUESTO CABECERA MUNICIPAL,
07,061,99,50,BOYACA,CUITIVA,LLANO DE ALARCON,
07,064,00,00,BOYACA,CHINAVITA,PUESTO CABECERA MUNICIPAL,
07,064,99,19,BOYACA,CHINAVITA,MONTEJO,
07,067,01,01,BOYACA,CHIQUINQUIRA,U.PEDAG. Y TECNOLOGICA DE COL,
07,067,01,02,BOYACA,CHIQUINQUIRA,I.T.I.JULIO FLOREZ SECCION BT,
07,067,01,03,BOYACA,CHIQUINQUIRA,COL.LICEO NAL. JOSE JOAQUIN C,
07,067,01,04,BOYACA,CHIQUINQUIRA,NORMAL SUPERIOR SOR JOSEFA DEL CASTILLO,
07,067,02,01,BOYACA,CHIQUINQUIRA,CENTRO VIDA,
07,067,02,02,BOYACA,CHIQUINQUIRA,UNIVERSIDAD SANTO TOMAS,
07,067,02,03,BOYACA,CHIQUINQUIRA,COL PIO ALBERTO FERRO PEÑA SECCION PRIA,
07,067,02,04,BOYACA,CHIQUINQUIRA,C.PIO ALBERTO SECCION SECUNDA,
07,067,02,05,BOYACA,CHIQUINQUIRA,COLISEO DE FERIAS Y EXPOSICIONES,
07,067,98,01,BOYACA,CHIQUINQUIRA,CARCEL,
07,067,99,20,BOYACA,CHIQUINQUIRA,SASA MOYAVITA,
07,067,99,25,BOYACA,CHIQUINQUIRA,VARELA,
07,068,00,00,BOYACA,CHIQUIZA,PUESTO CABECERA MUNICIPAL,
07,068,99,50,BOYACA,CHIQUIZA,CHIQUIZA,
07,070,00,00,BOYACA,CHISCAS,PUESTO CABECERA MUNICIPAL,
07,070,99,01,BOYACA,CHISCAS,PUEBLO DE LAS MERCEDES,
07,070,99,20,BOYACA,CHISCAS,LAS CAÑAS,
07,070,99,23,BOYACA,CHISCAS,LLANO DE TABACO,
07,073,00,00,BOYACA,CHITA,PUESTO CABECERA MUNICIPAL,
07,073,99,01,BOYACA,CHITA,CHIPAVIEJO,
07,073,99,02,BOYACA,CHITA,CANOAS,
07,073,99,05,BOYACA,CHITA,EL MORAL,
07,073,99,07,BOYACA,CHITA,MINAS,
07,073,99,08,BOYACA,CHITA,LA PLAYA,
07,073,99,09,BOYACA,CHITA,MONSERRATE,
07,076,00,00,BOYACA,CHITARAQUE,PUESTO CABECERA MUNICIPAL,
07,076,99,12,BOYACA,CHITARAQUE,GUAMOS Y LADERAS,
07,076,99,23,BOYACA,CHITARAQUE,SANTO DOMINGO,
07,077,00,00,BOYACA,CHIVATA,PUESTO CABECERA MUNICIPAL,
07,078,00,00,BOYACA,CHIVOR,PUESTO CABECERA MUNICIPAL,
07,078,99,10,BOYACA,CHIVOR,SINAI,
07,079,01,01,BOYACA,DUITAMA,COLEGIO SALESIANO,COMUNA 1
07,079,01,02,BOYACA,DUITAMA,ANTIGUO TERMINAL DE TRANSPORTE,COMUNA 1
07,079,01,03,BOYACA,DUITAMA,COL SANTO T DE AQUINO SD PRIA,COMUNA 1
07,079,01,04,BOYACA,DUITAMA,COL JESUS EUCARISTIA,COMUNA 1
07,079,01,05,BOYACA,DUITAMA,COL SANTO T DE AQUINO SD PRIA,COMUNA 1
07,079,01,06,BOYACA,DUITAMA,COL LA NUEVA FAMILIA,COMUNA 2
07,079,02,01,BOYACA,DUITAMA,COLEGIO BOYACA,COMUNA 3
07,079,02,02,BOYACA,DUITAMA,COL GUILLERMO LEON VALENCIA,COMUNA 4
07,079,02,03,BOYACA,DUITAMA,U.P.T.C.,COMUNA 5
07,079,02,04,BOYACA,DUITAMA,COL.FRANCISCO DE PAULA SANTAN,COMUNA 5
07,079,02,05,BOYACA,DUITAMA,COLEGIO SIMON BOLIVAR,COMUNA 6
07,079,02,06,BOYACA,DUITAMA,PARQUE LA ESPERANZA,COMUNA 7
07,079,02,07,BOYACA,DUITAMA,COLEGIO JAIRO ANIBAL NIÑO,COMUNA 8
07,079,90,01,BOYACA,DUITAMA,COLEGIO SEMINARIO,
07,079,98,01,BOYACA,DUITAMA,CARCEL,
07,079,99,05,BOYACA,DUITAMA,SIRATA,CORREGIMIENTO 1
07,079,99,07,BOYACA,DUITAMA,SAN ANTONIO NORTE,CORREGIMIENTO 2
07,079,99,10,BOYACA,DUITAMA,SURBA Y BONZA,CORREGIMIENTO 3
07,079,99,20,BOYACA,DUITAMA,QUEBRADA DE BECERRA,CORREGIMIENTO 3
07,079,99,40,BOYACA,DUITAMA,EL CARMEN,CORREGIMIENTO 4
07,079,99,50,BOYACA,DUITAMA,AVENDAÑOS,CORREGIMIENTO 4
07,079,99,70,BOYACA,DUITAMA,SALON COMUNAL TOCOGUA,CORREGIMIENTO 5
07,082,00,00,BOYACA,EL COCUY,PUESTO CABECERA MUNICIPAL,
07,082,99,09,BOYACA,EL COCUY,EL CARRIZAL (PATIECITOS),
07,082,99,12,BOYACA,EL COCUY,EL PACHACUAL,
07,082,99,17,BOYACA,EL COCUY,LA PLAYA,
07,085,00,00,BOYACA,EL ESPINO,PUESTO CABECERA MUNICIPAL,
07,085,99,60,BOYACA,EL ESPINO,SANTA ANA,
07,088,00,00,BOYACA,FIRAVITOBA,PUESTO CABECERA MUNICIPAL,
07,088,99,07,BOYACA,FIRAVITOBA,BARATOA,
07,088,99,13,BOYACA,FIRAVITOBA,DIRAVITA ALTO,
07,091,00,00,BOYACA,FLORESTA,PUESTO CABECERA MUNICIPAL,
07,091,99,01,BOYACA,FLORESTA,TOBASIA,
07,094,00,00,BOYACA,GACHANTIVA,PUESTO CABECERA MUNICIPAL,
07,097,00,00,BOYACA,GAMEZA,PUESTO CABECERA MUNICIPAL,
07,097,99,23,BOYACA,GAMEZA,SAZA,
07,100,00,00,BOYACA,GARAGOA,PUESTO CABECERA MUNICIPAL,
07,100,99,09,BOYACA,GARAGOA,BANCOS DE PARAMO,
07,100,99,16,BOYACA,GARAGOA,GUAYABAL,
07,100,99,70,BOYACA,GARAGOA,LA VALVANERA,
07,103,00,00,BOYACA,GUACAMAYAS,PUESTO CABECERA MUNICIPAL,
07,106,00,00,BOYACA,GUATEQUE,PUESTO CABECERA MUNICIPAL,
07,106,98,01,BOYACA,GUATEQUE,CARCEL,
07,109,00,00,BOYACA,GUAYATA,PUESTO CABECERA MUNICIPAL,
07,112,00,00,BOYACA,GUICAN,PUESTO CABECERA MUNICIPAL,
07,112,99,01,BOYACA,GUICAN,BOCOTA,
07,112,99,03,BOYACA,GUICAN,BACHIRA,
07,112,99,06,BOYACA,GUICAN,LA CUEVA,
07,112,99,20,BOYACA,GUICAN,TUNEBIA ARRIBA,
07,118,00,00,BOYACA,IZA,PUESTO CABECERA MUNICIPAL,
07,121,00,00,BOYACA,JENESANO,PUESTO CABECERA MUNICIPAL,
07,124,00,00,BOYACA,JERICO,PUESTO CABECERA MUNICIPAL,
07,124,99,01,BOYACA,JERICO,CHEVA,
07,124,99,05,BOYACA,JERICO,PUEBLOVIEJO,
07,127,00,00,BOYACA,LABRANZAGRANDE,PUESTO CABECERA MUNICIPAL,
07,127,99,25,BOYACA,LABRANZAGRANDE,LA AGUADA,
07,130,00,00,BOYACA,LA CAPILLA,PUESTO CABECERA MUNICIPAL,
07,136,00,00,BOYACA,LA UVITA,PUESTO CABECERA MUNICIPAL,
07,136,99,13,BOYACA,LA UVITA,CUSAGUI,
07,136,99,19,BOYACA,LA UVITA,EL CARMEN,
07,137,00,00,BOYACA,LA VICTORIA,PUESTO CABECERA MUNICIPAL,
07,137,99,15,BOYACA,LA VICTORIA,CHAPON O GUADUALITO,
07,137,99,60,BOYACA,LA VICTORIA,SANTA HELENA,
07,139,00,00,BOYACA,VILLA DE LEIVA,COLISEO MUNICIPAL,
07,139,99,09,BOYACA,VILLA DE LEIVA,CARDONAL,
07,142,00,00,BOYACA,MACANAL,PUESTO CABECERA MUNICIPAL,
07,142,99,08,BOYACA,MACANAL,SAN PEDRO DE MUCEÑO,
07,142,99,12,BOYACA,MACANAL,NARANJOS,
07,148,00,00,BOYACA,MARIPI,PUESTO CABECERA MUNICIPAL,
07,148,99,01,BOYACA,MARIPI,ZULIA,
07,148,99,30,BOYACA,MARIPI,GUAZO,
07,148,99,50,BOYACA,MARIPI,NARAPAY,
07,148,99,62,BOYACA,MARIPI,SABANETA,
07,148,99,65,BOYACA,MARIPI,SANTA ROSA,
07,151,00,00,BOYACA,MIRAFLORES,PUESTO CABECERA MUNICIPAL,
07,151,99,27,BOYACA,MIRAFLORES,TUNJITA,
07,154,00,00,BOYACA,MONGUA,PUESTO CABECERA MUNICIPAL,
07,154,99,01,BOYACA,MONGUA,SIRGUAZA,
07,154,99,16,BOYACA,MONGUA,TUNJUELO,
07,157,00,00,BOYACA,MONGUI,PUESTO CABECERA MUNICIPAL,
07,160,00,00,BOYACA,MONIQUIRA,PUESTO CABECERA MUNICIPAL,
07,160,98,01,BOYACA,MONIQUIRA,CARCEL,
07,160,99,40,BOYACA,MONIQUIRA,MACIEGAL,
07,160,99,60,BOYACA,MONIQUIRA,PAJONALES,
07,160,99,63,BOYACA,MONIQUIRA,PANTANILLO,
07,161,00,00,BOYACA,MOTAVITA,PUESTO CABECERA MUNICIPAL,
07,161,99,14,BOYACA,MOTAVITA,PANELAS,
07,163,00,00,BOYACA,MUZO,PUESTO CABECERA MUNICIPAL,
07,163,99,07,BOYACA,MUZO,MATA DE CAFE,
07,163,99,08,BOYACA,MUZO,COLEGIO NIAUZA,
07,163,99,09,BOYACA,MUZO,IE NUESTRA SEÑORA DE LA NAVAL-SD PAUNITA,
07,163,99,10,BOYACA,MUZO,IE NUESTRA SEÑORA DE LA NAVAL-SD CUINCHA,
07,166,00,00,BOYACA,NOBSA,PUESTO CABECERA MUNICIPAL,
07,166,99,01,BOYACA,NOBSA,BELENCITO,
07,169,00,00,BOYACA,NUEVO COLON,COLISEO MUNICIPAL,
07,173,00,00,BOYACA,OICATA,PUESTO CABECERA MUNICIPAL,
07,176,00,00,BOYACA,OTANCHE,PUESTO CABECERA MUNICIPAL,
07,176,99,02,BOYACA,OTANCHE,ALTOSANO,
07,176,99,05,BOYACA,OTANCHE,PIZARRA,
07,176,99,08,BOYACA,OTANCHE,SAN JOSE DE NAZARETH,
07,176,99,20,BOYACA,OTANCHE,BETANIA,
07,176,99,30,BOYACA,OTANCHE,BUENAVISTA,
07,176,99,35,BOYACA,OTANCHE,LA CUNCHALA (OASIS),
07,176,99,40,BOYACA,OTANCHE,CACHIPAY,
07,176,99,45,BOYACA,OTANCHE,EL ENCANTO,
07,176,99,50,BOYACA,OTANCHE,PENJAMO,
07,176,99,55,BOYACA,OTANCHE,SABRIPA,
07,178,00,00,BOYACA,PACHAVITA,PUESTO CABECERA MUNICIPAL,
07,179,00,00,BOYACA,PAEZ,PUESTO CABECERA MUNICIPAL,
07,179,99,36,BOYACA,PAEZ,LA URURIA,
07,179,99,44,BOYACA,PAEZ,SIRASI,
07,181,01,01,BOYACA,PAIPA,I.E.TOMAS VASQUEZ RODRIGUEZ,
07,181,01,02,BOYACA,PAIPA,I.E.EL ROSARIO SEDE CAMPESTRE,
07,181,02,01,BOYACA,PAIPA,COLISEO MUNICIPAL DE DEPORTES DE PAIPA,
07,181,02,02,BOYACA,PAIPA,I.E. EL ROSARIO SEDE CENTRAL,
07,181,99,01,BOYACA,PAIPA,PALERMO,
07,181,99,15,BOYACA,PAIPA,EL VENADO,
07,181,99,38,BOYACA,PAIPA,PANTANO DE VARGAS,
07,184,00,00,BOYACA,PAJARITO,PUESTO CABECERA MUNICIPAL,
07,184,99,05,BOYACA,PAJARITO,CORINTO,
07,187,00,00,BOYACA,PANQUEBA,PUESTO CABECERA MUNICIPAL,
07,190,00,00,BOYACA,PAUNA,PUESTO CABECERA MUNICIPAL,
07,190,99,01,BOYACA,PAUNA,AGUAFRIA,
07,190,99,05,BOYACA,PAUNA,IBACAPI Y QUEBRADASECA,
07,193,00,00,BOYACA,PAYA,PUESTO CABECERA MUNICIPAL,
07,193,99,01,BOYACA,PAYA,MORCOTE,
07,193,99,20,BOYACA,PAYA,VIJAGUAL,
07,199,00,00,BOYACA,PAZ DE RIO,PUESTO CABECERA MUNICIPAL,
07,199,99,50,BOYACA,PAZ DE RIO,PAZ VIEJA,
07,202,00,00,BOYACA,PESCA,PUESTO CABECERA MUNICIPAL,
07,202,99,01,BOYACA,PESCA,EL PALMAR,
07,202,99,08,BOYACA,PESCA,EL HATO,
07,205,00,00,BOYACA,PISBA,PUESTO CABECERA MUNICIPAL,
07,214,01,01,BOYACA,PUERTO BOYACA,COLEGIO JOSE ANTONIO GALAN,
07,214,01,02,BOYACA,PUERTO BOYACA,COL.NACIONAL.SAN PEDRO CLAVER,
07,214,02,01,BOYACA,PUERTO BOYACA,COLEGIO JHON F. KENNEDY,
07,214,02,02,BOYACA,PUERTO BOYACA,CONCENTRACION SIMON BOLIVAR,
07,214,98,01,BOYACA,PUERTO BOYACA,CARCEL DEL CIRCUITO,
07,214,99,01,BOYACA,PUERTO BOYACA,PALAGUA,CORREGIMIENTO 1 VASCONIA
07,214,99,03,BOYACA,PUERTO BOYACA,GUANEGRO,CORREGIMIENTO 3 GUANEGRO
07,214,99,04,BOYACA,PUERTO BOYACA,CALDERON,CORREGIMIENTO 1 VASCONIA
07,214,99,05,BOYACA,PUERTO BOYACA,PUERTO GUTIERREZ,CORREGIMIENTO 4 PTO GUTIERREZ
07,214,99,06,BOYACA,PUERTO BOYACA,PUERTO PINZON,CORREGIMIENTO 2 PUERTO PINZON
07,214,99,08,BOYACA,PUERTO BOYACA,KILOMETRO,CORREGIMIENTO 4 PTO GUTIERREZ
07,214,99,09,BOYACA,PUERTO BOYACA,VASCONIA (PUERTO SERVIEZ),CORREGIMIENTO 1 VASCONIA
07,214,99,10,BOYACA,PUERTO BOYACA,EL MARFIL,CORREGIMIENTO 5 EL MARFIL
07,214,99,30,BOYACA,PUERTO BOYACA,PUERTO ROMERO,CORREGIMIENTO 6 PUERTO ROMERO
07,215,00,00,BOYACA,QUIPAMA,PUESTO CABECERA MUNICIPAL,
07,215,99,25,BOYACA,QUIPAMA,CORMAL,
07,215,99,43,BOYACA,QUIPAMA,EL PARQUE,
07,215,99,51,BOYACA,QUIPAMA,HUMBO,
07,215,99,65,BOYACA,QUIPAMA,LA YE,
07,215,99,98,BOYACA,QUIPAMA,VEGA DEL CORMAL,
07,217,00,00,BOYACA,RAMIRIQUI,PUESTO CABECERA MUNICIPAL,
07,217,99,01,BOYACA,RAMIRIQUI,EL ESCOBAL,
07,217,99,05,BOYACA,RAMIRIQUI,GUAYABAL,
07,220,00,00,BOYACA,RAQUIRA,PUESTO CABECERA MUNICIPAL,
07,220,99,10,BOYACA,RAQUIRA,FIRITA PEÑA ARRIBA,
07,220,99,14,BOYACA,RAQUIRA,LA CANDELARIA,
07,220,99,70,BOYACA,RAQUIRA,QUICAGOTA,
07,223,00,00,BOYACA,RONDON,PUESTO CABECERA MUNICIPAL,
07,223,99,19,BOYACA,RONDON,RANCHOGRANDE,
07,226,00,00,BOYACA,SABOYA,PUESTO CABECERA MUNICIPAL,
07,226,99,01,BOYACA,SABOYA,GARAVITO,
07,226,99,02,BOYACA,SABOYA,MERCHAN,
07,226,99,04,BOYACA,SABOYA,ESCOBAL,
07,226,99,06,BOYACA,SABOYA,MATA DE MORA (CASA BLANCA),
07,226,99,09,BOYACA,SABOYA,PUENTE DE TIERRA,
07,226,99,13,BOYACA,SABOYA,VELANDIA (LA PALMA),
07,226,99,25,BOYACA,SABOYA,VINCULO ORIENTAL,
07,232,00,00,BOYACA,SACHICA,PUESTO CABECERA MUNICIPAL,
07,235,00,00,BOYACA,SAMACA,PUESTO CABECERA MUNICIPAL,
07,235,99,25,BOYACA,SAMACA,EL GACAL,
07,237,00,00,BOYACA,SAN EDUARDO,PUESTO CABECERA MUNICIPAL,
07,238,00,00,BOYACA,SAN JOSE DE PARE,INSTITUCION EDUCATIVA HORIZONTES,
07,238,99,01,BOYACA,SAN JOSE DE PARE,GUANOMO,
07,238,99,02,BOYACA,SAN JOSE DE PARE,SAN JACINTO,
07,238,99,08,BOYACA,SAN JOSE DE PARE,MUÑOCES Y CAMACHOS,
07,238,99,12,BOYACA,SAN JOSE DE PARE,SANTO DOMINGO,
07,241,00,00,BOYACA,SAN LUIS DE GACENO,PUESTO CABECERA MUNICIPAL,
07,241,99,10,BOYACA,SAN LUIS DE GACENO,GUAMAL,
07,241,99,15,BOYACA,SAN LUIS DE GACENO,HORIZONTES,
07,241,99,18,BOYACA,SAN LUIS DE GACENO,MESA DEL GUAVIO,
07,241,99,20,BOYACA,SAN LUIS DE GACENO,SAN CARLOS,
07,241,99,21,BOYACA,SAN LUIS DE GACENO,SANTA TERESA,
07,247,00,00,BOYACA,SAN MATEO,PUESTO CABECERA MUNICIPAL,
07,247,99,05,BOYACA,SAN MATEO,EL CHAPETON,
07,248,00,00,BOYACA,SAN MIGUEL DE SEMA,PUESTO CABECERA MUNICIPAL,
07,249,00,00,BOYACA,SAN PABLO DE BORBUR,PUESTO CABECERA MUNICIPAL,
07,249,99,05,BOYACA,SAN PABLO DE BORBUR,CALAMACO,
07,249,99,07,BOYACA,SAN PABLO DE BORBUR,COSCUEZ,
07,249,99,09,BOYACA,SAN PABLO DE BORBUR,CHANARES,
07,249,99,15,BOYACA,SAN PABLO DE BORBUR,PEÑAS BLANCAS,
07,249,99,16,BOYACA,SAN PABLO DE BORBUR,SANTA BARBARA,
07,250,00,00,BOYACA,SANTANA,I.E.T.ANTONIO RICAURTE SD PRIMARIA,
07,251,00,00,BOYACA,SANTA MARIA,PUESTO CABECERA MUNICIPAL,
07,251,99,08,BOYACA,SANTA MARIA,CULIMA,
07,251,99,20,BOYACA,SANTA MARIA,NAZARETH,
07,253,00,00,BOYACA,SANTA ROSA DE VITERBO,PUESTO CABECERA MUNICIPAL,
07,253,98,01,BOYACA,SANTA ROSA DE VITERBO,CARCEL,
07,253,99,15,BOYACA,SANTA ROSA DE VITERBO,VEREDA CUCHE,
07,256,00,00,BOYACA,SANTA SOFIA,PUESTO CABECERA MUNICIPAL,
07,259,00,00,BOYACA,SATIVANORTE,PUESTO CABECERA MUNICIPAL,
07,259,99,10,BOYACA,SATIVANORTE,LA JUPA,
07,262,00,00,BOYACA,SATIVASUR,PUESTO CABECERA MUNICIPAL,
07,265,00,01,BOYACA,SIACHOQUE,COLISEO MUNICIPAL,
07,265,00,02,BOYACA,SIACHOQUE,I.E. IGNACIO GIL SANABRIA SD PRINCIPAL,
07,268,00,00,BOYACA,SOATA,PUESTO CABECERA MUNICIPAL,
07,271,00,00,BOYACA,SOCOTA,PUESTO CABECERA MUNICIPAL,
07,271,99,01,BOYACA,SOCOTA,EL OSO,
07,271,99,10,BOYACA,SOCOTA,COMEZA-HOYADA,
07,271,99,13,BOYACA,SOCOTA,CHIPAVIEJO,
07,271,99,18,BOYACA,SOCOTA,LA MANGA,
07,271,99,20,BOYACA,SOCOTA,LOS PINOS,
07,271,99,29,BOYACA,SOCOTA,PUEBLO VIEJO,
07,274,00,00,BOYACA,SOCHA,PUESTO CABECERA MUNICIPAL,
07,274,99,04,BOYACA,SOCHA,SANTA TERESA,
07,274,99,15,BOYACA,SOCHA,SOCHA VIEJO,
07,274,99,16,BOYACA,SOCHA,CURITAL,
07,277,01,01,BOYACA,SOGAMOSO,IE INTEGRADO JOAQUIN GONZALEZ CAM,
07,277,01,02,BOYACA,SOGAMOSO,COL REYES PATRIA,
07,277,01,03,BOYACA,SOGAMOSO,UNIVERSIDAD DE BOYACA SEDE SOGAMOSO,
07,277,01,04,BOYACA,SOGAMOSO,IE FRANCISCO DE PAULA SANTANDER,
07,277,01,05,BOYACA,SOGAMOSO,COL NZADO GUSTAVO JIMENEZ,
07,277,02,01,BOYACA,SOGAMOSO,IE LIBERTADOR,
07,277,02,02,BOYACA,SOGAMOSO,IE MAGDALENA,
07,277,02,03,BOYACA,SOGAMOSO,IEPAGS SEDE ROSARIO,
07,277,02,04,BOYACA,SOGAMOSO,IE INSEANDES,
07,277,02,05,BOYACA,SOGAMOSO,IE SUGAMUXI,
07,277,02,06,BOYACA,SOGAMOSO,COL POLITÉCNICO,
07,277,02,07,BOYACA,SOGAMOSO,IE SILVESTRE ARENAS,
07,277,90,01,BOYACA,SOGAMOSO,COLEGIO CELCO,
07,277,98,01,BOYACA,SOGAMOSO,CÁRCEL DEL CIRCUITO,
07,277,99,01,BOYACA,SOGAMOSO,MORCA,
07,277,99,02,BOYACA,SOGAMOSO,LA PLAYITA,
07,277,99,03,BOYACA,SOGAMOSO,EL CRUCERO,
07,277,99,04,BOYACA,SOGAMOSO,LAS CINTAS,
07,280,00,00,BOYACA,SOMONDOCO,PUESTO CABECERA MUNICIPAL,
07,281,00,00,BOYACA,SORA,PUESTO CABECERA MUNICIPAL,
07,282,00,00,BOYACA,SORACA,PUESTO CABECERA MUNICIPAL,
07,283,00,00,BOYACA,SOTAQUIRA,PUESTO CABECERA MUNICIPAL,
07,283,99,20,BOYACA,SOTAQUIRA,EL MORAL,
07,286,00,00,BOYACA,SUSACON,PUESTO CABECERA MUNICIPAL,
07,286,99,07,BOYACA,SUSACON,DESAGUADERO,
07,286,99,13,BOYACA,SUSACON,SIAPORA,
07,289,00,00,BOYACA,SUTAMARCHAN,PUESTO CABECERA MUNICIPAL,
07,292,00,00,BOYACA,SUTATENZA,PUESTO CABECERA MUNICIPAL,
07,298,00,00,BOYACA,TASCO,PUESTO CABECERA MUNICIPAL,
07,301,00,00,BOYACA,TENZA,PUESTO CABECERA MUNICIPAL,
07,304,00,00,BOYACA,TIBANA,PUESTO CABECERA MUNICIPAL,
07,304,99,10,BOYACA,TIBANA,EL CARMEN,
07,304,99,29,BOYACA,TIBANA,SUPANECA ARRIBA,
07,304,99,35,BOYACA,TIBANA,SUTA ARRIBA,
07,307,00,00,BOYACA,TIBASOSA,PUESTO CABECERA MUNICIPAL,
07,310,00,00,BOYACA,TINJACA,PUESTO CABECERA MUNICIPAL,
07,311,00,00,BOYACA,TIPACOQUE,PUESTO CABECERA MUNICIPAL,
07,311,99,50,BOYACA,TIPACOQUE,LA CARRERA,
07,313,00,00,BOYACA,TOCA,PUESTO CABECERA MUNICIPAL,
07,316,00,00,BOYACA,TOGUI,PUESTO CABECERA MUNICIPAL,
07,316,99,17,BOYACA,TOGUI,GARIVAI,
07,319,00,00,BOYACA,TOPAGA,PUESTO CABECERA MUNICIPAL,
07,319,99,70,BOYACA,TOPAGA,VADO CASTRO,
07,322,00,00,BOYACA,TOTA,PUESTO CABECERA MUNICIPAL,
07,322,99,48,BOYACA,TOTA,LA PUERTA,
07,322,99,60,BOYACA,TOTA,TOBAL,
07,324,00,00,BOYACA,TUNUNGUA,PUESTO CABECERA MUNICIPAL,
07,325,00,00,BOYACA,TURMEQUE,PUESTO CABECERA MUNICIPAL,
07,328,00,00,BOYACA,TUTA,PUESTO CABECERA MUNICIPAL,
07,328,99,20,BOYACA,TUTA,EL CRUCE,
07,331,00,00,BOYACA,TUTAZA,PUESTO CABECERA MUNICIPAL,
07,331,99,50,BOYACA,TUTAZA,PARAMO,
07,334,00,00,BOYACA,UMBITA,PUESTO CABECERA MUNICIPAL,
07,337,00,00,BOYACA,VENTAQUEMADA,PUESTO CABECERA MUNICIPAL,
07,337,99,35,BOYACA,VENTAQUEMADA,EL CARMEN,
07,340,00,00,BOYACA,VIRACACHA,PUESTO CABECERA MUNICIPAL,
07,346,00,00,BOYACA,ZETAQUIRA,PUESTO CABECERA MUNICIPAL,
09,001,01,01,CALDAS,MANIZALES,I E LA LINDA NUEVA SEDE,COMUNA 1 ATARDECERES
09,001,01,02,CALDAS,MANIZALES,I.E.CHIPRE,COMUNA 1 ATARDECERES
09,001,01,03,CALDAS,MANIZALES,I.E. CHIPRE SEDE B,COMUNA 1 ATARDECERES
09,001,01,04,CALDAS,MANIZALES,I.E. ADOLFO HOYOS OCAMPO,COMUNA 1 ATARDECERES
09,001,01,05,CALDAS,MANIZALES,COL.FILIPENSE NTRA SRA LOURDE,COMUNA 1 ATARDECERES
09,001,01,06,CALDAS,MANIZALES,I E MARCO FIDEL SUAREZ ANTIGUO CASD,COMUNA 1 ATARDECERES
09,001,02,01,CALDAS,MANIZALES,NUEVO CISCO SAN JOSE,COMUNA 2  SAN JOSE
09,001,02,02,CALDAS,MANIZALES,CEN. DE DESARROLLO INFANTIL JOSE MARIA V,COMUNA 2  SAN JOSE
09,001,02,03,CALDAS,MANIZALES,I.E INSTITUTO MANIZALES,COMUNA 2  SAN JOSE
09,001,02,04,CALDAS,MANIZALES,ANTIGUO CISCO SAN JOSE,COMUNA 2  SAN JOSE
09,001,03,01,CALDAS,MANIZALES,ANTIGUO TERMINAL DE TRANS PEOPLECONTACT,COMUNA  3 CUMANDAY
09,001,03,02,CALDAS,MANIZALES,EDIFICIO INDUSTRIA LICORERA DE CALDAS,COMUNA  3 CUMANDAY
09,001,03,03,CALDAS,MANIZALES,FACULTAD DE BELLAS ARTES UNIV. DE CALDAS,COMUNA  3 CUMANDAY
09,001,03,04,CALDAS,MANIZALES,I.E. GRAN COLOMBIA,COMUNA  3 CUMANDAY
09,001,03,05,CALDAS,MANIZALES,L. ARQUIDIOC. NUESTRA SRA BACHILLERATO,COMUNA  3 CUMANDAY
09,001,04,01,CALDAS,MANIZALES,LICEO ARQUIDIOCESANO DE NUESTRA SEÑORA,COMUNA  3 CUMANDAY
09,001,04,02,CALDAS,MANIZALES,I.E. ISABEL LA CATOLICA,COMUNA  3 CUMANDAY
09,001,04,03,CALDAS,MANIZALES,I E INSTITUTO UNIVERSITARIO DE CALDAS,COMUNA  3 CUMANDAY
09,001,04,04,CALDAS,MANIZALES,I E TECNICO FRANCISCO JOSE DE CALDAS,COMUNA  3 CUMANDAY
09,001,04,05,CALDAS,MANIZALES,L ARQUIDIOCESANO DE NUESTRA SRA FEMENINO,COMUNA  3 CUMANDAY
09,001,05,01,CALDAS,MANIZALES,I.E. LA ASUNCION SEDE A,COMUNA  4 LA ESTACION
09,001,05,02,CALDAS,MANIZALES,I.E. SAN JORGE,COMUNA  4 LA ESTACION
09,001,05,03,CALDAS,MANIZALES,FACULTAD CIENCIAS SALUD UNIV. DE CALDAS,COMUNA  4 LA ESTACION
09,001,05,04,CALDAS,MANIZALES,I E NORMAL SUPERIOR DE CALDAS,COMUNA  4 LA ESTACION
09,001,05,05,CALDAS,MANIZALES,UNIVERSIDAD AUTONOMA,COMUNA  4 LA ESTACION
09,001,06,01,CALDAS,MANIZALES,I E FE Y ALEGRIA LA PAZ SEDE PRINCIPAL,COMUNA  5 CIUDADELA DEL NORTE
09,001,06,02,CALDAS,MANIZALES,I.E. BOSQUES DEL NORTE,COMUNA  5 CIUDADELA DEL NORTE
09,001,06,03,CALDAS,MANIZALES,I E SAN SEBASTIAN,COMUNA  5 CIUDADELA DEL NORTE
09,001,06,04,CALDAS,MANIZALES,CISCO BOSQUES DEL NORTE,COMUNA  5 CIUDADELA DEL NORTE
09,001,06,05,CALDAS,MANIZALES,I E FE Y ALEGRIA LA PAZ SEDE B,COMUNA  5 CIUDADELA DEL NORTE
09,001,07,01,CALDAS,MANIZALES,I.E. ESC. NAL. AUX. DE ENFERMERÍA SEDE A,COMUNA 6 ECOTUR CERRO DE ORO
09,001,07,02,CALDAS,MANIZALES,I.E LA SULTANA SEDE PRINCIPAL,COMUNA 6 ECOTUR CERRO DE ORO
09,001,07,03,CALDAS,MANIZALES,LICEO INTEGRADO MANIZALES,COMUNA 6 ECOTUR CERRO DE ORO
09,001,07,04,CALDAS,MANIZALES,I.E MARISCAL SUCRE SEDE B,COMUNA 6 ECOTUR CERRO DE ORO
09,001,07,05,CALDAS,MANIZALES,I E COLEGIO DE CRISTO,COMUNA 6 ECOTUR CERRO DE ORO
09,001,07,06,CALDAS,MANIZALES,I.E LA SULTANA SEDE A,COMUNA 6 ECOTUR CERRO DE ORO
09,001,07,07,CALDAS,MANIZALES,I E MARISCAL SUCRE SEDE C KENNEDY,COMUNA 6 ECOTUR CERRO DE ORO
09,001,07,08,CALDAS,MANIZALES,COLEGIO SANTA INES,COMUNA 6 ECOTUR CERRO DE ORO
09,001,08,01,CALDAS,MANIZALES,I.E. SAN PIO X,COMUNA  7 TESORITO
09,001,08,02,CALDAS,MANIZALES,I.E. SAN PIO X SEDE B,COMUNA  7 TESORITO
09,001,08,03,CALDAS,MANIZALES,I.E. SAN PIO X SEDE A,COMUNA  7 TESORITO
09,001,08,04,CALDAS,MANIZALES,I.E. MALTERIA,COMUNA  7 TESORITO
09,001,08,05,CALDAS,MANIZALES,I E SAN PIO X SEDE C LA CAPILLA,COMUNA  7 TESORITO
09,001,09,01,CALDAS,MANIZALES,UNIVERSIDAD CATOLICA DE MANIZALES,COMUNA  8 PALOGRANDE
09,001,09,02,CALDAS,MANIZALES,FACUL. DE CIENCIAS JUR Y SOC U DE CALDAS,COMUNA  8 PALOGRANDE
09,001,09,03,CALDAS,MANIZALES,IE NACIONAL AUX DE ENFERMERIA S PRINC.,COMUNA  8 PALOGRANDE
09,001,09,04,CALDAS,MANIZALES,I E NORMAL SUPERIOR DE MANIZALES,COMUNA  8 PALOGRANDE
09,001,09,05,CALDAS,MANIZALES,SEM. MENOR DE NUESTRA SEÑORA DEL ROSARIO,COMUNA  8 PALOGRANDE
09,001,09,06,CALDAS,MANIZALES,UNIVERSIDAD NACIONAL SEDE ARQUITECTURA,COMUNA  8 PALOGRANDE
09,001,09,07,CALDAS,MANIZALES,CENTRO COMERCIAL SAN CANCIO,COMUNA  8 PALOGRANDE
09,001,09,08,CALDAS,MANIZALES,COLISEO MENOR RAMON MARIN VARGAS,COMUNA  8 PALOGRANDE
09,001,10,01,CALDAS,MANIZALES,I.E. ATANASIO GIRARDOT,COMUNA  9 UNIVERSITARIA
09,001,10,02,CALDAS,MANIZALES,I E EUGENIO PACELLI SEDE PRINCIPAL,COMUNA  9 UNIVERSITARIA
09,001,10,03,CALDAS,MANIZALES,I.E. MALABAR SEDE A,COMUNA  9 UNIVERSITARIA
09,001,10,04,CALDAS,MANIZALES,I.E.ARANJUEZ SEDE A,COMUNA  9 UNIVERSITARIA
09,001,10,05,CALDAS,MANIZALES,I.E. MALABAR SEDE B,COMUNA  9 UNIVERSITARIA
09,001,10,06,CALDAS,MANIZALES,U CALDAS SEDE BICENTENARIO LA MICAELA,COMUNA  9 UNIVERSITARIA
09,001,11,01,CALDAS,MANIZALES,I.E.ANDRES BELLO,COMUNA 10  LA FUENTE
09,001,11,02,CALDAS,MANIZALES,I.E. PERPETUO SOCORRO,COMUNA 10  LA FUENTE
09,001,11,03,CALDAS,MANIZALES,I.E. LEONARDO DAVINCI SEDE A,COMUNA 10  LA FUENTE
09,001,11,04,CALDAS,MANIZALES,I.E. LEONARDO DAVINCI,COMUNA 10  LA FUENTE
09,001,11,05,CALDAS,MANIZALES,I.E.LATINOAMERICANO SEDE B,COMUNA 10  LA FUENTE
09,001,12,01,CALDAS,MANIZALES,COL.MAYOR DE NUESTRA SEÑORA,COMUNA 11 LA MACARENA
09,001,12,02,CALDAS,MANIZALES,I.E. LEON DE GREIFF,COMUNA 11 LA MACARENA
09,001,12,03,CALDAS,MANIZALES,I.E. SIETE DE AGOSTO,COMUNA 11 LA MACARENA
09,001,12,04,CALDAS,MANIZALES,I.E. ESTAMBUL,COMUNA 11 LA MACARENA
09,001,12,05,CALDAS,MANIZALES,I E PABLO VI SEDE BARRIOS UNIDOS,COMUNA 11 LA MACARENA
09,001,12,06,CALDAS,MANIZALES,CISCO EL CARMEN,COMUNA 11 LA MACARENA
09,001,13,01,CALDAS,MANIZALES,IE SINAI SEDE B,COMUNA 12 NUEVO HORIZONTE
09,001,13,02,CALDAS,MANIZALES,IE LA ASUNCION SEDE B,COMUNA 12 NUEVO HORIZONTE
09,001,13,03,CALDAS,MANIZALES,I.E. LICEO MIXTO SINAI SEDE A,COMUNA 12 NUEVO HORIZONTE
09,001,13,04,CALDAS,MANIZALES,C. DE DESARROLLO INFANTIL VILLA HERMOSA,COMUNA 12 NUEVO HORIZONTE
09,001,13,05,CALDAS,MANIZALES,CENTRO COMERCIAL MALL PLAZA,COMUNA 12 NUEVO HORIZONTE
09,001,90,01,CALDAS,MANIZALES,UNIVERSIDAD DE CALDAS,
09,001,98,01,CALDAS,MANIZALES,CARCEL NACIONAL DE VARONES,
09,001,98,02,CALDAS,MANIZALES,RECLUSION DE MUJERES VILLA JOSEFINA,
09,001,98,03,CALDAS,MANIZALES,ESCUELA DE TRABAJO LA LINDA LOS ZAGALES,
09,001,99,01,CALDAS,MANIZALES,COLOMBIA,CORREGIMIENTO 1 COLOMBIA
09,001,99,02,CALDAS,MANIZALES,LA CRISTALINA,CORREGIMIENTO 2 LA CRISTALINA
09,001,99,03,CALDAS,MANIZALES,EL REMANSO,CORREGIMIENTO 3 EL REMANSO
09,001,99,04,CALDAS,MANIZALES,I E SAN PEREGRINO,CORREGIMIENTO 4 PANORAMA
09,001,99,05,CALDAS,MANIZALES,AGROTURISTICO EL TABLAZO,CORREGIMIENTO 5 CORREDOR  AGRO
09,001,99,06,CALDAS,MANIZALES,EL MANANTIAL,CORREGIMIENTO 6 EL MANANTIAL
09,001,99,07,CALDAS,MANIZALES,RIOBLANCO,CORREGIMIENTO 7 RIOBLANCO
09,001,99,08,CALDAS,MANIZALES,IE RURAL MIGUEL ANTONIO CARO BACHILLERAT,CORREGIMIENTO 3 EL REMANSO
09,001,99,09,CALDAS,MANIZALES,EL DESQUITE,CORREGIMIENTO 7 RIOBLANCO
09,001,99,10,CALDAS,MANIZALES,LA VIOLETA,CORREGIMIENTO 5 CORREDOR  AGRO
09,001,99,11,CALDAS,MANIZALES,ALTO CORINTO,CORREGIMIENTO 6 EL MANANTIAL
09,001,99,12,CALDAS,MANIZALES,LA TRINIDAD,CORREGIMIENTO 4 PANORAMA
09,001,99,13,CALDAS,MANIZALES,ESCUELA RURAL LA AURORA,CORREGIMIENTO 4 PANORAMA
09,001,99,14,CALDAS,MANIZALES,ESCUELA RURAL EL ARENILLO,CORREGIMIENTO 4 PANORAMA
09,001,99,15,CALDAS,MANIZALES,I E RURAL GRANADA SEDE PRINCIPAL,CORREGIMIENTO 3 EL REMANSO
09,004,00,01,CALDAS,AGUADAS,COLISEO CUBIERTO CAMBUMBIA,
09,004,00,02,CALDAS,AGUADAS,LICEO CLAUDINA MUNERA,
09,004,99,01,CALDAS,AGUADAS,ARMA,CORREGIMIENTO ARMA
09,004,99,02,CALDAS,AGUADAS,ENCIMADAS,
09,004,99,03,CALDAS,AGUADAS,VIBORAL,
09,004,99,04,CALDAS,AGUADAS,LA MERMITA,
09,004,99,05,CALDAS,AGUADAS,ALTO DE LA MONTAÑA,
09,004,99,06,CALDAS,AGUADAS,BOCAS,
09,004,99,07,CALDAS,AGUADAS,RIO ARRIBA,
09,004,99,08,CALDAS,AGUADAS,EL EDEN,
09,007,01,01,CALDAS,ANSERMA,BIBLIOTECA MUNICIPAL,
09,007,01,02,CALDAS,ANSERMA,ANTIGUA SEDE UNIVALLE,
09,007,01,03,CALDAS,ANSERMA,CENTRO VIDA,
09,007,01,04,CALDAS,ANSERMA,ESCUELA URBANA ANTONIO JOSE DE SUCRE,
09,007,02,01,CALDAS,ANSERMA,ESCUELA SAN JOSE,
09,007,02,02,CALDAS,ANSERMA,ESCUELA SIMON BOLIVAR,
09,007,02,03,CALDAS,ANSERMA,CIC,
09,007,02,04,CALDAS,ANSERMA,ESCUELA NORMAL SUPERIOR ANSERMA,
09,007,98,01,CALDAS,ANSERMA,CARCEL,
09,007,99,01,CALDAS,ANSERMA,VDA CHAPATA,
09,007,99,02,CALDAS,ANSERMA,MARAPRA,
09,007,99,03,CALDAS,ANSERMA,LA RICA,
09,007,99,04,CALDAS,ANSERMA,EL GUAMITO,
09,007,99,05,CALDAS,ANSERMA,LAS MARGARITAS,
09,007,99,06,CALDAS,ANSERMA,LA INDIA,
09,007,99,07,CALDAS,ANSERMA,PALO BLANCO,
09,007,99,08,CALDAS,ANSERMA,LA FLORESTA,
09,007,99,09,CALDAS,ANSERMA,LA NUBIA,
09,007,99,10,CALDAS,ANSERMA,CONCHARI,
09,007,99,11,CALDAS,ANSERMA,BELLAVISTA,
09,007,99,12,CALDAS,ANSERMA,SAN PEDRO,
09,013,00,01,CALDAS,ARANZAZU,IE COLEGIO PIO XI,
09,013,00,02,CALDAS,ARANZAZU,I.E NORMAL SUPERIOR SAGRADO CORAZON,
09,013,99,01,CALDAS,ARANZAZU,ALEGRIAS,
09,013,99,02,CALDAS,ARANZAZU,LAS CAMELIAS,
09,013,99,03,CALDAS,ARANZAZU,BUENOS AIRES,
09,013,99,04,CALDAS,ARANZAZU,LA HONDITA,
09,013,99,05,CALDAS,ARANZAZU,VARSOVIA,
09,013,99,06,CALDAS,ARANZAZU,EL ROBLAL,
09,022,00,00,CALDAS,BELALCAZAR,PUESTO CABECERA MUNICIPAL,
09,022,99,01,CALDAS,BELALCAZAR,EL MADROÑO,
09,022,99,02,CALDAS,BELALCAZAR,EL AGUILA,
09,022,99,03,CALDAS,BELALCAZAR,LA CASCADA,
09,022,99,04,CALDAS,BELALCAZAR,QUIEBRA DE LA HABANA,
09,022,99,05,CALDAS,BELALCAZAR,SAN ISIDRO,
09,022,99,06,CALDAS,BELALCAZAR,EL CRUCERO,
09,034,01,01,CALDAS,CHINCHINA,I.E. SAN FRANCISCO DE PAULA,
09,034,01,02,CALDAS,CHINCHINA,COL BARTOLOME MITRE,
09,034,01,03,CALDAS,CHINCHINA,CENT.CULT.BIBLIOTECA PUBLICA MUNICIPAL,
09,034,01,04,CALDAS,CHINCHINA,ESCUELA SANTA JUANA DE ARCO,
09,034,01,05,CALDAS,CHINCHINA,JARDIN INFANTIL CHINCHINA,
09,034,02,01,CALDAS,CHINCHINA,IE SANTO DOMINGO SAVIO,
09,034,02,02,CALDAS,CHINCHINA,ESCUELA KENNEDY,
09,034,02,03,CALDAS,CHINCHINA,COLISEO MUNICIPAL,
09,034,02,04,CALDAS,CHINCHINA,ESCUELA JUAN XXIII,
09,034,99,01,CALDAS,CHINCHINA,BAJO ESPAÑOL,
09,034,99,02,CALDAS,CHINCHINA,EL TREBOL,
09,034,99,03,CALDAS,CHINCHINA,LA FLORESTA,
09,037,00,00,CALDAS,FILADELFIA,PUESTO CABECERA MUNICIPAL,
09,037,99,01,CALDAS,FILADELFIA,EL PINTADO,CORREGIMIENTO EL PINTADO
09,037,99,02,CALDAS,FILADELFIA,EL VERSO,CORREGIMIENTO EL VERSO
09,037,99,03,CALDAS,FILADELFIA,LA SOLEDAD,CORREGIMIENTO EL PINTADO
09,037,99,04,CALDAS,FILADELFIA,LA PAILA,CORREGIMIENTO LA PAILA
09,037,99,05,CALDAS,FILADELFIA,MORRITOS,CORREGIMIENTO MORRITOS
09,037,99,06,CALDAS,FILADELFIA,SAMARIA,CORREGIMIENTO SAMARIA
09,037,99,07,CALDAS,FILADELFIA,SAN LUIS,CORREGIMIENTO SAN LUIS
09,049,01,01,CALDAS,LA DORADA,SEDE ANTONIO JOSE DE SUCRE,
09,049,01,02,CALDAS,LA DORADA,ESC SAN VICENTE,
09,049,01,03,CALDAS,LA DORADA,I. E. DORADA,
09,049,01,04,CALDAS,LA DORADA,IE NTRA SRA DEL CARMEN,
09,049,01,05,CALDAS,LA DORADA,ESC ANTONIO NARIÑO,
09,049,01,06,CALDAS,LA DORADA,ESC LAURELES,
09,049,01,07,CALDAS,LA DORADA,ESC.POLICARPA SALAVARRIETA,
09,049,02,01,CALDAS,LA DORADA,I. E ALFONSO LOPEZ,
09,049,02,02,CALDAS,LA DORADA,ESC JUAN PABLO II,
09,049,02,03,CALDAS,LA DORADA,I. E MARCO FIDEL SUAREZ,
09,049,02,04,CALDAS,LA DORADA,ESC RENAN BARCO,
09,049,98,01,CALDAS,LA DORADA,PENITENCIARIA DOÑA JUANA,
09,049,99,01,CALDAS,LA DORADA,BUENAVISTA,
09,049,99,02,CALDAS,LA DORADA,LA HABANA,
09,049,99,03,CALDAS,LA DORADA,EL PURNIO,
09,049,99,04,CALDAS,LA DORADA,EL JAPON,
09,049,99,05,CALDAS,LA DORADA,GUARINOCITO,
09,049,99,06,CALDAS,LA DORADA,LA ATARRAYA,
09,052,00,00,CALDAS,LA MERCED,PUESTO CABECERA MUNICIPAL,
09,052,99,01,CALDAS,LA MERCED,EL LIMON,
09,052,99,02,CALDAS,LA MERCED,EL TAMBOR,
09,052,99,03,CALDAS,LA MERCED,LA FELISA,
09,052,99,04,CALDAS,LA MERCED,MACIEGAL,
09,052,99,05,CALDAS,LA MERCED,PEÑA RICA,
09,052,99,06,CALDAS,LA MERCED,SAN JOSE,
09,055,00,00,CALDAS,MANZANARES,INST EDUC MANZANARES SD SAN LUIS GONZAGA,
09,055,99,01,CALDAS,MANZANARES,AGUA BONITA,CORREGIMIENTO AGUABONITA
09,055,99,02,CALDAS,MANZANARES,LLANADAS,CORREGIMIENTO AGUABONITA
09,055,99,03,CALDAS,MANZANARES,LA CEIBA,CORREGIMIENTO AGUABONITA
09,055,99,04,CALDAS,MANZANARES,LAS MARGARITAS,CORREGIMIENTO LAS MARGARITAS
09,055,99,05,CALDAS,MANZANARES,LOS PLANES,CORREGIMIENTO LOS PLANES
09,055,99,06,CALDAS,MANZANARES,SAN JUAN LA SIRIA,CORREGIMIENTO LOS PLANES
09,055,99,07,CALDAS,MANZANARES,SAN VICENTE,CORREGIMIENTO AGUABONITA
09,058,00,00,CALDAS,MARMATO,FONDA ASOCAMAR,
09,058,99,01,CALDAS,MARMATO,CENTRO DE DESARROLLO RURAL CABRAS,
09,058,99,02,CALDAS,MARMATO,ECHANDIA,
09,058,99,03,CALDAS,MARMATO,CENTRO POBLADO EL LLANO,
09,058,99,04,CALDAS,MARMATO,CENTRO DE DESARROLLO RURAL LA MIEL,
09,058,99,05,CALDAS,MARMATO,SAN JUAN,CORREGIMIENTO SAN JUAN
09,058,99,06,CALDAS,MARMATO,LA CUCHILLA,
09,061,00,00,CALDAS,MARQUETALIA,PUESTO CABECERA MUNICIPAL,
09,061,99,01,CALDAS,MARQUETALIA,SANTA ELENA,CORREGIMIENTO SANTA ELENA
09,061,99,02,CALDAS,MARQUETALIA,EL PLACER,
09,061,99,03,CALDAS,MARQUETALIA,VEREDA PATIO BONITO,
09,067,00,00,CALDAS,MARULANDA,PUESTO CABECERA MUNICIPAL,
09,067,99,01,CALDAS,MARULANDA,MONTEBONITO,
09,067,99,02,CALDAS,MARULANDA,EL PARAMO,
09,067,99,03,CALDAS,MARULANDA,EL ZANCUDO,
09,076,01,01,CALDAS,NEIRA,IE NEIRA,
09,076,01,02,CALDAS,NEIRA,CONCENTRACION ESCOLAR JOSE MARIA CORDOBA,
09,076,02,01,CALDAS,NEIRA,IE NUESTRA SEÑORA DEL ROSARIO,
09,076,02,02,CALDAS,NEIRA,ESCUELA ABRAHAM MONTOYA,
09,076,99,01,CALDAS,NEIRA,PUEBLO RICO,
09,076,99,02,CALDAS,NEIRA,AGUACATAL,
09,076,99,03,CALDAS,NEIRA,JUNTAS,
09,076,99,04,CALDAS,NEIRA,LLANOGRANDE,
09,076,99,05,CALDAS,NEIRA,EL CARDAL,
09,078,00,01,CALDAS,NORCASIA,PUESTO CABECERA MUNICIPAL,
09,078,00,02,CALDAS,NORCASIA,CENTRO DE INTEGRACION CIUDADANA CIC,
09,078,99,01,CALDAS,NORCASIA,QUIEBRA DE ROQUE,
09,078,99,02,CALDAS,NORCASIA,MOSCOVITA,
09,079,00,00,CALDAS,PACORA,PUESTO CABECERA MUNICIPAL,
09,079,98,01,CALDAS,PACORA,CARCEL,
09,079,99,01,CALDAS,PACORA,CASTILLA,CORREGIMIENTO CASTILLA
09,079,99,02,CALDAS,PACORA,BUENOS AIRES,CORREGIMIENTO BUENOS AIRES
09,079,99,03,CALDAS,PACORA,LAS COLES,CORREGIMIENTO  LAS COLES
09,079,99,04,CALDAS,PACORA,LOS MORROS,CORREGIMIENTO  LOS MORROS
09,079,99,05,CALDAS,PACORA,SAN BARTOLOME,CORREGIMIENTO SAN BARTOLOME
09,079,99,06,CALDAS,PACORA,LA PALMA,CORREGIMIENTO  LOS MORROS
09,079,99,07,CALDAS,PACORA,SAN LORENZO,CORREGIMIENTO SAN LORENZO
09,082,00,01,CALDAS,PALESTINA,PUESTO CABECERA MUNICIPAL,
09,082,00,02,CALDAS,PALESTINA,ZONA URBANA ARAUCA,
09,082,99,01,CALDAS,PALESTINA,LA PLATA,
09,082,99,02,CALDAS,PALESTINA,SANTAGUEDA,
09,085,00,00,CALDAS,PENSILVANIA,PUESTO CABECERA MUNICIPAL,
09,085,98,01,CALDAS,PENSILVANIA,CARCEL,
09,085,99,01,CALDAS,PENSILVANIA,ARBOLEDA,
09,085,99,02,CALDAS,PENSILVANIA,AGUA BONITA,
09,085,99,03,CALDAS,PENSILVANIA,LA SOLEDAD,
09,085,99,04,CALDAS,PENSILVANIA,SANTA TERESA,
09,085,99,05,CALDAS,PENSILVANIA,BOLIVIA,
09,085,99,06,CALDAS,PENSILVANIA,EL HIGUERON,
09,085,99,07,CALDAS,PENSILVANIA,GUACAS,
09,085,99,08,CALDAS,PENSILVANIA,SAN DANIEL,
09,085,99,09,CALDAS,PENSILVANIA,LA RIOJA,
09,085,99,10,CALDAS,PENSILVANIA,PUEBLONUEVO,
09,085,99,11,CALDAS,PENSILVANIA,SAMARIA,
09,085,99,12,CALDAS,PENSILVANIA,VEREDA LA TORRE,
09,103,01,01,CALDAS,RIOSUCIO,CONC ESCOL SANTANDER,
09,103,01,02,CALDAS,RIOSUCIO,CONC ESCOL ANTONIO NARIÑO,
09,103,01,03,CALDAS,RIOSUCIO,NORMAL SUPERIOR SGDO CORAZON,
09,103,02,01,CALDAS,RIOSUCIO,INST EDUC FUNDADORES,
09,103,02,02,CALDAS,RIOSUCIO,COLISEO DE LOS DEPORTES,
09,103,98,01,CALDAS,RIOSUCIO,CARCEL DEL CIRCUITO,
09,103,99,01,CALDAS,RIOSUCIO,BONAFONT,
09,103,99,02,CALDAS,RIOSUCIO,PUEBLO VIEJO,
09,103,99,03,CALDAS,RIOSUCIO,EL ORO,
09,103,99,04,CALDAS,RIOSUCIO,EL SALADO,
09,103,99,05,CALDAS,RIOSUCIO,FLORENCIA,
09,103,99,06,CALDAS,RIOSUCIO,LOS CHANCOS,
09,103,99,07,CALDAS,RIOSUCIO,QUIEBRALOMO,
09,103,99,08,CALDAS,RIOSUCIO,SAN JERONIMO,
09,103,99,09,CALDAS,RIOSUCIO,SAN LORENZO,
09,103,99,10,CALDAS,RIOSUCIO,LA IBERIA,
09,103,99,11,CALDAS,RIOSUCIO,LLANOGRANDE,
09,103,99,12,CALDAS,RIOSUCIO,LAS ESTANCIAS,
09,103,99,13,CALDAS,RIOSUCIO,MEJIAL,
09,103,99,14,CALDAS,RIOSUCIO,SIPIRRA,
09,106,00,00,CALDAS,RISARALDA,PUESTO CABECERA MUNICIPAL,
09,106,99,01,CALDAS,RISARALDA,ALTO ARAUCA,
09,106,99,02,CALDAS,RISARALDA,LA BOHEMIA,
09,106,99,03,CALDAS,RISARALDA,LA QUIEBRA DE SANTA BARBARA,
09,106,99,04,CALDAS,RISARALDA,EL PALO,
09,109,00,00,CALDAS,SALAMINA,PUESTO CABECERA MUNICIPAL,
09,109,98,01,CALDAS,SALAMINA,CARCEL,
09,109,99,01,CALDAS,SALAMINA,LA LOMA,
09,109,99,02,CALDAS,SALAMINA,EL PERRO,
09,109,99,03,CALDAS,SALAMINA,LA UNION,
09,109,99,04,CALDAS,SALAMINA,PORTACHUELO,
09,109,99,05,CALDAS,SALAMINA,IE SAN FELIX,CORREGIMIENTO SAN FELIX
09,115,00,00,CALDAS,SAMANA,PUESTO CABECERA MUNICIPAL,
09,115,99,01,CALDAS,SAMANA,BERLIN,
09,115,99,02,CALDAS,SAMANA,CALIFORNIA,
09,115,99,03,CALDAS,SAMANA,EL CONGAL,
09,115,99,04,CALDAS,SAMANA,YARUMAL,
09,115,99,05,CALDAS,SAMANA,CONFINES,
09,115,99,06,CALDAS,SAMANA,SANTA RITA,
09,115,99,07,CALDAS,SAMANA,FLORENCIA,
09,115,99,08,CALDAS,SAMANA,ENCIMADAS,
09,115,99,09,CALDAS,SAMANA,LOS POMOS,
09,115,99,10,CALDAS,SAMANA,RANCHOLARGO,
09,115,99,11,CALDAS,SAMANA,SAN DIEGO,
09,115,99,12,CALDAS,SAMANA,LA QUINTA,
09,115,99,13,CALDAS,SAMANA,DULCE NOMBRE,
09,115,99,14,CALDAS,SAMANA,CRISTALES,
09,120,00,00,CALDAS,SAN JOSE,PUESTO CABECERA MUNICIPAL,
09,120,99,01,CALDAS,SAN JOSE,LA ALBANIA,
09,120,99,02,CALDAS,SAN JOSE,PRIMAVERA,
09,124,01,01,CALDAS,SUPIA,IE. FRANCISCO JOSE DE CALDAS INTEC,
09,124,01,02,CALDAS,SUPIA,CENTRO CÍVICO Y CULTURAL,
09,124,02,01,CALDAS,SUPIA,IE SUPIA ININSU,
09,124,02,02,CALDAS,SUPIA,IE SAN VÍCTOR,
09,124,02,03,CALDAS,SUPIA,IE MARISCAL ROBLEDO,
09,124,02,04,CALDAS,SUPIA,IE POLICARPA SALAVARRIETA,
09,124,99,01,CALDAS,SUPIA,HOJAS ANCHAS,
09,124,99,02,CALDAS,SUPIA,GUAMAL,
09,124,99,03,CALDAS,SUPIA,I.E LA QUINTA,
09,124,99,04,CALDAS,SUPIA,I.E. CAÑAMOMO Y LOMA PRIETA,
09,127,00,00,CALDAS,VICTORIA,PUESTO CABECERA MUNICIPAL,
09,127,99,01,CALDAS,VICTORIA,ISAZA,
09,127,99,02,CALDAS,VICTORIA,EL LLANO,
09,127,99,03,CALDAS,VICTORIA,CAÑAVERAL,
09,127,99,04,CALDAS,VICTORIA,LA PRADERA,
09,130,01,01,CALDAS,VILLAMARIA,IE JAIME DUQUE GRISALES,
09,130,01,02,CALDAS,VILLAMARIA,IE SANTA LUISA DE MARILLAC,
09,130,01,03,CALDAS,VILLAMARIA,COL VILLA DEL ROSARIO,
09,130,01,04,CALDAS,VILLAMARIA,TURIN CRC,
09,130,01,05,CALDAS,VILLAMARIA,COLEGIO SAN PEDRO CLAVER,
09,130,02,01,CALDAS,VILLAMARIA,IE GERARDO ARIAS RAMIREZ,
09,130,02,02,CALDAS,VILLAMARIA,COLISEO JAIME DUQUE GRISALES,
09,130,02,03,CALDAS,VILLAMARIA,ESC RAFAEL POMBO,
09,130,02,04,CALDAS,VILLAMARIA,CDI CHIQUITINES,
09,130,02,05,CALDAS,VILLAMARIA,CDI FLORECER,
09,130,03,01,CALDAS,VILLAMARIA,IE NUESTRA SEÑORA DEL ROSARIO,
09,130,99,01,CALDAS,VILLAMARIA,EL PINDO ESCUELA ANTONIO NARIÑO,
09,130,99,02,CALDAS,VILLAMARIA,IE COLOMBIA LA GUAYANA,
09,130,99,03,CALDAS,VILLAMARIA,LLANITOS,
09,130,99,04,CALDAS,VILLAMARIA,NUEVO RIOCLARO,
09,130,99,05,CALDAS,VILLAMARIA,MIRAFLORES,
09,130,99,06,CALDAS,VILLAMARIA,VDA LOS CUERVOS CASETA COM ALTO DE CRUZ,
09,130,99,07,CALDAS,VILLAMARIA,NUEVA PRIMAVERA,
09,130,99,08,CALDAS,VILLAMARIA,GALLINAZO,
09,130,99,09,CALDAS,VILLAMARIA,LAGUNA NEGRA,
09,133,00,01,CALDAS,VITERBO,PUESTO CABECERA MUNICIPAL,
09,133,00,02,CALDAS,VITERBO,INSTITUCION EDUCATIVA LA MILAGROSA SD,
09,133,99,01,CALDAS,VITERBO,CANAAN,
09,133,99,02,CALDAS,VITERBO,LA LINDA,
09,133,99,03,CALDAS,VITERBO,EL PORVENIR,
09,133,99,04,CALDAS,VITERBO,EL SOCORRO,
09,133,99,05,CALDAS,VITERBO,LA MARIA,
09,133,99,06,CALDAS,VITERBO,LA TESALIA,
11,001,01,01,CAUCA,POPAYAN,COLEGIO CHAMPAGNAT,COMUNA 1
11,001,01,02,CAUCA,POPAYAN,COLEGIO SAGRADO CORAZON DE JES,COMUNA 1
11,001,01,03,CAUCA,POPAYAN,ESCUELA DE YANACONAS,COMUNA 3
11,001,01,04,CAUCA,POPAYAN,COLEGIO NUESTRA SEÑORA DEL CARMEN,COMUNA 3
11,001,01,05,CAUCA,POPAYAN,COLEGIO GABRIELA MISTRAL,COMUNA 3
11,001,01,06,CAUCA,POPAYAN,IE SEDE MERCEDES PARDO DE S.,COMUNA 3
11,001,02,01,CAUCA,POPAYAN,INST EDUC BICENTENARIO,COMUNA 2
11,001,02,02,CAUCA,POPAYAN,SENA ALTO DEL CAUCA,COMUNA 2
11,001,02,03,CAUCA,POPAYAN,COLEGIO TECNICO COMFACAUCA,COMUNA 2
11,001,02,04,CAUCA,POPAYAN,ESCUELA PEDRO ANTONIO TORRES,COMUNA 2
11,001,02,05,CAUCA,POPAYAN,ESCUELA URBANA MIXTA LOS UVOS,COMUNA 2
11,001,02,06,CAUCA,POPAYAN,COLEGIO COLOMBO FRANCES,COMUNA 2
11,001,02,07,CAUCA,POPAYAN,REAL COLEGIO SAN FRANCISCO DE ASIS,COMUNA 2
11,001,02,08,CAUCA,POPAYAN,COLEGIO COMERCIAL DEL NORTE,COMUNA 2
11,001,03,01,CAUCA,POPAYAN,UNICAUCA - FAC. HUMANIDADES,COMUNA 4
11,001,03,02,CAUCA,POPAYAN,COLEGIO MAYOR DEL CAUCA,COMUNA 4
11,001,03,03,CAUCA,POPAYAN,INSTITUTO MELVIN JONES,COMUNA 4
11,001,03,04,CAUCA,POPAYAN,IE TECNICO INDUSTRIAL,COMUNA 4
11,001,04,01,CAUCA,POPAYAN,COLEGIO FRANCISCO ANTONIO DE U,COMUNA 4
11,001,04,02,CAUCA,POPAYAN,INST. EDUCATIVA SAN AGUSTIN,COMUNA 4
11,001,04,03,CAUCA,POPAYAN,ESCUELA RAFAEL POMBO,COMUNA 4
11,001,04,04,CAUCA,POPAYAN,IE SEDE ANTONIO NARIÑO,COMUNA 4
11,001,05,01,CAUCA,POPAYAN,INST. EDUC. ALFEREZ REAL,COMUNA 5
11,001,05,02,CAUCA,POPAYAN,COLEGIO DON BOSCO,COMUNA 6
11,001,05,03,CAUCA,POPAYAN,COLEGIO NORMAL SUPERIOR,COMUNA 6
11,001,05,04,CAUCA,POPAYAN,INST EDUC LOS COMUNEROS,COMUNA 6
11,001,05,05,CAUCA,POPAYAN,IE  SEDE LOS SAUCES,COMUNA 5
11,001,06,01,CAUCA,POPAYAN,INST EDUC EL MIRADOR,COMUNA 7
11,001,06,02,CAUCA,POPAYAN,COLEGIO TOMAS CIPRIANO,COMUNA 7
11,001,06,03,CAUCA,POPAYAN,ESCUELA LOS CAMPOS,COMUNA 7
11,001,06,04,CAUCA,POPAYAN,ESCUELA MANUELA BELTRAN,COMUNA 7
11,001,07,01,CAUCA,POPAYAN,COLEGIO BIENESTAR SOC.DE LA PO,COMUNA 8
11,001,07,02,CAUCA,POPAYAN,INST EDUC JOHN F. KENNEDY,COMUNA 8
11,001,07,03,CAUCA,POPAYAN,PARQUE INFORM.DE CIENCIA ARTE,COMUNA 8
11,001,07,04,CAUCA,POPAYAN,ESCUELA JHON F.KENEDY JOSE MAR,COMUNA 8
11,001,07,05,CAUCA,POPAYAN,INST EDUC  JOSE EUSEBIO CARO,COMUNA 9
11,001,07,06,CAUCA,POPAYAN,COL.METROPOLITANO MARIA OCCIDE,COMUNA 9
11,001,07,07,CAUCA,POPAYAN,ESCUELA LOMAS DE GRANADA,COMUNA 9
11,001,07,08,CAUCA,POPAYAN,MEGACOLEGIO VALLE DEL ORTIGAL,COMUNA 9
11,001,90,01,CAUCA,POPAYAN,INEM FRANCISCO JOSE DE CALDAS,
11,001,98,01,CAUCA,POPAYAN,CARCEL DE HOMBRES SAN ISIDRO,
11,001,98,02,CAUCA,POPAYAN,CARCEL DE MUJERES LA MAGDALENA,
11,001,99,01,CAUCA,POPAYAN,LOS CERRILLOS,CORREGIMIENTO 01
11,001,99,04,CAUCA,POPAYAN,SEDE LA CALERA IE LAS MERCEDES,CORREGIMIENTO 02
11,001,99,05,CAUCA,POPAYAN,LAS MERCEDES,CORREGIMIENTO 02
11,001,99,06,CAUCA,POPAYAN,LA MESETA,CORREGIMIENTO 03
11,001,99,09,CAUCA,POPAYAN,SAN RAFAEL,CORREGIMIENTO 04
11,001,99,13,CAUCA,POPAYAN,SANTA ROSA,CORREGIMIENTO 05
11,001,99,14,CAUCA,POPAYAN,INSTITUCION NOROCCIDENTE LA TETILLA,CORREGIMIENTO 05
11,001,99,17,CAUCA,POPAYAN,LA REJOYA,CORREGIMIENTO 08
11,001,99,19,CAUCA,POPAYAN,JULUMITO,CORREGIMIENTO 06
11,001,99,21,CAUCA,POPAYAN,SAN BERNARDINO,CORREGIMIENTO 07
11,001,99,25,CAUCA,POPAYAN,CALIBIO,CORREGIMIENTO 09
11,001,99,27,CAUCA,POPAYAN,LA YUNGA,CORREGIMIENTO 10
11,001,99,29,CAUCA,POPAYAN,EL TABLON,CORREGIMIENTO 11
11,001,99,33,CAUCA,POPAYAN,EL CHARCO,CORREGIMIENTO 12
11,001,99,37,CAUCA,POPAYAN,CAJETE,CORREGIMIENTO 13
11,001,99,41,CAUCA,POPAYAN,FIGUEROA,CORREGIMIENTO 14
11,001,99,43,CAUCA,POPAYAN,VEREDA DE TORRES,CORREGIMIENTO 15
11,001,99,45,CAUCA,POPAYAN,VEREDA PUELENJE,CORREGIMIENTO 16
11,001,99,53,CAUCA,POPAYAN,EL SENDERO,CORREGIMIENTO 18
11,001,99,54,CAUCA,POPAYAN,SEDE PUEBLILLO IE ALEJANDRO DE HUMBOLDT,CORREGIMIENTO 18
11,001,99,55,CAUCA,POPAYAN,SAMANGA,CORREGIMIENTO 17
11,001,99,56,CAUCA,POPAYAN,SEDE SILOE IE FRANCISCO ANTONIO DE ULLOA,CORREGIMIENTO 17
11,001,99,57,CAUCA,POPAYAN,SANTA BARBARA,CORREGIMIENTO 19
11,001,99,58,CAUCA,POPAYAN,POBLAZON,CORREGIMIENTO 20
11,001,99,59,CAUCA,POPAYAN,SAMANGA BAJA,CORREGIMIENTO 17
11,001,99,60,CAUCA,POPAYAN,PISOJE BAJO IE ALEJANDRO HUMBOLDT,CORREGIMIENTO 19
11,001,99,61,CAUCA,POPAYAN,EL CANELO,CORREGIMIENTO 21
11,001,99,65,CAUCA,POPAYAN,LAS PIEDRAS,CORREGIMIENTO 22
11,001,99,80,CAUCA,POPAYAN,QUINTANA,CORREGIMIENTO 23
11,001,99,81,CAUCA,POPAYAN,PISOJE ALTO,CORREGIMIENTO 19
11,004,00,00,CAUCA,ALMAGUER,PUESTO CABECERA MUNICIPAL,
11,004,99,01,CAUCA,ALMAGUER,CAQUIONA,
11,004,99,05,CAUCA,ALMAGUER,EL PEÑOL (LA HONDA),
11,004,99,09,CAUCA,ALMAGUER,EL TABLON,
11,004,99,10,CAUCA,ALMAGUER,GONZALO,
11,004,99,11,CAUCA,ALMAGUER,HIGUERAS (LA PILA),
11,004,99,12,CAUCA,ALMAGUER,HUMOS O EL HATO,
11,004,99,13,CAUCA,ALMAGUER,LLACUANAS,
11,004,99,15,CAUCA,ALMAGUER,MARMATO (TARABITA),
11,004,99,16,CAUCA,ALMAGUER,PRIMAVERA,
11,004,99,17,CAUCA,ALMAGUER,SAN JORGE (LA HERRADURA),
11,004,99,60,CAUCA,ALMAGUER,SAUJI,
11,005,00,00,CAUCA,ARGELIA,PUESTO CABECERA MUNICIPAL,
11,005,99,02,CAUCA,ARGELIA,BETANIA,
11,005,99,03,CAUCA,ARGELIA,BOLIVIA,
11,005,99,04,CAUCA,ARGELIA,EL DIVISO (PALOMOCHO),
11,005,99,05,CAUCA,ARGELIA,EL MANGO,
11,005,99,06,CAUCA,ARGELIA,EL PLATEADO,
11,005,99,08,CAUCA,ARGELIA,LA BELLEZA,
11,005,99,10,CAUCA,ARGELIA,LA FLORIDA,
11,005,99,12,CAUCA,ARGELIA,EL NARANJAL,
11,005,99,16,CAUCA,ARGELIA,LA EMBOSCADA,
11,005,99,25,CAUCA,ARGELIA,PUERTO RICO,
11,005,99,29,CAUCA,ARGELIA,SAN JUAN DE LA GUADUA,
11,005,99,35,CAUCA,ARGELIA,SANTA CLARA,
11,005,99,75,CAUCA,ARGELIA,SINAI,
11,006,00,00,CAUCA,BALBOA,PUESTO CABECERA MUNICIPAL,
11,006,99,02,CAUCA,BALBOA,EL VIJAL,
11,006,99,04,CAUCA,BALBOA,GUADUALITO,
11,006,99,05,CAUCA,BALBOA,LA BERMEJA O PUERTO BERMEJA,
11,006,99,06,CAUCA,BALBOA,LA PLANADA,
11,006,99,07,CAUCA,BALBOA,LA LOMITA O LOMITAS,
11,006,99,08,CAUCA,BALBOA,OLAYA,
11,006,99,09,CAUCA,BALBOA,PURETO,
11,006,99,10,CAUCA,BALBOA,SAN ALFONSO,
11,006,99,11,CAUCA,BALBOA,PLAN GRANDE,
11,006,99,12,CAUCA,BALBOA,CAMPOALEGRE,
11,007,00,00,CAUCA,BOLIVAR,PUESTO CABECERA MUNICIPAL,
11,007,98,01,CAUCA,BOLIVAR,CARCEL,
11,007,99,01,CAUCA,BOLIVAR,CAPELLANIAS,
11,007,99,02,CAUCA,BOLIVAR,CERRO PELADO (CERRO PELADO BAJO),
11,007,99,03,CAUCA,BOLIVAR,CHALGUAYACO,
11,007,99,04,CAUCA,BOLIVAR,BAJO LLANO,
11,007,99,05,CAUCA,BOLIVAR,EL CARMEN,
11,007,99,06,CAUCA,BOLIVAR,BUTUYACO,
11,007,99,07,CAUCA,BOLIVAR,EL RODEO,
11,007,99,08,CAUCA,BOLIVAR,MORALES,
11,007,99,09,CAUCA,BOLIVAR,GUACHICONO,
11,007,99,10,CAUCA,BOLIVAR,EL BOQUERON,
11,007,99,11,CAUCA,BOLIVAR,EL SALTO,
11,007,99,12,CAUCA,BOLIVAR,LA PLAYA DE SAN JORGE,
11,007,99,13,CAUCA,BOLIVAR,LERMA,
11,007,99,14,CAUCA,BOLIVAR,LA MEDINA,
11,007,99,15,CAUCA,BOLIVAR,LAS MINAS,
11,007,99,16,CAUCA,BOLIVAR,LOS POTREROS,
11,007,99,17,CAUCA,BOLIVAR,LOS MILAGROS,
11,007,99,18,CAUCA,BOLIVAR,PALMA O POCOS,
11,007,99,19,CAUCA,BOLIVAR,LOS RASTROJOS,
11,007,99,20,CAUCA,BOLIVAR,MAZAMORRAS,
11,007,99,21,CAUCA,BOLIVAR,MELCHOR,
11,007,99,22,CAUCA,BOLIVAR,NUEVA GRANADA (CIMARRONAS),
11,007,99,23,CAUCA,BOLIVAR,SAN JOSE DEL MORRO,
11,007,99,24,CAUCA,BOLIVAR,PORTACHUELO,
11,007,99,25,CAUCA,BOLIVAR,SAN JUAN,
11,007,99,27,CAUCA,BOLIVAR,RIONEGRO,
11,007,99,28,CAUCA,BOLIVAR,SAN JUAN DE LAS VUELTAS,
11,007,99,29,CAUCA,BOLIVAR,SAN LORENZO,
11,007,99,30,CAUCA,BOLIVAR,EL COCAL,
11,007,99,31,CAUCA,BOLIVAR,SAN MIGUEL,
11,007,99,32,CAUCA,BOLIVAR,EL GUADUAL,
11,007,99,33,CAUCA,BOLIVAR,SAQUE,
11,007,99,34,CAUCA,BOLIVAR,EL SILENCIO,
11,007,99,35,CAUCA,BOLIVAR,LA PARADA,
11,007,99,36,CAUCA,BOLIVAR,LA YUNGA,
11,007,99,37,CAUCA,BOLIVAR,SESTEADERO,
11,007,99,38,CAUCA,BOLIVAR,EL PEPINAL,
11,007,99,40,CAUCA,BOLIVAR,EL TAMBO,
11,007,99,41,CAUCA,BOLIVAR,ARRAYANES,
11,007,99,42,CAUCA,BOLIVAR,LA PRADERA,
11,007,99,44,CAUCA,BOLIVAR,ROMERILLOS,
11,007,99,45,CAUCA,BOLIVAR,LA ESPERANZA O LA CUEVA,
11,007,99,46,CAUCA,BOLIVAR,ANGONI,
11,007,99,48,CAUCA,BOLIVAR,LA PUENTE,
11,007,99,49,CAUCA,BOLIVAR,LA PLAYA DE SAN JUAN,
11,007,99,50,CAUCA,BOLIVAR,GUAYABILLAS,
11,007,99,52,CAUCA,BOLIVAR,LAS DANTAS,
11,007,99,54,CAUCA,BOLIVAR,LA CALDERA,
11,007,99,55,CAUCA,BOLIVAR,LA CARBONERA O MEJICO,
11,007,99,56,CAUCA,BOLIVAR,LADERAS,
11,007,99,57,CAUCA,BOLIVAR,TOLEDO,
11,007,99,58,CAUCA,BOLIVAR,YUNGUILLA,
11,007,99,60,CAUCA,BOLIVAR,LIMONGUAYCO BAJO,
11,007,99,61,CAUCA,BOLIVAR,TRUJILLO,
11,007,99,62,CAUCA,BOLIVAR,EL CIDRAL,
11,007,99,63,CAUCA,BOLIVAR,CHALGUAYACO CUCHO,
11,007,99,64,CAUCA,BOLIVAR,SAN ANTONIO DEL SILENCIO,
11,007,99,65,CAUCA,BOLIVAR,FLORIDA ALTA,
11,007,99,66,CAUCA,BOLIVAR,MONTE OSCURO,
11,007,99,67,CAUCA,BOLIVAR,SAN ANTONIO,
11,007,99,68,CAUCA,BOLIVAR,CHORRERA,
11,007,99,69,CAUCA,BOLIVAR,MELCHOR VIEJO,
11,007,99,70,CAUCA,BOLIVAR,LIMA,
11,007,99,71,CAUCA,BOLIVAR,EL VENERO,
11,007,99,72,CAUCA,BOLIVAR,EL BARRIAL,
11,007,99,73,CAUCA,BOLIVAR,GUACAYANES,
11,007,99,74,CAUCA,BOLIVAR,EL GUINEAL,
11,007,99,75,CAUCA,BOLIVAR,EL RECODO,
11,007,99,76,CAUCA,BOLIVAR,CARBONERO,
11,007,99,77,CAUCA,BOLIVAR,LA ESTRELLA,
11,007,99,78,CAUCA,BOLIVAR,BUENOS AIRES,
11,007,99,79,CAUCA,BOLIVAR,POTRERILLOS,
11,007,99,80,CAUCA,BOLIVAR,VILLA NUEVA,
11,007,99,82,CAUCA,BOLIVAR,PLACETILLAS,
11,007,99,83,CAUCA,BOLIVAR,LA DOMINGA,
11,007,99,84,CAUCA,BOLIVAR,SANTA ANA,
11,007,99,85,CAUCA,BOLIVAR,ARAGON,
11,010,00,00,CAUCA,BUENOS AIRES,PUESTO CABECERA MUNICIPAL,
11,010,99,01,CAUCA,BUENOS AIRES,AURES,
11,010,99,02,CAUCA,BUENOS AIRES,ALTO NAYA,
11,010,99,07,CAUCA,BUENOS AIRES,EL LLANITO,
11,010,99,08,CAUCA,BUENOS AIRES,EL CERAL,
11,010,99,11,CAUCA,BUENOS AIRES,EL PORVENIR,
11,010,99,12,CAUCA,BUENOS AIRES,LA BALSA,
11,010,99,15,CAUCA,BUENOS AIRES,SAN IGNACIO,
11,010,99,17,CAUCA,BUENOS AIRES,TIMBA,
11,010,99,18,CAUCA,BUENOS AIRES,SAN FRANCISCO,
11,010,99,24,CAUCA,BUENOS AIRES,CASCAJERO,
11,010,99,26,CAUCA,BUENOS AIRES,HONDURAS,
11,010,99,55,CAUCA,BUENOS AIRES,MAZAMORRERO,
11,010,99,60,CAUCA,BUENOS AIRES,PALOBLANCO,
11,010,99,65,CAUCA,BUENOS AIRES,LAS DELICIAS,
11,010,99,70,CAUCA,BUENOS AIRES,MUNCHIQUE,
11,010,99,75,CAUCA,BUENOS AIRES,BRISAS DE MARILOPEZ,
11,013,00,00,CAUCA,CAJIBIO,PUESTO CABECERA MUNICIPAL,
11,013,99,01,CAUCA,CAJIBIO,DINDE,
11,013,99,02,CAUCA,CAJIBIO,CAMPOALEGRE,
11,013,99,03,CAUCA,CAJIBIO,SANTA TERESA (CASAS BAJAS),
11,013,99,04,CAUCA,CAJIBIO,CHAUX,
11,013,99,05,CAUCA,CAJIBIO,EL CARMELO,
11,013,99,09,CAUCA,CAJIBIO,EL ROSARIO,
11,013,99,10,CAUCA,CAJIBIO,EL TUNEL,
11,013,99,11,CAUCA,CAJIBIO,LA CAPILLA,
11,013,99,13,CAUCA,CAJIBIO,LA PEDREGOSA,
11,013,99,14,CAUCA,CAJIBIO,EL RECUERDO,
11,013,99,15,CAUCA,CAJIBIO,LA VENTA,
11,013,99,17,CAUCA,CAJIBIO,ORTEGA,
11,013,99,23,CAUCA,CAJIBIO,LA GRANJA,
11,013,99,29,CAUCA,CAJIBIO,SAN ANTONIO,
11,013,99,30,CAUCA,CAJIBIO,SAN JOSE DE LA LAGUNA,
11,013,99,31,CAUCA,CAJIBIO,LA ARROYUELA,
11,016,00,00,CAUCA,CALDONO,PUESTO CABECERA MUNICIPAL,
11,016,99,01,CAUCA,CALDONO,CERRO ALTO,
11,016,99,03,CAUCA,CALDONO,EL PITAL,
11,016,99,05,CAUCA,CALDONO,LA AGUADA,
11,016,99,09,CAUCA,CALDONO,PESCADOR,
11,016,99,13,CAUCA,CALDONO,PIOYA,
11,016,99,17,CAUCA,CALDONO,PLAN DE ZUÑIGA,
11,016,99,21,CAUCA,CALDONO,PUEBLO NUEVO,
11,016,99,25,CAUCA,CALDONO,SIBERIA (OVEJAS),
11,016,99,26,CAUCA,CALDONO,ANDALUCIA,
11,016,99,27,CAUCA,CALDONO,PALERMO,
11,019,00,01,CAUCA,CALOTO,IE ESCIPION JARAMILLO,
11,019,00,02,CAUCA,CALOTO,IE NUCLEO ESCOLAR RURAL,
11,019,99,02,CAUCA,CALOTO,CARPINTERO,
11,019,99,03,CAUCA,CALOTO,EL PAJARITO,
11,019,99,05,CAUCA,CALOTO,EL PALO,
11,019,99,07,CAUCA,CALOTO,EL ALBA,
11,019,99,08,CAUCA,CALOTO,EL PEDREGAL,
11,019,99,09,CAUCA,CALOTO,EL PLACER,
11,019,99,10,CAUCA,CALOTO,EL PILAMO,
11,019,99,17,CAUCA,CALOTO,HUASANO,
11,019,99,18,CAUCA,CALOTO,LA ARROBLEDA,
11,019,99,20,CAUCA,CALOTO,LOMA PELADA,
11,019,99,21,CAUCA,CALOTO,MIRAFLORES (HUELLA),
11,019,99,25,CAUCA,CALOTO,PALOMERA,
11,019,99,28,CAUCA,CALOTO,PARAMILLO O LA PLACA,
11,019,99,32,CAUCA,CALOTO,QUINTERO,
11,019,99,50,CAUCA,CALOTO,SAN NICOLAS,
11,019,99,76,CAUCA,CALOTO,SANTA RITA,
11,022,00,00,CAUCA,CORINTO,PUESTO CABECERA MUNICIPAL,
11,022,99,01,CAUCA,CORINTO,EL JAGUAL,
11,022,99,04,CAUCA,CORINTO,EL BARRANCO,
11,022,99,07,CAUCA,CORINTO,LA COMINERA,
11,022,99,13,CAUCA,CORINTO,LOS ANDES,
11,022,99,17,CAUCA,CORINTO,MEDIA NARANJA,
11,022,99,19,CAUCA,CORINTO,QUEBRADITAS,
11,022,99,23,CAUCA,CORINTO,RIONEGRO,
11,025,00,00,CAUCA,EL TAMBO,PUESTO CABECERA MUNICIPAL,
11,025,99,01,CAUCA,EL TAMBO,ALTO DEL REY,
11,025,99,04,CAUCA,EL TAMBO,BELEN LA CALERA,
11,025,99,05,CAUCA,EL TAMBO,BARAYA,
11,025,99,06,CAUCA,EL TAMBO,BUENAVISTA,
11,025,99,07,CAUCA,EL TAMBO,BETANIA,
11,025,99,08,CAUCA,EL TAMBO,CABUYAL,
11,025,99,09,CAUCA,EL TAMBO,CHAPA,
11,025,99,10,CAUCA,EL TAMBO,CIPRES PUEBLO NUEVO,
11,025,99,13,CAUCA,EL TAMBO,CHISQUIO,
11,025,99,14,CAUCA,EL TAMBO,EL CRUCERO DE PUEBLO NUEVO,
11,025,99,15,CAUCA,EL TAMBO,CUATRO ESQUINAS,
11,025,99,16,CAUCA,EL TAMBO,CALICHALES,
11,025,99,17,CAUCA,EL TAMBO,EL PLACER,
11,025,99,18,CAUCA,EL TAMBO,EL HIGUERON,
11,025,99,19,CAUCA,EL TAMBO,EL PUENTE DEL RIO TIMBIO,
11,025,99,21,CAUCA,EL TAMBO,EL ZARZAL,
11,025,99,22,CAUCA,EL TAMBO,EL HOYO,
11,025,99,23,CAUCA,EL TAMBO,EL OCHENTA Y UNO (LA GALLERA),
11,025,99,25,CAUCA,EL TAMBO,GAMBOA (SAN ANTONIO),
11,025,99,26,CAUCA,EL TAMBO,GUAZAVARITA,
11,025,99,29,CAUCA,EL TAMBO,GRANADA,
11,025,99,33,CAUCA,EL TAMBO,HUISITO,
11,025,99,35,CAUCA,EL TAMBO,LA BANDA,
11,025,99,36,CAUCA,EL TAMBO,LISBOA DAJUANDO,
11,025,99,37,CAUCA,EL TAMBO,LA ALIANZA,
11,025,99,38,CAUCA,EL TAMBO,LA CUCHILLA,
11,025,99,39,CAUCA,EL TAMBO,LA ROMELIA,
11,025,99,40,CAUCA,EL TAMBO,LAS PIEDRAS,
11,025,99,41,CAUCA,EL TAMBO,LA PAZ,
11,025,99,42,CAUCA,EL TAMBO,LOS ANDES,
11,025,99,43,CAUCA,EL TAMBO,VILLA AL MAR (FONDAS),
11,025,99,44,CAUCA,EL TAMBO,LOS ANGELES,
11,025,99,45,CAUCA,EL TAMBO,LOS ANAYES,
11,025,99,46,CAUCA,EL TAMBO,LIMONCITO MIRRINGA,
11,025,99,47,CAUCA,EL TAMBO,MONTERREDONDO,
11,025,99,49,CAUCA,EL TAMBO,MOSQUERA,
11,025,99,50,CAUCA,EL TAMBO,LA LAGUNA,
11,025,99,51,CAUCA,EL TAMBO,LA VENTA,
11,025,99,52,CAUCA,EL TAMBO,LA VENTANA,
11,025,99,53,CAUCA,EL TAMBO,PANDIGUANDO,
11,025,99,55,CAUCA,EL TAMBO,LAS HUERTAS,
11,025,99,57,CAUCA,EL TAMBO,PIAGUA,
11,025,99,59,CAUCA,EL TAMBO,PLAYA RICA,
11,025,99,60,CAUCA,EL TAMBO,PUERTA LLAVE,
11,025,99,63,CAUCA,EL TAMBO,LOS LLANOS,
11,025,99,65,CAUCA,EL TAMBO,QUILCACE,
11,025,99,67,CAUCA,EL TAMBO,RIO HONDO,
11,025,99,68,CAUCA,EL TAMBO,RIOSUCIO,
11,025,99,69,CAUCA,EL TAMBO,RONDON (LA PALOMA),
11,025,99,73,CAUCA,EL TAMBO,SABANETAS,
11,025,99,75,CAUCA,EL TAMBO,MURGUEITIO,
11,025,99,77,CAUCA,EL TAMBO,SAN JOAQUIN,
11,025,99,81,CAUCA,EL TAMBO,SAN JUAN DE MECHENGUE,
11,025,99,83,CAUCA,EL TAMBO,SEGUENGUE,
11,025,99,85,CAUCA,EL TAMBO,URIBE,
11,025,99,90,CAUCA,EL TAMBO,PEPITAL,
11,025,99,91,CAUCA,EL TAMBO,LAS PALMAS,
11,025,99,92,CAUCA,EL TAMBO,EL RECUERDO,
11,025,99,93,CAUCA,EL TAMBO,EL JAGUAL,
11,025,99,94,CAUCA,EL TAMBO,COSTA NUEVA,
11,025,99,95,CAUCA,EL TAMBO,NAYITA,
11,027,00,00,CAUCA,FLORENCIA,PUESTO CABECERA MUNICIPAL,
11,027,99,25,CAUCA,FLORENCIA,EL ROSARIO,
11,027,99,40,CAUCA,FLORENCIA,MARSELLA,
11,028,00,00,CAUCA,GUAPI,PUESTO CABECERA MUNICIPAL,
11,028,99,01,CAUCA,GUAPI,ALFONSO LOPEZ (BALSITAS),
11,028,99,03,CAUCA,GUAPI,BOCA DE NAPI,
11,028,99,05,CAUCA,GUAPI,NAPI (BELEN),
11,028,99,07,CAUCA,GUAPI,CASCAJERO O SAN FRANCISCO,
11,028,99,09,CAUCA,GUAPI,BENJAMIN HERRERA (SAN VICENTE,
11,028,99,13,CAUCA,GUAPI,CALLE LARGA,
11,028,99,14,CAUCA,GUAPI,EL ATAJO,
11,028,99,15,CAUCA,GUAPI,EL CARMELO,
11,028,99,17,CAUCA,GUAPI,CONCEPCION,
11,028,99,19,CAUCA,GUAPI,CHAMON,
11,028,99,20,CAUCA,GUAPI,CHANZARA,
11,028,99,21,CAUCA,GUAPI,ROSARIO,
11,028,99,25,CAUCA,GUAPI,ISLAS GORGONA Y GORGONILLA,
11,028,99,26,CAUCA,GUAPI,LAS JUNTAS,
11,028,99,27,CAUCA,GUAPI,LA SOLEDAD,
11,028,99,29,CAUCA,GUAPI,LIMONES,
11,028,99,31,CAUCA,GUAPI,LLANTIN,
11,028,99,33,CAUCA,GUAPI,OLAYA HERRERA (GUARE),
11,028,99,35,CAUCA,GUAPI,QUIROGA,
11,028,99,36,CAUCA,GUAPI,SAN ANTONIO DEL NAPI,
11,028,99,37,CAUCA,GUAPI,SAN ANTONIO (GUAJI),
11,028,99,39,CAUCA,GUAPI,SAN AGUSTIN,
11,028,99,41,CAUCA,GUAPI,SAN FRANCISCO (CHUARE),
11,028,99,43,CAUCA,GUAPI,SANTA CLARA,
11,028,99,45,CAUCA,GUAPI,URIBE URIBE (NARANJO),
11,028,99,46,CAUCA,GUAPI,BELLAVISTA CHANZARA,
11,028,99,47,CAUCA,GUAPI,SANTA ANA SAN FRANCISCO,
11,028,99,48,CAUCA,GUAPI,CAIMITO,
11,028,99,49,CAUCA,GUAPI,JOANICO,
11,028,99,50,CAUCA,GUAPI,PENITENTE,
11,029,00,00,CAUCA,GUACHENE,PUESTO CABECERA MUNICIPAL,
11,029,99,03,CAUCA,GUACHENE,CABAÑITAS,
11,029,99,05,CAUCA,GUACHENE,VEREDAS UNIDAS(CAPONERA),
11,029,99,10,CAUCA,GUACHENE,EL GUABAL,
11,029,99,15,CAUCA,GUACHENE,EL SILENCIO,
11,029,99,20,CAUCA,GUACHENE,LA CABAÑA,
11,029,99,30,CAUCA,GUACHENE,LLANO DE TAULA,
11,029,99,35,CAUCA,GUACHENE,OBANDO,
11,029,99,40,CAUCA,GUACHENE,SABANETAS,
11,029,99,45,CAUCA,GUACHENE,VEREDAS DEL SUR(SAN JACINTO),
11,029,99,50,CAUCA,GUACHENE,SAN JOSE,
11,031,00,00,CAUCA,INZA,PUESTO CABECERA MUNICIPAL,
11,031,99,01,CAUCA,INZA,CALDERAS,
11,031,99,04,CAUCA,INZA,GUANACAS,
11,031,99,05,CAUCA,INZA,SAN JOSE (LA LAGUNA),
11,031,99,09,CAUCA,INZA,PEDREGAL,
11,031,99,11,CAUCA,INZA,EL LAGO LA GAITANA,
11,031,99,13,CAUCA,INZA,PUERTO VALENCIA,
11,031,99,15,CAUCA,INZA,SAN MIGUEL,
11,031,99,17,CAUCA,INZA,SAN ANDRES,
11,031,99,21,CAUCA,INZA,SANTA ROSA,
11,031,99,25,CAUCA,INZA,SANTA TERESA,
11,031,99,29,CAUCA,INZA,TOPA,
11,031,99,33,CAUCA,INZA,TUMBICHUCUE,
11,031,99,35,CAUCA,INZA,SEGOVIA,
11,031,99,37,CAUCA,INZA,TURMINA,
11,031,99,38,CAUCA,INZA,SAN ISIDRO,
11,031,99,39,CAUCA,INZA,SAN ANTONIO,
11,031,99,40,CAUCA,INZA,LA PALMERA,
11,031,99,41,CAUCA,INZA,YARUMAL,
11,031,99,42,CAUCA,INZA,LA MILAGROSA,
11,034,00,00,CAUCA,JAMBALO,CENTRO DOCENTE URBANO MIXTO JAMBALO,
11,034,99,01,CAUCA,JAMBALO,SALON COMUNAL,
11,034,99,03,CAUCA,JAMBALO,CTRO DOC. RURAL MIXTO EL TRAPICHE,
11,034,99,05,CAUCA,JAMBALO,ESCUELA RURAL MIXTA LOMA REDONDA,
11,034,99,09,CAUCA,JAMBALO,CENTRO DOCENTE RURAL VALLES HONDOS,
11,034,99,30,CAUCA,JAMBALO,ESCUELA RURAL MIXTA LA ESPERANZA,
11,034,99,31,CAUCA,JAMBALO,CENTRO DOCENTE RURAL MIXTO PALETON,
11,034,99,32,CAUCA,JAMBALO,ESCUELA RURAL MIXTA LOMA GORDA,
11,037,00,00,CAUCA,LA SIERRA,PUESTO CABECERA MUNICIPAL,
11,037,99,05,CAUCA,LA SIERRA,LA DEPRESION,
11,037,99,19,CAUCA,LA SIERRA,JUANA CASTAÑA,
11,037,99,25,CAUCA,LA SIERRA,LOS ROBLES,
11,037,99,70,CAUCA,LA SIERRA,SAN PEDRO,
11,040,00,00,CAUCA,LA VEGA,PUESTO CABECERA MUNICIPAL,
11,040,99,01,CAUCA,LA VEGA,ALTAMIRA,
11,040,99,03,CAUCA,LA VEGA,ALBANIA,
11,040,99,05,CAUCA,LA VEGA,ARBELA,
11,040,99,09,CAUCA,LA VEGA,EL DIVISO,
11,040,99,11,CAUCA,LA VEGA,EL PALMAR,
11,040,99,13,CAUCA,LA VEGA,GUACHICONO,
11,040,99,15,CAUCA,LA VEGA,CHAUPILOMA,
11,040,99,17,CAUCA,LA VEGA,PANCITARA,
11,040,99,21,CAUCA,LA VEGA,SAN MIGUEL POLIDEPORTIVO,
11,040,99,22,CAUCA,LA VEGA,SAN MIGUEL COLEGIO,
11,040,99,23,CAUCA,LA VEGA,SANTA BARBARA,
11,040,99,24,CAUCA,LA VEGA,DOMINICAL,
11,040,99,25,CAUCA,LA VEGA,SANTA JUANA,
11,040,99,27,CAUCA,LA VEGA,LA CARRERA,
11,040,99,29,CAUCA,LA VEGA,PLACER (SANTA RITA),
11,040,99,43,CAUCA,LA VEGA,LOS CIRUELOS,
11,040,99,45,CAUCA,LA VEGA,LOS UVOS,
11,040,99,50,CAUCA,LA VEGA,VILLAMARIA,
11,043,00,00,CAUCA,LOPEZ (MICAY),PUESTO CABECERA MUNICIPAL,
11,043,99,01,CAUCA,LOPEZ (MICAY),AGUA CLARA (GOLONDRO),
11,043,99,02,CAUCA,LOPEZ (MICAY),BAJO SIGUI,
11,043,99,03,CAUCA,LOPEZ (MICAY),BETANIA,
11,043,99,04,CAUCA,LOPEZ (MICAY),CACAO,
11,043,99,06,CAUCA,LOPEZ (MICAY),CALLE LARGA (NAYA),
11,043,99,07,CAUCA,LOPEZ (MICAY),CANDELARIA,
11,043,99,08,CAUCA,LOPEZ (MICAY),EL COCO,
11,043,99,09,CAUCA,LOPEZ (MICAY),RIO NAYA (DOS QUEBRADAS),
11,043,99,10,CAUCA,LOPEZ (MICAY),CHIGUERO,
11,043,99,11,CAUCA,LOPEZ (MICAY),BOCAGRANDE,
11,043,99,13,CAUCA,LOPEZ (MICAY),EL PLAYON (EL SIGUI),
11,043,99,14,CAUCA,LOPEZ (MICAY),EL TRUENO,
11,043,99,15,CAUCA,LOPEZ (MICAY),EL TRAPICHE,
11,043,99,16,CAUCA,LOPEZ (MICAY),GUAYABAL,
11,043,99,17,CAUCA,LOPEZ (MICAY),JOLI,
11,043,99,18,CAUCA,LOPEZ (MICAY),LAS CRUCES,
11,043,99,19,CAUCA,LOPEZ (MICAY),LA CONCEPCION,
11,043,99,20,CAUCA,LOPEZ (MICAY),LA SAGRADA FAMILIA,
11,043,99,21,CAUCA,LOPEZ (MICAY),NOANAMITO,
11,043,99,22,CAUCA,LOPEZ (MICAY),LAS PAVAS,
11,043,99,23,CAUCA,LOPEZ (MICAY),PLAYA GRANDE,
11,043,99,25,CAUCA,LOPEZ (MICAY),SAN ANTONIO DE CHUARE,
11,043,99,26,CAUCA,LOPEZ (MICAY),SAN ANTONIO DE GURUMENDY,
11,043,99,27,CAUCA,LOPEZ (MICAY),SAN BARTOLO,
11,043,99,28,CAUCA,LOPEZ (MICAY),SAN FERNANDO,
11,043,99,29,CAUCA,LOPEZ (MICAY),SAN ISIDRO,
11,043,99,31,CAUCA,LOPEZ (MICAY),SAN FRANCISCO ADENTRO,
11,043,99,33,CAUCA,LOPEZ (MICAY),SAN PEDRO DE NAYA,
11,043,99,35,CAUCA,LOPEZ (MICAY),SANTA ANA,
11,043,99,36,CAUCA,LOPEZ (MICAY),TAPARAL,
11,043,99,37,CAUCA,LOPEZ (MICAY),ZARAGOZA,
11,043,99,40,CAUCA,LOPEZ (MICAY),BRAZO DE LA ROTURA,
11,043,99,41,CAUCA,LOPEZ (MICAY),CORRENTON,
11,043,99,42,CAUCA,LOPEZ (MICAY),CACAHUAL,
11,043,99,43,CAUCA,LOPEZ (MICAY),VALENTIN,
11,043,99,44,CAUCA,LOPEZ (MICAY),ISLA DE GALLO,
11,043,99,45,CAUCA,LOPEZ (MICAY),RIO VIEJO,
11,043,99,46,CAUCA,LOPEZ (MICAY),REDONDITO,
11,046,00,00,CAUCA,MERCADERES,PUESTO CABECERA MUNICIPAL,
11,046,99,01,CAUCA,MERCADERES,ALTO DE MAYO,
11,046,99,02,CAUCA,MERCADERES,CURACAS,
11,046,99,03,CAUCA,MERCADERES,CAJAMARCA,
11,046,99,04,CAUCA,MERCADERES,EL BADO,
11,046,99,05,CAUCA,MERCADERES,ARBOLEDAS,
11,046,99,06,CAUCA,MERCADERES,TABLONES ALTOS (EL MERCADO DE,
11,046,99,07,CAUCA,MERCADERES,EL PILON,
11,046,99,08,CAUCA,MERCADERES,ESMERALDAS,
11,046,99,11,CAUCA,MERCADERES,LA DESPENSA,
11,046,99,12,CAUCA,MERCADERES,MOJARRAS,
11,046,99,13,CAUCA,MERCADERES,SAN JOAQUIN,
11,046,99,15,CAUCA,MERCADERES,LOS LLANOS,
11,046,99,16,CAUCA,MERCADERES,LOS MEDIOS,
11,046,99,17,CAUCA,MERCADERES,SAN JUANITO,
11,046,99,19,CAUCA,MERCADERES,BUENOS AIRES,
11,046,99,23,CAUCA,MERCADERES,EL CARBONERO,
11,046,99,30,CAUCA,MERCADERES,SOMBRERILLOS,
11,046,99,80,CAUCA,MERCADERES,VILLAMARIA,
11,049,00,01,CAUCA,MIRANDA,I. E. LEOPOLDO PIZARRO GONZALEZ,
11,049,00,02,CAUCA,MIRANDA,IE TECNICO MARISCAL SUCRE SEDE PRINCIPAL,
11,049,98,01,CAUCA,MIRANDA,CARCEL MUNICIPAL,
11,049,99,01,CAUCA,MIRANDA,CARAQUEÑO,
11,049,99,05,CAUCA,MIRANDA,EL CAÑON,
11,049,99,09,CAUCA,MIRANDA,TULIPAN,
11,049,99,13,CAUCA,MIRANDA,LA MUNDA,
11,049,99,17,CAUCA,MIRANDA,MONTERREDONDO,
11,049,99,21,CAUCA,MIRANDA,ORTIGAL,
11,049,99,25,CAUCA,MIRANDA,POTRERITO,
11,049,99,29,CAUCA,MIRANDA,SANTANA,
11,049,99,34,CAUCA,MIRANDA,TIERRADURA,
11,049,99,38,CAUCA,MIRANDA,SAN ANDRES,
11,052,00,01,CAUCA,MORALES,IE FRANCISCO ANTONIO RADA,
11,052,00,02,CAUCA,MORALES,COLISEO MUNICIPAL DE MORALES CAUCA,
11,052,99,01,CAUCA,MORALES,CARPINTERO,
11,052,99,05,CAUCA,MORALES,CHIMBORAZO,
11,052,99,07,CAUCA,MORALES,EL MEZON,
11,052,99,09,CAUCA,MORALES,HONDURAS,
11,052,99,11,CAUCA,MORALES,LOS CAFES,
11,052,99,13,CAUCA,MORALES,LOS QUINGOS,
11,052,99,17,CAUCA,MORALES,PAN DE AZUCAR (SAN GERARDO),
11,052,99,21,CAUCA,MORALES,SAN ISIDRO (GUADUALITO),
11,052,99,23,CAUCA,MORALES,SAN ROQUE,
11,052,99,25,CAUCA,MORALES,TIERRADENTRO,
11,052,99,26,CAUCA,MORALES,LA BONANZA,
11,052,99,27,CAUCA,MORALES,MEDELLIN,
11,052,99,28,CAUCA,MORALES,EL SOCORRO,
11,052,99,29,CAUCA,MORALES,EL ROSARIO,
11,052,99,30,CAUCA,MORALES,SANTA ROSA,
11,052,99,31,CAUCA,MORALES,MATARREDONDA MORRO PLANO,
11,052,99,32,CAUCA,MORALES,EL ROSAL,
11,053,00,00,CAUCA,PADILLA,PUESTO CABECERA MUNICIPAL,
11,053,99,03,CAUCA,PADILLA,CUERNAVACA,
11,053,99,05,CAUCA,PADILLA,EL CHAMIZO,
11,053,99,07,CAUCA,PADILLA,LA PAILA,
11,053,99,13,CAUCA,PADILLA,LAS COSECHAS,
11,053,99,20,CAUCA,PADILLA,EL TETILLO,
11,053,99,25,CAUCA,PADILLA,YARUMALES,
11,055,00,00,CAUCA,PAEZ (BELALCAZAR),PUESTO CABECERA MUNICIPAL,
11,055,99,01,CAUCA,PAEZ (BELALCAZAR),ARAUJO,
11,055,99,03,CAUCA,PAEZ (BELALCAZAR),ARANZAZU,
11,055,99,05,CAUCA,PAEZ (BELALCAZAR),AVIRAMA,
11,055,99,07,CAUCA,PAEZ (BELALCAZAR),CHINAS,
11,055,99,09,CAUCA,PAEZ (BELALCAZAR),COHETANDO,
11,055,99,11,CAUCA,PAEZ (BELALCAZAR),EL CANELO,
11,055,99,13,CAUCA,PAEZ (BELALCAZAR),EL COLORADO,
11,055,99,17,CAUCA,PAEZ (BELALCAZAR),HUILA (IRLANDA),
11,055,99,21,CAUCA,PAEZ (BELALCAZAR),ITAIBE,
11,055,99,29,CAUCA,PAEZ (BELALCAZAR),LAME,
11,055,99,33,CAUCA,PAEZ (BELALCAZAR),LA PALMA,
11,055,99,35,CAUCA,PAEZ (BELALCAZAR),LA TROJA,
11,055,99,37,CAUCA,PAEZ (BELALCAZAR),MOSOCO,
11,055,99,41,CAUCA,PAEZ (BELALCAZAR),RICAURTE,
11,055,99,42,CAUCA,PAEZ (BELALCAZAR),RIOCHIQUITO,
11,055,99,45,CAUCA,PAEZ (BELALCAZAR),SAN LUIS (POTRERILLO),
11,055,99,49,CAUCA,PAEZ (BELALCAZAR),TALAGA,
11,055,99,50,CAUCA,PAEZ (BELALCAZAR),TARAVIRA,
11,055,99,51,CAUCA,PAEZ (BELALCAZAR),TOEZ,
11,055,99,53,CAUCA,PAEZ (BELALCAZAR),TOGOIMA,
11,055,99,55,CAUCA,PAEZ (BELALCAZAR),VILLA RODRIGUEZ (GUADUALEJO),
11,055,99,57,CAUCA,PAEZ (BELALCAZAR),VITONCO,
11,055,99,58,CAUCA,PAEZ (BELALCAZAR),EL CIPRES,
11,055,99,59,CAUCA,PAEZ (BELALCAZAR),LA CEJA,
11,055,99,60,CAUCA,PAEZ (BELALCAZAR),LA MURALLA,
11,055,99,61,CAUCA,PAEZ (BELALCAZAR),EL CARMEN DEL SALADO,
11,055,99,62,CAUCA,PAEZ (BELALCAZAR),GUAPIO,
11,055,99,63,CAUCA,PAEZ (BELALCAZAR),BOTA TIERRA,
11,055,99,64,CAUCA,PAEZ (BELALCAZAR),MONTE CRUZ,
11,058,00,01,CAUCA,PATIA (EL BORDO),BACHILLERATO PATIA,
11,058,00,02,CAUCA,PATIA (EL BORDO),INSTITUCION EDUCATIVA SIMON BOLIVAR,
11,058,98,01,CAUCA,PATIA (EL BORDO),CARCEL,
11,058,99,02,CAUCA,PATIA (EL BORDO),ANGULO,
11,058,99,06,CAUCA,PATIA (EL BORDO),BELLO HORIZONTE,
11,058,99,09,CAUCA,PATIA (EL BORDO),CHONTADURO O SANTA CRUZ,
11,058,99,11,CAUCA,PATIA (EL BORDO),EL PLACER,
11,058,99,13,CAUCA,PATIA (EL BORDO),DON ALONSO,
11,058,99,14,CAUCA,PATIA (EL BORDO),EL HOYO,
11,058,99,15,CAUCA,PATIA (EL BORDO),EL ESTRECHO,
11,058,99,16,CAUCA,PATIA (EL BORDO),EL PURO,
11,058,99,17,CAUCA,PATIA (EL BORDO),GALINDEZ,
11,058,99,18,CAUCA,PATIA (EL BORDO),EL ZARZAL,
11,058,99,19,CAUCA,PATIA (EL BORDO),LA FLORIDA,
11,058,99,20,CAUCA,PATIA (EL BORDO),LA FONDA O PORTUGAL,
11,058,99,21,CAUCA,PATIA (EL BORDO),LA MESA,
11,058,99,23,CAUCA,PATIA (EL BORDO),MENDEZ,
11,058,99,25,CAUCA,PATIA (EL BORDO),BRISAS,
11,058,99,28,CAUCA,PATIA (EL BORDO),GUAYABAL,
11,058,99,29,CAUCA,PATIA (EL BORDO),LAS TALLAS,
11,058,99,32,CAUCA,PATIA (EL BORDO),PAN DE AZUCAR,
11,058,99,37,CAUCA,PATIA (EL BORDO),PATIA,
11,058,99,41,CAUCA,PATIA (EL BORDO),PIEDRASENTADA,
11,058,99,45,CAUCA,PATIA (EL BORDO),QUEBRADA OSCURA,
11,058,99,46,CAUCA,PATIA (EL BORDO),SACHAMATES,
11,058,99,52,CAUCA,PATIA (EL BORDO),SANTA ROSA BAJA,
11,058,99,56,CAUCA,PATIA (EL BORDO),VERSALLES (BOQUIRROTO),
11,058,99,57,CAUCA,PATIA (EL BORDO),LA MANGUITA,
11,060,00,00,CAUCA,PIAMONTE,PUESTO CABECERA MUNICIPAL,
11,060,99,01,CAUCA,PIAMONTE,BAJO CONGOR,
11,060,99,05,CAUCA,PIAMONTE,BOMBONAL,
11,060,99,10,CAUCA,PIAMONTE,CAMPOALEGRE,
11,060,99,20,CAUCA,PIAMONTE,EL CARAÑO,
11,060,99,25,CAUCA,PIAMONTE,FRAGUA VIEJO,
11,060,99,30,CAUCA,PIAMONTE,MIRAFLOR,
11,060,99,40,CAUCA,PIAMONTE,NAPOLES,
11,060,99,60,CAUCA,PIAMONTE,PUERTO BELLO,
11,060,99,70,CAUCA,PIAMONTE,REMANSO,
11,060,99,80,CAUCA,PIAMONTE,YAPURA,
11,060,99,81,CAUCA,PIAMONTE,LA PALMERA,
11,061,00,01,CAUCA,PIENDAMO,INSTITUCION EDUCATIVA INAMIX,
11,061,00,02,CAUCA,PIENDAMO,INSTITUCION E MADRE DE DIOS BLOQUE,
11,061,00,03,CAUCA,PIENDAMO,IE SIMON BOLIVAR,
11,061,99,01,CAUCA,PIENDAMO,TUNIA,
11,061,99,05,CAUCA,PIENDAMO,CAMILO TORRES,
11,061,99,09,CAUCA,PIENDAMO,CAÑADULCE,
11,061,99,12,CAUCA,PIENDAMO,CORRALES,
11,061,99,16,CAUCA,PIENDAMO,EL AGRADO,
11,061,99,18,CAUCA,PIENDAMO,EL ARRAYAN,
11,061,99,20,CAUCA,PIENDAMO,EL CARMEN,
11,061,99,30,CAUCA,PIENDAMO,EL MANGO,
11,061,99,37,CAUCA,PIENDAMO,MATARREDONDA,
11,061,99,43,CAUCA,PIENDAMO,LA MARIA,
11,061,99,45,CAUCA,PIENDAMO,LA UNION,
11,061,99,48,CAUCA,PIENDAMO,LOMA CORTA,
11,061,99,49,CAUCA,PIENDAMO,LOS FARALLONES,
11,061,99,50,CAUCA,PIENDAMO,LOS UVALES,
11,061,99,55,CAUCA,PIENDAMO,MELCHOR,
11,061,99,56,CAUCA,PIENDAMO,SAN ISIDRO,
11,061,99,58,CAUCA,PIENDAMO,SAN JOSE,
11,061,99,61,CAUCA,PIENDAMO,SAN MIGUEL,
11,061,99,66,CAUCA,PIENDAMO,SAN PEDRO,
11,061,99,70,CAUCA,PIENDAMO,SANTA HELENA,
11,061,99,71,CAUCA,PIENDAMO,RESGUARDO INDIGENA GUAMBIANO LA MARIA,
11,061,99,72,CAUCA,PIENDAMO,RESGUARDO INDIGENA MISAK PICITAU,
11,064,01,01,CAUCA,PUERTO TEJADA,COLEGIO NACIONAL JOSE HILARIO LOPEZ,
11,064,01,02,CAUCA,PUERTO TEJADA,INST. EDUC. SAGRADO CORAZON,
11,064,01,03,CAUCA,PUERTO TEJADA,LAS CEIBAS,
11,064,02,01,CAUCA,PUERTO TEJADA,COLEGIO FIDELINA ECHEVERRI,
11,064,02,02,CAUCA,PUERTO TEJADA,ESCUELA URBANA DE NIÑAS,
11,064,02,03,CAUCA,PUERTO TEJADA,CIUDAD DEL SUR,
11,064,90,01,CAUCA,PUERTO TEJADA,COLEGIO SAN PEDRO CLAVER,
11,064,98,01,CAUCA,PUERTO TEJADA,CARCEL,
11,064,99,01,CAUCA,PUERTO TEJADA,BOCAS DEL PALO,
11,064,99,05,CAUCA,PUERTO TEJADA,LAS BRISAS,
11,064,99,06,CAUCA,PUERTO TEJADA,LOS BANCOS,
11,064,99,07,CAUCA,PUERTO TEJADA,PERICONEGRO,
11,064,99,09,CAUCA,PUERTO TEJADA,SAN CARLOS,
11,064,99,13,CAUCA,PUERTO TEJADA,ZANJON RICO,
11,067,00,00,CAUCA,PURACE (COCONUCO),PUESTO CABECERA MUNICIPAL,
11,067,99,01,CAUCA,PURACE (COCONUCO),PURACE,
11,067,99,05,CAUCA,PURACE (COCONUCO),GUILLERMO VALENCIA (PALETARA),
11,067,99,08,CAUCA,PURACE (COCONUCO),LA PLAYA,
11,067,99,09,CAUCA,PURACE (COCONUCO),SANTA LETICIA,
11,070,00,00,CAUCA,ROSAS,PUESTO CABECERA MUNICIPAL,
11,070,99,01,CAUCA,ROSAS,PARRAGA,
11,070,99,05,CAUCA,ROSAS,GUALOTO (EL SAUCE),
11,070,99,36,CAUCA,ROSAS,MARQUES,
11,070,99,38,CAUCA,ROSAS,LOMA BAJO,
11,070,99,39,CAUCA,ROSAS,UFUGU,
11,073,00,00,CAUCA,SAN SEBASTIAN,PUESTO CABECERA MUNICIPAL,
11,073,99,01,CAUCA,SAN SEBASTIAN,EL ROSAL,
11,073,99,05,CAUCA,SAN SEBASTIAN,MARMATO,
11,073,99,07,CAUCA,SAN SEBASTIAN,PARAMILLOS,
11,073,99,09,CAUCA,SAN SEBASTIAN,SANTIAGO,
11,073,99,13,CAUCA,SAN SEBASTIAN,VALENCIA,
11,073,99,17,CAUCA,SAN SEBASTIAN,VENECIA,
11,076,01,01,CAUCA,SANTANDER DE QUILICHAO,I.E. FERNANDEZ GUERRA,
11,076,01,02,CAUCA,SANTANDER DE QUILICHAO,I.E. FRANCISCO JOSE DE CALDAS,
11,076,01,03,CAUCA,SANTANDER DE QUILICHAO,IE LIMBANIA VELASCO,
11,076,01,04,CAUCA,SANTANDER DE QUILICHAO,I.E. FRANCISCO DE PAULA SANTANDER,
11,076,02,01,CAUCA,SANTANDER DE QUILICHAO,ESCUELA  LIBERTADOR,
11,076,02,02,CAUCA,SANTANDER DE QUILICHAO,UNIVERSIDAD DEL VALLE SEDE NORTE CAUCA,
11,076,02,03,CAUCA,SANTANDER DE QUILICHAO,ESCUELA JOSE VICENTE MINA,
11,076,02,04,CAUCA,SANTANDER DE QUILICHAO,INSTITUCION EDUCATIVA RAFAEL TELLO,
11,076,02,05,CAUCA,SANTANDER DE QUILICHAO,ANA JOSEFA MORALES DUQUE,
11,076,02,06,CAUCA,SANTANDER DE QUILICHAO,EL JARDIN,
11,076,02,07,CAUCA,SANTANDER DE QUILICHAO,UNIVERSIDAD DEL CAUCA SEDE NORTE,
11,076,90,01,CAUCA,SANTANDER DE QUILICHAO,INSTITUTO TECNICO,
11,076,98,01,CAUCA,SANTANDER DE QUILICHAO,CARCEL,
11,076,99,01,CAUCA,SANTANDER DE QUILICHAO,EL PALMAR,
11,076,99,03,CAUCA,SANTANDER DE QUILICHAO,DOMINGILLO,
11,076,99,05,CAUCA,SANTANDER DE QUILICHAO,EL TURCO,
11,076,99,13,CAUCA,SANTANDER DE QUILICHAO,LA ARROBLEDA,
11,076,99,15,CAUCA,SANTANDER DE QUILICHAO,LOMITAS,
11,076,99,17,CAUCA,SANTANDER DE QUILICHAO,MAZAMORRERO,
11,076,99,21,CAUCA,SANTANDER DE QUILICHAO,MONDOMO,
11,076,99,22,CAUCA,SANTANDER DE QUILICHAO,MONDOMO,
11,076,99,23,CAUCA,SANTANDER DE QUILICHAO,QUINAMAYO,
11,076,99,25,CAUCA,SANTANDER DE QUILICHAO,PARAMILLO,
11,076,99,26,CAUCA,SANTANDER DE QUILICHAO,SAN ISIDRO,
11,076,99,27,CAUCA,SANTANDER DE QUILICHAO,SAN ANTONIO,
11,076,99,29,CAUCA,SANTANDER DE QUILICHAO,SAN RAFAEL,
11,076,99,33,CAUCA,SANTANDER DE QUILICHAO,TRES QUEBRADAS,
11,076,99,34,CAUCA,SANTANDER DE QUILICHAO,SAN PEDRO,
11,079,00,00,CAUCA,SANTA ROSA,PUESTO CABECERA MUNICIPAL,
11,079,99,01,CAUCA,SANTA ROSA,DESCANSE,
11,079,99,05,CAUCA,SANTA ROSA,EL CARMELO (CUARIACO),
11,079,99,08,CAUCA,SANTA ROSA,LOS AZULES,
11,079,99,10,CAUCA,SANTA ROSA,LA PRIMAVERA O LA PLANADA,
11,079,99,11,CAUCA,SANTA ROSA,SAN JUAN VILLALOBOS,
11,079,99,12,CAUCA,SANTA ROSA,SAN ANDRES,
11,079,99,13,CAUCA,SANTA ROSA,SANTA CLARA,
11,079,99,15,CAUCA,SANTA ROSA,SANTA MARTA,
11,079,99,16,CAUCA,SANTA ROSA,VILLA MOSQUERA,
11,079,99,17,CAUCA,SANTA ROSA,VILLALOBOS O SANTA MARIA,
11,082,00,00,CAUCA,SILVIA,PUESTO CABECERA MUNICIPAL,
11,082,98,01,CAUCA,SILVIA,CARCEL,
11,082,99,01,CAUCA,SILVIA,GUAMBIA,
11,082,99,02,CAUCA,SILVIA,EL CACIQUE,
11,082,99,03,CAUCA,SILVIA,MENDEZ,
11,082,99,04,CAUCA,SILVIA,MIRAFLORES,
11,082,99,05,CAUCA,SILVIA,PITAYO,
11,082,99,06,CAUCA,SILVIA,ALTO GRANDE,
11,082,99,07,CAUCA,SILVIA,LA AGUADA,
11,082,99,08,CAUCA,SILVIA,EL JARDIN,
11,082,99,09,CAUCA,SILVIA,PUEBLITO,
11,082,99,10,CAUCA,SILVIA,EL SALADO,
11,082,99,11,CAUCA,SILVIA,LA ESTRELLA,
11,082,99,12,CAUCA,SILVIA,LAGUNA SECA,
11,082,99,13,CAUCA,SILVIA,QUICHAYA,
11,082,99,14,CAUCA,SILVIA,LOMA DEL CARMEN,
11,082,99,15,CAUCA,SILVIA,SAN PEDRO DEL BOSQUE,
11,082,99,16,CAUCA,SILVIA,TUMBURAO,
11,082,99,17,CAUCA,SILVIA,USENDA,
11,082,99,18,CAUCA,SILVIA,SAN ANTONIO,
11,082,99,19,CAUCA,SILVIA,LA OVEJERA,
11,082,99,20,CAUCA,SILVIA,MICHAMBE,
11,082,99,21,CAUCA,SILVIA,VALLE NUEVO,
11,085,00,00,CAUCA,SOTARA (PAISPAMBA),PUESTO CABECERA MUNICIPAL,
11,085,99,01,CAUCA,SOTARA (PAISPAMBA),CHAPA,
11,085,99,03,CAUCA,SOTARA (PAISPAMBA),BUENAVISTA,
11,085,99,05,CAUCA,SOTARA (PAISPAMBA),CHIRIBIO,
11,085,99,07,CAUCA,SOTARA (PAISPAMBA),EL CARMEN,
11,085,99,09,CAUCA,SOTARA (PAISPAMBA),EL CRUCERO,
11,085,99,13,CAUCA,SOTARA (PAISPAMBA),HATO FRIO,
11,085,99,15,CAUCA,SOTARA (PAISPAMBA),LA PAZ,
11,085,99,16,CAUCA,SOTARA (PAISPAMBA),PIEDRELEON,
11,085,99,17,CAUCA,SOTARA (PAISPAMBA),RIO BLANCO,
11,085,99,60,CAUCA,SOTARA (PAISPAMBA),SACHACOCO,
11,085,99,61,CAUCA,SOTARA (PAISPAMBA),EL PLATANILLAL,
11,085,99,62,CAUCA,SOTARA (PAISPAMBA),LA ESPERANZA,
11,085,99,63,CAUCA,SOTARA (PAISPAMBA),EL PEÑON LAS CORRALEJAS,
11,086,00,00,CAUCA,SUCRE,PUESTO CABECERA MUNICIPAL,
11,086,99,15,CAUCA,SUCRE,EL PARAISO,
11,086,99,20,CAUCA,SUCRE,LA CEJA,
11,086,99,25,CAUCA,SUCRE,CRUCERO BELLO,
11,086,99,30,CAUCA,SUCRE,LA CUMBRE,
11,086,99,35,CAUCA,SUCRE,CASCADAS,
11,086,99,45,CAUCA,SUCRE,EL TESORO,
11,086,99,50,CAUCA,SUCRE,MAZAMORRAS,
11,086,99,55,CAUCA,SUCRE,EL RETIRO,
11,086,99,60,CAUCA,SUCRE,TEQUENDAMA,
11,086,99,65,CAUCA,SUCRE,EL FRESNO,
11,086,99,70,CAUCA,SUCRE,EL CARMELO,
11,087,00,00,CAUCA,SUAREZ,PUESTO CABECERA MUNICIPAL,
11,087,99,01,CAUCA,SUAREZ,ALTAMIRA,
11,087,99,02,CAUCA,SUAREZ,AGUA CLARA CANELAR,
11,087,99,05,CAUCA,SUAREZ,ASNAZU,
11,087,99,10,CAUCA,SUAREZ,BETULIA,
11,087,99,20,CAUCA,SUAREZ,BELLAVISTA,
11,087,99,25,CAUCA,SUAREZ,EL HATO (SANTA MARTA),
11,087,99,30,CAUCA,SUAREZ,YOLOMBO,
11,087,99,40,CAUCA,SUAREZ,LOS ROBLES,
11,087,99,45,CAUCA,SUAREZ,LA MESETA,
11,087,99,50,CAUCA,SUAREZ,LA TOMA,
11,087,99,55,CAUCA,SUAREZ,MINDALA,
11,087,99,58,CAUCA,SUAREZ,MATECAÑA,
11,087,99,59,CAUCA,SUAREZ,SAN PABLO,
11,087,99,60,CAUCA,SUAREZ,TAMBORAL,
11,087,99,61,CAUCA,SUAREZ,PORTUGAL,
11,088,01,01,CAUCA,TIMBIO,IE SAN ANTONIO DE PADUA,
11,088,01,02,CAUCA,TIMBIO,I.E. COLEGIO SAN CAYETANO,
11,088,02,01,CAUCA,TIMBIO,IE GUILLERMO VALENCIA,
11,088,02,02,CAUCA,TIMBIO,IE COLEGIO CAMILO TORRES,
11,088,99,01,CAUCA,TIMBIO,CAMPOSANO,
11,088,99,02,CAUCA,TIMBIO,ALTO SAN JOSE,
11,088,99,03,CAUCA,TIMBIO,EL HATO,
11,088,99,05,CAUCA,TIMBIO,IE CINCO DIAS,
11,088,99,07,CAUCA,TIMBIO,EL GUAYABAL,
11,088,99,09,CAUCA,TIMBIO,LA CABAÑA,
11,088,99,17,CAUCA,TIMBIO,LAS CRUCES,
11,088,99,18,CAUCA,TIMBIO,LAS PIEDRAS,
11,088,99,21,CAUCA,TIMBIO,LA CHORRERA (LAS PIEDRAS),
11,088,99,23,CAUCA,TIMBIO,CUEVITAS (LAS YESCAS),
11,088,99,24,CAUCA,TIMBIO,SAMBONI,
11,088,99,25,CAUCA,TIMBIO,URUBAMBA,
11,091,00,00,CAUCA,TIMBIQUI,PUESTO CABECERA MUNICIPAL,
11,091,99,01,CAUCA,TIMBIQUI,CAMARONES,
11,091,99,02,CAUCA,TIMBIQUI,BOCA DE PATIA,
11,091,99,03,CAUCA,TIMBIQUI,BUBUEY,
11,091,99,04,CAUCA,TIMBIQUI,CHACON,
11,091,99,05,CAUCA,TIMBIQUI,COTEJE,
11,091,99,06,CAUCA,TIMBIQUI,CHETE,
11,091,99,07,CAUCA,TIMBIQUI,ANGOSTURA,
11,091,99,08,CAUCA,TIMBIQUI,EL CHARCO,
11,091,99,09,CAUCA,TIMBIQUI,PETE,
11,091,99,10,CAUCA,TIMBIQUI,COROZAL,
11,091,99,11,CAUCA,TIMBIQUI,EL REALITO,
11,091,99,12,CAUCA,TIMBIQUI,CUERVAL,
11,091,99,13,CAUCA,TIMBIQUI,SAN BERNARDO,
11,091,99,14,CAUCA,TIMBIQUI,CUPI,
11,091,99,15,CAUCA,TIMBIQUI,GUANGUI,
11,091,99,16,CAUCA,TIMBIQUI,BRAZO CORTO,
11,091,99,17,CAUCA,TIMBIQUI,SAN JOSE,
11,091,99,18,CAUCA,TIMBIQUI,LAS BREAS,
11,091,99,19,CAUCA,TIMBIQUI,INFI,
11,091,99,20,CAUCA,TIMBIQUI,PIZARES,
11,091,99,21,CAUCA,TIMBIQUI,SANTA MARIA,
11,091,99,25,CAUCA,TIMBIQUI,SANTA ROSA DE SAIJA,
11,091,99,30,CAUCA,TIMBIQUI,CABECITAL,
11,091,99,34,CAUCA,TIMBIQUI,SOLEDAD DE YANTIN,
11,091,99,40,CAUCA,TIMBIQUI,SAN MIGUEL DE INFI,
11,091,99,55,CAUCA,TIMBIQUI,LOS BRAZOS SAIJA,
11,091,99,70,CAUCA,TIMBIQUI,PUERTO SAIJA,
11,091,99,85,CAUCA,TIMBIQUI,SAN MIGUEL DEL RIO,
11,091,99,86,CAUCA,TIMBIQUI,AGUA CLARITA,
11,091,99,87,CAUCA,TIMBIQUI,CALLE DE SANTA ROSA,
11,094,00,00,CAUCA,TORIBIO,PUESTO CABECERA MUNICIPAL,
11,094,99,01,CAUCA,TORIBIO,LA PRIMICIA,
11,094,99,03,CAUCA,TORIBIO,EL TABLAZO,
11,094,99,05,CAUCA,TORIBIO,LA DESPENSA (RIONEGRO),
11,094,99,07,CAUCA,TORIBIO,NATALA,
11,094,99,09,CAUCA,TORIBIO,SAN FRANCISCO,
11,094,99,13,CAUCA,TORIBIO,SANTO DOMINGO,
11,094,99,17,CAUCA,TORIBIO,TACUEYO,
11,094,99,19,CAUCA,TORIBIO,LOPEZ,
11,094,99,20,CAUCA,TORIBIO,LA PLAYA,
11,097,00,00,CAUCA,TOTORO,PUESTO CABECERA MUNICIPAL,
11,097,99,01,CAUCA,TOTORO,GABRIEL LOPEZ,
11,097,99,02,CAUCA,TOTORO,BUENA VISTA,
11,097,99,03,CAUCA,TOTORO,JEVALA,
11,097,99,05,CAUCA,TOTORO,EL HATICO,
11,097,99,07,CAUCA,TOTORO,FLORENCIA,
11,097,99,09,CAUCA,TOTORO,NOVIRAO,
11,097,99,13,CAUCA,TOTORO,PANIQUITA,
11,097,99,15,CAUCA,TOTORO,POLINDARA,
11,097,99,16,CAUCA,TOTORO,PORTACHUELO,
11,097,99,25,CAUCA,TOTORO,SAN JOSE,
11,097,99,26,CAUCA,TOTORO,PALACE,
11,098,00,01,CAUCA,VILLA RICA,IE TECNICA SIMON BOLIVAR,
11,098,00,02,CAUCA,VILLA RICA,IE TECN. COMERC.SD MARIA INMACULADA,
11,098,99,40,CAUCA,VILLA RICA,JUAN IGNACIO,
12,001,01,01,CESAR,VALLEDUPAR,I.E. NACIONAL LOPERENA,COMUNA  1
12,001,01,02,CESAR,VALLEDUPAR,UNIVER. POP. DEL CESAR SD DE BELLAS ART.,COMUNA  1
12,001,01,03,CESAR,VALLEDUPAR,CENTRO EDUCATIVO DE SISTEMAS  UPARSISTEM,COMUNA  1
12,001,01,04,CESAR,VALLEDUPAR,"UNIVERSIDAD DE SANTANDER ""UDES",COMUNA  1
12,001,01,05,CESAR,VALLEDUPAR,IE PRUDENCIA DAZA,COMUNA  1
12,001,01,06,CESAR,VALLEDUPAR,IE NACIONAL LOPERENA SD SANTO DOMINGO,COMUNA  1
12,001,01,07,CESAR,VALLEDUPAR,COL PARROQUIAL EL CARMELO,COMUNA  1
12,001,02,01,CESAR,VALLEDUPAR,IE FRANCISCO MOLINA SANCHEZ,COMUNA 2
12,001,02,02,CESAR,VALLEDUPAR,IE LEONIDAS ACUÑA SD HOGAR DEL NIÑO,COMUNA 2
12,001,02,03,CESAR,VALLEDUPAR,I.E. MANUEL GERMAN CUELLO GUTIERREZ,COMUNA 2
12,001,02,04,CESAR,VALLEDUPAR,I.E. LEONIDAS ACUÑA,COMUNA 2
12,001,02,05,CESAR,VALLEDUPAR,IE LEONIDAS ACUÑA SD RAFAEL VALLE MEZA,COMUNA 2
12,001,02,06,CESAR,VALLEDUPAR,UNIVERSIDAD ABIERTA Y A DISTANCIA UNAD,COMUNA 2
12,001,02,07,CESAR,VALLEDUPAR,IE LEONIDAS ACUÑA SD SAN FERNANDO,COMUNA 2
12,001,02,08,CESAR,VALLEDUPAR,SD DE GESTION EMPRES. Y FORM. CULT. SENA,COMUNA 2
12,001,03,01,CESAR,VALLEDUPAR,IE MILCIADES CANTILLO COSTA,COMUNA  3
12,001,03,02,CESAR,VALLEDUPAR,IE ALFONSO ARAUJO COTES,COMUNA  3
12,001,03,03,CESAR,VALLEDUPAR,IE ENRIQUE PUPO MARTINEZ,COMUNA  3
12,001,03,04,CESAR,VALLEDUPAR,I.E. RAFAEL VALLE MEZA,COMUNA  3
12,001,03,05,CESAR,VALLEDUPAR,I.E. JOAQUIN OCHOA MAESTRE,COMUNA  3
12,001,03,06,CESAR,VALLEDUPAR,IE NELSON MANDELA,COMUNA  3
12,001,03,07,CESAR,VALLEDUPAR,IE OSWALDO QUINTANA QUINTANA,COMUNA  3
12,001,04,01,CESAR,VALLEDUPAR,IE MAYOR V/DUPAR CESAR POMPEYO MENDOZA,COMUNA 4
12,001,04,02,CESAR,VALLEDUPAR,UNIV. POPULAR DEL CESAR(SD SABANAS),COMUNA 4
12,001,04,03,CESAR,VALLEDUPAR,IE TECNICO UPAR SEDE JOSE ANTONIO GALAN,COMUNA 4
12,001,04,04,CESAR,VALLEDUPAR,IE VILLA CORELCA,COMUNA 4
12,001,04,05,CESAR,VALLEDUPAR,ESCUELA MIXTA No,COMUNA 4
12,001,04,06,CESAR,VALLEDUPAR,I.E. CONSUELO ARAUJO NOGUERA,COMUNA 4
12,001,05,01,CESAR,VALLEDUPAR,I.E. ALFONSO LOPEZ PUMAREJO,COMUNA  5
12,001,05,02,CESAR,VALLEDUPAR,I.E. LOPERENA GARUPAL,COMUNA  5
12,001,05,03,CESAR,VALLEDUPAR,IE EDUARDO SUAREZ ORCASITA,COMUNA  5
12,001,05,04,CESAR,VALLEDUPAR,INST. EDUC. TEC LA ESPERANZA,COMUNA  5
12,001,05,05,CESAR,VALLEDUPAR,IE RICARDO GONZALEZ,COMUNA  5
12,001,05,06,CESAR,VALLEDUPAR,I.E. BELLO HORIZONTE,COMUNA  5
12,001,05,07,CESAR,VALLEDUPAR,COL. COMFACESAR,COMUNA  5
12,001,05,08,CESAR,VALLEDUPAR,FUNDACION UNIVERSITARIA DEL AREA ANDINA,COMUNA  5
12,001,06,01,CESAR,VALLEDUPAR,COL. PABLO SEXTO,COMUNA  6
12,001,06,02,CESAR,VALLEDUPAR,IE SAN JOAQUIN,COMUNA  6
12,001,06,03,CESAR,VALLEDUPAR,COL. LA SAGRADA FAMILIA,COMUNA  6
12,001,06,04,CESAR,VALLEDUPAR,COLEGIO COLOMBO INGLES,COMUNA  6
12,001,06,05,CESAR,VALLEDUPAR,COLEGIO CALLEJA REAL,COMUNA  6
12,001,90,01,CESAR,VALLEDUPAR,IE TEC. INDUSTRIAL PEDRO CASTRO MONSALVO,
12,001,98,01,CESAR,VALLEDUPAR,CARCEL JUDICIAL,
12,001,98,02,CESAR,VALLEDUPAR,ESTABL PENITENC DE ALTA Y MEDIANA SEGUR.,
12,001,99,05,CESAR,VALLEDUPAR,EL ALTO DE LA VUELTA,
12,001,99,10,CESAR,VALLEDUPAR,I. E. DE AGUAS BLANCAS,
12,001,99,15,CESAR,VALLEDUPAR,I. E. SAN ISIDRO LABRADOR - ATANQUEZ,
12,001,99,20,CESAR,VALLEDUPAR,BADILLO,
12,001,99,30,CESAR,VALLEDUPAR,CARACOLI,
12,001,99,32,CESAR,VALLEDUPAR,CHEMESQUEMENA,
12,001,99,34,CESAR,VALLEDUPAR,EL JABO,
12,001,99,38,CESAR,VALLEDUPAR,EL PERRO,
12,001,99,40,CESAR,VALLEDUPAR,GUACOCHITO,
12,001,99,50,CESAR,VALLEDUPAR,GUACOCHE,
12,001,99,53,CESAR,VALLEDUPAR,GUATAPURI,
12,001,99,55,CESAR,VALLEDUPAR,GUAIMARAL,
12,001,99,58,CESAR,VALLEDUPAR,LA VEGA ARRIBA,
12,001,99,60,CESAR,VALLEDUPAR,LA MINA,
12,001,99,62,CESAR,VALLEDUPAR,LOS CORAZONES,
12,001,99,63,CESAR,VALLEDUPAR,LOS HATICOS,
12,001,99,65,CESAR,VALLEDUPAR,LOS VENADOS,
12,001,99,68,CESAR,VALLEDUPAR,LAS RAICES,
12,001,99,69,CESAR,VALLEDUPAR,AZUCAR BUENA,
12,001,99,70,CESAR,VALLEDUPAR,MARIANGOLA,
12,001,99,75,CESAR,VALLEDUPAR,PATILLAL,
12,001,99,82,CESAR,VALLEDUPAR,RIOSECO,
12,001,99,92,CESAR,VALLEDUPAR,SABANA CRESPO,
12,001,99,95,CESAR,VALLEDUPAR,VALENCIA DE JESUS,
12,001,99,97,CESAR,VALLEDUPAR,VILLA GERMANIA,
12,001,99,98,CESAR,VALLEDUPAR,ESCUELA NUEVA RAMALITO,
12,001,99,99,CESAR,VALLEDUPAR,INSTI. ETNOEDUCATIVA TEC. KANZASINAMKE,
12,075,01,01,CESAR,AGUACHICA,COL. GUILLERMO LEON VALENCIA,
12,075,01,02,CESAR,AGUACHICA,I.E. JORGE ELIECER GAITAN,
12,075,01,03,CESAR,AGUACHICA,COLEGIO NACIONAL JOSE Ma. CAMPO SERRANO,
12,075,01,04,CESAR,AGUACHICA,I.E. SAGRADO CORAZON DE JESUS,
12,075,01,05,CESAR,AGUACHICA,INSTITUCION EDUCATIVA GABRIELA MISTRAL,
12,075,01,06,CESAR,AGUACHICA,INS TEC INDUSTRIAL LAUREANO GOMEZ CASTRO,
12,075,02,01,CESAR,AGUACHICA,COLEGIO LA UNION,
12,075,02,02,CESAR,AGUACHICA,COLEGIO LA VICTORIA,
12,075,02,03,CESAR,AGUACHICA,COLEGIO NUESTRA SEÑORA DEL CARMEN,
12,075,02,04,CESAR,AGUACHICA,INSTITUCIÓN EDUCATIVA SAN MIGUEL,
12,075,02,05,CESAR,AGUACHICA,IE VILLA DE PARAGUAY,
12,075,02,06,CESAR,AGUACHICA,SEDE JOSE ANDRES PADILLA CABARCAS,
12,075,90,01,CESAR,AGUACHICA,ESCUELA URBANA MIXTA No,
12,075,98,01,CESAR,AGUACHICA,CARCEL,
12,075,99,15,CESAR,AGUACHICA,BARRANCALEBRIJA,
12,075,99,23,CESAR,AGUACHICA,BOQUERON,
12,075,99,25,CESAR,AGUACHICA,BUTURAMA,
12,075,99,26,CESAR,AGUACHICA,CERRO BRAVO,
12,075,99,30,CESAR,AGUACHICA,CERRO REDONDO,
12,075,99,36,CESAR,AGUACHICA,EL JUNCAL,
12,075,99,38,CESAR,AGUACHICA,LA MORENA,
12,075,99,41,CESAR,AGUACHICA,LAS ADJUNTAS,
12,075,99,43,CESAR,AGUACHICA,LA YEGUERA,
12,075,99,45,CESAR,AGUACHICA,LOMA DE CORREDOR,
12,075,99,53,CESAR,AGUACHICA,LUCAICAL,
12,075,99,57,CESAR,AGUACHICA,MUCURAS,
12,075,99,59,CESAR,AGUACHICA,NOREAN,
12,075,99,60,CESAR,AGUACHICA,PATIÑO,
12,075,99,63,CESAR,AGUACHICA,CAMPO AMALIA,
12,075,99,65,CESAR,AGUACHICA,SAN MIGUEL,
12,075,99,71,CESAR,AGUACHICA,SANTA BARBARA,
12,075,99,75,CESAR,AGUACHICA,SANTA LUCIA,
12,075,99,80,CESAR,AGUACHICA,SANTA ROSA DE CARACOL,
12,075,99,90,CESAR,AGUACHICA,VILLA DE SN ANDRES DE TOTUMAL,
12,075,99,96,CESAR,AGUACHICA,VILLANUEVA,
12,150,01,01,CESAR,AGUSTIN CODAZZI,VILLA OLIMPICA,
12,150,01,02,CESAR,AGUSTIN CODAZZI,ESCUELA MIXTA CLUB DE LEONES,
12,150,02,01,CESAR,AGUSTIN CODAZZI,MEGACOLEGIO NACIONAL,
12,150,02,02,CESAR,AGUSTIN CODAZZI,ESC. MIXTA LAS FLORES,
12,150,90,01,CESAR,AGUSTIN CODAZZI,INST. EDUC. FCO. DE PAULA SANTANDER,
12,150,99,70,CESAR,AGUSTIN CODAZZI,CASACARA,
12,150,99,80,CESAR,AGUSTIN CODAZZI,LLERASCA,
12,150,99,87,CESAR,AGUSTIN CODAZZI,SAN JACINTO,
12,150,99,88,CESAR,AGUSTIN CODAZZI,ESCUELA LA PISTA,
12,150,99,89,CESAR,AGUSTIN CODAZZI,SICARARE,
12,150,99,90,CESAR,AGUSTIN CODAZZI,ESC. ALTO SICARARE,
12,150,99,91,CESAR,AGUSTIN CODAZZI,ESC. SANTA CLARA,
12,170,00,00,CESAR,ASTREA,PUESTO CABECERA MUNICIPAL,
12,170,99,10,CESAR,ASTREA,ARJONA,
12,170,99,15,CESAR,ASTREA,HEBRON,
12,170,99,20,CESAR,ASTREA,LA YE,
12,170,99,25,CESAR,ASTREA,MONTECRISTO,
12,170,99,30,CESAR,ASTREA,NUEVA COLOMBIA,
12,170,99,75,CESAR,ASTREA,SANTA CECILIA,
12,180,00,00,CESAR,BECERRIL,PUESTO CABECERA MUNICIPAL,
12,180,99,60,CESAR,BECERRIL,ESTADOS UNIDOS,
12,180,99,70,CESAR,BECERRIL,LA GUAJIRITA,
12,200,01,01,CESAR,BOSCONIA,COL CARLOS RESTREPO ARAUJO,
12,200,01,02,CESAR,BOSCONIA,COL MARIA AUXILIADORA,
12,200,02,01,CESAR,BOSCONIA,CONC ESCOL SAN JUAN BOSCO,
12,200,02,02,CESAR,BOSCONIA,CONC ESCOL ELOY QUINTERO ARAUJ,
12,200,99,45,CESAR,BOSCONIA,LOMA COLORADA,
12,225,01,01,CESAR,CURUMANI,I.E. CAMILO TORRES RESTREPO,
12,225,01,02,CESAR,CURUMANI,INSTITUCIÓN EDUCATIVA SAN ISIDRO,
12,225,01,03,CESAR,CURUMANI,CDI MUNDO DE MARIA SOFIA,
12,225,02,01,CESAR,CURUMANI,INSTITUCIÓN EDUCATIVA SAN JOSE,
12,225,02,02,CESAR,CURUMANI,ESC MIXTA LA CRUZ,
12,225,99,12,CESAR,CURUMANI,CHAMPAN,
12,225,99,20,CESAR,CURUMANI,EL MAMEY LOS SERENOS,
12,225,99,27,CESAR,CURUMANI,GUAIMARAL,
12,225,99,35,CESAR,CURUMANI,INST. TECNICA CRISTIAN MORENO PALLARES,
12,225,99,70,CESAR,CURUMANI,SAN ROQUE,
12,225,99,75,CESAR,CURUMANI,ESCUELA SAN SEBASTIAN,
12,225,99,80,CESAR,CURUMANI,SANTA ISABEL,
12,300,00,00,CESAR,CHIMICHAGUA,PUESTO CABECERA MUNICIPAL,
12,300,99,10,CESAR,CHIMICHAGUA,BETEL,
12,300,99,15,CESAR,CHIMICHAGUA,BUENOS AIRES,
12,300,99,27,CESAR,CHIMICHAGUA,CANDELARIA,
12,300,99,30,CESAR,CHIMICHAGUA,DIOS ME VE,
12,300,99,34,CESAR,CHIMICHAGUA,EL GUAMO,
12,300,99,35,CESAR,CHIMICHAGUA,EL TREBOL DE PAJONAL,
12,300,99,36,CESAR,CHIMICHAGUA,HIGOAMARILLO,
12,300,99,42,CESAR,CHIMICHAGUA,LA MATA,
12,300,99,44,CESAR,CHIMICHAGUA,LAS FLORES,
12,300,99,53,CESAR,CHIMICHAGUA,LAS VEGAS,
12,300,99,60,CESAR,CHIMICHAGUA,MANDINGUILLA,
12,300,99,65,CESAR,CHIMICHAGUA,PIEDRAS BLANCAS,
12,300,99,66,CESAR,CHIMICHAGUA,SALOA,
12,300,99,70,CESAR,CHIMICHAGUA,SAN MARTIN DE GUILLIN,
12,300,99,79,CESAR,CHIMICHAGUA,SEMPEGUA,
12,300,99,80,CESAR,CHIMICHAGUA,ULTIMO CASO,
12,300,99,85,CESAR,CHIMICHAGUA,SABANA DE JUAN MARCOS,
12,300,99,86,CESAR,CHIMICHAGUA,SOLEDAD,
12,300,99,95,CESAR,CHIMICHAGUA,ESC. NUEVA DE PUEBLITO,
12,300,99,96,CESAR,CHIMICHAGUA,ZAPATI,
12,375,00,00,CESAR,CHIRIGUANA,PUESTO CABECERA MUNICIPAL,
12,375,98,01,CESAR,CHIRIGUANA,CARCEL,
12,375,99,10,CESAR,CHIRIGUANA,LA AURORA,
12,375,99,15,CESAR,CHIRIGUANA,LA SIERRA,
12,375,99,60,CESAR,CHIRIGUANA,POPONTE,
12,375,99,80,CESAR,CHIRIGUANA,RINCON HONDO,
12,410,01,01,CESAR,EL COPEY,I. E. AGRICOLA,
12,410,01,02,CESAR,EL COPEY,CENTRO DE DESARROLLO INFANTIL SD COREA,
12,410,01,03,CESAR,EL COPEY,IE MONTELIBANO SEDE COREA,
12,410,02,01,CESAR,EL COPEY,I.E. AGRICOLA SEDE  LA ESPERANZA,
12,410,02,02,CESAR,EL COPEY,I.E. AGRICOLA  SEDE SAN MARTIN,
12,410,99,20,CESAR,EL COPEY,CARACOLICITO,
12,410,99,30,CESAR,EL COPEY,CHIMILA,
12,410,99,40,CESAR,EL COPEY,SAN FRANCISCO DE ASIS,
12,415,00,00,CESAR,EL PASO,PUESTO CABECERA MUNICIPAL,
12,415,99,03,CESAR,EL PASO,CUATRO VIENTOS,
12,415,99,05,CESAR,EL PASO,EL CARMEN,
12,415,99,07,CESAR,EL PASO,EL VALLITO,
12,415,99,12,CESAR,EL PASO,LA LOMA DE CALENTURA,
12,415,99,17,CESAR,EL PASO,POTRERILLO,
12,450,00,01,CESAR,GAMARRA,ESCUELA URBANA MIXTA No,
12,450,00,02,CESAR,GAMARRA,INSTITUCIÓN EDUCATIVA PROMOCION SOCIAL,
12,450,99,10,CESAR,GAMARRA,CASCAJAL,
12,450,99,20,CESAR,GAMARRA,EL CONTENTO,
12,450,99,30,CESAR,GAMARRA,ESTACION,
12,450,99,40,CESAR,GAMARRA,MAHOMA,
12,450,99,55,CESAR,GAMARRA,PALENQUILLO,
12,450,99,70,CESAR,GAMARRA,PUERTO MOSQUITO,
12,450,99,85,CESAR,GAMARRA,PUERTO VIEJO,
12,525,00,00,CESAR,GONZALEZ,CAB. MUNICIPAL/ IE JORGE ELICER GAITAN,
12,525,99,13,CESAR,GONZALEZ,BUJARAVITA,
12,525,99,25,CESAR,GONZALEZ,BURBURA,
12,525,99,38,CESAR,GONZALEZ,CULEBRITA,
12,525,99,50,CESAR,GONZALEZ,EL POTRERO,
12,525,99,62,CESAR,GONZALEZ,LA FLORESTA,
12,525,99,70,CESAR,GONZALEZ,MATA DE FIQUE,
12,525,99,74,CESAR,GONZALEZ,MONTERA,
12,525,99,87,CESAR,GONZALEZ,SAN ISIDRO,
12,525,99,89,CESAR,GONZALEZ,VIJAGUAL,
12,600,00,00,CESAR,LA GLORIA,PUESTO CABECERA MUNICIPAL,
12,600,99,20,CESAR,LA GLORIA,AYACUCHO,
12,600,99,28,CESAR,LA GLORIA,BESOTE,
12,600,99,31,CESAR,LA GLORIA,BUBETA,
12,600,99,35,CESAR,LA GLORIA,CAROLINA,
12,600,99,50,CESAR,LA GLORIA,LA MATA,
12,600,99,55,CESAR,LA GLORIA,MOLINA,
12,600,99,70,CESAR,LA GLORIA,SAN PABLO,
12,600,99,85,CESAR,LA GLORIA,SIMAÑA,
12,608,01,01,CESAR,LA JAGUA DE IBIRICO,IE JOSE GUILLERMO CASTRO CASTRO,
12,608,01,02,CESAR,LA JAGUA DE IBIRICO,ESC URB MIXTA No,
12,608,02,01,CESAR,LA JAGUA DE IBIRICO,IE LUIS CARLOS GALAN SARMIENTO,
12,608,02,02,CESAR,LA JAGUA DE IBIRICO,ESC URB TIMOTEA MENESES SED IE LCG,
12,608,99,05,CESAR,LA JAGUA DE IBIRICO,BOQUERON,
12,608,99,10,CESAR,LA JAGUA DE IBIRICO,LA PALMITA,
12,608,99,14,CESAR,LA JAGUA DE IBIRICO,VICTORIA DE SAN ISIDRO,
12,625,00,00,CESAR,MANAURE BALCON DEL CESAR (MANA,PUESTO CABECERA MUNICIPAL,
12,625,99,50,CESAR,MANAURE BALCON DEL CESAR (MANA,JOSE CONCEPCION CAMPO URDIALE,
12,625,99,60,CESAR,MANAURE BALCON DEL CESAR (MANA,LA TOMITA,
12,625,99,65,CESAR,MANAURE BALCON DEL CESAR (MANA,PIE DEL CIELO,
12,625,99,92,CESAR,MANAURE BALCON DEL CESAR (MANA,SABANA DE LEON,
12,625,99,95,CESAR,MANAURE BALCON DEL CESAR (MANA,TIERRA GRATA,
12,650,00,00,CESAR,PAILITAS,PUESTO CABECERA MUNICIPAL,
12,650,99,05,CESAR,PAILITAS,EL BURRO,
12,650,99,08,CESAR,PAILITAS,LA FLORESTA,
12,650,99,10,CESAR,PAILITAS,PALESTINA,
12,650,99,25,CESAR,PAILITAS,LOS LLANOS,
12,650,99,80,CESAR,PAILITAS,RIVERA,
12,700,00,00,CESAR,PELAYA,PUESTO CABECERA MUNICIPAL,
12,700,99,30,CESAR,PELAYA,COSTILLAS,
12,700,99,60,CESAR,PELAYA,SAN BERNARDO,
12,720,00,00,CESAR,PUEBLO BELLO,PUESTO CABECERA MUNICIPAL,
12,720,99,56,CESAR,PUEBLO BELLO,LA CAJA,
12,720,99,60,CESAR,PUEBLO BELLO,LA HONDA,
12,720,99,61,CESAR,PUEBLO BELLO,LAS MINAS DE HIRACAL,
12,720,99,72,CESAR,PUEBLO BELLO,PALMARITO NUEVO COLON,
12,720,99,80,CESAR,PUEBLO BELLO,NABUSIMAKE,
12,720,99,86,CESAR,PUEBLO BELLO,SIMONORWA,
12,750,00,00,CESAR,RIO DE ORO,CABECERA MUNICIPAL-IE NORMAL SUPERIOR,
12,750,99,05,CESAR,RIO DE ORO,,CORREGIMIENTO DE DIEGO HERNANDEZ        10000012500000183000001
12,750,99,08,CESAR,RIO DE ORO,,CORREGIMIENTO EL GITANO                 10000012100000164000001
12,750,99,10,CESAR,RIO DE ORO,,CORREGIMIENTO EL HOBO                   10000005400000093000001
12,750,99,13,CESAR,RIO DE ORO,,CORREGIMIENTO EL SALOBRE                10000026100000342000002
12,750,99,18,CESAR,RIO DE ORO,,CORREGIMIENTO DE HONDURAS               10000003600000074000001
12,750,99,21,CESAR,RIO DE ORO,,CORREGIMIENTO LA PALESTINA              10000018700000257000002
12,750,99,23,CESAR,RIO DE ORO,,CORREGIMIENTO EL LINDSAY                10000004400000074000001
12,750,99,30,CESAR,RIO DE ORO,,CORREGIMIENTO DE LOS ANGELES            10000051400000639000004
12,750,99,33,CESAR,RIO DE ORO,,CORREGIMIENTO EL MARQUEZ                10000028800000318000002
12,750,99,40,CESAR,RIO DE ORO,,CORREGIMIENTO DE MONTECITOS             10000028900000363000002
12,750,99,45,CESAR,RIO DE ORO,,CORREGIMIENTO DE MORRINSON              10000025000000274000002
12,750,99,70,CESAR,RIO DE ORO,,CORREGIMIENTO DE PUERTO NUEVO           10000019400000241000002
12,800,00,00,CESAR,SAN ALBERTO,IE ANDRES BELLO,
12,800,99,12,CESAR,SAN ALBERTO,IE RURAL EL LIBANO,
12,800,99,13,CESAR,SAN ALBERTO,FUNDACION,
12,800,99,15,CESAR,SAN ALBERTO,LA PALMA,
12,800,99,23,CESAR,SAN ALBERTO,LA LLANA,
12,800,99,35,CESAR,SAN ALBERTO,LA TRINIDAD,
12,800,99,40,CESAR,SAN ALBERTO,MONTENEGRO BAJO,
12,800,99,65,CESAR,SAN ALBERTO,PUERTO CARREÑO,
12,825,00,00,CESAR,LA PAZ,PUESTO CABECERA MUNICIPAL,
12,825,99,20,CESAR,LA PAZ,GUAYMARAL,
12,825,99,30,CESAR,LA PAZ,LA LAGUNA DE LOS INDIOS,
12,825,99,40,CESAR,LA PAZ,LOS ENCANTOS,
12,825,99,50,CESAR,LA PAZ,MINGUILLO,
12,825,99,85,CESAR,LA PAZ,SAN JOSE DE ORIENTE,
12,825,99,90,CESAR,LA PAZ,VARASBLANCAS,
12,850,00,00,CESAR,SAN DIEGO,PUESTO CABECERA MUNICIPAL,
12,850,99,10,CESAR,SAN DIEGO,EL RINCON,
12,850,99,13,CESAR,SAN DIEGO,LAS PITILLAS,
12,850,99,16,CESAR,SAN DIEGO,LOS BRASILES,
12,850,99,23,CESAR,SAN DIEGO,LOS TUPES,
12,850,99,28,CESAR,SAN DIEGO,MEDIA LUNA,
12,850,99,36,CESAR,SAN DIEGO,NUEVAS FLORES,
12,850,99,85,CESAR,SAN DIEGO,TOCAYMO,
12,875,00,00,CESAR,SAN MARTIN,PUESTO CABECERA MUNICIPAL,
12,875,99,20,CESAR,SAN MARTIN,AGUAS BLANCAS,
12,875,99,24,CESAR,SAN MARTIN,CUATRO BOCAS,
12,875,99,30,CESAR,SAN MARTIN,LA CURVA,
12,875,99,35,CESAR,SAN MARTIN,LOS BAGRES,
12,875,99,40,CESAR,SAN MARTIN,MINAS,
12,875,99,48,CESAR,SAN MARTIN,PITA LIMON,
12,875,99,50,CESAR,SAN MARTIN,PUERTO OCULTO,
12,875,99,70,CESAR,SAN MARTIN,SAN JOSE DE LAS AMERICAS,
12,875,99,75,CESAR,SAN MARTIN,TERRAPLEN,
12,875,99,85,CESAR,SAN MARTIN,TORCOROMA,
12,900,00,00,CESAR,TAMALAMEQUE,PUESTO CABECERA MUNICIPAL,
12,900,99,10,CESAR,TAMALAMEQUE,ANTEQUERA,
12,900,99,15,CESAR,TAMALAMEQUE,BRISAS,
12,900,99,40,CESAR,TAMALAMEQUE,LA BOCA,
12,900,99,42,CESAR,TAMALAMEQUE,LAS PALMAS,
12,900,99,43,CESAR,TAMALAMEQUE,MUNDO ALREVES,
12,900,99,45,CESAR,TAMALAMEQUE,PASACORRIENDO,
12,900,99,48,CESAR,TAMALAMEQUE,PALESTINA LA NUEVA,
12,900,99,52,CESAR,TAMALAMEQUE,PUEBLO NUEVO,
12,900,99,80,CESAR,TAMALAMEQUE,ZAPATOSA,
13,001,01,01,CORDOBA,MONTERIA,IE RANCHO GRANDE,COMUNA 1
13,001,01,02,CORDOBA,MONTERIA,IE LA RIBERA,COMUNA 1
13,001,01,03,CORDOBA,MONTERIA,IE EL DORADO,COMUNA 1
13,001,01,04,CORDOBA,MONTERIA,IE ESCUELA NORMAL SUPERIOR - JUAN XXII,COMUNA 2
13,001,01,05,CORDOBA,MONTERIA,IE MINUTO DE DIOS,COMUNA 2
13,001,01,06,CORDOBA,MONTERIA,IE LOS COLORES,COMUNA 1
13,001,01,07,CORDOBA,MONTERIA,IE EL DORADO SEDE VALLEJO,COMUNA 1
13,001,01,08,CORDOBA,MONTERIA,IE JUAN XXIII,COMUNA 2
13,001,01,09,CORDOBA,MONTERIA,LICEO SAN FRANCISCO DE ASSIS,COMUNA 1
13,001,02,01,CORDOBA,MONTERIA,COLEGIO COMFACOR,COMUNA 3
13,001,02,02,CORDOBA,MONTERIA,LICEO MAXIMO MERCADO,COMUNA 3
13,001,02,03,CORDOBA,MONTERIA,IE CECILIA DE LLERAS,COMUNA 3
13,001,02,04,CORDOBA,MONTERIA,IE LICEO GUILLERMO VALENCIA,COMUNA 3
13,001,02,05,CORDOBA,MONTERIA,IE SANTA MARIA - SANTAFE,COMUNA 3
13,001,02,06,CORDOBA,MONTERIA,IE POLICARPA SALAVARRIETA,COMUNA 3
13,001,02,07,CORDOBA,MONTERIA,IE MERCEDES ABREGO,COMUNA 3
13,001,02,08,CORDOBA,MONTERIA,IE GENERAL SANTANDER,COMUNA 3
13,001,02,09,CORDOBA,MONTERIA,INSTITUCION EDUCATIVA ANTONIA SANTOS,COMUNA 3
13,001,03,01,CORDOBA,MONTERIA,IE MOGAMBO,COMUNA 4
13,001,03,02,CORDOBA,MONTERIA,IE SANTA MARIA GORETTI,COMUNA 4
13,001,03,03,CORDOBA,MONTERIA,IE VILLA MARGARITA,COMUNA 4
13,001,03,04,CORDOBA,MONTERIA,IE MANUEL RUIZ ALVAREZ,COMUNA 4
13,001,03,05,CORDOBA,MONTERIA,IE EL RECUERDO,COMUNA 4
13,001,03,06,CORDOBA,MONTERIA,IE LOS ARAUJOS,COMUNA 4
13,001,03,07,CORDOBA,MONTERIA,IE LOS NOGALES,COMUNA 4
13,001,03,08,CORDOBA,MONTERIA,IE MOGAMBO - E.MIXTA PANZENU-JAIME ELIAS,COMUNA 4
13,001,03,09,CORDOBA,MONTERIA,IE MOGAMBO SEDE LA ESPERANZA,COMUNA 4
13,001,03,10,CORDOBA,MONTERIA,IE ROBINSON PITALUA SEDE VILLA LOS ALPES,COMUNA 4
13,001,04,01,CORDOBA,MONTERIA,IE LA INMACULADA,COMUNA 5
13,001,04,02,CORDOBA,MONTERIA,COLEGIO JUAN PABLO II,COMUNA 5
13,001,04,03,CORDOBA,MONTERIA,IE ISABEL LA CATOLICA SD JOSE A.GALAN,COMUNA 5
13,001,04,04,CORDOBA,MONTERIA,IE SANTA ROSA DE LIMA,COMUNA 5
13,001,04,05,CORDOBA,MONTERIA,SENA,COMUNA 5
13,001,04,06,CORDOBA,MONTERIA,IE SANTA ROSA DE LIMA SD SAGRADO CORAZON,COMUNA 5
13,001,04,07,CORDOBA,MONTERIA,GIMNASIO MI ALEGRE INFANCIA,COMUNA 5
13,001,05,01,CORDOBA,MONTERIA,IE LA PRADERA,COMUNA 6
13,001,05,02,CORDOBA,MONTERIA,IE VICTORIA MANZUR,COMUNA 6
13,001,05,03,CORDOBA,MONTERIA,COL MILITAR ALMIRANTE COLON,COMUNA 6
13,001,05,04,CORDOBA,MONTERIA,COLEGIO SEVERO J GARCIA,COMUNA 6
13,001,05,05,CORDOBA,MONTERIA,COLEGIO LATINO,COMUNA 6
13,001,05,06,CORDOBA,MONTERIA,COLEGIO VISION MUNDIAL,COMUNA 6
13,001,05,07,CORDOBA,MONTERIA,IE JOSE MARIA CORDOBA SD CAMILO LAMADRID,COMUNA 6
13,001,05,08,CORDOBA,MONTERIA,IE VICTORIA MANZUR SEDE PARAISO,COMUNA 6
13,001,05,09,CORDOBA,MONTERIA,IE VICTORIA MANZUR SEDE JORGE ELIECER G.,COMUNA 6
13,001,06,01,CORDOBA,MONTERIA,IE ANTONIO NARIÑO - SUCRE,COMUNA 7
13,001,06,02,CORDOBA,MONTERIA,COLEGIO BRITANICO DE MONTERIA,COMUNA 8
13,001,06,03,CORDOBA,MONTERIA,COLEGIO GIMNASIO VALLEGRANDE,COMUNA 8
13,001,06,04,CORDOBA,MONTERIA,IE SAN JOSE - LA FLORESTA,COMUNA 8
13,001,06,05,CORDOBA,MONTERIA,IE VILLA CIELO,COMUNA 12
13,001,06,08,CORDOBA,MONTERIA,IE JOSE MARIA CORDOBA,COMUNA 8
13,001,06,09,CORDOBA,MONTERIA,COLEGIO LA SAGRADA FAMILIA,COMUNA 8
13,001,06,10,CORDOBA,MONTERIA,COLEGIO GIMNASIO EL RECREO,COMUNA 8
13,001,06,11,CORDOBA,MONTERIA,IE INEM LORENZO MARIA LLERAS,COMUNA 8
13,001,06,12,CORDOBA,MONTERIA,CENTRO COMERCIAL ALAMEDAS,COMUNA 7
13,001,06,13,CORDOBA,MONTERIA,CENTRO COMERCIAL  NUESTRO DE MONTERIA,COMUNA 8
13,001,07,01,CORDOBA,MONTERIA,IE CAMILO TORRES - MOCARI,COMUNA 9
13,001,07,02,CORDOBA,MONTERIA,GARZONES,COMUNA 10
13,001,07,03,CORDOBA,MONTERIA,INSTITUCION EDUCATIVA GARZONES SEDE,COMUNA 10
13,001,90,01,CORDOBA,MONTERIA,CENSO - COLEGIO LA SALLE,
13,001,98,01,CORDOBA,MONTERIA,CARCEL,
13,001,99,01,CORDOBA,MONTERIA,IE MORINDO SANTA FE - MORINDO CENTRAL,CORREGIMIENTO 1 MORINDO
13,001,99,06,CORDOBA,MONTERIA,SANTA LUCIA,CORREGIMIENTO 2 SANTA LUCIA
13,001,99,07,CORDOBA,MONTERIA,IE SANTA CLARA DE ASIS - SEDE PRINCIPAL,CORREGIMIENTO 3 SANTA CLARA
13,001,99,13,CORDOBA,MONTERIA,CAÑO VIEJO PALOTAL,
13,001,99,14,CORDOBA,MONTERIA,IE LETICIA  ESC RURAL MIX NUEVO PARAISO,CORREGIMIENTO 5 NUEVO PARAISO
13,001,99,15,CORDOBA,MONTERIA,MARTINICA,CORREGIMIENTO 6 MARTINICA
13,001,99,16,CORDOBA,MONTERIA,LETICIA,CORREGIMIENTO 7 LETICIA
13,001,99,17,CORDOBA,MONTERIA,PUEBLO BUJO,CORREGIMIENTO 8 PUEBLO BUJO
13,001,99,18,CORDOBA,MONTERIA,LOMA VERDE,CORREGIMIENTO 9 LOMA VERDE
13,001,99,21,CORDOBA,MONTERIA,JARAQUIEL,CORREGIMIENTO 10 JARAQUIEL
13,001,99,25,CORDOBA,MONTERIA,IE LICEO MIGUEL ANTONIO CARO SED PPAL,CORREGIMIENTO 11 LAS PALOMAS
13,001,99,27,CORDOBA,MONTERIA,GUASIMAL,CORREGIMIENTO 12 GUASIMAL
13,001,99,29,CORDOBA,MONTERIA,EL SABANAL,CORREGIMIENTO 13 EL SABANAL
13,001,99,31,CORDOBA,MONTERIA,EL CERRITO,CORREGIMIENTO 14 EL CERRITO
13,001,99,32,CORDOBA,MONTERIA,PATIO BONITO,CORREGIMIENTO 15 PATIO BONITO
13,001,99,33,CORDOBA,MONTERIA,LA VICTORIA,CORREGIMIENTO 16 LA VICTORIA
13,001,99,34,CORDOBA,MONTERIA,IE GUATEQUE - SEDE PRINCIPAL,CORREGIMIENTO 17 GUATEQUE
13,001,99,35,CORDOBA,MONTERIA,SAN ISIDRO,CORREGIMIENTO 18 SAN ISIDRO
13,001,99,37,CORDOBA,MONTERIA,IE SAN ANTERITO SEDE PRINCIPAL,CORREGIMIENTO 19 SAN ANTERITO
13,001,99,39,CORDOBA,MONTERIA,NUEVA LUCIA,CORREGIMIENTO 20 NUEVA LUCIA
13,001,99,40,CORDOBA,MONTERIA,SANTA ISABEL,CORREGIMIENTO 21 SANTA ISABEL
13,001,99,41,CORDOBA,MONTERIA,TRES PALMAS,CORREGIMIENTO 22 TRES PALMAS
13,001,99,42,CORDOBA,MONTERIA,IE SANTAFE  ESC RURAL MIXTA TRES PIEDRAS,CORREGIMIENTO 23 TRES PIEDRAS
13,001,99,43,CORDOBA,MONTERIA,BUENOS AIRES,CORREGIMIENTO 24 BUENOS AIRES
13,001,99,45,CORDOBA,MONTERIA,LA MANTA,CORREGIMIENTO 25 LA MANTA
13,001,99,46,CORDOBA,MONTERIA,NUEVA ESPERANZA,
13,001,99,53,CORDOBA,MONTERIA,IE KM,
13,001,99,54,CORDOBA,MONTERIA,IE AGUAS NEGRAS,
13,001,99,55,CORDOBA,MONTERIA,SALON COMUNAL VEREDA BOCA DE LA CEIBA,
13,001,99,56,CORDOBA,MONTERIA,IE JUAN XXIII  SEDE EL VIDRIAL,
13,001,99,57,CORDOBA,MONTERIA,INST EDUC BESITO VOLAO SEDE LOS PERICOS,
13,001,99,58,CORDOBA,MONTERIA,IE LOS GARZONES - ESC RUR MIX DE ARENAL,
13,001,99,59,CORDOBA,MONTERIA,IE MORINDO SANTA FE - SEDE PRINCIPAL,CORREGIMIENTO 1 MORINDO
13,001,99,60,CORDOBA,MONTERIA,IE GUATEQUE - ESC NUEVA MEDELLIN CORDOBA,CORREGIMIENTO 17 GUATEQUE
13,001,99,61,CORDOBA,MONTERIA,IE GUASIMAL - ESC NUEVA EL CARMEN,CORREGIMIENTO 11 LAS PALOMAS
13,004,01,01,CORDOBA,AYAPEL,IE INMACULADA SEDE SAGRADO COR,
13,004,01,02,CORDOBA,AYAPEL,IE  PABLO SEXTO,
13,004,01,03,CORDOBA,AYAPEL,SEDE MARIA MONTESSORI,
13,004,01,04,CORDOBA,AYAPEL,SEDE SIMON BOLIVAR,
13,004,01,05,CORDOBA,AYAPEL,SEDE MARIA AUXILIADORA VILLA ESPERANZA,
13,004,02,01,CORDOBA,AYAPEL,IE CARLOS ADOLFO URUETA,
13,004,02,02,CORDOBA,AYAPEL,IE MARCOS FIDEL SUAREZ,
13,004,99,01,CORDOBA,AYAPEL,ALFONSO LOPEZ,
13,004,99,02,CORDOBA,AYAPEL,CAÑO PESCADO NUMERO UNO,
13,004,99,05,CORDOBA,AYAPEL,EL TOTUMO,
13,004,99,09,CORDOBA,AYAPEL,CECILIA,
13,004,99,13,CORDOBA,AYAPEL,EL CEDRO,
13,004,99,15,CORDOBA,AYAPEL,LAS DELICIAS,
13,004,99,16,CORDOBA,AYAPEL,MARRALU,
13,004,99,17,CORDOBA,AYAPEL,NARIÑO,
13,004,99,21,CORDOBA,AYAPEL,PALOTAL,
13,004,99,23,CORDOBA,AYAPEL,POPALES,
13,004,99,80,CORDOBA,AYAPEL,SINCELEJITO,
13,007,00,01,CORDOBA,BUENAVISTA,I.E MARISCAL SUCRE,
13,007,00,02,CORDOBA,BUENAVISTA,I.E SAGRADO CORAZON DE JESUS,
13,007,99,10,CORDOBA,BUENAVISTA,CIENAGA DE LAS MARIAS,
13,007,99,15,CORDOBA,BUENAVISTA,BELEN,
13,007,99,23,CORDOBA,BUENAVISTA,EL VIAJANO,
13,007,99,25,CORDOBA,BUENAVISTA,EL PARAISO,
13,007,99,28,CORDOBA,BUENAVISTA,MEJOR ESQUINA,
13,007,99,30,CORDOBA,BUENAVISTA,NUEVA ESTACION,
13,007,99,45,CORDOBA,BUENAVISTA,PUERTO CORDOBA,
13,007,99,50,CORDOBA,BUENAVISTA,SANTAFE DEL ARCIAL,
13,007,99,70,CORDOBA,BUENAVISTA,TIERRA SANTA,
13,007,99,80,CORDOBA,BUENAVISTA,VILLA FATIMA,
13,009,00,00,CORDOBA,CANALETE,PUESTO CABECERA MUNICIPAL,
13,009,99,02,CORDOBA,CANALETE,BUENOS AIRES,
13,009,99,03,CORDOBA,CANALETE,CORDOBITA FRONTERA,
13,009,99,04,CORDOBA,CANALETE,CORDOBITA CENTRAL,
13,009,99,05,CORDOBA,CANALETE,EL GUINEO,
13,009,99,06,CORDOBA,CANALETE,EL LIMON,
13,009,99,07,CORDOBA,CANALETE,CADILLO,
13,009,99,08,CORDOBA,CANALETE,EL TOMATE,
13,009,99,10,CORDOBA,CANALETE,LA LORENZA,
13,009,99,11,CORDOBA,CANALETE,POPAYAN,
13,009,99,50,CORDOBA,CANALETE,QUEBRADA DE URANGO,
13,009,99,70,CORDOBA,CANALETE,SI SE VAN,
13,009,99,80,CORDOBA,CANALETE,TIERRADENTRO,
13,010,01,01,CORDOBA,CERETE,I.E MARCELIANO POLO,
13,010,01,02,CORDOBA,CERETE,COL. MILITAR ALMIRANTE COLON,
13,010,01,03,CORDOBA,CERETE,NVA SEDE ESCUELA DEL PRADO,
13,010,01,04,CORDOBA,CERETE,ESCUELA DE CARACAS,
13,010,02,01,CORDOBA,CERETE,IE SANTA TERESA,
13,010,02,02,CORDOBA,CERETE,I.E,
13,010,02,03,CORDOBA,CERETE,I.E DOLORES GARRIDO DE GONZALEZ,
13,010,02,04,CORDOBA,CERETE,I.E CAÑITO DE LOS SÁBALOS,
13,010,99,04,CORDOBA,CERETE,ESCUELA CUERO CURTIDO,
13,010,99,05,CORDOBA,CERETE,I.E. CRISTOBAL COLON,
13,010,99,06,CORDOBA,CERETE,I.E GERMAN VARGAS CANTILLO MANGUELITO,
13,010,99,09,CORDOBA,CERETE,I.E ALFONSO SPATH SPATH DE MARTINEZ,
13,010,99,13,CORDOBA,CERETE,I.E JULIAN PINTO BUENDIA BTO MATEO GOMEZ,
13,010,99,21,CORDOBA,CERETE,IE JOSE ANTONIO GALAN DE RABOLARGO SD B,
13,010,99,23,CORDOBA,CERETE,I.E RETIRO DE LOS INDIOS,
13,010,99,24,CORDOBA,CERETE,I.E SAN JOSÉ DEL QUEMADO,
13,010,99,33,CORDOBA,CERETE,I.E SEVERA,
13,010,99,40,CORDOBA,CERETE,I.E TRES MARIA,
13,013,01,01,CORDOBA,CIENAGA DE ORO,I.E. ALIANZA PARA EL PROGRESO,
13,013,01,02,CORDOBA,CIENAGA DE ORO,ESC. SAN JOSE,
13,013,01,03,CORDOBA,CIENAGA DE ORO,INST EDUC MARCO FIDEL SUAREZ,
13,013,02,01,CORDOBA,CIENAGA DE ORO,I.E. SAN ISIDRO,
13,013,02,02,CORDOBA,CIENAGA DE ORO,I.E.MADRE BERNARDA SEDE CENTR,
13,013,99,01,CORDOBA,CIENAGA DE ORO,BERASTEGUI,
13,013,99,02,CORDOBA,CIENAGA DE ORO,BUGRE,
13,013,99,03,CORDOBA,CIENAGA DE ORO,EL SIGLO,
13,013,99,04,CORDOBA,CIENAGA DE ORO,CAMPO BONITO,
13,013,99,05,CORDOBA,CIENAGA DE ORO,LAGUNETA,
13,013,99,06,CORDOBA,CIENAGA DE ORO,BARRO PRIETO,
13,013,99,07,CORDOBA,CIENAGA DE ORO,LAS PALMITAS,
13,013,99,08,CORDOBA,CIENAGA DE ORO,LAS PIEDRAS,
13,013,99,09,CORDOBA,CIENAGA DE ORO,LOS MIMBRES,
13,013,99,10,CORDOBA,CIENAGA DE ORO,EL SALADO,
13,013,99,11,CORDOBA,CIENAGA DE ORO,INST EDUCATIVA JOSE MARIA BERASTEGUI,
13,013,99,12,CORDOBA,CIENAGA DE ORO,PIJIGUAYAL,
13,013,99,13,CORDOBA,CIENAGA DE ORO,PUNTA DE YANEZ,
13,013,99,16,CORDOBA,CIENAGA DE ORO,SAN ANTONIO DEL TACHIRA,
13,013,99,20,CORDOBA,CIENAGA DE ORO,SANTIAGO DEL SUR,
13,014,00,00,CORDOBA,COTORRA (BONGO),PUESTO CABECERA MUNICIPAL,
13,014,99,01,CORDOBA,COTORRA (BONGO),ABROJAL,
13,014,99,05,CORDOBA,COTORRA (BONGO),EL PASO DE LAS FLORES,
13,014,99,10,CORDOBA,COTORRA (BONGO),LA CULEBRA,
13,014,99,15,CORDOBA,COTORRA (BONGO),LAS AREPAS,
13,014,99,18,CORDOBA,COTORRA (BONGO),LOS CEDROS,
13,014,99,20,CORDOBA,COTORRA (BONGO),LOS GOMEZ,
13,014,99,25,CORDOBA,COTORRA (BONGO),MORALITO,
13,014,99,40,CORDOBA,COTORRA (BONGO),TREMENTINO,
13,016,00,00,CORDOBA,CHIMA,PUESTO CABECERA MUNICIPAL,
13,016,99,01,CORDOBA,CHIMA,ARACHE,
13,016,99,03,CORDOBA,CHIMA,CAMPO BELLO,
13,016,99,05,CORDOBA,CHIMA,CAROLINA,
13,016,99,09,CORDOBA,CHIMA,COROZALITO,
13,016,99,13,CORDOBA,CHIMA,PUNTA VERDE,
13,016,99,17,CORDOBA,CHIMA,SITIO VIEJO,
13,016,99,30,CORDOBA,CHIMA,PIMENTAL,
13,016,99,31,CORDOBA,CHIMA,SABANA COSTA,
13,019,01,01,CORDOBA,CHINU,COLEGIO SAN FRANCISCO DE ASIS,
13,019,01,02,CORDOBA,CHINU,CENTRO EDUCATIVO LAS MERCEDES,
13,019,02,01,CORDOBA,CHINU,CTRO EDUC. MARIA AUXILIADORA,
13,019,02,02,CORDOBA,CHINU,CTRO EDUC. JOSE YANCES MUTIS,
13,019,99,01,CORDOBA,CHINU,AGUAS VIVAS,
13,019,99,03,CORDOBA,CHINU,ANDALUCIA,
13,019,99,04,CORDOBA,CHINU,ARRIMADERO,
13,019,99,05,CORDOBA,CHINU,CACAOTAL,
13,019,99,06,CORDOBA,CHINU,CEJA GRANDE,
13,019,99,08,CORDOBA,CHINU,LA FLORESTA,
13,019,99,09,CORDOBA,CHINU,CARBONERO,
13,019,99,10,CORDOBA,CHINU,EL CHORRILLO,
13,019,99,11,CORDOBA,CHINU,EL DESEO,
13,019,99,12,CORDOBA,CHINU,EL PARAISO,
13,019,99,13,CORDOBA,CHINU,EL PITAL,
13,019,99,14,CORDOBA,CHINU,EL TIGRE,
13,019,99,15,CORDOBA,CHINU,FLECHAS SABANAS,
13,019,99,16,CORDOBA,CHINU,GARBADO,
13,019,99,17,CORDOBA,CHINU,HEREDIA,
13,019,99,18,CORDOBA,CHINU,LA PANAMA,
13,019,99,19,CORDOBA,CHINU,LOS ANGELES,
13,019,99,20,CORDOBA,CHINU,LA PILONA,
13,019,99,21,CORDOBA,CHINU,NUEVO ORIENTE,
13,019,99,22,CORDOBA,CHINU,PALMITAL,
13,019,99,23,CORDOBA,CHINU,RETIRO DE LOS PEREZ,
13,019,99,24,CORDOBA,CHINU,PISABONITO,
13,019,99,25,CORDOBA,CHINU,SAN MATEO,
13,019,99,26,CORDOBA,CHINU,JERICO,
13,019,99,27,CORDOBA,CHINU,PAJONAL,
13,019,99,29,CORDOBA,CHINU,SAN RAFAEL,
13,019,99,33,CORDOBA,CHINU,SANTA CECILIA,
13,019,99,37,CORDOBA,CHINU,SANTA FE,
13,019,99,41,CORDOBA,CHINU,SANTA ROSA,
13,019,99,45,CORDOBA,CHINU,SEVILLA (FLECHAS),
13,019,99,49,CORDOBA,CHINU,TIERRA GRATA,
13,019,99,60,CORDOBA,CHINU,NOVA,
13,019,99,70,CORDOBA,CHINU,VILLA FATIMA,
13,019,99,71,CORDOBA,CHINU,BLEO VERDINAL,
13,019,99,72,CORDOBA,CHINU,LAS PIÑUELAS,
13,019,99,73,CORDOBA,CHINU,TERMOELECTRICA,
13,019,99,74,CORDOBA,CHINU,LAS LOMAS,
13,019,99,75,CORDOBA,CHINU,RAICERO,
13,019,99,76,CORDOBA,CHINU,SAN QUIRRE,
13,020,00,01,CORDOBA,LA APARTADA (FRONTERA),IE LUIS FERNANDO GONZALEZ BOTERO,
13,020,00,02,CORDOBA,LA APARTADA (FRONTERA),IE SITIO NUEVO,
13,020,99,01,CORDOBA,LA APARTADA (FRONTERA),CAMPO ALEGRE,
13,020,99,02,CORDOBA,LA APARTADA (FRONTERA),LA BALSA,
13,020,99,03,CORDOBA,LA APARTADA (FRONTERA),PUERTO CORDOBA,
13,022,01,01,CORDOBA,LORICA,NORMAL SUPERIOR SANTA TERESITA,
13,022,01,02,CORDOBA,LORICA,IE DAVID SANCHEZ J. SEDE SANTA TERESITA,
13,022,01,03,CORDOBA,LORICA,INST. CIUDAD LORICA - ICIL,
13,022,01,04,CORDOBA,LORICA,COLEGIO EL ENCANTO,
13,022,01,05,CORDOBA,LORICA,INSTITUTO NIÑO JESUS DE PRAGA,
13,022,02,01,CORDOBA,LORICA,IE SANTA CRUZ,
13,022,02,02,CORDOBA,LORICA,UNV. DE CORDOBA SEDE LORICA,
13,022,02,03,CORDOBA,LORICA,IE LACIDES C. BERSAL,
13,022,02,04,CORDOBA,LORICA,IE ANTONIO DE LA TORRE Y MIRANDA S CONAL,
13,022,02,05,CORDOBA,LORICA,I.E PAULO VI,
13,022,02,06,CORDOBA,LORICA,COLEGIO CENTRAL MILITAR ALMIRANTE COLON,
13,022,90,01,CORDOBA,LORICA,I.E.DAVID SANCHEZ JULIAO,
13,022,98,01,CORDOBA,LORICA,CARCEL REGIONAL DEL DISTRITO,
13,022,99,02,CORDOBA,LORICA,CAMPANO DE LOS INDIOS,
13,022,99,03,CORDOBA,LORICA,COTOCA ARRIBA,
13,022,99,04,CORDOBA,LORICA,CAMPO ALEGRE,
13,022,99,05,CORDOBA,LORICA,EL CARITO,
13,022,99,06,CORDOBA,LORICA,MATA DE CAÑA,
13,022,99,07,CORDOBA,LORICA,EL LAZO,
13,022,99,08,CORDOBA,LORICA,EL RODEO,
13,022,99,09,CORDOBA,LORICA,LA DOCTRINA,
13,022,99,10,CORDOBA,LORICA,CASTILLERAL,
13,022,99,12,CORDOBA,LORICA,LA PEINADA,
13,022,99,13,CORDOBA,LORICA,LAS FLORES,
13,022,99,14,CORDOBA,LORICA,LA SUBIDA,
13,022,99,15,CORDOBA,LORICA,COTOCA ABAJO,
13,022,99,17,CORDOBA,LORICA,LOS GOMEZ,
13,022,99,18,CORDOBA,LORICA,LOS HIGALES,
13,022,99,19,CORDOBA,LORICA,LOS MONOS,
13,022,99,20,CORDOBA,LORICA,LOS MORALES,
13,022,99,21,CORDOBA,LORICA,NARIÑO,
13,022,99,23,CORDOBA,LORICA,LAS CAMORRAS,
13,022,99,25,CORDOBA,LORICA,PALO DE AGUA,
13,022,99,26,CORDOBA,LORICA,REMOLINO,
13,022,99,27,CORDOBA,LORICA,SAN ANTERITO,
13,022,99,28,CORDOBA,LORICA,SAN NICOLAS DE BARI,
13,022,99,29,CORDOBA,LORICA,SAN SEBASTIAN,
13,022,99,30,CORDOBA,LORICA,MANANTIAL ARRIBA,
13,022,99,38,CORDOBA,LORICA,TIERRALTA,
13,022,99,45,CORDOBA,LORICA,VILLA CONCEPCION,
13,022,99,52,CORDOBA,LORICA,CANDELARIA,
13,022,99,60,CORDOBA,LORICA,EL GUANABANO,
13,022,99,90,CORDOBA,LORICA,SANTA LUCIA,
13,022,99,91,CORDOBA,LORICA,CENTRO POBLADO LA PALMA,
13,022,99,92,CORDOBA,LORICA,VDA NUEVO CAMPO ALEGRE,
13,022,99,93,CORDOBA,LORICA,LAS ESTANCIAS,
13,023,00,00,CORDOBA,LOS CORDOBAS,PUESTO CABECERA MUNICIPAL,
13,023,99,02,CORDOBA,LOS CORDOBAS,BUENAVISTA,
13,023,99,04,CORDOBA,LOS CORDOBAS,GUAIMARO,
13,023,99,40,CORDOBA,LOS CORDOBAS,EL EBANO,
13,023,99,45,CORDOBA,LOS CORDOBAS,JALISCO,
13,023,99,48,CORDOBA,LOS CORDOBAS,LA PONDERANCIA,
13,023,99,49,CORDOBA,LOS CORDOBAS,LA SALADA,
13,023,99,50,CORDOBA,LOS CORDOBAS,MORINDO SANTANA,
13,023,99,60,CORDOBA,LOS CORDOBAS,NUEVO NARIÑO,
13,023,99,86,CORDOBA,LOS CORDOBAS,PUERTO REY,
13,023,99,96,CORDOBA,LOS CORDOBAS,SANTA ROSA DE LA CAÑA,
13,024,00,00,CORDOBA,MOMIL,PUESTO CABECERA MUNICIPAL,
13,024,99,08,CORDOBA,MOMIL,ESCUELA NVA DE GUAYMARAL,
13,024,99,15,CORDOBA,MOMIL,SABANETA,
13,024,99,21,CORDOBA,MOMIL,SACANA,
13,025,01,01,CORDOBA,MONTELIBANO,COLEGIO MARIA GORETTI,
13,025,01,02,CORDOBA,MONTELIBANO,COLEGIO PABLO VI,
13,025,01,03,CORDOBA,MONTELIBANO,IE SAN ANTONIO MARIA CLARET SAMAC,
13,025,02,01,CORDOBA,MONTELIBANO,IE VILLAMATOSO,
13,025,02,02,CORDOBA,MONTELIBANO,MEGACOLEGIO CESUM,
13,025,02,03,CORDOBA,MONTELIBANO,IE BELEN,
13,025,02,04,CORDOBA,MONTELIBANO,IE SAN BERNARDO,
13,025,90,01,CORDOBA,MONTELIBANO,ESCUELA URBANA MIXTA,
13,025,99,01,CORDOBA,MONTELIBANO,EL ANCLAR,
13,025,99,05,CORDOBA,MONTELIBANO,COLEGIO SIMON BOLIVAR,
13,025,99,10,CORDOBA,MONTELIBANO,PALMAR,
13,025,99,11,CORDOBA,MONTELIBANO,PICA PICA NUEVO,
13,025,99,12,CORDOBA,MONTELIBANO,PUERTO ANCHICA,
13,025,99,13,CORDOBA,MONTELIBANO,PUERTO NUEVO,
13,025,99,15,CORDOBA,MONTELIBANO,SAN FRANCISCO,
13,025,99,16,CORDOBA,MONTELIBANO,TIERRADENTRO,
13,025,99,18,CORDOBA,MONTELIBANO,IE NUESTRA SEÑORA DEL CARMEN,
13,027,00,01,CORDOBA,MOÑITOS,I.E. OBDULIO MAYO SCARPETA,
13,027,00,02,CORDOBA,MOÑITOS,I.E .SAN JOSÉ,
13,027,99,01,CORDOBA,MOÑITOS,BAJO LIMON,
13,027,99,03,CORDOBA,MOÑITOS,BROQUELES,
13,027,99,05,CORDOBA,MOÑITOS,LA UNION,
13,027,99,08,CORDOBA,MOÑITOS,LA RADA,
13,027,99,09,CORDOBA,MOÑITOS,LAS MUJERES,
13,027,99,10,CORDOBA,MOÑITOS,PERPETUO SOCORRO,
13,027,99,12,CORDOBA,MOÑITOS,RIO CEDRO,
13,027,99,16,CORDOBA,MOÑITOS,SANTANDER DE LA CRUZ,
13,027,99,20,CORDOBA,MOÑITOS,SAN JOSE DE BELLA COHITA,
13,027,99,21,CORDOBA,MOÑITOS,NARANJAL,
13,028,01,01,CORDOBA,PLANETA RICA,COL NUESTRA SEÑORA DE LA CANDE,
13,028,01,02,CORDOBA,PLANETA RICA,COL SIMON BOLIVAR,
13,028,02,01,CORDOBA,PLANETA RICA,COL ALIANZA PARA EL PROGRESO,
13,028,02,02,CORDOBA,PLANETA RICA,CENTRO EDUCATIVO MARIA INMACUL,
13,028,90,01,CORDOBA,PLANETA RICA,COL.DIOCESANO JUAN PABLO II P,
13,028,99,01,CORDOBA,PLANETA RICA,ARENOSO,
13,028,99,03,CORDOBA,PLANETA RICA,CAMPOBELLO,
13,028,99,05,CORDOBA,PLANETA RICA,CAROLINA,
13,028,99,09,CORDOBA,PLANETA RICA,CENTRO ALEGRE,
13,028,99,10,CORDOBA,PLANETA RICA,EL ALMENDRO,
13,028,99,11,CORDOBA,PLANETA RICA,MARAÑONAL,
13,028,99,12,CORDOBA,PLANETA RICA,PLAZA BONITA,
13,028,99,13,CORDOBA,PLANETA RICA,PROVIDENCIA,
13,028,99,20,CORDOBA,PLANETA RICA,LAS PELONAS,
13,031,00,01,CORDOBA,PUEBLO NUEVO,INST EDUCATIVA JOSE FAUSTINO SARMIENTO,
13,031,00,02,CORDOBA,PUEBLO NUEVO,IE TEC EN PROMOCION SOCIAL EL ROSARIO,
13,031,99,01,CORDOBA,PUEBLO NUEVO,ARENA DEL SUR,
13,031,99,03,CORDOBA,PUEBLO NUEVO,ARROYO DE LA ARENA,
13,031,99,04,CORDOBA,PUEBLO NUEVO,BETANIA,
13,031,99,05,CORDOBA,PUEBLO NUEVO,CINTURA,
13,031,99,06,CORDOBA,PUEBLO NUEVO,EL CONTENTO,
13,031,99,07,CORDOBA,PUEBLO NUEVO,CORCOVADO,
13,031,99,08,CORDOBA,PUEBLO NUEVO,EL POBLADO,
13,031,99,09,CORDOBA,PUEBLO NUEVO,EL VARAL,
13,031,99,10,CORDOBA,PUEBLO NUEVO,EL CAMPANO,
13,031,99,11,CORDOBA,PUEBLO NUEVO,LA GRANJITA,
13,031,99,12,CORDOBA,PUEBLO NUEVO,LA MAGDALENA,
13,031,99,13,CORDOBA,PUEBLO NUEVO,LOS LIMONES,
13,031,99,14,CORDOBA,PUEBLO NUEVO,EL CHIPAL,
13,031,99,15,CORDOBA,PUEBLO NUEVO,EL ARCIAL,
13,031,99,16,CORDOBA,PUEBLO NUEVO,LA ESPERANZA,
13,031,99,20,CORDOBA,PUEBLO NUEVO,NEIVA,
13,031,99,23,CORDOBA,PUEBLO NUEVO,NUEVA ESPERANZA N.,
13,031,99,25,CORDOBA,PUEBLO NUEVO,PUERTO SANTO,
13,031,99,30,CORDOBA,PUEBLO NUEVO,PALMIRA,
13,031,99,35,CORDOBA,PUEBLO NUEVO,PUEBLO REGAO,
13,032,00,01,CORDOBA,PUERTO LIBERTADOR,IE GERMAN GOMEZ PELAEZ,
13,032,00,02,CORDOBA,PUERTO LIBERTADOR,IE JOSE MARIA CORDOBA,
13,032,99,12,CORDOBA,PUERTO LIBERTADOR,CENTRO AMERICA,
13,032,99,15,CORDOBA,PUERTO LIBERTADOR,COROZALITO,
13,032,99,20,CORDOBA,PUERTO LIBERTADOR,EL BRILLANTE,
13,032,99,40,CORDOBA,PUERTO LIBERTADOR,JUAN JOSE,
13,032,99,45,CORDOBA,PUERTO LIBERTADOR,NUEVA ESPERANZA,
13,032,99,50,CORDOBA,PUERTO LIBERTADOR,LA RICA,
13,032,99,60,CORDOBA,PUERTO LIBERTADOR,PICA PICA,
13,032,99,62,CORDOBA,PUERTO LIBERTADOR,PUERTO BELEN,
13,032,99,63,CORDOBA,PUERTO LIBERTADOR,PUERTO CAREPA,
13,032,99,64,CORDOBA,PUERTO LIBERTADOR,PUERTO LOPEZ,
13,032,99,65,CORDOBA,PUERTO LIBERTADOR,SAN JUAN,
13,032,99,70,CORDOBA,PUERTO LIBERTADOR,SANTA FE DE LAS CLARAS,
13,032,99,75,CORDOBA,PUERTO LIBERTADOR,TORNO ROJO,
13,032,99,80,CORDOBA,PUERTO LIBERTADOR,VILLANUEVA,
13,033,00,00,CORDOBA,PUERTO ESCONDIDO,PUESTO CABECERA MUNICIPAL,
13,033,99,10,CORDOBA,PUERTO ESCONDIDO,CONTENTO ARRIBA,
13,033,99,20,CORDOBA,PUERTO ESCONDIDO,CRISTO REY,
13,033,99,32,CORDOBA,PUERTO ESCONDIDO,EL ARIZAL,
13,033,99,36,CORDOBA,PUERTO ESCONDIDO,EL PANTANO,
13,033,99,50,CORDOBA,PUERTO ESCONDIDO,LA CAÑA DE CANALETE,
13,033,99,55,CORDOBA,PUERTO ESCONDIDO,LAS MUJERES,
13,033,99,56,CORDOBA,PUERTO ESCONDIDO,SABALITO,
13,033,99,60,CORDOBA,PUERTO ESCONDIDO,MORINDO JARAMAGAL,
13,033,99,70,CORDOBA,PUERTO ESCONDIDO,SANTA ISABEL,
13,033,99,84,CORDOBA,PUERTO ESCONDIDO,SAN JOSE DE CANALETE,
13,033,99,87,CORDOBA,PUERTO ESCONDIDO,CENTRO  DE SALUD SAN LUIS DE SEVILLA,
13,033,99,89,CORDOBA,PUERTO ESCONDIDO,SAN MIGUEL,
13,033,99,90,CORDOBA,PUERTO ESCONDIDO,SILENCIO,
13,033,99,91,CORDOBA,PUERTO ESCONDIDO,VILLA ESTHER,
13,034,00,00,CORDOBA,PURISIMA,PUESTO CABECERA MUNICIPAL,
13,034,99,01,CORDOBA,PURISIMA,ASERRADERO,
13,034,99,20,CORDOBA,PURISIMA,EL HUESO,
13,034,99,30,CORDOBA,PURISIMA,LOS CORRALES,
13,034,99,35,CORDOBA,PURISIMA,SAN PEDRO,
13,037,01,01,CORDOBA,SAHAGUN,COL ANDRES RODRIGUEZ,
13,037,01,02,CORDOBA,SAHAGUN,COL CONALSA,
13,037,01,03,CORDOBA,SAHAGUN,COL SAN ROQUE,
13,037,01,04,CORDOBA,SAHAGUN,COL LA CRUZ,
13,037,02,01,CORDOBA,SAHAGUN,COL SAN JOSE,
13,037,02,02,CORDOBA,SAHAGUN,COL SAN PEDRO,
13,037,02,03,CORDOBA,SAHAGUN,I.E. SIMON BOLIVAR,
13,037,02,04,CORDOBA,SAHAGUN,I.E. EL CARMEN,
13,037,02,05,CORDOBA,SAHAGUN,CONCENTRACIÓN EDUCATIVA DEL NORTE,
13,037,02,06,CORDOBA,SAHAGUN,NUESTRA SEÑORA DE LA SALUD,
13,037,90,01,CORDOBA,SAHAGUN,NORMAL SUP. LACIDES A IRIARTE,
13,037,99,01,CORDOBA,SAHAGUN,ARENA DEL NORTE,
13,037,99,02,CORDOBA,SAHAGUN,AGUAS VIVAS,
13,037,99,05,CORDOBA,SAHAGUN,BAJO GRANDE,
13,037,99,09,CORDOBA,SAHAGUN,CATALINA,
13,037,99,11,CORDOBA,SAHAGUN,GUAYABAL LA YE,
13,037,99,12,CORDOBA,SAHAGUN,EL ROBLE,
13,037,99,13,CORDOBA,SAHAGUN,COLOMBOY,
13,037,99,14,CORDOBA,SAHAGUN,EL KILOMETRO,
13,037,99,15,CORDOBA,SAHAGUN,CRUCERO,
13,037,99,16,CORDOBA,SAHAGUN,EL DIVIDIVI,
13,037,99,17,CORDOBA,SAHAGUN,EL VIEJANO,
13,037,99,18,CORDOBA,SAHAGUN,EL GUAIMARO,
13,037,99,19,CORDOBA,SAHAGUN,LAS BOCAS,
13,037,99,20,CORDOBA,SAHAGUN,GUAIMARITO,
13,037,99,21,CORDOBA,SAHAGUN,LA QUEBRADA,
13,037,99,22,CORDOBA,SAHAGUN,LAS AGUADITAS,
13,037,99,23,CORDOBA,SAHAGUN,LOS GALANES,
13,037,99,24,CORDOBA,SAHAGUN,LOS AMARILLOS,
13,037,99,25,CORDOBA,SAHAGUN,LLANADAS,
13,037,99,29,CORDOBA,SAHAGUN,LA YE,
13,037,99,33,CORDOBA,SAHAGUN,MORROCOY,
13,037,99,35,CORDOBA,SAHAGUN,PISA FLORES,
13,037,99,36,CORDOBA,SAHAGUN,RANCHERIA,
13,037,99,37,CORDOBA,SAHAGUN,RODACULO,
13,037,99,39,CORDOBA,SAHAGUN,SABANETA,
13,037,99,40,CORDOBA,SAHAGUN,SALGUERITO,
13,037,99,41,CORDOBA,SAHAGUN,SALITRAL,
13,037,99,43,CORDOBA,SAHAGUN,SAN ANDRESITO,
13,037,99,45,CORDOBA,SAHAGUN,SAN ANTONIO,
13,037,99,49,CORDOBA,SAHAGUN,SANTIAGO ABAJO,
13,037,99,50,CORDOBA,SAHAGUN,TREMENTINO BULERO,
13,037,99,55,CORDOBA,SAHAGUN,LOS CHIBOLOS,
13,037,99,60,CORDOBA,SAHAGUN,LAS MANUELITAS,
13,037,99,70,CORDOBA,SAHAGUN,EL OLIVO,
13,037,99,75,CORDOBA,SAHAGUN,EL REMOLINO,
13,040,00,01,CORDOBA,SAN ANDRES DE SOTAVENTO,COLEGIO SAN SIMON,
13,040,00,02,CORDOBA,SAN ANDRES DE SOTAVENTO,COLEGIO ALIANZA,
13,040,99,05,CORDOBA,SAN ANDRES DE SOTAVENTO,CALLE LARGA,
13,040,99,06,CORDOBA,SAN ANDRES DE SOTAVENTO,CRUZ DEL GUAYABO,
13,040,99,09,CORDOBA,SAN ANDRES DE SOTAVENTO,EL BANCO,
13,040,99,10,CORDOBA,SAN ANDRES DE SOTAVENTO,EL CONTENTO,
13,040,99,11,CORDOBA,SAN ANDRES DE SOTAVENTO,EL HOYAL,
13,040,99,15,CORDOBA,SAN ANDRES DE SOTAVENTO,LAS CASITAS,
13,040,99,17,CORDOBA,SAN ANDRES DE SOTAVENTO,LOS CARRETOS,
13,040,99,19,CORDOBA,SAN ANDRES DE SOTAVENTO,LOS CASTILLOS,
13,040,99,31,CORDOBA,SAN ANDRES DE SOTAVENTO,PLAZA BONITA (MOCHA),
13,040,99,33,CORDOBA,SAN ANDRES DE SOTAVENTO,PUEBLECITO,
13,040,99,34,CORDOBA,SAN ANDRES DE SOTAVENTO,GARDENIAS,
13,040,99,35,CORDOBA,SAN ANDRES DE SOTAVENTO,BERLIN,
13,043,00,01,CORDOBA,SAN ANTERO,I.E JULIO CESAR MIRANDA,
13,043,00,02,CORDOBA,SAN ANTERO,COLEGIO LA INMACULADA BARRIO LAS AGUADAS,
13,043,99,03,CORDOBA,SAN ANTERO,BIJAITO,
13,043,99,04,CORDOBA,SAN ANTERO,CERRO PETRONA,
13,043,99,05,CORDOBA,SAN ANTERO,EL PORVENIR (EL BOBO),
13,043,99,10,CORDOBA,SAN ANTERO,LAS NUBES,
13,043,99,13,CORDOBA,SAN ANTERO,NUEVO AGRADO,
13,043,99,17,CORDOBA,SAN ANTERO,SANTA ROSA DEL BALSAMO,
13,043,99,20,CORDOBA,SAN ANTERO,SANTA CRUZ,
13,043,99,21,CORDOBA,SAN ANTERO,TIJERETAS,
13,046,00,01,CORDOBA,SAN BERNARDO DEL VIENTO,ENRIQUE OLAYA HERRERA,
13,046,00,02,CORDOBA,SAN BERNARDO DEL VIENTO,SAN FRANCISCO DE ASIS,
13,046,99,02,CORDOBA,SAN BERNARDO DEL VIENTO,CAÑO GRANDE,
13,046,99,03,CORDOBA,SAN BERNARDO DEL VIENTO,CHIQUI,
13,046,99,04,CORDOBA,SAN BERNARDO DEL VIENTO,EL CASTILLO,
13,046,99,05,CORDOBA,SAN BERNARDO DEL VIENTO,JOSE MANUEL,
13,046,99,06,CORDOBA,SAN BERNARDO DEL VIENTO,EL PARAISO,
13,046,99,07,CORDOBA,SAN BERNARDO DEL VIENTO,LAS CAÑAS,
13,046,99,08,CORDOBA,SAN BERNARDO DEL VIENTO,NUEVA ESTRELLA,
13,046,99,10,CORDOBA,SAN BERNARDO DEL VIENTO,PAJONAL,
13,046,99,11,CORDOBA,SAN BERNARDO DEL VIENTO,PLAYA DEL VIENTO,
13,046,99,13,CORDOBA,SAN BERNARDO DEL VIENTO,PASO NUEVO,
13,046,99,60,CORDOBA,SAN BERNARDO DEL VIENTO,SAN BLAS,
13,046,99,65,CORDOBA,SAN BERNARDO DEL VIENTO,SICARA,
13,046,99,70,CORDOBA,SAN BERNARDO DEL VIENTO,TINAJON COMPOSTELA,
13,046,99,75,CORDOBA,SAN BERNARDO DEL VIENTO,TREMENTINO,
13,046,99,80,CORDOBA,SAN BERNARDO DEL VIENTO,VILLA CLARA,
13,046,99,84,CORDOBA,SAN BERNARDO DEL VIENTO,BARCELONA,
13,046,99,86,CORDOBA,SAN BERNARDO DEL VIENTO,BARBASCAL,
13,049,00,01,CORDOBA,SAN CARLOS,I.E. EL PERPETUO SOCORRO SEDE COLOSINA,
13,049,00,02,CORDOBA,SAN CARLOS,IE NUESTRA SEÑORA DEL PERPETUO SOCORRO,
13,049,99,01,CORDOBA,SAN CARLOS,CAMPANITO (CALLEMAR),
13,049,99,05,CORDOBA,SAN CARLOS,CARRIZAL,
13,049,99,06,CORDOBA,SAN CARLOS,CIENAGUITA,
13,049,99,10,CORDOBA,SAN CARLOS,EL HATO,
13,049,99,15,CORDOBA,SAN CARLOS,GUACHARACAL,
13,049,99,16,CORDOBA,SAN CARLOS,SANTA ROSA,
13,049,99,19,CORDOBA,SAN CARLOS,SAN MIGUEL ABAJO,
13,052,00,00,CORDOBA,SAN JOSE DE URE,PUESTO CABECERA MUNICIPAL,
13,052,99,01,CORDOBA,SAN JOSE DE URE,BOCAS DE URÉ,
13,052,99,03,CORDOBA,SAN JOSE DE URE,BATATALITO,
13,052,99,04,CORDOBA,SAN JOSE DE URE,BRAZO IZQUIERDO,
13,052,99,05,CORDOBA,SAN JOSE DE URE,DORADAS,
13,052,99,10,CORDOBA,SAN JOSE DE URE,FLECHAS,
13,052,99,12,CORDOBA,SAN JOSE DE URE,LA CRISTALINA,
13,052,99,13,CORDOBA,SAN JOSE DE URE,PUERTO COLOMBIA,
13,052,99,15,CORDOBA,SAN JOSE DE URE,VERSALLES,
13,052,99,20,CORDOBA,SAN JOSE DE URE,VIERA ABAJO,
13,052,99,21,CORDOBA,SAN JOSE DE URE,IE SAGRADO CORAZON DE JESUS - SEDE MIAMI,
13,055,00,01,CORDOBA,SAN PELAYO,IE JOSE ANTONIO GALAN,
13,055,00,02,CORDOBA,SAN PELAYO,IE SANTA TERESITA SEDE GENERAL SANTANDER,
13,055,99,01,CORDOBA,SAN PELAYO,BUENOS AIRES,
13,055,99,03,CORDOBA,SAN PELAYO,BONGA MELLA,
13,055,99,05,CORDOBA,SAN PELAYO,CARRILLO,
13,055,99,06,CORDOBA,SAN PELAYO,EL CHIQUI,
13,055,99,07,CORDOBA,SAN PELAYO,EL OBLIGADO,
13,055,99,09,CORDOBA,SAN PELAYO,LA MADERA,
13,055,99,13,CORDOBA,SAN PELAYO,LAS GUAMAS,
13,055,99,15,CORDOBA,SAN PELAYO,PELAYITO,
13,055,99,17,CORDOBA,SAN PELAYO,SABANANUEVA,
13,055,99,21,CORDOBA,SAN PELAYO,SAN ISIDRO (ABARCA),
13,055,99,25,CORDOBA,SAN PELAYO,VALPARAISO (CAÑO VIEJO),
13,055,99,30,CORDOBA,SAN PELAYO,PUERTO NUEVO,
13,058,01,01,CORDOBA,TIERRALTA,INSTITUCION EDUCATIVA EL PARAISO,
13,058,01,02,CORDOBA,TIERRALTA,INST. EDUCATIVA BENICIO AGUDELO,
13,058,01,03,CORDOBA,TIERRALTA,INST. EDUCATIVA MADRE LAURA,
13,058,01,04,CORDOBA,TIERRALTA,INST EDUC BENICIO AGUDELO SEDE EL RECREO,
13,058,01,05,CORDOBA,TIERRALTA,DIVINO NIÑO - SEDE YIRET,
13,058,02,01,CORDOBA,TIERRALTA,INSTITUCIÓN EDUCATIVA JUNIN,
13,058,02,02,CORDOBA,TIERRALTA,INSTITUCION EDUCATIVA SAN CARLOS,
13,058,02,03,CORDOBA,TIERRALTA,INST. EDUCATIVA,
13,058,02,04,CORDOBA,TIERRALTA,CAMPAMENTO,
13,058,02,05,CORDOBA,TIERRALTA,INST EDUCATIVA LA INMACULADA,
13,058,99,02,CORDOBA,TIERRALTA,BONITO VIENTO,
13,058,99,05,CORDOBA,TIERRALTA,CALLEJAS,
13,058,99,09,CORDOBA,TIERRALTA,CARAMELO,
13,058,99,11,CORDOBA,TIERRALTA,CRUCITO,
13,058,99,12,CORDOBA,TIERRALTA,BATATA,
13,058,99,13,CORDOBA,TIERRALTA,PALMIRA,
13,058,99,14,CORDOBA,TIERRALTA,NUEVA GRANADA,
13,058,99,15,CORDOBA,TIERRALTA,MANTAGORDAL,
13,058,99,16,CORDOBA,TIERRALTA,LA OSSA,
13,058,99,17,CORDOBA,TIERRALTA,CAMPO BELLO,
13,058,99,18,CORDOBA,TIERRALTA,LOS MORALES,
13,058,99,19,CORDOBA,TIERRALTA,DIAMANTE,
13,058,99,20,CORDOBA,TIERRALTA,EL ROSARIO,
13,058,99,21,CORDOBA,TIERRALTA,SEVERINERA,
13,058,99,22,CORDOBA,TIERRALTA,NUEVO CEIBAL,
13,058,99,23,CORDOBA,TIERRALTA,SANTA FE,
13,058,99,24,CORDOBA,TIERRALTA,SANTA MARTA,
13,058,99,25,CORDOBA,TIERRALTA,LAS DELICIAS,
13,058,99,26,CORDOBA,TIERRALTA,VILLA PROVIDENCIA,
13,058,99,27,CORDOBA,TIERRALTA,VOLADOR,
13,058,99,28,CORDOBA,TIERRALTA,LOS POLLOS,
13,058,99,40,CORDOBA,TIERRALTA,FRASQUILLO NUEVO,
13,058,99,41,CORDOBA,TIERRALTA,NAWA NUEVO,
13,058,99,42,CORDOBA,TIERRALTA,SAIZA,
13,058,99,43,CORDOBA,TIERRALTA,RIO VERDE,
13,058,99,70,CORDOBA,TIERRALTA,SAN FELIPE DE CADILLO,
13,060,00,01,CORDOBA,TUCHIN,IE ALVARO ULCUE CHOCUE,
13,060,00,02,CORDOBA,TUCHIN,COLEGIO MIXTO DE TUCHIN SD SAN PEDRO,
13,060,99,01,CORDOBA,TUCHIN,ALGODONCILLO,
13,060,99,05,CORDOBA,TUCHIN,BARBACOAS,
13,060,99,06,CORDOBA,TUCHIN,BOMBA,
13,060,99,07,CORDOBA,TUCHIN,CRUZ CHIQUITA,
13,060,99,10,CORDOBA,TUCHIN,FLECHAS,
13,060,99,15,CORDOBA,TUCHIN,GUAIMARAL,
13,060,99,20,CORDOBA,TUCHIN,MOLINA,
13,060,99,21,CORDOBA,TUCHIN,NUEVA ESPERANZA,
13,060,99,25,CORDOBA,TUCHIN,NUEVA ESTRELLA,
13,060,99,30,CORDOBA,TUCHIN,SAN JUAN DE LA CRUZ,
13,060,99,32,CORDOBA,TUCHIN,SANTANDER DE LA CRUZ,
13,060,99,35,CORDOBA,TUCHIN,VIDALES,
13,061,00,01,CORDOBA,VALENCIA,INST EDUC NUESTRA SEÑORA DEL ROSARIO,
13,061,00,02,CORDOBA,VALENCIA,INST EDUCATIVA JOSE MARIA CARBONELL,
13,061,99,01,CORDOBA,VALENCIA,EL REPOSO,
13,061,99,02,CORDOBA,VALENCIA,C.E. MARIA AUXILIADORA,
13,061,99,03,CORDOBA,VALENCIA,MATA DE MAIZ,
13,061,99,05,CORDOBA,VALENCIA,GUADUAL CENTRAL,
13,061,99,06,CORDOBA,VALENCIA,C.E. ANTONIA SANTOS,
13,061,99,07,CORDOBA,VALENCIA,C.E.NTRA SEÑORA DEL CARMEN,
13,061,99,08,CORDOBA,VALENCIA,I.E.DIVINO NIÑO,
13,061,99,09,CORDOBA,VALENCIA,SANTO DOMINGO,
13,061,99,10,CORDOBA,VALENCIA,I.E. LICEO VILLANUEVA,
13,061,99,11,CORDOBA,VALENCIA,I.E. LOS VENADOS,
13,061,99,12,CORDOBA,VALENCIA,LAS CRUCES,
13,061,99,13,CORDOBA,VALENCIA,MANZANARES,
13,061,99,14,CORDOBA,VALENCIA,I.E. DIVINO NIÑO,
13,061,99,17,CORDOBA,VALENCIA,SAN RAFAEL,
13,061,99,30,CORDOBA,VALENCIA,LAS NUBES,
15,004,00,01,CUNDINAMARCA,AGUA DE DIOS,IED SALESIANO MIGUEL UNIA,
15,004,00,02,CUNDINAMARCA,AGUA DE DIOS,CEN. CULTURAL ARMANDO RODRIGUEZ JIMENEZ,
15,007,00,00,CUNDINAMARCA,ALBAN,PUESTO CABECERA MUNICIPAL,
15,007,99,01,CUNDINAMARCA,ALBAN,COLEGIO CHIMBE,
15,010,00,01,CUNDINAMARCA,ANAPOIMA,POLIDEPORTIVO JULIO CESAR SANCHEZ,
15,010,00,02,CUNDINAMARCA,ANAPOIMA,CASA DE LA CULTURA,
15,010,99,01,CUNDINAMARCA,ANAPOIMA,LA PAZ,
15,010,99,02,CUNDINAMARCA,ANAPOIMA,SAN ANTONIO,
15,013,00,00,CUNDINAMARCA,ANOLAIMA,PUESTO CABECERA MUNICIPAL,
15,013,99,05,CUNDINAMARCA,ANOLAIMA,LA FLORIDA,
15,013,99,07,CUNDINAMARCA,ANOLAIMA,CORRALEJAS,
15,013,99,09,CUNDINAMARCA,ANOLAIMA,REVENTONES,
15,016,00,01,CUNDINAMARCA,ARBELAEZ,CTRO COLISEO RAFAEL DIONISIO PARRA REYES,
15,016,00,02,CUNDINAMARCA,ARBELAEZ,IE DEPARTAMENTAL JOHN F. KENNEDY,
15,019,00,00,CUNDINAMARCA,BELTRAN,PUESTO CABECERA MUNICIPAL,
15,019,99,01,CUNDINAMARCA,BELTRAN,PAQUILO,
15,019,99,50,CUNDINAMARCA,BELTRAN,PUERTO DE GRAMALOTAL,
15,022,00,00,CUNDINAMARCA,BITUIMA,PUESTO CABECERA MUNICIPAL,
15,022,99,20,CUNDINAMARCA,BITUIMA,LA PLAZUELA,
15,022,99,21,CUNDINAMARCA,BITUIMA,BOQUERON DE ILO (VDA RINCON SANTO),
15,025,00,00,CUNDINAMARCA,BOJACA,PUESTO CABECERA MUNICIPAL,
15,029,00,00,CUNDINAMARCA,CABRERA,PUESTO CABECERA MUNICIPAL,
15,029,99,80,CUNDINAMARCA,CABRERA,SALON COMUNAL,
15,030,00,00,CUNDINAMARCA,CACHIPAY,PUESTO CABECERA MUNICIPAL,
15,030,99,50,CUNDINAMARCA,CACHIPAY,PEÑA NEGRA,
15,031,01,01,CUNDINAMARCA,CAJICA,ESCUELA EL MISTERIO,
15,031,01,02,CUNDINAMARCA,CAJICA,COLEGIO RINCON SANTO,
15,031,01,03,CUNDINAMARCA,CAJICA,COLEGIO PABLO HERRERA,
15,031,01,04,CUNDINAMARCA,CAJICA,I.E.D CAPELLANIA,
15,031,02,01,CUNDINAMARCA,CAJICA,COLISEO FORTALEZA DE PIEDRA,
15,031,02,02,CUNDINAMARCA,CAJICA,CENTRO CULTURAL CAJICA,
15,031,02,03,CUNDINAMARCA,CAJICA,COLEGIO ANTONIO NARIÑO,
15,031,02,04,CUNDINAMARCA,CAJICA,SALON COMUNAL LAS PALMAS,
15,031,02,05,CUNDINAMARCA,CAJICA,SALON COMUNAL BARRIO GRANJITAS,
15,031,02,06,CUNDINAMARCA,CAJICA,IED POMPILIO MARTINEZ,
15,031,02,07,CUNDINAMARCA,CAJICA,CLUB EDAD DE ORO,
15,031,02,08,CUNDINAMARCA,CAJICA,IE DEPARTAMENTAL SAN GABRIEL,
15,034,00,00,CUNDINAMARCA,CAPARRAPI,PUESTO CABECERA MUNICIPAL,
15,034,99,01,CUNDINAMARCA,CAPARRAPI,CAMBRAS,
15,034,99,02,CUNDINAMARCA,CAPARRAPI,CANCHIMAY,
15,034,99,03,CUNDINAMARCA,CAPARRAPI,CACERES,
15,034,99,04,CUNDINAMARCA,CAPARRAPI,CORDOBA,
15,034,99,05,CUNDINAMARCA,CAPARRAPI,EL CAMBULO,
15,034,99,06,CUNDINAMARCA,CAPARRAPI,EL DINDAL,
15,034,99,07,CUNDINAMARCA,CAPARRAPI,LA AZAUNCHA,
15,034,99,08,CUNDINAMARCA,CAPARRAPI,SAN CARLOS,
15,034,99,09,CUNDINAMARCA,CAPARRAPI,SAN PEDRO,
15,034,99,10,CUNDINAMARCA,CAPARRAPI,TATI,
15,034,99,11,CUNDINAMARCA,CAPARRAPI,SAN RAMON ALTO,
15,037,00,01,CUNDINAMARCA,CAQUEZA,COLISEO GERMAN ROJAS URREGO,
15,037,00,02,CUNDINAMARCA,CAQUEZA,CONCENTRACION MARILANDA,
15,037,98,01,CUNDINAMARCA,CAQUEZA,CARCEL,
15,037,99,01,CUNDINAMARCA,CAQUEZA,SALON COMUNAL GIRON DE BLANCOS,
15,040,00,00,CUNDINAMARCA,CARMEN DE CARUPA,PUESTO CABECERA MUNICIPAL,
15,040,99,01,CUNDINAMARCA,CARMEN DE CARUPA,HATO,
15,040,99,02,CUNDINAMARCA,CARMEN DE CARUPA,SUCRE (CAPILLA DE SUCRE),
15,043,00,01,CUNDINAMARCA,COGUA,COLEGIO LAS VILLAS,
15,043,00,02,CUNDINAMARCA,COGUA,POLIDEPORTIVO MUNICIPAL,
15,043,99,01,CUNDINAMARCA,COGUA,VEREDA LA PLAZUELA,
15,046,01,01,CUNDINAMARCA,COTA,IED ENRIQUE PARDO PARRA SD BACHILLERATO,
15,046,01,02,CUNDINAMARCA,COTA,IE DEPARTAMENTAL CAMILO TORRES,
15,046,01,03,CUNDINAMARCA,COTA,IE DEPARTAMENTAL PARCELAS,
15,046,02,01,CUNDINAMARCA,COTA,I.E.PUEBLO VIEJO,
15,046,02,02,CUNDINAMARCA,COTA,I.E LA MOYA,
15,049,00,01,CUNDINAMARCA,CUCUNUBA,POLIDEPORTIVO MUNICIPAL,
15,049,00,02,CUNDINAMARCA,CUCUNUBA,CENTRO  INTERACTIVO CULTURAL CILAB,
15,049,99,40,CUNDINAMARCA,CUCUNUBA,PEÑAS (LA PLUMA),
15,052,00,00,CUNDINAMARCA,CHAGUANI,PUESTO CABECERA MUNICIPAL,
15,055,01,01,CUNDINAMARCA,CHIA,INST. EDUC. DIVERSIFICADA SANTA LUCIA,
15,055,01,02,CUNDINAMARCA,CHIA,COLEGIO NACIONAL DIVERSIFICADO,
15,055,01,03,CUNDINAMARCA,CHIA,COLEGIO STELLA MATUTINA,
15,055,01,04,CUNDINAMARCA,CHIA,COLEGIO MARIA AUXILIADORA,
15,055,01,05,CUNDINAMARCA,CHIA,VEREDA LA BALSA,
15,055,01,06,CUNDINAMARCA,CHIA,INSTITUCION EDUCATIVA CERCA DE PIEDRA,
15,055,01,07,CUNDINAMARCA,CHIA,INSTITUCION EDUCATIVA FONQUETA,
15,055,01,08,CUNDINAMARCA,CHIA,IE JOSE ESCRIVA DE BALAGUER SEDE SAMARIA,
15,055,02,01,CUNDINAMARCA,CHIA,COLISEO DE LA LUNA,
15,055,02,02,CUNDINAMARCA,CHIA,IE JOSE ESCRIVA BALAGUER,
15,055,02,03,CUNDINAMARCA,CHIA,UNIVERSIDAD DE CUNDINAMARCA,
15,055,02,04,CUNDINAMARCA,CHIA,IE EL CERRO,
15,055,02,05,CUNDINAMARCA,CHIA,CONCHA ACUSTICA,
15,055,02,06,CUNDINAMARCA,CHIA,INST. EDUCATIVA FAGUA SECTOR TIQUIZA,
15,055,02,07,CUNDINAMARCA,CHIA,CENTRO COMERCIAL FONTANAR,
15,055,02,08,CUNDINAMARCA,CHIA,INSTITUCION EDUCATIVA DIOSA CHIA,
15,055,02,09,CUNDINAMARCA,CHIA,COLEGIO JOSE JOAQUIN CASAS,
15,055,02,10,CUNDINAMARCA,CHIA,COLEGIO CELESTIN FREINET,
15,055,02,11,CUNDINAMARCA,CHIA,CENTRO  COMERCIAL CENTRO CHIA,
15,055,02,12,CUNDINAMARCA,CHIA,CENTRO CULTURAL Y ARTISTICO JUMBO,
15,055,02,13,CUNDINAMARCA,CHIA,UNIDAD DEPORTIVA LA LORENA,
15,055,02,14,CUNDINAMARCA,CHIA,UNIDAD DEPORTIVA FAGUA,
15,055,90,01,CUNDINAMARCA,CHIA,INST.EDUC.LAURA VICUÑA,
15,058,00,00,CUNDINAMARCA,CHIPAQUE,PUESTO CABECERA MUNICIPAL,
15,061,00,01,CUNDINAMARCA,CHOACHI,IED IGNACIO PESCADOR,
15,061,00,02,CUNDINAMARCA,CHOACHI,COLISEO POLIDEPORTIVO EL BOSQUE,
15,061,99,01,CUNDINAMARCA,CHOACHI,EL ALTO DEL PALO,
15,061,99,02,CUNDINAMARCA,CHOACHI,POTRERO GRANDE,
15,064,00,01,CUNDINAMARCA,CHOCONTA,IED AGROINDUSTRIAL SANTIAGO DE CHOCONTA,
15,064,00,02,CUNDINAMARCA,CHOCONTA,IED RUFINO CUERVO,
15,064,98,01,CUNDINAMARCA,CHOCONTA,CARCEL,
15,067,00,01,CUNDINAMARCA,EL COLEGIO,ESC. URB. FRANCISCO JULIAN OLAYA,
15,067,00,02,CUNDINAMARCA,EL COLEGIO,VILLA OLIMPICA,
15,067,00,03,CUNDINAMARCA,EL COLEGIO,JARDIN INFANTIL DEPTAL CARLOS JIMENEZ G.,
15,067,99,01,CUNDINAMARCA,EL COLEGIO,EL TRIUNFO,
15,067,99,05,CUNDINAMARCA,EL COLEGIO,IED LA VICTORIA,
15,067,99,09,CUNDINAMARCA,EL COLEGIO,INSPECCION PRADILLA SALON COMUNAL,
15,070,00,00,CUNDINAMARCA,EL PEÑON,PUESTO CABECERA MUNICIPAL,
15,070,99,01,CUNDINAMARCA,EL PEÑON,GUAYABAL DE TOLEDO,
15,070,99,05,CUNDINAMARCA,EL PEÑON,TALAUTA,
15,072,01,01,CUNDINAMARCA,EL ROSAL,COLISEO MUNICIPAL,
15,072,01,02,CUNDINAMARCA,EL ROSAL,IED CAMPO ALEGRE,
15,072,02,01,CUNDINAMARCA,EL ROSAL,MEGA COLEGIO,
15,072,02,02,CUNDINAMARCA,EL ROSAL,ESCUELA RURAL LA PIÑUELA,
15,076,01,01,CUNDINAMARCA,FACATATIVA,COLEGIO DEPTAL CARTAGENITA,
15,076,01,02,CUNDINAMARCA,FACATATIVA,COLEGIO MANABLANCA,
15,076,01,03,CUNDINAMARCA,FACATATIVA,COLEGIO JOHN F. KENNEDY,
15,076,01,04,CUNDINAMARCA,FACATATIVA,CENTRO DE DESARROLLO SOCIAL,
15,076,01,05,CUNDINAMARCA,FACATATIVA,COLEGIO SAN AGUSTIN,
15,076,01,06,CUNDINAMARCA,FACATATIVA,COLEGIO SILVERIA ESPINOSA,
15,076,01,07,CUNDINAMARCA,FACATATIVA,EL PORTAL DE TUS SUEÑOS,
15,076,01,08,CUNDINAMARCA,FACATATIVA,ESC. PRIM. SD SAN CRIST. JOHN F KENNEDY,
15,076,01,09,CUNDINAMARCA,FACATATIVA,COLEGIO SD MOLINOS - MANUELA AYALA,
15,076,01,10,CUNDINAMARCA,FACATATIVA,COL. CARTAGENITA BLOQUE D SEDE PRIMARIA,
15,076,01,11,CUNDINAMARCA,FACATATIVA,CTRO DE DISCAPACIDAD MANUEL GONZALEZ C.,
15,076,02,01,CUNDINAMARCA,FACATATIVA,INSTITUTO  TECNICO  INDUSTRIAL,
15,076,02,02,CUNDINAMARCA,FACATATIVA,ESCUELA RAFAEL POMBO,
15,076,02,03,CUNDINAMARCA,FACATATIVA,COLEGIO MANUELA AYALA DE GAITAN,
15,076,02,04,CUNDINAMARCA,FACATATIVA,COLEGIO SANTA RITA,
15,076,02,05,CUNDINAMARCA,FACATATIVA,COLEGIO NACIONAL EMILIO CIFUENTES,
15,076,02,06,CUNDINAMARCA,FACATATIVA,INDUSTRIAL SEDE TALLERES,
15,076,02,07,CUNDINAMARCA,FACATATIVA,CTRO EDU LA CONCEPCION,
15,076,02,08,CUNDINAMARCA,FACATATIVA,UNIVERSIDAD CUNDINAMARCA,
15,076,02,09,CUNDINAMARCA,FACATATIVA,COLEGIO ARBOLEDA SEDE ARBOLEDA,
15,076,02,10,CUNDINAMARCA,FACATATIVA,COLEGIO ARBOLEDA S  JUAN PABLO II,
15,076,98,01,CUNDINAMARCA,FACATATIVA,CTRO RECLUSION POLICIA NAL,
15,076,99,01,CUNDINAMARCA,FACATATIVA,COLEGIO JUAN XXIII,
15,076,99,02,CUNDINAMARCA,FACATATIVA,ESCUELA ANTIGUA MANCILLA,
15,079,00,01,CUNDINAMARCA,FOMEQUE,IED MONSEÑOR AGUSTIN GUTIERREZ,
15,079,00,02,CUNDINAMARCA,FOMEQUE,POLIDEPORTIVO MUNICIPAL,
15,079,99,01,CUNDINAMARCA,FOMEQUE,LA UNION,
15,079,99,02,CUNDINAMARCA,FOMEQUE,SAN LORENZO,
15,085,00,00,CUNDINAMARCA,FOSCA,PUESTO CABECERA MUNICIPAL,
15,085,99,01,CUNDINAMARCA,FOSCA,PUEBLO VIEJO,
15,085,99,02,CUNDINAMARCA,FOSCA,SANAME,
15,088,01,01,CUNDINAMARCA,FUNZA,COL MIL CNEL JUAN JOSE RONDON,
15,088,01,02,CUNDINAMARCA,FUNZA,COL TEC IND CORAZON DE MARIA,
15,088,01,03,CUNDINAMARCA,FUNZA,IED JARDIN SOCIAL SERREZUELITA,
15,088,01,04,CUNDINAMARCA,FUNZA,COL MIGUEL ANTONIO CARO,
15,088,01,05,CUNDINAMARCA,FUNZA,COL FURATENA,
15,088,01,06,CUNDINAMARCA,FUNZA,COLISEO MUNICIPAL,
15,088,01,07,CUNDINAMARCA,FUNZA,I E SERREZUELITA,
15,088,01,08,CUNDINAMARCA,FUNZA,I E EL HATO,
15,088,01,09,CUNDINAMARCA,FUNZA,IE DEPARTAMENTAL DE FUNZA,
15,088,02,01,CUNDINAMARCA,FUNZA,COL SAN JOSE,
15,088,02,02,CUNDINAMARCA,FUNZA,COL NUESTRA SEÑORA DEL ROSARIO,
15,088,02,03,CUNDINAMARCA,FUNZA,COL SANTANA,
15,088,02,04,CUNDINAMARCA,FUNZA,COL PARROQUIAL SANTIAGO APOSTOL,
15,088,02,05,CUNDINAMARCA,FUNZA,COL CRISTIANO INTEGRAL,
15,088,02,06,CUNDINAMARCA,FUNZA,ESC SAN ANDRES,
15,088,02,07,CUNDINAMARCA,FUNZA,COL COOPERATIVO COMUNAL,
15,088,02,08,CUNDINAMARCA,FUNZA,COL LA UNIDAD BASICA,
15,088,02,09,CUNDINAMARCA,FUNZA,I E SAN MARCOS,
15,088,02,10,CUNDINAMARCA,FUNZA,COL BICENTENARIO,
15,088,02,11,CUNDINAMARCA,FUNZA,JARDIN INFANTIL VILLA PAUL,
15,088,02,12,CUNDINAMARCA,FUNZA,JARDIN INFANTIL LA AURORA,
15,088,02,13,CUNDINAMARCA,FUNZA,IE MARIA INMACULADA,
15,088,98,01,CUNDINAMARCA,FUNZA,CARCEL MUNICIPAL FUNZA,
15,091,00,00,CUNDINAMARCA,FUQUENE,PUESTO CABECERA MUNICIPAL,
15,091,99,01,CUNDINAMARCA,FUQUENE,CAPELLANIA,
15,091,99,02,CUNDINAMARCA,FUQUENE,NUEVO FUQUENE,
15,094,01,01,CUNDINAMARCA,FUSAGASUGA,ESCUELA JULIO SABOGAL,
15,094,01,02,CUNDINAMARCA,FUSAGASUGA,COLEGIO ACCION COMUNAL,
15,094,01,03,CUNDINAMARCA,FUSAGASUGA,COLEGIO MANUEL HUMBERTO CARDENAS VELEZ,
15,094,01,04,CUNDINAMARCA,FUSAGASUGA,ESCUELA MANUELA BELTRAN,
15,094,01,05,CUNDINAMARCA,FUSAGASUGA,CTRO DE INNOVACION E INTEGRACION SOCIAL,
15,094,01,06,CUNDINAMARCA,FUSAGASUGA,COLISEO FUTSAL COBURGO,
15,094,01,07,CUNDINAMARCA,FUSAGASUGA,ESCUELA GUSTAVO VEGA,
15,094,01,08,CUNDINAMARCA,FUSAGASUGA,ESCUELA CAMILO TORRES,
15,094,01,09,CUNDINAMARCA,FUSAGASUGA,ESCUELA GENERAL SANTANDER,
15,094,01,10,CUNDINAMARCA,FUSAGASUGA,PARROQUIA NTRA.SRA.DE BELEN,
15,094,01,11,CUNDINAMARCA,FUSAGASUGA,FUND.DE EDUC.EN SALUD MARIE POUSSEPIN,
15,094,01,12,CUNDINAMARCA,FUSAGASUGA,CENTRO DE DESARROLLO INFANTIL,
15,094,02,01,CUNDINAMARCA,FUSAGASUGA,ESCUELA FUSACATAN,
15,094,02,02,CUNDINAMARCA,FUSAGASUGA,COL CARLOS LOZANO Y LOZANO,
15,094,02,03,CUNDINAMARCA,FUSAGASUGA,COL JOSE C MUTIS,
15,094,02,04,CUNDINAMARCA,FUSAGASUGA,ESC. SUPERIOR DE ADMON PUBLICA-ESAP,
15,094,02,05,CUNDINAMARCA,FUSAGASUGA,COL. JOSE CELESTINO MUTIS SD LUSITANIA,
15,094,02,06,CUNDINAMARCA,FUSAGASUGA,UNIVERSIDAD DE CUNDINAMARCA,
15,094,02,07,CUNDINAMARCA,FUSAGASUGA,COLEGIO RICAURTE,
15,094,02,08,CUNDINAMARCA,FUSAGASUGA,UNIVERSIDAD ABIERTA Y A DISTANCIA UNAD,
15,094,02,09,CUNDINAMARCA,FUSAGASUGA,CENTRO ACADEMICO DEPORTIVO CERCUN,
15,094,02,10,CUNDINAMARCA,FUSAGASUGA,ESC REFUGIO INFANTIL,
15,094,02,11,CUNDINAMARCA,FUSAGASUGA,POLIDEPORTIVO EBENEZER,
15,094,02,12,CUNDINAMARCA,FUSAGASUGA,CENTRO DE INTEGRACION CIUDADANA,
15,094,02,13,CUNDINAMARCA,FUSAGASUGA,IEM CIUDAD EBEN-EZER,
15,094,02,14,CUNDINAMARCA,FUSAGASUGA,POLIDEPORTIVO LLANO LARGO,
15,094,90,01,CUNDINAMARCA,FUSAGASUGA,COL.TEODORO AYA VILLAVECES,
15,094,98,01,CUNDINAMARCA,FUSAGASUGA,CARCEL CIRCUITO JUDICIAL,
15,094,99,01,CUNDINAMARCA,FUSAGASUGA,LA AGUADITA,CORREGIMIENTO NORTE
15,094,99,25,CUNDINAMARCA,FUSAGASUGA,LOS SAUCES,CORREGIMIENTO ORIENTAL
15,094,99,30,CUNDINAMARCA,FUSAGASUGA,CUCHARAL,CORREGIMIENTO OCCIDENTAL
15,094,99,32,CUNDINAMARCA,FUSAGASUGA,COLEGIO AGRICOLA VALSALICE,CORREGIMIENTO OCCIDENTAL
15,094,99,36,CUNDINAMARCA,FUSAGASUGA,BOCHICA (LA TRINIDAD),CORREGIMIENTO SUR ORIENTAL
15,094,99,37,CUNDINAMARCA,FUSAGASUGA,COLEGIO ESPINALITO ALTO,CORREGIMIENTO SUR ORIENTAL
15,094,99,38,CUNDINAMARCA,FUSAGASUGA,EL TRIUNFO (BOQUERON),CORREGIMIENTO SUR OCCIDENTAL
15,094,99,50,CUNDINAMARCA,FUSAGASUGA,LA PUERTA (CHINAUTA),CORREGIMIENTO SUR OCCIDENTAL
15,097,00,00,CUNDINAMARCA,GACHALA,PUESTO CABECERA MUNICIPAL,
15,097,99,07,CUNDINAMARCA,GACHALA,INSPECCION LOS ALPES,
15,097,99,15,CUNDINAMARCA,GACHALA,,CORREGIMIENTO  MONTECRISTO              10000004000000078000001
15,097,99,25,CUNDINAMARCA,GACHALA,,CORREGIMIENTO  SANTA RITA DE RIONEGRO   10000012200000147000001
15,097,99,35,CUNDINAMARCA,GACHALA,VEREDA MURCA,
15,100,00,01,CUNDINAMARCA,GACHANCIPA,COL. CARLOS GARAVITO - SEDE CIUDADELA,
15,100,00,02,CUNDINAMARCA,GACHANCIPA,AULA MULTIPLE COLEGIO SEDE CIUDADELA,
15,103,00,01,CUNDINAMARCA,GACHETA,CAMPO DEPORTIVO LA COLOMBIA,
15,103,00,02,CUNDINAMARCA,GACHETA,ESCUELA JHON F KENNEDY,
15,103,98,01,CUNDINAMARCA,GACHETA,CARCEL,
15,103,99,48,CUNDINAMARCA,GACHETA,LOS LOPEZ,
15,106,00,00,CUNDINAMARCA,GAMA,PUESTO CABECERA MUNICIPAL,
15,106,99,15,CUNDINAMARCA,GAMA,SAN ROQUE,
15,109,01,01,CUNDINAMARCA,GIRARDOT,COLEGIO AMERICANO,
15,109,01,02,CUNDINAMARCA,GIRARDOT,COLEGIO LA PRESENTACION,
15,109,01,03,CUNDINAMARCA,GIRARDOT,COLEGIO NUESTRA SEÑORA DEL PILAR,
15,109,01,04,CUNDINAMARCA,GIRARDOT,CASA DE LA CULTURA,
15,109,01,05,CUNDINAMARCA,GIRARDOT,IE FUNDADORES RAMON BUENO Y JOSE TRIANA,
15,109,02,01,CUNDINAMARCA,GIRARDOT,I.E. NUEVO HORIZONTE,
15,109,02,02,CUNDINAMARCA,GIRARDOT,LICEO LOS ANDES,
15,109,02,03,CUNDINAMARCA,GIRARDOT,SEDE FRANCISCO J DE CALDAS,
15,109,02,04,CUNDINAMARCA,GIRARDOT,CTRO EDU ANTONIO NARIÑO,
15,109,02,05,CUNDINAMARCA,GIRARDOT,COL MAYOR MARTHA CATALINA,
15,109,02,06,CUNDINAMARCA,GIRARDOT,JARDIN INFANTIL CHIQUITOS,
15,109,02,07,CUNDINAMARCA,GIRARDOT,JARDIN INFANTIL CHEPITA MENDEZ,
15,109,02,08,CUNDINAMARCA,GIRARDOT,IET FRANCISCO MANZANERA HENRIQUEZ,
15,109,02,09,CUNDINAMARCA,GIRARDOT,COLISEO CENTENARIO,
15,109,03,01,CUNDINAMARCA,GIRARDOT,ESC. NORMAL SUPERIOR MARIA AUX,
15,109,03,02,CUNDINAMARCA,GIRARDOT,COLEGIO ATANASIO GIRARDOT,
15,109,03,03,CUNDINAMARCA,GIRARDOT,COLISEO BARRIO SAN JORGE,
15,109,03,04,CUNDINAMARCA,GIRARDOT,COLISEO BARRIO KENNEDY,
15,109,03,05,CUNDINAMARCA,GIRARDOT,IE POLICARPA SALAVARRIETA,
15,109,03,06,CUNDINAMARCA,GIRARDOT,SENA,
15,109,03,07,CUNDINAMARCA,GIRARDOT,IE SEDE INTEGRADORA,
15,109,03,08,CUNDINAMARCA,GIRARDOT,FUNDACION CAMPESTRE EL PEÑON,
15,109,03,09,CUNDINAMARCA,GIRARDOT,COLEGIO ESPIRITU SANTO,
15,109,90,01,CUNDINAMARCA,GIRARDOT,COLISEO DEFERIAS Y EXPOSICION,
15,109,98,01,CUNDINAMARCA,GIRARDOT,PENITENCIARIA NACIONAL,
15,109,99,01,CUNDINAMARCA,GIRARDOT,BARZALOSA Y PIAMONTE,CORREGIMIENTO 1 BARZALOSA
15,109,99,02,CUNDINAMARCA,GIRARDOT,SAN LORENZO,CORREGIMIENTO 2 SAN LORENZO
15,112,00,00,CUNDINAMARCA,GUACHETA,PUESTO CABECERA MUNICIPAL,
15,112,99,50,CUNDINAMARCA,GUACHETA,MONROY,
15,115,00,01,CUNDINAMARCA,GUADUAS,IED MIGUEL SAMPER AGUDELO,
15,115,00,02,CUNDINAMARCA,GUADUAS,IED MIGUEL SAMPER SEDE BENJAMIN HERRERA,
15,115,00,03,CUNDINAMARCA,GUADUAS,JARDIN INFANTIL MI PEQUEÑO MUNDO-MIMOS,
15,115,00,04,CUNDINAMARCA,GUADUAS,IED MIGUEL SAMPER AGUDELO SD URB. FJM,
15,115,98,01,CUNDINAMARCA,GUADUAS,PENIT. DE MEDIANA SEG. LA ESPERANZA,
15,115,99,01,CUNDINAMARCA,GUADUAS,LA PAZ,CORREGIMIENTO LA PAZ
15,115,99,02,CUNDINAMARCA,GUADUAS,CUATRO ESQUINAS,CORREGIMIENTO PUERTO BOGOTA
15,115,99,03,CUNDINAMARCA,GUADUAS,GUADUERO,
15,115,99,04,CUNDINAMARCA,GUADUAS,SEDE RURAL CEDRALES,CORREGIMIENTO PUERTO BOGOTA
15,115,99,05,CUNDINAMARCA,GUADUAS,IED PUERTO BOGOTA SEDE PRINCIPAL,CORREGIMIENTO PUERTO BOGOTA
15,115,99,06,CUNDINAMARCA,GUADUAS,VEREDA TAUCHIRAL ESCUELA SEDE SAN GIL,CORREGIMIENTO LA PAZ
15,115,99,07,CUNDINAMARCA,GUADUAS,EL ESCRITORIO,
15,115,99,08,CUNDINAMARCA,GUADUAS,MALAMBO,CORREGIMIENTO PUERTO BOGOTA
15,115,99,09,CUNDINAMARCA,GUADUAS,ESCUELA RURAL MADRIGAL Y CHAPAIMA,
15,118,00,00,CUNDINAMARCA,GUASCA,PUESTO CABECERA MUNICIPAL,
15,118,99,01,CUNDINAMARCA,GUASCA,INSTITUCION EDUCATIVA EL CARMEN,
15,121,00,00,CUNDINAMARCA,GUATAQUI,PUESTO CABECERA MUNICIPAL,
15,124,00,00,CUNDINAMARCA,GUATAVITA,PUESTO CABECERA MUNICIPAL,
15,127,00,00,CUNDINAMARCA,GUAYABAL DE SIQUIMA,PUESTO CABECERA MUNICIPAL,
15,127,99,01,CUNDINAMARCA,GUAYABAL DE SIQUIMA,SALON COMUNAL EL TRIGO,
15,127,99,02,CUNDINAMARCA,GUAYABAL DE SIQUIMA,ESCUELA RURAL LA CONCORDIA,
15,128,00,00,CUNDINAMARCA,GUAYABETAL,PUESTO CABECERA MUNICIPAL,
15,128,99,80,CUNDINAMARCA,GUAYABETAL,TUNQUE DEL NARANJAL (TUNQUE),
15,130,00,00,CUNDINAMARCA,GUTIERREZ,PUESTO CABECERA MUNICIPAL,
15,132,00,00,CUNDINAMARCA,GRANADA,PUESTO CABECERA MUNICIPAL,
15,133,00,00,CUNDINAMARCA,JERUSALEN,PUESTO CABECERA MUNICIPAL,
15,136,00,00,CUNDINAMARCA,JUNIN,PUESTO CABECERA MUNICIPAL,
15,136,99,01,CUNDINAMARCA,JUNIN,CLARAVAL,
15,136,99,05,CUNDINAMARCA,JUNIN,CHUSCALES,
15,136,99,09,CUNDINAMARCA,JUNIN,EL SALITRICO (SUEVA),
15,139,01,01,CUNDINAMARCA,LA CALERA,POLIDEPORTIVO  LA PORTADA,
15,139,01,02,CUNDINAMARCA,LA CALERA,SALON COMUNAL MARQUEZ,
15,139,02,01,CUNDINAMARCA,LA CALERA,ESCUELA JUAN XXIII,
15,139,02,02,CUNDINAMARCA,LA CALERA,ESCUELA EL SALITRE,
15,139,02,03,CUNDINAMARCA,LA CALERA,POLIDEPORTIVO PASEO REAL,
15,139,02,04,CUNDINAMARCA,LA CALERA,CASA DE LA CULTURA,
15,139,99,01,CUNDINAMARCA,LA CALERA,MUNDO NUEVO,
15,139,99,02,CUNDINAMARCA,LA CALERA,TREINTA Y SEIS,
15,142,01,01,CUNDINAMARCA,LA MESA,POLIDEP. LUIS CARLOS GALAN SARMIENTO,
15,142,01,02,CUNDINAMARCA,LA MESA,I.E. D. FRANCISCO JULIAN OLAYA SEDE A,
15,142,02,01,CUNDINAMARCA,LA MESA,SABIO MUTIS SEDE ANTIGUA,
15,142,02,02,CUNDINAMARCA,LA MESA,I.E. D. FRANCISCO JULIAN OLAYA SEDE C,
15,142,98,01,CUNDINAMARCA,LA MESA,CARCEL,
15,142,99,01,CUNDINAMARCA,LA MESA,LA ESPERANZA,
15,142,99,02,CUNDINAMARCA,LA MESA,SAN JOAQUIN,
15,142,99,03,CUNDINAMARCA,LA MESA,SAN JAVIER,
15,145,00,00,CUNDINAMARCA,LA PALMA,ESC. NORMAL SUPERIOR DIVINA PROVIDENCIA,
15,145,99,09,CUNDINAMARCA,LA PALMA,MINIPI QUIJANO,
15,145,99,10,CUNDINAMARCA,LA PALMA,ESCUELA RURAL HINCHE BAJO,
15,145,99,12,CUNDINAMARCA,LA PALMA,MURCA,
15,145,99,13,CUNDINAMARCA,LA PALMA,LA HOYA DE TUDELA,
15,148,00,00,CUNDINAMARCA,LA PEÑA,PUESTO CABECERA MUNICIPAL,
15,148,99,01,CUNDINAMARCA,LA PEÑA,CASA DE LA MUJER,
15,148,99,02,CUNDINAMARCA,LA PEÑA,COLEGIO POLIDEPORTIVO AGUA BLANCA,
15,151,00,00,CUNDINAMARCA,LA VEGA,PUESTO CABECERA MUNICIPAL,
15,151,99,01,CUNDINAMARCA,LA VEGA,EL VINO,
15,154,00,00,CUNDINAMARCA,LENGUAZAQUE,PUESTO CABECERA MUNICIPAL,
15,154,99,01,CUNDINAMARCA,LENGUAZAQUE,IE DEPARTAMENTAL RURAL SIMON BOLIVAR,
15,157,00,00,CUNDINAMARCA,MACHETA,PUESTO CABECERA MUNICIPAL,
15,160,01,01,CUNDINAMARCA,MADRID,COLISEO  CUBIERTO MUNICIPAL,
15,160,01,02,CUNDINAMARCA,MADRID,COLEGIO SAN PEDRO,
15,160,01,03,CUNDINAMARCA,MADRID,SALON  COMUNAL  ALCAPARROS,
15,160,01,04,CUNDINAMARCA,MADRID,COLEGIO LA MAGNOLIA,
15,160,01,05,CUNDINAMARCA,MADRID,LICEO HACIENDA CASABLANCA,
15,160,01,06,CUNDINAMARCA,MADRID,COLEGIO TIBAITATA,
15,160,01,07,CUNDINAMARCA,MADRID,COLEGIO PEDAGOGICO INGLES,
15,160,01,08,CUNDINAMARCA,MADRID,JARDIN INFANTIL CAMPO DE ILUSIONES,
15,160,01,09,CUNDINAMARCA,MADRID,PARQUE DE LAS FLORES,
15,160,01,10,CUNDINAMARCA,MADRID,CONCENTRACION URBANA EL CORTIJO,
15,160,01,11,CUNDINAMARCA,MADRID,COLEGIO GABRIEL ECHAVARRIA,
15,160,02,01,CUNDINAMARCA,MADRID,COLEGIO DEPTAL SERREZUELA,
15,160,02,02,CUNDINAMARCA,MADRID,COLEGIO TECNOLOGICO DE MADRID,
15,160,02,03,CUNDINAMARCA,MADRID,I.E.NUESTA SRA DEL LORETO,
15,160,02,04,CUNDINAMARCA,MADRID,COLEGIO MARIA TERESA ORTIZ,
15,160,02,05,CUNDINAMARCA,MADRID,COLEGIO  SAN  JOSE,
15,160,02,06,CUNDINAMARCA,MADRID,BLOQUE,
15,160,02,07,CUNDINAMARCA,MADRID,COLEGIO SANTO TOMAS,
15,160,02,08,CUNDINAMARCA,MADRID,COLEGIO LA PROSPERIDAD,
15,160,02,09,CUNDINAMARCA,MADRID,CONCENTRACION URBANA ANTONIO NARIÑO,
15,160,99,01,CUNDINAMARCA,MADRID,IE DEPTAL SAN PATRICIO PUENTE DE  PIEDRA,
15,163,00,00,CUNDINAMARCA,MANTA,PUESTO CABECERA MUNICIPAL,
15,166,00,00,CUNDINAMARCA,MEDINA,PUESTO CABECERA MUNICIPAL,
15,166,99,01,CUNDINAMARCA,MEDINA,EL ARENAL,
15,166,99,02,CUNDINAMARCA,MEDINA,LA ESMERALDA,
15,166,99,03,CUNDINAMARCA,MEDINA,GAZATAVENA,
15,166,99,04,CUNDINAMARCA,MEDINA,SAN MARCOS,
15,166,99,05,CUNDINAMARCA,MEDINA,PERIQUITO,
15,166,99,06,CUNDINAMARCA,MEDINA,LOS ALPES,
15,166,99,07,CUNDINAMARCA,MEDINA,LA MESA DE LOS REYES,
15,166,99,08,CUNDINAMARCA,MEDINA,SAN FRANCISCO DE GAZADUJE,
15,166,99,10,CUNDINAMARCA,MEDINA,SAN PEDRO DE GUAJARAY,
15,166,99,12,CUNDINAMARCA,MEDINA,SANTA TERESITA,
15,169,01,01,CUNDINAMARCA,MOSQUERA,NUEVO COLISEO MUNICIPAL,
15,169,01,02,CUNDINAMARCA,MOSQUERA,IE JUAN LUIS LONDOÑO,
15,169,01,03,CUNDINAMARCA,MOSQUERA,COLEGIO LA PAZ,
15,169,01,04,CUNDINAMARCA,MOSQUERA,ESCUELA EL DIAMANTE,
15,169,01,05,CUNDINAMARCA,MOSQUERA,COL MAYOR DE MOSQUERA,
15,169,01,06,CUNDINAMARCA,MOSQUERA,IE LA AMISTAD,
15,169,01,07,CUNDINAMARCA,MOSQUERA,ESCUELA LOS PUENTES,
15,169,01,08,CUNDINAMARCA,MOSQUERA,IE LA MERCED,
15,169,01,09,CUNDINAMARCA,MOSQUERA,IE ANTONIO NARIÑO,
15,169,01,10,CUNDINAMARCA,MOSQUERA,SECTOR NOVATERRA,
15,169,02,01,CUNDINAMARCA,MOSQUERA,COLEGIO ROBERTO VELANDIA,
15,169,02,02,CUNDINAMARCA,MOSQUERA,IE LA ARMONIA,
15,169,02,03,CUNDINAMARCA,MOSQUERA,JARDIN INF VILLA MARCELA,
15,169,02,04,CUNDINAMARCA,MOSQUERA,EL TREBOL COL COMPARTIR,
15,169,02,05,CUNDINAMARCA,MOSQUERA,COL LA FRATERNIDAD,
15,169,02,06,CUNDINAMARCA,MOSQUERA,IE FRANCISCO DE PAULA SANTANDER,
15,169,02,07,CUNDINAMARCA,MOSQUERA,IE NUEVO MILENIO,
15,169,02,08,CUNDINAMARCA,MOSQUERA,CC ECOPLAZA,
15,172,00,00,CUNDINAMARCA,NARIÑO,PUESTO CABECERA MUNICIPAL,
15,175,00,01,CUNDINAMARCA,NEMOCON,POLIDEPORTIVO FRAY IGNACIO MARIÑO,
15,175,00,02,CUNDINAMARCA,NEMOCON,IE DEPARTAMENTAL ALFONSO LOPEZ PUMAREJO,
15,175,99,01,CUNDINAMARCA,NEMOCON,VEREDA PATIO BONITO,
15,178,00,00,CUNDINAMARCA,NILO,PUESTO CABECERA MUNICIPAL,
15,178,99,01,CUNDINAMARCA,NILO,IED PUEBLO NUEVO,
15,178,99,02,CUNDINAMARCA,NILO,IED LA ESMERALDA,
15,181,00,00,CUNDINAMARCA,NIMAIMA,PUESTO CABECERA MUNICIPAL,
15,181,99,01,CUNDINAMARCA,NIMAIMA,TOBIA,
15,181,99,05,CUNDINAMARCA,NIMAIMA,EL CERRO,
15,184,00,00,CUNDINAMARCA,NOCAIMA,PUESTO CABECERA MUNICIPAL,
15,190,01,01,CUNDINAMARCA,PACHO,COLISEO CUBIERTO LORENZO DE TERRONES,
15,190,01,02,CUNDINAMARCA,PACHO,I.E.D. AQUILEO PARRA,
15,190,01,03,CUNDINAMARCA,PACHO,IED ANA FRANCISCA LARA SD ANTONIO NARIÑO,
15,190,02,01,CUNDINAMARCA,PACHO,I.E. D. ANA FRANCISCA LARA SD SAN JOSE,
15,190,02,02,CUNDINAMARCA,PACHO,I.E.D. ANA FRANCISCA LARA SEDE BOLIVAR,
15,190,02,03,CUNDINAMARCA,PACHO,IED INST TEC AGRIC SD CNIA ALBERTO NIETO,
15,190,99,01,CUNDINAMARCA,PACHO,INSTITUCION EDUCATIVA PASUNCHA,CORREGIMIENTO PASUNCHA
15,193,00,00,CUNDINAMARCA,PAIME,PUESTO CABECERA MUNICIPAL,
15,193,99,01,CUNDINAMARCA,PAIME,CUATRO CAMINOS,
15,193,99,03,CUNDINAMARCA,PAIME,EL PLOMO (EL PARAISO),
15,193,99,05,CUNDINAMARCA,PAIME,TUDELA,
15,193,99,50,CUNDINAMARCA,PAIME,VENECIA,
15,196,00,00,CUNDINAMARCA,PANDI,PUESTO CABECERA MUNICIPAL,
15,198,00,00,CUNDINAMARCA,PARATEBUENO (LA NAGUAYA),PUESTO CABECERA MUNICIPAL,
15,198,99,40,CUNDINAMARCA,PARATEBUENO (LA NAGUAYA),EL ENGAÑO,
15,198,99,50,CUNDINAMARCA,PARATEBUENO (LA NAGUAYA),GUAICARAMO,
15,198,99,60,CUNDINAMARCA,PARATEBUENO (LA NAGUAYA),MAYA,
15,198,99,70,CUNDINAMARCA,PARATEBUENO (LA NAGUAYA),SANTA CECILIA,
15,198,99,80,CUNDINAMARCA,PARATEBUENO (LA NAGUAYA),VILLA PACHELLY,
15,198,99,81,CUNDINAMARCA,PARATEBUENO (LA NAGUAYA),CENTRO POBLADO JAPON,
15,199,00,00,CUNDINAMARCA,PASCA,PUESTO CABECERA MUNICIPAL,
15,202,00,01,CUNDINAMARCA,PUERTO SALGAR,COLEGIO TECNICO DEPARTAMENTAL MIXTO,
15,202,00,02,CUNDINAMARCA,PUERTO SALGAR,IED POLICARPA SALAVARRIETA,
15,202,99,01,CUNDINAMARCA,PUERTO SALGAR,COLORADOS,
15,202,99,02,CUNDINAMARCA,PUERTO SALGAR,LA REINES,
15,202,99,03,CUNDINAMARCA,PUERTO SALGAR,PUERTO LIBRE,
15,205,00,00,CUNDINAMARCA,PULI,PUESTO CABECERA MUNICIPAL,
15,205,99,01,CUNDINAMARCA,PULI,VALPARAISO,
15,205,99,02,CUNDINAMARCA,PULI,PALESTINA,
15,205,99,03,CUNDINAMARCA,PULI,ESCUELA RURAL CABRERA,
15,208,00,00,CUNDINAMARCA,QUEBRADANEGRA,PUESTO CABECERA MUNICIPAL,
15,208,99,01,CUNDINAMARCA,QUEBRADANEGRA,LA MAGDALENA,
15,208,99,02,CUNDINAMARCA,QUEBRADANEGRA,SAN CARLOS,
15,208,99,03,CUNDINAMARCA,QUEBRADANEGRA,TOBIA,
15,211,00,00,CUNDINAMARCA,QUETAME,PUESTO CABECERA MUNICIPAL,
15,211,99,50,CUNDINAMARCA,QUETAME,PUENTE QUETAME - PUENTE CLAVIJO,
15,214,00,00,CUNDINAMARCA,QUIPILE,PUESTO CABECERA MUNICIPAL,
15,214,99,01,CUNDINAMARCA,QUIPILE,LA SIERRA,
15,214,99,05,CUNDINAMARCA,QUIPILE,LA VIRGEN,
15,214,99,07,CUNDINAMARCA,QUIPILE,LA BOTICA,
15,214,99,09,CUNDINAMARCA,QUIPILE,SANTA MARTA,
15,217,00,01,CUNDINAMARCA,APULO,POLIDEPORTIVO MUNICIPAL APULO,
15,217,00,02,CUNDINAMARCA,APULO,IED ANTONIO NARIÑO,
15,218,00,01,CUNDINAMARCA,RICAURTE,MEGA COLEGIO ANTONIO RICAURTE,
15,218,00,02,CUNDINAMARCA,RICAURTE,UNIDAD DEPORTIVA,
15,218,99,01,CUNDINAMARCA,RICAURTE,CIC SACUDETE VEREDA LLANO DEL POZO,
15,220,00,00,CUNDINAMARCA,SAN ANTONIO DEL TEQUENDAMA,PUESTO CABECERA MUNICIPAL,
15,220,99,01,CUNDINAMARCA,SAN ANTONIO DEL TEQUENDAMA,SANTANDERCITO,
15,223,00,00,CUNDINAMARCA,SAN BERNARDO,PUESTO CABECERA MUNICIPAL,
15,223,99,60,CUNDINAMARCA,SAN BERNARDO,CASA DE GOBIERNO PORTONES,
15,226,00,00,CUNDINAMARCA,SAN CAYETANO,PUESTO CABECERA MUNICIPAL,
15,226,99,01,CUNDINAMARCA,SAN CAYETANO,CAMANCHA,
15,226,99,02,CUNDINAMARCA,SAN CAYETANO,CUIBUCO,
15,226,99,03,CUNDINAMARCA,SAN CAYETANO,LAGUNA VERDE,
15,226,99,04,CUNDINAMARCA,SAN CAYETANO,LAS MERCEDES,
15,226,99,05,CUNDINAMARCA,SAN CAYETANO,PINIPAY,
15,226,99,06,CUNDINAMARCA,SAN CAYETANO,REMANSO,
15,226,99,07,CUNDINAMARCA,SAN CAYETANO,EL ALBERGUE,
15,229,00,00,CUNDINAMARCA,SAN FRANCISCO,PUESTO CABECERA MUNICIPAL,
15,229,99,09,CUNDINAMARCA,SAN FRANCISCO,ESCUELA RURAL EL BOSQUE,
15,229,99,10,CUNDINAMARCA,SAN FRANCISCO,ESCUELA RURAL SAN LUIS,
15,229,99,11,CUNDINAMARCA,SAN FRANCISCO,ESCUELA RURAL SAN MIGUEL,
15,229,99,12,CUNDINAMARCA,SAN FRANCISCO,ESCUELA RURAL SAN ANTONIO,
15,232,00,01,CUNDINAMARCA,SAN JUAN DE RIOSECO,CIC ANTIGUO POLIDEPORTIVO,
15,232,00,02,CUNDINAMARCA,SAN JUAN DE RIOSECO,IED SAN JUAN DE RIOSECO ESCUELA ANEXA,
15,232,99,01,CUNDINAMARCA,SAN JUAN DE RIOSECO,IERD DIEGO URIBE VARGAS DE CAMBAO,
15,232,99,02,CUNDINAMARCA,SAN JUAN DE RIOSECO,SAN NICOLAS,
15,232,99,03,CUNDINAMARCA,SAN JUAN DE RIOSECO,I.E.D RURAL LAGUNITAS,
15,235,00,01,CUNDINAMARCA,SASAIMA,AUDITORIO MUNICIPAL,
15,235,00,02,CUNDINAMARCA,SASAIMA,IED NUESTRA SEÑORA DE FATIMA,
15,235,99,50,CUNDINAMARCA,SASAIMA,LA VICTORIA,
15,238,00,01,CUNDINAMARCA,SESQUILE,COLISEO MUNICIPAL,
15,238,00,02,CUNDINAMARCA,SESQUILE,COMPLEJO DEPORTIVO,
15,239,01,01,CUNDINAMARCA,SIBATE,IED GRAL SANTANDER SEDE BTO,
15,239,01,02,CUNDINAMARCA,SIBATE,IED PABLO NERUDA,
15,239,01,03,CUNDINAMARCA,SIBATE,COLISEO XIUA,
15,239,01,04,CUNDINAMARCA,SIBATE,POLIDEPORTIVO SANTA ISABEL,
15,239,02,01,CUNDINAMARCA,SIBATE,C.I.C BALCONES DE SAN JOSE,
15,239,02,02,CUNDINAMARCA,SIBATE,POLIDEPORTIVO SAN RAFAEL,
15,239,02,03,CUNDINAMARCA,SIBATE,IED GRAL SANTANDER SEDE PRIMARIA,
15,241,00,01,CUNDINAMARCA,SILVANIA,COLISEO MUNICIPAL,
15,241,00,02,CUNDINAMARCA,SILVANIA,COLEGIO NUEVO SANTA INES,
15,241,99,01,CUNDINAMARCA,SILVANIA,AGUA BONITA,
15,241,99,02,CUNDINAMARCA,SILVANIA,SUBIA,
15,244,00,01,CUNDINAMARCA,SIMIJACA,COLEGIO AGUSTIN PARRA SEDE PRIMARIA,
15,244,00,02,CUNDINAMARCA,SIMIJACA,COLEGIO AGUSTIN PARRA SEDE BACHILLERATO,
15,244,99,01,CUNDINAMARCA,SIMIJACA,EL SALITRE,
15,247,01,01,CUNDINAMARCA,SOACHA,I. E. SANTA ANA - ANTONIO NARIÑO,COMUNA 1
15,247,01,02,CUNDINAMARCA,SOACHA,I.E. COMPARTIR,COMUNA 1
15,247,01,03,CUNDINAMARCA,SOACHA,I.E. CIUDAD LATINA,COMUNA 1
15,247,01,04,CUNDINAMARCA,SOACHA,IE. NUEVO COMPARTIR,COMUNA 1
15,247,01,05,CUNDINAMARCA,SOACHA,CONCENTRACION ESCOLAR SAN NICOLAS,COMUNA 1
15,247,01,06,CUNDINAMARCA,SOACHA,I.E. COMPARTIR PRIMARIA,COMUNA 1
15,247,01,07,CUNDINAMARCA,SOACHA,COLEGIO MILITAR ALMIRANTE PADILLA,COMUNA 1
15,247,01,08,CUNDINAMARCA,SOACHA,COLEGIO COLSUBSIDIO - MAIPORE,COMUNA 1
15,247,01,09,CUNDINAMARCA,SOACHA,I.E. PAZ Y ESPERANZA,COMUNA 1
15,247,01,10,CUNDINAMARCA,SOACHA,SALON COMUNAL VILLA ITALIA,COMUNA 1
15,247,01,11,CUNDINAMARCA,SOACHA,COLEGIO MILITAR LICEO SOCIAL COMPARTIR,COMUNA 1
15,247,02,01,CUNDINAMARCA,SOACHA,I.E. GENERAL SANTANDER,COMUNA 2
15,247,02,02,CUNDINAMARCA,SOACHA,IE GENERAL SANTANDER SD MI TIERNA EDAD,COMUNA 2
15,247,02,03,CUNDINAMARCA,SOACHA,I.E. INTEGRADO DE SOACHA,COMUNA 2
15,247,02,04,CUNDINAMARCA,SOACHA,COLISEO GENERAL SANTANDER,COMUNA 2
15,247,02,05,CUNDINAMARCA,SOACHA,CONCENTRACION CAMILO TORRES,COMUNA 2
15,247,02,06,CUNDINAMARCA,SOACHA,I E GENERAL SANTANDER SEDE LA VEREDITA,COMUNA 2
15,247,02,07,CUNDINAMARCA,SOACHA,SALON COMUNAL CIUDAD SATELITE,COMUNA 2
15,247,02,08,CUNDINAMARCA,SOACHA,UNIVER. DE CUNDINAMARCA EXTENSION SOACHA,COMUNA 2
15,247,02,09,CUNDINAMARCA,SOACHA,CENTRO DE DESARROLLO INFANTIL COMPENSAR,COMUNA 2
15,247,02,10,CUNDINAMARCA,SOACHA,I.E. VIDA NUEVA,COMUNA 2
15,247,02,11,CUNDINAMARCA,SOACHA,CDI JARDIN SOCIAL SOL Y LUNA,COMUNA 2
15,247,02,13,CUNDINAMARCA,SOACHA,IE LUIS HENRIQUEZ,COMUNA 2
15,247,02,14,CUNDINAMARCA,SOACHA,COLEGIO COOPERATIVO EUGENIO DIAZ CASTRO,COMUNA 2
15,247,02,15,CUNDINAMARCA,SOACHA,CENTRO DEPORTIVO PARQUE DE LOS LOCOS,COMUNA 2
15,247,03,01,CUNDINAMARCA,SOACHA,I.E. LA DESPENSA,COMUNA 3
15,247,03,02,CUNDINAMARCA,SOACHA,I.E. MANUELA BELTRAN,COMUNA 3
15,247,03,03,CUNDINAMARCA,SOACHA,I.E. LEON XIII,COMUNA 3
15,247,03,04,CUNDINAMARCA,SOACHA,CENTRO COMERCIAL GRAN PLAZA,COMUNA 3
15,247,03,05,CUNDINAMARCA,SOACHA,COLISEO LEON XIII,COMUNA 3
15,247,03,06,CUNDINAMARCA,SOACHA,I.E. LA DESPENSA - CIUDAD VERDE,CORREGIMIENTO 2
15,247,03,07,CUNDINAMARCA,SOACHA,I.E. LEON XIII - CHILOE,CORREGIMIENTO 2
15,247,03,08,CUNDINAMARCA,SOACHA,I.E. LA DESPENSA - MARCO FIDEL SUAREZ,COMUNA 3
15,247,03,09,CUNDINAMARCA,SOACHA,I.E. SOACHA AVANZA LA UNIDAD,CORREGIMIENTO 2
15,247,03,10,CUNDINAMARCA,SOACHA,COLEGIO MINUTO DE DIOS CIUDAD VERDE,CORREGIMIENTO 2
15,247,03,11,CUNDINAMARCA,SOACHA,IE BENEDICTO XVI,COMUNA 3
15,247,03,12,CUNDINAMARCA,SOACHA,CENTRO COMERCIAL MERCURIO,COMUNA 3
15,247,04,01,CUNDINAMARCA,SOACHA,I.E. LUIS CARLOS GALAN,COMUNA 4
15,247,04,02,CUNDINAMARCA,SOACHA,I.E. CIUDADELA SUCRE,COMUNA 4
15,247,04,03,CUNDINAMARCA,SOACHA,I.E. LA ISLA,COMUNA 4
15,247,04,04,CUNDINAMARCA,SOACHA,I E JULIO CESAR TURBAY AYALA,COMUNA 4
15,247,04,05,CUNDINAMARCA,SOACHA,I. E. GABRIEL GARCIA MARQUEZ,COMUNA 4
15,247,04,06,CUNDINAMARCA,SOACHA,IE LUIS C. GALAN-SD VILLAS DE CASALOMA,COMUNA 4
15,247,04,07,CUNDINAMARCA,SOACHA,BIBLIOTECA MUNICIPAL LA ISLA,COMUNA 4
15,247,04,08,CUNDINAMARCA,SOACHA,IE BUENOS AIRES SEDE A,COMUNA 4
15,247,04,09,CUNDINAMARCA,SOACHA,LICEO NUEVA VIDA,COMUNA 4
15,247,04,10,CUNDINAMARCA,SOACHA,CTRO REG. DE ATENCION A VICTIMAS CRAV,COMUNA 5
15,247,05,01,CUNDINAMARCA,SOACHA,CENTRO COMERCIAL VENTURA TERREROS,COMUNA 5
15,247,05,02,CUNDINAMARCA,SOACHA,I.E. EL BOSQUE,COMUNA 5
15,247,05,03,CUNDINAMARCA,SOACHA,I.E. SAN MATEO SEDE A,COMUNA 5
15,247,05,04,CUNDINAMARCA,SOACHA,I.E. SAN MATEO SEDE B,COMUNA 5
15,247,05,05,CUNDINAMARCA,SOACHA,I.E. LICEO MAYOR DE SOACHA,COMUNA 5
15,247,05,06,CUNDINAMARCA,SOACHA,CTRO DE ATENCION A PERSONAS CON DISCAP.,COMUNA 5
15,247,05,07,CUNDINAMARCA,SOACHA,CENTRO COMERCIAL UNISUR,COMUNA 5
15,247,06,01,CUNDINAMARCA,SOACHA,I.E. LAS VILLAS- SEDE BARON DEL SOL,COMUNA 6
15,247,06,02,CUNDINAMARCA,SOACHA,I.E. LAS VILLAS - SEDE LIBERTADORES,COMUNA 6
15,247,06,03,CUNDINAMARCA,SOACHA,I.E. SOL NACIENTE,COMUNA 6
15,247,06,04,CUNDINAMARCA,SOACHA,I.E. SAN MATEO - MARISCAL SUCRE,COMUNA 6
15,247,06,05,CUNDINAMARCA,SOACHA,I E EDUARDO SANTOS SEDE PANAMERICANA,COMUNA 6
15,247,06,06,CUNDINAMARCA,SOACHA,I.E. SOACHA PARA VIVIR MEJOR,COMUNA 6
15,247,06,07,CUNDINAMARCA,SOACHA,SALON COMUNAL ALTOS DE LA FLORIDA,COMUNA 6
15,247,06,08,CUNDINAMARCA,SOACHA,LICEO CRISTIANO VIDA NUEVA,COMUNA 6
15,247,06,09,CUNDINAMARCA,SOACHA,IE EDUARDO SANTOS,COMUNA 6
15,247,06,10,CUNDINAMARCA,SOACHA,IE RICAURTE SEDE PORVENIR,COMUNA 6
15,247,06,11,CUNDINAMARCA,SOACHA,IE RICAURTE SEDE ESPAÑA,COMUNA 6
15,247,90,01,CUNDINAMARCA,SOACHA,COLEGIO BOLIVAR PRIMARIA,
15,247,99,02,CUNDINAMARCA,SOACHA,I. E. EUGENIO DIAZ CASTRO SEDE CHACUA,CORREGIMIENTO 1
15,247,99,03,CUNDINAMARCA,SOACHA,I. E. EUGENIO DIAZ CASTRO SAN JORGE,CORREGIMIENTO 1
15,247,99,04,CUNDINAMARCA,SOACHA,SALON COMUNAL VEREDA FUSUNGA,CORREGIMIENTO 1
15,247,99,05,CUNDINAMARCA,SOACHA,I. E. EUGENIO DIAZ CASTRO SEDE PRIMARIA,CORREGIMIENTO 2
15,247,99,06,CUNDINAMARCA,SOACHA,SALON COMUNAL SAN FRANCISCO,CORREGIMIENTO 2
15,250,00,01,CUNDINAMARCA,SOPO,COLISEO MUNICIPAL,
15,250,00,02,CUNDINAMARCA,SOPO,C ACONDICIONAMIENTO Y PRE FISICA CAPF II,
15,250,00,03,CUNDINAMARCA,SOPO,ESCENARIO COMUN. INTEGRAL EL CHUSCAL,
15,250,00,04,CUNDINAMARCA,SOPO,COLEGIO COOPERATIVO SOPO,
15,250,99,25,CUNDINAMARCA,SOPO,BRICEÑO,
15,250,99,26,CUNDINAMARCA,SOPO,LA VIOLETA,
15,256,00,01,CUNDINAMARCA,SUBACHOQUE,IED RICARDO GONZALEZ SEDE A,
15,256,00,02,CUNDINAMARCA,SUBACHOQUE,COLISEO MUNICIPAL SUBACHOQUE,
15,256,99,05,CUNDINAMARCA,SUBACHOQUE,LA PRADERA,
15,256,99,15,CUNDINAMARCA,SUBACHOQUE,EL GUAMAL,
15,259,00,00,CUNDINAMARCA,SUESCA,PUESTO CABECERA MUNICIPAL,
15,259,99,01,CUNDINAMARCA,SUESCA,HATO GRANDE,
15,259,99,02,CUNDINAMARCA,SUESCA,SANTA ROSITA,
15,259,99,03,CUNDINAMARCA,SUESCA,IE DPTAL CACICAZGO,
15,262,00,00,CUNDINAMARCA,SUPATA,PUESTO CABECERA MUNICIPAL,
15,265,00,00,CUNDINAMARCA,SUSA,PUESTO CABECERA MUNICIPAL,
15,268,00,00,CUNDINAMARCA,SUTATAUSA,PUESTO CABECERA MUNICIPAL,
15,268,99,01,CUNDINAMARCA,SUTATAUSA,LAS PEÑAS,
15,271,00,01,CUNDINAMARCA,TABIO,POLIDEPORTIVO MUNICIPAL - TABIO,
15,271,00,02,CUNDINAMARCA,TABIO,CASA DE LA CULTURA,
15,271,00,03,CUNDINAMARCA,TABIO,COLEGIO GIMNASIO MODERNO SANTA BARBARA,
15,271,00,04,CUNDINAMARCA,TABIO,IED JOSE DE SAN MARTIN,
15,271,99,01,CUNDINAMARCA,TABIO,IEDR DIEGO GOMEZ DE MENA,
15,274,00,01,CUNDINAMARCA,TAUSA,POLIDEPORTIVO MUNICIPAL,
15,274,00,02,CUNDINAMARCA,TAUSA,IEDIT-IE DPTAL INTEGRADA DE TAUSA,
15,274,99,01,CUNDINAMARCA,TAUSA,EL SALITRE,
15,274,99,02,CUNDINAMARCA,TAUSA,PARAMO ALTO,
15,277,00,00,CUNDINAMARCA,TENA,PUESTO CABECERA MUNICIPAL,
15,277,99,50,CUNDINAMARCA,TENA,PUESTO INSPECCION LA GRAN VIA,
15,280,00,01,CUNDINAMARCA,TENJO,POLIDEPORTIVO MUNICIPAL,
15,280,00,02,CUNDINAMARCA,TENJO,IED GENERAL SANTANDER,
15,280,00,03,CUNDINAMARCA,TENJO,SALON MULTIFUNCIONAL CASA DE LA MUJER,
15,280,99,10,CUNDINAMARCA,TENJO,LA PUNTA,
15,283,00,00,CUNDINAMARCA,TIBACUY,PUESTO CABECERA MUNICIPAL,
15,283,99,01,CUNDINAMARCA,TIBACUY,CUMACA,
15,283,99,50,CUNDINAMARCA,TIBACUY,SALON COMUNAL BATEAS,
15,286,00,00,CUNDINAMARCA,TIBIRITA,PUESTO CABECERA MUNICIPAL,
15,289,00,01,CUNDINAMARCA,TOCAIMA,POLIDEPORTIVO PEPE ZABALA,
15,289,00,02,CUNDINAMARCA,TOCAIMA,CENTRO DE INTEGRACION CIUDADANA,
15,289,99,01,CUNDINAMARCA,TOCAIMA,PUBENZA,
15,292,01,01,CUNDINAMARCA,TOCANCIPA,COLEGIO SAN LUIS GONZAGA,
15,292,01,02,CUNDINAMARCA,TOCANCIPA,INS. EDUCATIVA LA FUENTE,
15,292,01,03,CUNDINAMARCA,TOCANCIPA,INST EDU DEPARTAMENTAL TECNICO COMERCIAL,
15,292,01,04,CUNDINAMARCA,TOCANCIPA,COLISEO MUNICIPAL DE TOCANCIPA,
15,292,02,01,CUNDINAMARCA,TOCANCIPA,I. E. DPTAL TECNICO INDUSTRIAL,
15,292,02,02,CUNDINAMARCA,TOCANCIPA,INSTITUCION EDUCATIVA CANAVITA,
15,292,02,03,CUNDINAMARCA,TOCANCIPA,CENTRO DE INTEGRACION CIUDADANA CIC,
15,292,02,04,CUNDINAMARCA,TOCANCIPA,SALON COMUNAL DE CANAVITA,
15,292,02,05,CUNDINAMARCA,TOCANCIPA,SALON COMUNAL TORRES DE SAN JUAN,
15,292,99,01,CUNDINAMARCA,TOCANCIPA,ESCUELA RURAL LA ESMERALDA,
15,292,99,02,CUNDINAMARCA,TOCANCIPA,SALON COMUNAL LA ESMERALDA,
15,295,00,00,CUNDINAMARCA,TOPAIPI,PUESTO CABECERA MUNICIPAL,
15,295,99,01,CUNDINAMARCA,TOPAIPI,SAN ANTONIO DE AGUILERA,
15,295,99,02,CUNDINAMARCA,TOPAIPI,EL NARANJAL,
15,298,00,00,CUNDINAMARCA,UBALA,PUESTO CABECERA MUNICIPAL,
15,298,99,01,CUNDINAMARCA,UBALA,VEREDA SANTA BARBARA,
15,298,99,02,CUNDINAMARCA,UBALA,LA PLAYA,
15,298,99,03,CUNDINAMARCA,UBALA,LAGUNA AZUL,
15,298,99,04,CUNDINAMARCA,UBALA,VEREDA SAN PEDRO,
15,298,99,05,CUNDINAMARCA,UBALA,MAMBITA,
15,298,99,06,CUNDINAMARCA,UBALA,VEREDA SAN JUAN,
15,298,99,07,CUNDINAMARCA,UBALA,PEÑAS BLANCAS,
15,298,99,08,CUNDINAMARCA,UBALA,VEREDA RIO NEGRO,
15,298,99,09,CUNDINAMARCA,UBALA,SAN PEDRO DE JAGUA,
15,298,99,10,CUNDINAMARCA,UBALA,LA MESA,
15,298,99,11,CUNDINAMARCA,UBALA,SANTA ROSA,
15,298,99,12,CUNDINAMARCA,UBALA,INSTITUCION EDUCATIVA SOYA,
15,298,99,13,CUNDINAMARCA,UBALA,INSTITUCION EDUCATIVA LAS MARGARITAS,
15,301,00,00,CUNDINAMARCA,UBAQUE,PUESTO CABECERA MUNICIPAL,
15,301,99,01,CUNDINAMARCA,UBAQUE,PUESTO VEREDA SABANILLA,
15,304,01,01,CUNDINAMARCA,UBATE,UNIVERSIDAD CUNDINAMARCA,
15,304,01,02,CUNDINAMARCA,UBATE,CENTRO COMERCIAL LA SEGUNDA,
15,304,01,03,CUNDINAMARCA,UBATE,MEGA COLEGIO BARRIO SAN JOSE,
15,304,01,04,CUNDINAMARCA,UBATE,UNIDAD BASICA,
15,304,01,05,CUNDINAMARCA,UBATE,ESCUELA NORMAL SUPERIOR,
15,304,02,01,CUNDINAMARCA,UBATE,INSTITUTO BOLIVAR,
15,304,02,02,CUNDINAMARCA,UBATE,COLISEO MUNICIPAL,
15,304,02,03,CUNDINAMARCA,UBATE,COLEGIO SANTA MARIA,
15,304,98,01,CUNDINAMARCA,UBATE,CARCEL,
15,304,99,01,CUNDINAMARCA,UBATE,VIENTO LIBRE,
15,304,99,02,CUNDINAMARCA,UBATE,BRUSELAS,
15,304,99,03,CUNDINAMARCA,UBATE,VOLCAN DOS,
15,304,99,04,CUNDINAMARCA,UBATE,ESCUELA RURAL TAUSAVITA,
15,304,99,28,CUNDINAMARCA,UBATE,GUATANCUY,
15,307,00,01,CUNDINAMARCA,UNE,COLISEO POLIDEPORTIVO GUSTAVO MOYA ANGEL,
15,307,00,02,CUNDINAMARCA,UNE,ESCUELA PEDRO ELISEO CRUZ,
15,307,99,01,CUNDINAMARCA,UNE,INSPECCION DE POLICIA EL RAMAL,
15,316,00,00,CUNDINAMARCA,UTICA,PUESTO CABECERA MUNICIPAL,
15,318,00,00,CUNDINAMARCA,VENECIA,COLISEO DE DEPORTES,
15,318,99,04,CUNDINAMARCA,VENECIA,ESCUELA SAN ANTONIO,
15,318,99,08,CUNDINAMARCA,VENECIA,APOSENTOS,
15,318,99,09,CUNDINAMARCA,VENECIA,ESCUELA LAS BRISAS,
15,319,00,00,CUNDINAMARCA,VERGARA,PUESTO CABECERA MUNICIPAL,
15,319,99,01,CUNDINAMARCA,VERGARA,CERINZA,
15,319,99,02,CUNDINAMARCA,VERGARA,CORCEGA,
15,319,99,03,CUNDINAMARCA,VERGARA,CHONTEGRANDE,
15,319,99,04,CUNDINAMARCA,VERGARA,GUACAMAYAS,
15,319,99,05,CUNDINAMARCA,VERGARA,LLANO GRANDE,
15,319,99,06,CUNDINAMARCA,VERGARA,VILLA OLARTE (FLANDES),
15,322,00,00,CUNDINAMARCA,VIANI,PUESTO CABECERA MUNICIPAL,
15,323,00,00,CUNDINAMARCA,VILLAGOMEZ,PUESTO CABECERA MUNICIPAL,
15,323,99,01,CUNDINAMARCA,VILLAGOMEZ,CERRO AZUL,
15,325,00,01,CUNDINAMARCA,VILLAPINZON,PLAZA DE MERCADO,
15,325,00,02,CUNDINAMARCA,VILLAPINZON,COL. MPAL FRANCISCO DE VARGAS FIGUEROA,
15,328,01,01,CUNDINAMARCA,VILLETA,ESCUELA LA VALENCIA,
15,328,01,02,CUNDINAMARCA,VILLETA,SENA,
15,328,02,01,CUNDINAMARCA,VILLETA,CONC. POLICARPA SALAVARRIETA,
15,328,02,02,CUNDINAMARCA,VILLETA,ESCUELA CARLOS LLERAS,
15,328,02,03,CUNDINAMARCA,VILLETA,IED PROMOCION SOCIAL,
15,328,98,01,CUNDINAMARCA,VILLETA,CARCEL MUNICIPAL,
15,328,99,01,CUNDINAMARCA,VILLETA,IED COLEGIO CUNE,
15,328,99,20,CUNDINAMARCA,VILLETA,BAGAZAL,
15,328,99,30,CUNDINAMARCA,VILLETA,CHAPAIMA,
15,328,99,40,CUNDINAMARCA,VILLETA,ILO GRANDE,
15,331,00,01,CUNDINAMARCA,VIOTA,CENTRO POLIDEPORTIVO MUNICIPAL,
15,331,00,02,CUNDINAMARCA,VIOTA,ESCUELA MARIA INMACULADA,
15,331,99,01,CUNDINAMARCA,VIOTA,SAN GABRIEL,
15,331,99,02,CUNDINAMARCA,VIOTA,BRASIL,
15,331,99,03,CUNDINAMARCA,VIOTA,EL PIÑAL,
15,331,99,04,CUNDINAMARCA,VIOTA,IED BAJO PALMAR,
15,334,00,00,CUNDINAMARCA,YACOPI,PUESTO CABECERA MUNICIPAL,
15,334,99,01,CUNDINAMARCA,YACOPI,ALSACIA,
15,334,99,02,CUNDINAMARCA,YACOPI,ALTO DE CAÑAS,
15,334,99,03,CUNDINAMARCA,YACOPI,APOSENTOS,
15,334,99,04,CUNDINAMARCA,YACOPI,EL CHAPON (LAS LOMAS),
15,334,99,05,CUNDINAMARCA,YACOPI,GUADUALITO,
15,334,99,06,CUNDINAMARCA,YACOPI,CABO VERDE,
15,334,99,09,CUNDINAMARCA,YACOPI,ESCUELA GUAYABALES,
15,334,99,13,CUNDINAMARCA,YACOPI,IBAMA,CORREGIMIENTO IBAMA
15,334,99,21,CUNDINAMARCA,YACOPI,LLANO MATEO,
15,334,99,23,CUNDINAMARCA,YACOPI,PATEVACA,
15,334,99,25,CUNDINAMARCA,YACOPI,PUEBLO NUEVO,
15,334,99,29,CUNDINAMARCA,YACOPI,TERAN,
15,334,99,30,CUNDINAMARCA,YACOPI,VEREDA EL CASTILLO,
15,337,00,00,CUNDINAMARCA,ZIPACON,PUESTO CABECERA MUNICIPAL,
15,337,99,01,CUNDINAMARCA,ZIPACON,EL OCASO,
15,340,01,01,CUNDINAMARCA,ZIPAQUIRA,IEM CUNDINAMARCA,COMUNA 1
15,340,01,02,CUNDINAMARCA,ZIPAQUIRA,COLEGIO RAFAEL POMBO,COMUNA 2
15,340,01,03,CUNDINAMARCA,ZIPAQUIRA,ESCUELA QUEVEDO Z,COMUNA 3
15,340,01,04,CUNDINAMARCA,ZIPAQUIRA,SEDE EDU SIMON BOLIVAR,COMUNA 3
15,340,01,05,CUNDINAMARCA,ZIPAQUIRA,IEM SAN JUAN BAUTISTA DE SALLE SD PRIMAR,COMUNA 3
15,340,01,06,CUNDINAMARCA,ZIPAQUIRA,SALON COMUNAL SANJUANITO,COMUNA 2
15,340,01,07,CUNDINAMARCA,ZIPAQUIRA,IEM TEC LUIS ORJUELA SEDE MARISCAL SUCRE,COMUNA 2
15,340,01,08,CUNDINAMARCA,ZIPAQUIRA,ESCUELA FRANCISCO DE PAULA SANTANDER,COMUNA 1
15,340,01,09,CUNDINAMARCA,ZIPAQUIRA,IEM GUILLERMO QUEVEDO Z SD LA,COMUNA 3
15,340,01,10,CUNDINAMARCA,ZIPAQUIRA,CIC DE PRADOS DEL MIRADOR,COMUNA 3
15,340,02,01,CUNDINAMARCA,ZIPAQUIRA,COLEGIO LICEO INTEGRADO,COMUNA 4
15,340,02,02,CUNDINAMARCA,ZIPAQUIRA,INST.EDUC.SANTIAGO PEREZ,COMUNA 4
15,340,02,03,CUNDINAMARCA,ZIPAQUIRA,GABRIELA MISTRAL SEDE NUEVA,COMUNA 4
15,340,02,04,CUNDINAMARCA,ZIPAQUIRA,CAMI PAUZ,COMUNA 5
15,340,02,05,CUNDINAMARCA,ZIPAQUIRA,COLEGIO DE LA PRESENTACION,COMUNA 4
15,340,02,06,CUNDINAMARCA,ZIPAQUIRA,COLISEO ARENA DE SAL,COMUNA 4
15,340,02,07,CUNDINAMARCA,ZIPAQUIRA,CIC DE BARANDILLAS,COMUNA 5
15,340,02,08,CUNDINAMARCA,ZIPAQUIRA,I.E. DPTAL TECNICO INDUSTRIAL,COMUNA 4
15,340,99,01,CUNDINAMARCA,ZIPAQUIRA,,CORREGIMIENTO 1 ESC SAN ISIDRO          1000005570000059000000406CORREGIMIENTO 1
15,340,99,02,CUNDINAMARCA,ZIPAQUIRA,,CORREGIMIENTO 2 (ESC BARANDILLAS)       1000032920000306800001807CORREGIMIENTO 2
15,340,99,03,CUNDINAMARCA,ZIPAQUIRA,,CORREGIMIENTO 3 (ESC SAN JORGE)         1000007050000067200000408CORREGIMIENTO 3
15,340,99,04,CUNDINAMARCA,ZIPAQUIRA,,CORREGIMIENTO 2 ESCUELA SAN MIGUEL      1000004960000037500000307CORREGIMIENTO 2
16,001,01,01,BOGOTA D.C.,BOGOTA. D.C.,USAQUÉN,
16,001,01,02,BOGOTA D.C.,BOGOTA. D.C.,SERVITA,
16,001,01,03,BOGOTA D.C.,BOGOTA. D.C.,CALAZANS,
16,001,01,04,BOGOTA D.C.,BOGOTA. D.C.,COLEGIO AQUILEO PARRA SEDE BACHILLERATO,
16,001,01,05,BOGOTA D.C.,BOGOTA. D.C.,LIJACA,
16,001,01,06,BOGOTA D.C.,BOGOTA. D.C.,SAN ANTONIO UNIÓN COLOMBIA,
16,001,01,07,BOGOTA D.C.,BOGOTA. D.C.,COLEGIO AGUSTIN FERNANDEZ SEDE A,
16,001,01,08,BOGOTA D.C.,BOGOTA. D.C.,CENTRO COMERCIAL CEDRITOS,
16,001,01,09,BOGOTA D.C.,BOGOTA. D.C.,UNIVERSIDAD EL BOSQUE,
16,001,01,10,BOGOTA D.C.,BOGOTA. D.C.,SANTO TOMAS DE AQUINO,
16,001,01,11,BOGOTA D.C.,BOGOTA. D.C.,INSTITUTO PEDAGOGICO NACIONAL,
16,001,01,12,BOGOTA D.C.,BOGOTA. D.C.,CENTRO COMERCIAL UNICENTRO,
16,001,01,13,BOGOTA D.C.,BOGOTA. D.C.,PLAZA MEXICO,
16,001,01,14,BOGOTA D.C.,BOGOTA. D.C.,SANTA PAULA,
16,001,01,15,BOGOTA D.C.,BOGOTA. D.C.,CENTRO COMERCIAL HACIENDA SANTA BARBARA,
16,001,01,16,BOGOTA D.C.,BOGOTA. D.C.,COLEGIO MONTERROSALES,
16,001,01,17,BOGOTA D.C.,BOGOTA. D.C.,COLEGIO DISTRITAL TOBERIN SEDE A,
16,001,01,18,BOGOTA D.C.,BOGOTA. D.C.,PARQUE CEDRITOS,
16,001,01,19,BOGOTA D.C.,BOGOTA. D.C.,CEDRO GOLF,
16,001,01,20,BOGOTA D.C.,BOGOTA. D.C.,BUENAVISTA,
16,001,01,21,BOGOTA D.C.,BOGOTA. D.C.,CANAIMA,
16,001,01,22,BOGOTA D.C.,BOGOTA. D.C.,ALESSANDRO VOLTA,
16,001,01,23,BOGOTA D.C.,BOGOTA. D.C.,COLEGIO DISTRITAL USAQUEN SEDE A,
16,001,01,24,BOGOTA D.C.,BOGOTA. D.C.,COLEGIO DISTRITAL CRISTOBAL COLON,
16,001,01,25,BOGOTA D.C.,BOGOTA. D.C.,COLEGIO DISTRITAL DIVINO MAESTRO SEDE A,
16,001,01,26,BOGOTA D.C.,BOGOTA. D.C.,COLEGIO DISTRITAL DIVINO MAESTRO SEDE B,
16,001,01,27,BOGOTA D.C.,BOGOTA. D.C.,COLEGIO COLSUBSIDIO NORTE USAQUEN,
16,001,01,28,BOGOTA D.C.,BOGOTA. D.C.,COLEGIO GENERAL SANTANDER USAQUEN,
16,001,01,29,BOGOTA D.C.,BOGOTA. D.C.,"COLEGIO TOBERIN ""B""",
16,001,01,30,BOGOTA D.C.,BOGOTA. D.C.,COLEGIO FRIEDRICH NAUMANN SEDE A,
16,001,01,31,BOGOTA D.C.,BOGOTA. D.C.,COLEGIO FRIEDRICH NAUMANN SEDE B,
16,001,01,32,BOGOTA D.C.,BOGOTA. D.C.,VERBENAL SANTA MARIA,
16,001,01,33,BOGOTA D.C.,BOGOTA. D.C.,COLEGIO DISTRITAL SALUDCOOP NORTE,
16,001,01,34,BOGOTA D.C.,BOGOTA. D.C.,COLEGIO NUEVO HORIZONTE SEDE D TORCA,
16,001,01,35,BOGOTA D.C.,BOGOTA. D.C.,CARULLA,
16,001,01,36,BOGOTA D.C.,BOGOTA. D.C.,COLEGIO SAN FRANCISCO CL,
16,001,01,37,BOGOTA D.C.,BOGOTA. D.C.,COLEGIO BUEN CONSEJO,
16,001,01,38,BOGOTA D.C.,BOGOTA. D.C.,UNIVERSIDAD MILITAR,
16,001,01,39,BOGOTA D.C.,BOGOTA. D.C.,COLEGIO LA ESTRELLITA,
16,001,01,40,BOGOTA D.C.,BOGOTA. D.C.,COLEGIO ESCLAVAS DEL SAGRADO CORAZON,
16,001,01,41,BOGOTA D.C.,BOGOTA. D.C.,COLEGIO CARDENAL SANCHA,
16,001,01,42,BOGOTA D.C.,BOGOTA. D.C.,COLEGIO CAMPESTRE SAN JOSE,
16,001,01,43,BOGOTA D.C.,BOGOTA. D.C.,COLEGIO PROVINMA,
16,001,01,44,BOGOTA D.C.,BOGOTA. D.C.,COLEGIO EUCARISTICO VILLA GUADALUPE,
16,001,01,45,BOGOTA D.C.,BOGOTA. D.C.,ANGLO AMERICANO,
16,001,01,46,BOGOTA D.C.,BOGOTA. D.C.,COLEGIO PUREZA DE MARIA,
16,001,01,47,BOGOTA D.C.,BOGOTA. D.C.,CENTRO COMERCIAL BELAIRE PLAZA,
16,001,01,48,BOGOTA D.C.,BOGOTA. D.C.,CENTRO COMERCIAL PALATINO,
16,001,01,49,BOGOTA D.C.,BOGOTA. D.C.,FUNDACION ANA RESTREPO DEL CORRAL,
16,001,01,50,BOGOTA D.C.,BOGOTA. D.C.,SALON COMUNAL TIBABITA,
16,001,01,51,BOGOTA D.C.,BOGOTA. D.C.,I E AQUILEO PARRA SEDE PRIMARIA,
16,001,01,52,BOGOTA D.C.,BOGOTA. D.C.,COLEGIO MAYOR JOSE CELESTINO MUTIS,
16,001,01,53,BOGOTA D.C.,BOGOTA. D.C.,COLEGIO MARIA AUXILIADORA NORTE,
16,001,01,54,BOGOTA D.C.,BOGOTA. D.C.,SALON COMUNAL SAN CRISTOBAL NORTE,
16,001,01,55,BOGOTA D.C.,BOGOTA. D.C.,SALON COMUNAL VILLA NIDIA,
16,001,01,56,BOGOTA D.C.,BOGOTA. D.C.,COLEGIO AGUSTIN FERNANDEZ SEDE D,
16,001,01,57,BOGOTA D.C.,BOGOTA. D.C.,ESCUELA COLOMBIANA DE REHABILITACION,
16,001,01,58,BOGOTA D.C.,BOGOTA. D.C.,UNIVERSIDAD DE AMERICA SEDE POSGRADOS,
16,001,01,59,BOGOTA D.C.,BOGOTA. D.C.,COLEGIO USAQUEN SEDE B,
16,001,01,60,BOGOTA D.C.,BOGOTA. D.C.,COLEGIO ANGLO COLOMBIANO,
16,001,01,61,BOGOTA D.C.,BOGOTA. D.C.,THE ENGLISH SCHOOL,
16,001,01,62,BOGOTA D.C.,BOGOTA. D.C.,UNISANITAS,
16,001,02,01,BOGOTA D.C.,BOGOTA. D.C.,CHICO NORTE,
16,001,02,02,BOGOTA D.C.,BOGOTA. D.C.,CHICO RESERVADO,
16,001,02,03,BOGOTA D.C.,BOGOTA. D.C.,CHICO LICEO FRANCES LOUIS PASTEUR,
16,001,02,04,BOGOTA D.C.,BOGOTA. D.C.,ANTIGUO COUNTRY PLAZOLETA CARULLA,
16,001,02,05,BOGOTA D.C.,BOGOTA. D.C.,UNIVERSIDAD EAN,
16,001,02,06,BOGOTA D.C.,BOGOTA. D.C.,UNIVERSIDAD SERGIO ARBOLEDA,
16,001,02,07,BOGOTA D.C.,BOGOTA. D.C.,UNIVERSIDAD PEDAGOGICA NACIONAL,
16,001,02,08,BOGOTA D.C.,BOGOTA. D.C.,GRANADA COLEGIO SIMON RODRIGUEZ SEDE B,
16,001,02,09,BOGOTA D.C.,BOGOTA. D.C.,SENA CALLE,
16,001,02,10,BOGOTA D.C.,BOGOTA. D.C.,UNIVERSIDAD KONRAD LORENZ,
16,001,02,11,BOGOTA D.C.,BOGOTA. D.C.,SENA CALLE,
16,001,02,12,BOGOTA D.C.,BOGOTA. D.C.,UNIVERSIDAD PILOTO,
16,001,02,13,BOGOTA D.C.,BOGOTA. D.C.,COL CAMPESTRE MONTEVERDE SAN LUIS SD A,
16,001,02,14,BOGOTA D.C.,BOGOTA. D.C.,COLEGIO SIMON RODRIGUEZ SEDE A,
16,001,02,15,BOGOTA D.C.,BOGOTA. D.C.,UNIVERSIDAD DISTRITAL,
16,001,02,16,BOGOTA D.C.,BOGOTA. D.C.,CENTRO COMERCIAL DE LA,
16,001,02,17,BOGOTA D.C.,BOGOTA. D.C.,MUSEO DEL CHICO,
16,001,02,18,BOGOTA D.C.,BOGOTA. D.C.,SALON COMUNAL PARAISO EL TROPIHUECO,
16,001,02,19,BOGOTA D.C.,BOGOTA. D.C.,COLEGIO SAN MARTIN DE PORRES SEDE B,
16,001,02,20,BOGOTA D.C.,BOGOTA. D.C.,BETHLEMITAS-CALLE,
16,001,02,21,BOGOTA D.C.,BOGOTA. D.C.,U. SANTO TOMAS CLAUSTRO,
16,001,02,22,BOGOTA D.C.,BOGOTA. D.C.,EL AQUINATE U. SANTO TOMAS,
16,001,02,23,BOGOTA D.C.,BOGOTA. D.C.,COLEGIO NUEVO GIMNASIO,
16,001,02,24,BOGOTA D.C.,BOGOTA. D.C.,UNIVERSIDAD CATOLICA,
16,001,02,25,BOGOTA D.C.,BOGOTA. D.C.,UNIVERSIDAD DE LA SALLE,
16,001,02,26,BOGOTA D.C.,BOGOTA. D.C.,COLEGIO LICEO DE CERVANTES EL RETIRO,
16,001,02,27,BOGOTA D.C.,BOGOTA. D.C.,COLEGIO DEL ROSARIO DE SANTO DOMINGO,
16,001,02,28,BOGOTA D.C.,BOGOTA. D.C.,PARQUEADERO CHICO CALLE,
16,001,02,29,BOGOTA D.C.,BOGOTA. D.C.,UNIVERSIDAD AREA ANDINA,
16,001,02,30,BOGOTA D.C.,BOGOTA. D.C.,CHICO,
16,001,02,31,BOGOTA D.C.,BOGOTA. D.C.,UNIVERSIDAD JAVERIANA,
16,001,02,32,BOGOTA D.C.,BOGOTA. D.C.,CENTRO FELICIDAD CHAPINERO,
16,001,02,33,BOGOTA D.C.,BOGOTA. D.C.,SALON COMUNAL SAN ISIDRO,
16,001,02,34,BOGOTA D.C.,BOGOTA. D.C.,UNIVERSIDAD SAN MARTIN,
16,001,02,35,BOGOTA D.C.,BOGOTA. D.C.,COLEGIO CAMPESTRE MONTEVERDE SEDE B,
16,001,02,36,BOGOTA D.C.,BOGOTA. D.C.,COLEGIO SAN MARTIN DE PORRES SEDE A,
16,001,02,37,BOGOTA D.C.,BOGOTA. D.C.,COMPENSAR CALLE,
16,001,03,01,BOGOTA D.C.,BOGOTA. D.C.,CAMILO TORRES,
16,001,03,02,BOGOTA D.C.,BOGOTA. D.C.,LA PERSEVERANCIA,
16,001,03,03,BOGOTA D.C.,BOGOTA. D.C.,POLICARPA SALAVARRIETA,
16,001,03,04,BOGOTA D.C.,BOGOTA. D.C.,PALACIO SAN FRANCISCO,
16,001,03,05,BOGOTA D.C.,BOGOTA. D.C.,FACULTAD DE ARTES - ASAB,
16,001,03,06,BOGOTA D.C.,BOGOTA. D.C.,LOS LACHES,
16,001,03,07,BOGOTA D.C.,BOGOTA. D.C.,CENTRO ORIENTE,
16,001,03,08,BOGOTA D.C.,BOGOTA. D.C.,SAN BERNARDO,
16,001,03,09,BOGOTA D.C.,BOGOTA. D.C.,LAS CRUCES,
16,001,03,10,BOGOTA D.C.,BOGOTA. D.C.,GIRARDOT,
16,001,03,11,BOGOTA D.C.,BOGOTA. D.C.,EL CONSUELO,
16,001,03,12,BOGOTA D.C.,BOGOTA. D.C.,MEDICINA LEGAL,
16,001,03,13,BOGOTA D.C.,BOGOTA. D.C.,LAS AGUAS,
16,001,03,14,BOGOTA D.C.,BOGOTA. D.C.,LAS NIEVES,
16,001,03,15,BOGOTA D.C.,BOGOTA. D.C.,EL VERJON,
16,001,03,16,BOGOTA D.C.,BOGOTA. D.C.,EL GRAN SAN,
16,001,03,17,BOGOTA D.C.,BOGOTA. D.C.,COLEGIO RAMON JIMENO,
16,001,03,18,BOGOTA D.C.,BOGOTA. D.C.,COLEGIO LA GIRALDA,
16,001,03,19,BOGOTA D.C.,BOGOTA. D.C.,UNIVERSIDAD JORGE TADEO LOZANO,
16,001,03,20,BOGOTA D.C.,BOGOTA. D.C.,UNIVERSIDAD INCCA DE COLOMBIA,
16,001,03,21,BOGOTA D.C.,BOGOTA. D.C.,CENTRO COMERCIAL SAN MARTIN,
16,001,03,22,BOGOTA D.C.,BOGOTA. D.C.,UNIV ANTONIO NARIÑO SANTA FE,
16,001,03,23,BOGOTA D.C.,BOGOTA. D.C.,UNIVERSIDAD CENTRAL,
16,001,03,24,BOGOTA D.C.,BOGOTA. D.C.,COLEGIO LOS PINOS I.E.D. SEDE A,
16,001,04,01,BOGOTA D.C.,BOGOTA. D.C.,LAS BRISAS,
16,001,04,02,BOGOTA D.C.,BOGOTA. D.C.,SANTA ANA SUR,
16,001,04,03,BOGOTA D.C.,BOGOTA. D.C.,SAN CRISTOBAL SUR,
16,001,04,04,BOGOTA D.C.,BOGOTA. D.C.,LAS MERCEDES,
16,001,04,05,BOGOTA D.C.,BOGOTA. D.C.,SAN BLAS,
16,001,04,06,BOGOTA D.C.,BOGOTA. D.C.,PRIMERA DE MAYO,
16,001,04,07,BOGOTA D.C.,BOGOTA. D.C.,SOSIEGO,
16,001,04,08,BOGOTA D.C.,BOGOTA. D.C.,JUAN DEL RIZZO,
16,001,04,09,BOGOTA D.C.,BOGOTA. D.C.,MONTEBELLO,
16,001,04,10,BOGOTA D.C.,BOGOTA. D.C.,RAMAJAL,
16,001,04,11,BOGOTA D.C.,BOGOTA. D.C.,BELLO HORIZONTE,
16,001,04,12,BOGOTA D.C.,BOGOTA. D.C.,SAN ISIDRO,
16,001,04,13,BOGOTA D.C.,BOGOTA. D.C.,PARQUEADERO GUACAMAYAS,
16,001,04,14,BOGOTA D.C.,BOGOTA. D.C.,SAN MARTIN DE LOBA SUR,
16,001,04,15,BOGOTA D.C.,BOGOTA. D.C.,BELLAVISTA SAN CRISTOBAL,
16,001,04,16,BOGOTA D.C.,BOGOTA. D.C.,CDC LA VICTORIA,
16,001,04,17,BOGOTA D.C.,BOGOTA. D.C.,ALTAMIRA,
16,001,04,18,BOGOTA D.C.,BOGOTA. D.C.,EL QUINDIO,
16,001,04,19,BOGOTA D.C.,BOGOTA. D.C.,REPUBLICA DEL CANADA,
16,001,04,20,BOGOTA D.C.,BOGOTA. D.C.,LA GLORIA,
16,001,04,21,BOGOTA D.C.,BOGOTA. D.C.,JUAN REY,
16,001,04,22,BOGOTA D.C.,BOGOTA. D.C.,VILLA DE LOS ALPES,
16,001,04,23,BOGOTA D.C.,BOGOTA. D.C.,LOS LIBERTADORES,
16,001,04,24,BOGOTA D.C.,BOGOTA. D.C.,SAN PEDRO SUR ORIENTAL,
16,001,04,25,BOGOTA D.C.,BOGOTA. D.C.,VILLA DEL CERRO,
16,001,04,26,BOGOTA D.C.,BOGOTA. D.C.,CANADA GUIRA,
16,001,04,27,BOGOTA D.C.,BOGOTA. D.C.,ARBOLEDA SUR,
16,001,04,28,BOGOTA D.C.,BOGOTA. D.C.,,
16,001,04,29,BOGOTA D.C.,BOGOTA. D.C.,COLISEO DEPORTIVO PRIMERA DE MAYO,
16,001,04,30,BOGOTA D.C.,BOGOTA. D.C.,SAN GERONIMO,
16,001,04,31,BOGOTA D.C.,BOGOTA. D.C.,SURAMERICA,
16,001,04,32,BOGOTA D.C.,BOGOTA. D.C.,SAN VICENTE COLSUBSIDIO,
16,001,04,33,BOGOTA D.C.,BOGOTA. D.C.,GUACAMAYAS II,
16,001,04,34,BOGOTA D.C.,BOGOTA. D.C.,ESCUELA LA VICTORIA B,
16,001,04,35,BOGOTA D.C.,BOGOTA. D.C.,JUANA ESCOBAR SEDE A,
16,001,04,36,BOGOTA D.C.,BOGOTA. D.C.,ROMA COLSUBSIDIO,
16,001,04,37,BOGOTA D.C.,BOGOTA. D.C.,LA GLORIA- ESCUELA ALTAMIRA,
16,001,04,38,BOGOTA D.C.,BOGOTA. D.C.,RAMAJAL AMAPOLAS,
16,001,04,39,BOGOTA D.C.,BOGOTA. D.C.,EL RODEO SEDE B LA GLORIA,
16,001,04,40,BOGOTA D.C.,BOGOTA. D.C.,EL PORTAL,
16,001,04,41,BOGOTA D.C.,BOGOTA. D.C.,LA CASTAÑA,
16,001,04,42,BOGOTA D.C.,BOGOTA. D.C.,SALON COMUNAL ATENAS,
16,001,04,43,BOGOTA D.C.,BOGOTA. D.C.,ASOCIACION NAL DE UNION CAMPESINA ACNU,
16,001,04,44,BOGOTA D.C.,BOGOTA. D.C.,LA BELLEZA,
16,001,04,45,BOGOTA D.C.,BOGOTA. D.C.,AGUAS CLARAS,
16,001,04,46,BOGOTA D.C.,BOGOTA. D.C.,SALON COMUNAL LA ROCA,
16,001,04,47,BOGOTA D.C.,BOGOTA. D.C.,LAS MERCEDES II,
16,001,04,48,BOGOTA D.C.,BOGOTA. D.C.,MONTEBELLO SEDE B,
16,001,04,49,BOGOTA D.C.,BOGOTA. D.C.,EL RODEO SEDE A,
16,001,04,50,BOGOTA D.C.,BOGOTA. D.C.,MORALBA,
16,001,04,51,BOGOTA D.C.,BOGOTA. D.C.,NUEVA DELHI,
16,001,04,52,BOGOTA D.C.,BOGOTA. D.C.,TOMAS RUEDA VARGAS SEDE B,
16,001,04,53,BOGOTA D.C.,BOGOTA. D.C.,ENTRE NUBES SEDE A,
16,001,04,54,BOGOTA D.C.,BOGOTA. D.C.,SALON COMUNAL SAN ISIDRO II SECTOR,
16,001,04,55,BOGOTA D.C.,BOGOTA. D.C.,COLEGIO LA VICTORIA SEDE A,
16,001,04,56,BOGOTA D.C.,BOGOTA. D.C.,COLEGIO ATENAS IED,
16,001,04,57,BOGOTA D.C.,BOGOTA. D.C.,COLEGIO RAFAEL NUÑEZ IED SEDE B,
16,001,04,58,BOGOTA D.C.,BOGOTA. D.C.,IED GLORIA VALENCIA DE CASTAÑO,
16,001,05,01,BOGOTA D.C.,BOGOTA. D.C.,USME,
16,001,05,02,BOGOTA D.C.,BOGOTA. D.C.,EL DESTINO,
16,001,05,03,BOGOTA D.C.,BOGOTA. D.C.,MONTEBLANCO,
16,001,05,04,BOGOTA D.C.,BOGOTA. D.C.,SANTA MARTA,
16,001,05,05,BOGOTA D.C.,BOGOTA. D.C.,SANTA LIBRADA,
16,001,05,06,BOGOTA D.C.,BOGOTA. D.C.,ALMIRANTE PADILLA,
16,001,05,07,BOGOTA D.C.,BOGOTA. D.C.,USMINIA,
16,001,05,08,BOGOTA D.C.,BOGOTA. D.C.,MARICHUELA,
16,001,05,09,BOGOTA D.C.,BOGOTA. D.C.,LA AURORA,
16,001,05,10,BOGOTA D.C.,BOGOTA. D.C.,CHUNIZA,
16,001,05,11,BOGOTA D.C.,BOGOTA. D.C.,LA FLORA,
16,001,05,12,BOGOTA D.C.,BOGOTA. D.C.,EL HATO,
16,001,05,13,BOGOTA D.C.,BOGOTA. D.C.,LOS COMUNEROS,
16,001,05,14,BOGOTA D.C.,BOGOTA. D.C.,EL VIRREY,
16,001,05,15,BOGOTA D.C.,BOGOTA. D.C.,EL DANUBIO AZUL,
16,001,05,16,BOGOTA D.C.,BOGOTA. D.C.,JUAN JOSE RONDON,
16,001,05,17,BOGOTA D.C.,BOGOTA. D.C.,LA FORTALEZA,
16,001,05,18,BOGOTA D.C.,BOGOTA. D.C.,EL BOSQUE,
16,001,05,19,BOGOTA D.C.,BOGOTA. D.C.,VILLA HERMOSA,
16,001,05,20,BOGOTA D.C.,BOGOTA. D.C.,VALLES DE CAFAM,
16,001,05,21,BOGOTA D.C.,BOGOTA. D.C.,LA FISCALA,
16,001,05,22,BOGOTA D.C.,BOGOTA. D.C.,PORTAL USME,
16,001,05,23,BOGOTA D.C.,BOGOTA. D.C.,BRASILIA,
16,001,05,24,BOGOTA D.C.,BOGOTA. D.C.,EL CORTIJO USME,
16,001,05,25,BOGOTA D.C.,BOGOTA. D.C.,TENERIFE,
16,001,05,26,BOGOTA D.C.,BOGOTA. D.C.,GRAN YOMASA,
16,001,05,27,BOGOTA D.C.,BOGOTA. D.C.,CABAÑAS,
16,001,05,28,BOGOTA D.C.,BOGOTA. D.C.,LOS TEJARES,
16,001,05,29,BOGOTA D.C.,BOGOTA. D.C.,COLEGIO FERNANDO GONZALEZ OCHOA,
16,001,05,30,BOGOTA D.C.,BOGOTA. D.C.,ALFONSO LOPEZ,
16,001,05,31,BOGOTA D.C.,BOGOTA. D.C.,LA ALBORADA,
16,001,05,32,BOGOTA D.C.,BOGOTA. D.C.,UVAL - PUERTA AL LLANO,
16,001,05,33,BOGOTA D.C.,BOGOTA. D.C.,VILLA ALEMANIA,
16,001,05,34,BOGOTA D.C.,BOGOTA. D.C.,USME - CENTRO,
16,001,05,35,BOGOTA D.C.,BOGOTA. D.C.,BRAZUELOS,
16,001,05,36,BOGOTA D.C.,BOGOTA. D.C.,CDC JULIO CESAR SANCHEZ,
16,001,05,37,BOGOTA D.C.,BOGOTA. D.C.,VIA AL LLANO,
16,001,05,38,BOGOTA D.C.,BOGOTA. D.C.,NUSADAL,
16,001,05,39,BOGOTA D.C.,BOGOTA. D.C.,JARDIN INFANTIL LA FORTALEZA DEL OSO,
16,001,05,40,BOGOTA D.C.,BOGOTA. D.C.,COLEGIO RURAL EL UVAL,
16,001,05,41,BOGOTA D.C.,BOGOTA. D.C.,BOLONIA,
16,001,05,42,BOGOTA D.C.,BOGOTA. D.C.,COLEGIO JOSE EUSTASIO RIVERA,
16,001,05,43,BOGOTA D.C.,BOGOTA. D.C.,COLEGIO ANDRES ESCOBAR,
16,001,05,44,BOGOTA D.C.,BOGOTA. D.C.,CENTRO COMERCIAL ALTAVISTA,
16,001,05,45,BOGOTA D.C.,BOGOTA. D.C.,SANTA LIBRADA,
16,001,05,46,BOGOTA D.C.,BOGOTA. D.C.,MIRAVALLE,
16,001,05,47,BOGOTA D.C.,BOGOTA. D.C.,NUEVO PORVENIR,
16,001,05,48,BOGOTA D.C.,BOGOTA. D.C.,SALON COMUNAL ALFONSO LOPEZ,
16,001,05,49,BOGOTA D.C.,BOGOTA. D.C.,SALON COMUNAL LOS COMUNEROS,
16,001,05,50,BOGOTA D.C.,BOGOTA. D.C.,S. COMUNAL URBANIZACION NUEVA COSTARICA,
16,001,05,51,BOGOTA D.C.,BOGOTA. D.C.,SALON COMUNAL CENTRAL SANTAMARTA,
16,001,05,52,BOGOTA D.C.,BOGOTA. D.C.,COLEGIO JUAN LUIS LONDOÑO - IED,
16,001,05,53,BOGOTA D.C.,BOGOTA. D.C.,COLEGIO ISIDRO MOLINA,
16,001,06,01,BOGOTA D.C.,BOGOTA. D.C.,TUNJUELITO A,
16,001,06,02,BOGOTA D.C.,BOGOTA. D.C.,"FATIMA ""A""",
16,001,06,03,BOGOTA D.C.,BOGOTA. D.C.,ABRAHAM LINCOLN,
16,001,06,04,BOGOTA D.C.,BOGOTA. D.C.,SAN CARLOS,
16,001,06,05,BOGOTA D.C.,BOGOTA. D.C.,SAN BENITO,
16,001,06,06,BOGOTA D.C.,BOGOTA. D.C.,"EL TUNAL ""A""",
16,001,06,07,BOGOTA D.C.,BOGOTA. D.C.,"EL CARMEN SUR ""A""",
16,001,06,08,BOGOTA D.C.,BOGOTA. D.C.,SAN VICENTE FERRER,
16,001,06,09,BOGOTA D.C.,BOGOTA. D.C.,VENECIA A,
16,001,06,10,BOGOTA D.C.,BOGOTA. D.C.,"NUEVO MUZU ""A""",
16,001,06,11,BOGOTA D.C.,BOGOTA. D.C.,ISLA DEL SOL,
16,001,06,12,BOGOTA D.C.,BOGOTA. D.C.,VENECIA B,
16,001,06,13,BOGOTA D.C.,BOGOTA. D.C.,TUNJUELITO B,
16,001,06,14,BOGOTA D.C.,BOGOTA. D.C.,"EL TUNAL ""B""",
16,001,06,15,BOGOTA D.C.,BOGOTA. D.C.,"EL CARMEN SUR ""B""",
16,001,06,16,BOGOTA D.C.,BOGOTA. D.C.,"FATIMA ""B""",
16,001,06,17,BOGOTA D.C.,BOGOTA. D.C.,"NUEVO MUZO ""B""",
16,001,06,18,BOGOTA D.C.,BOGOTA. D.C.,JARDIN INFANTIL ISLA DEL SOL,
16,001,06,19,BOGOTA D.C.,BOGOTA. D.C.,LICEO SANTA BERNARDITA,
16,001,06,20,BOGOTA D.C.,BOGOTA. D.C.,COLEGIO COOPERATIVO VENECIA,
16,001,06,21,BOGOTA D.C.,BOGOTA. D.C.,COOPERATIVO NUEVO MUZU,
16,001,06,22,BOGOTA D.C.,BOGOTA. D.C.,LICEO CAMPESTRE CAFAM,
16,001,06,23,BOGOTA D.C.,BOGOTA. D.C.,NUESTRA SEÑORA LAS VICTORIAS,
16,001,06,24,BOGOTA D.C.,BOGOTA. D.C.,SANTA CECILIA DE TUNJUELITO,
16,001,06,25,BOGOTA D.C.,BOGOTA. D.C.,CASA DE JUSTICIA DE TUNJUELITO,
16,001,06,26,BOGOTA D.C.,BOGOTA. D.C.,PORFIRIO BARBA JACOB,
16,001,06,27,BOGOTA D.C.,BOGOTA. D.C.,SAN BENITO ABAD,
16,001,06,28,BOGOTA D.C.,BOGOTA. D.C.,CIUDAD BOGOTA SEDE B,
16,001,06,29,BOGOTA D.C.,BOGOTA. D.C.,PARROQUIAL SAN CARLOS,
16,001,06,30,BOGOTA D.C.,BOGOTA. D.C.,JARDIN INFANTIL CARMEN SUR,
16,001,06,31,BOGOTA D.C.,BOGOTA. D.C.,INSTITUTO TECNICO PILOTO SEDE C,
16,001,06,32,BOGOTA D.C.,BOGOTA. D.C.,SALON COMUNAL ISLA DEL SOL,
16,001,06,33,BOGOTA D.C.,BOGOTA. D.C.,JARDIN INFANTIL PABLO DE TARSO,
16,001,06,34,BOGOTA D.C.,BOGOTA. D.C.,COLEGIO DISTRITAL MARCO FIDEL ZUAREZ,
16,001,06,35,BOGOTA D.C.,BOGOTA. D.C.,SALON COMUNAL BARRIO EL CARMEN,
16,001,06,36,BOGOTA D.C.,BOGOTA. D.C.,SALON COMUNAL VENECIA,
16,001,06,37,BOGOTA D.C.,BOGOTA. D.C.,CENTRO FELICIDAD,
16,001,07,01,BOGOTA D.C.,BOGOTA. D.C.,BOSA,
16,001,07,02,BOGOTA D.C.,BOGOTA. D.C.,VILLA DEL RIO,
16,001,07,03,BOGOTA D.C.,BOGOTA. D.C.,JOSE ANTONIO GALAN,
16,001,07,04,BOGOTA D.C.,BOGOTA. D.C.,LA AMISTAD,
16,001,07,05,BOGOTA D.C.,BOGOTA. D.C.,CARLOS ALBAN,
16,001,07,06,BOGOTA D.C.,BOGOTA. D.C.,LA LIBERTAD,
16,001,07,07,BOGOTA D.C.,BOGOTA. D.C.,PIAMONTE,
16,001,07,08,BOGOTA D.C.,BOGOTA. D.C.,LA ESTACION,
16,001,07,09,BOGOTA D.C.,BOGOTA. D.C.,LAURELES,
16,001,07,10,BOGOTA D.C.,BOGOTA. D.C.,PALESTINA,
16,001,07,11,BOGOTA D.C.,BOGOTA. D.C.,ORLANDO HIGUITA,
16,001,07,12,BOGOTA D.C.,BOGOTA. D.C.,BOSA PAULO VI,
16,001,07,13,BOGOTA D.C.,BOGOTA. D.C.,BOSA BRASILIA,
16,001,07,14,BOGOTA D.C.,BOGOTA. D.C.,ISLANDIA,
16,001,07,15,BOGOTA D.C.,BOGOTA. D.C.,JIMENEZ DE QUESADA,
16,001,07,16,BOGOTA D.C.,BOGOTA. D.C.,SAN BERNARDINO,
16,001,07,17,BOGOTA D.C.,BOGOTA. D.C.,BOSA SAN JOSE,
16,001,07,18,BOGOTA D.C.,BOGOTA. D.C.,SURBANA,
16,001,07,19,BOGOTA D.C.,BOGOTA. D.C.,NUEVO CHILE,
16,001,07,20,BOGOTA D.C.,BOGOTA. D.C.,SANTA FE DE BOSA,
16,001,07,21,BOGOTA D.C.,BOGOTA. D.C.,EL PORVENIR,
16,001,07,22,BOGOTA D.C.,BOGOTA. D.C.,EL RECREO,
16,001,07,23,BOGOTA D.C.,BOGOTA. D.C.,LA ESPERANZA,
16,001,07,24,BOGOTA D.C.,BOGOTA. D.C.,FRANCISCO DE PAULA SANTANDER,
16,001,07,25,BOGOTA D.C.,BOGOTA. D.C.,PABLO DE TARSO,
16,001,07,26,BOGOTA D.C.,BOGOTA. D.C.,ATALAYAS,
16,001,07,27,BOGOTA D.C.,BOGOTA. D.C.,EL RECUERDO SANTAFE,
16,001,07,28,BOGOTA D.C.,BOGOTA. D.C.,FE Y ALEGRIA SAN IGNACIO,
16,001,07,29,BOGOTA D.C.,BOGOTA. D.C.,CIUDADELA EL PORVENIR,
16,001,07,30,BOGOTA D.C.,BOGOTA. D.C.,CARLOS PIZARRO LEON GOMEZ,
16,001,07,31,BOGOTA D.C.,BOGOTA. D.C.,NUEVO CARLOS ALBAN,
16,001,07,32,BOGOTA D.C.,BOGOTA. D.C.,LAURELES II,
16,001,07,33,BOGOTA D.C.,BOGOTA. D.C.,NUEVA ESTACION,
16,001,07,34,BOGOTA D.C.,BOGOTA. D.C.,LA INDEPENDENCIA,
16,001,07,35,BOGOTA D.C.,BOGOTA. D.C.,BOSANOVA,
16,001,07,36,BOGOTA D.C.,BOGOTA. D.C.,LLANO ORIENTAL,
16,001,07,37,BOGOTA D.C.,BOGOTA. D.C.,CARBONELL,
16,001,07,38,BOGOTA D.C.,BOGOTA. D.C.,NUEVA GRANADA BOSA,
16,001,07,39,BOGOTA D.C.,BOGOTA. D.C.,NARANJOS,
16,001,07,40,BOGOTA D.C.,BOGOTA. D.C.,CAMPO VERDE - POTRERITOS,
16,001,07,41,BOGOTA D.C.,BOGOTA. D.C.,CLARETIANO,
16,001,07,42,BOGOTA D.C.,BOGOTA. D.C.,VILLA DEL RIO II,
16,001,07,43,BOGOTA D.C.,BOGOTA. D.C.,HOLANDA,
16,001,07,44,BOGOTA D.C.,BOGOTA. D.C.,PORTAL DE BRASIL,
16,001,07,45,BOGOTA D.C.,BOGOTA. D.C.,RECREO MICHELSEN,
16,001,07,46,BOGOTA D.C.,BOGOTA. D.C.,CEDID SAN PABLO,
16,001,07,47,BOGOTA D.C.,BOGOTA. D.C.,LA ACUARELA,
16,001,07,48,BOGOTA D.C.,BOGOTA. D.C.,MIGUEL ANGEL ASTURIAS,
16,001,07,49,BOGOTA D.C.,BOGOTA. D.C.,COLISEO LA PALESTINA,
16,001,07,50,BOGOTA D.C.,BOGOTA. D.C.,ALFREDO NOBEL,
16,001,07,51,BOGOTA D.C.,BOGOTA. D.C.,MANUEL ELKIN PATARROYO,
16,001,07,52,BOGOTA D.C.,BOGOTA. D.C.,PARQUE AUTOPISTA SUR PAVCO,
16,001,07,53,BOGOTA D.C.,BOGOTA. D.C.,JARDIN INFANTIL OLARTE,
16,001,07,54,BOGOTA D.C.,BOGOTA. D.C.,GIMNASIO LOS SAUCES,
16,001,07,55,BOGOTA D.C.,BOGOTA. D.C.,CLARETIANO EL LIBERTADOR,
16,001,07,56,BOGOTA D.C.,BOGOTA. D.C.,GIMNASIO REAL AMERICANO,
16,001,07,57,BOGOTA D.C.,BOGOTA. D.C.,LICEO CIUDAD CAPITAL,
16,001,07,58,BOGOTA D.C.,BOGOTA. D.C.,JUAN MAXIMILIANO AMBROSIO,
16,001,07,59,BOGOTA D.C.,BOGOTA. D.C.,INSTITUTO GUIMARC,
16,001,07,60,BOGOTA D.C.,BOGOTA. D.C.,COLEGIO COLSUBSIDIO CHICALA,
16,001,07,61,BOGOTA D.C.,BOGOTA. D.C.,COLEGIO CIUDADANOS DEL FUTURO,
16,001,07,62,BOGOTA D.C.,BOGOTA. D.C.,CC GRAN PLAZA BOSA,
16,001,07,63,BOGOTA D.C.,BOGOTA. D.C.,LA CONCEPCION,
16,001,07,64,BOGOTA D.C.,BOGOTA. D.C.,VILLAS DEL PROGRESO,
16,001,07,65,BOGOTA D.C.,BOGOTA. D.C.,LICEO LOPEZ OSORIO,
16,001,07,66,BOGOTA D.C.,BOGOTA. D.C.,SOLEDAD ACOSTA DE SAMPER,
16,001,07,67,BOGOTA D.C.,BOGOTA. D.C.,CLARELANDIA,
16,001,07,68,BOGOTA D.C.,BOGOTA. D.C.,COLEGIO JORGE ISAACS,
16,001,07,69,BOGOTA D.C.,BOGOTA. D.C.,GIMNASIO GARABATOS DE COLORES,
16,001,07,70,BOGOTA D.C.,BOGOTA. D.C.,PARQUES DE BOGOTA,
16,001,07,71,BOGOTA D.C.,BOGOTA. D.C.,BICENTENARIO DE LA INDEPENDENCIA,
16,001,07,72,BOGOTA D.C.,BOGOTA. D.C.,ESMERALDA ARBOLEDA,
16,001,07,73,BOGOTA D.C.,BOGOTA. D.C.,EL MOTORISTA,
16,001,07,74,BOGOTA D.C.,BOGOTA. D.C.,CHARLES DE GAULLE,
16,001,07,75,BOGOTA D.C.,BOGOTA. D.C.,LAURA HERRERA,
16,001,07,76,BOGOTA D.C.,BOGOTA. D.C.,RODRIGO DE BASTIDAS,
16,001,07,77,BOGOTA D.C.,BOGOTA. D.C.,SONIA OSORIO,
16,001,07,78,BOGOTA D.C.,BOGOTA. D.C.,VILLAS DEL PROGRESO PRIMERA INFANCIA,
16,001,07,79,BOGOTA D.C.,BOGOTA. D.C.,SENDEROS DE PORVENIR PRIMERA INFANCIA,
16,001,07,80,BOGOTA D.C.,BOGOTA. D.C.,JUMBO AUTOPISTA SUR,
16,001,08,01,BOGOTA D.C.,BOGOTA. D.C.,COLEGIO DISTRITAL CLASS SEDE A,
16,001,08,02,BOGOTA D.C.,BOGOTA. D.C.,COL. CLASS IED SEDE C,
16,001,08,03,BOGOTA D.C.,BOGOTA. D.C.,COLEGIO DISTRITAL VILLA RICA - SEDE A,
16,001,08,04,BOGOTA D.C.,BOGOTA. D.C.,CATALINA,
16,001,08,05,BOGOTA D.C.,BOGOTA. D.C.,CASABLANCA,
16,001,08,06,BOGOTA D.C.,BOGOTA. D.C.,BRITALIA,
16,001,08,07,BOGOTA D.C.,BOGOTA. D.C.,COLEGIO DISTRITAL SAN JOSE IED SEDE A,
16,001,08,08,BOGOTA D.C.,BOGOTA. D.C.,LOS PERIODISTAS,
16,001,08,09,BOGOTA D.C.,BOGOTA. D.C.,CARLOS ARTURO TORRES,
16,001,08,10,BOGOTA D.C.,BOGOTA. D.C.,LA CHUCUA,
16,001,08,11,BOGOTA D.C.,BOGOTA. D.C.,COLEGIO ALFONSO LOPEZ PUMAREJO,
16,001,08,12,BOGOTA D.C.,BOGOTA. D.C.,FRANCISCO MIRANDA,
16,001,08,13,BOGOTA D.C.,BOGOTA. D.C.,LAS AMERICAS SEDE A,
16,001,08,14,BOGOTA D.C.,BOGOTA. D.C.,COLEGIO TOM ADAMS,
16,001,08,15,BOGOTA D.C.,BOGOTA. D.C.,JOHN F. KENNEDY,
16,001,08,16,BOGOTA D.C.,BOGOTA. D.C.,EL JAPON,
16,001,08,17,BOGOTA D.C.,BOGOTA. D.C.,POLIDEPORTIVO CAYETANO CAÑIZARES,
16,001,08,18,BOGOTA D.C.,BOGOTA. D.C.,EL SAUCEDAL,
16,001,08,19,BOGOTA D.C.,BOGOTA. D.C.,COLEGIO DISTRITAL MANUEL ZAPATA OLIVELLA,
16,001,08,20,BOGOTA D.C.,BOGOTA. D.C.,FRANCISCO JOSE DE CALDAS - INEM SEDE B,
16,001,08,21,BOGOTA D.C.,BOGOTA. D.C.,COLEGIO C.E.L.C.O. SAN LUCAS,
16,001,08,22,BOGOTA D.C.,BOGOTA. D.C.,PROSPERO PINZON,
16,001,08,23,BOGOTA D.C.,BOGOTA. D.C.,COLEGIO LA AMISTAD,
16,001,08,24,BOGOTA D.C.,BOGOTA. D.C.,LOS HEROES,
16,001,08,25,BOGOTA D.C.,BOGOTA. D.C.,COLEGIO OEA,
16,001,08,26,BOGOTA D.C.,BOGOTA. D.C.,FLORALIA,
16,001,08,27,BOGOTA D.C.,BOGOTA. D.C.,CARVAJAL II SEDE ANTONIA SANTOS I,
16,001,08,28,BOGOTA D.C.,BOGOTA. D.C.,VILLA ADRIANA,
16,001,08,29,BOGOTA D.C.,BOGOTA. D.C.,SUPERIOR AMERICANO,
16,001,08,30,BOGOTA D.C.,BOGOTA. D.C.,LA FLORESTA SUR,
16,001,08,31,BOGOTA D.C.,BOGOTA. D.C.,MARSELLA,
16,001,08,32,BOGOTA D.C.,BOGOTA. D.C.,ALOHA,
16,001,08,33,BOGOTA D.C.,BOGOTA. D.C.,MANDALAY - COLEGIO KENNEDY,
16,001,08,34,BOGOTA D.C.,BOGOTA. D.C.,PIO XII - SEDE COLEGIO ISABEL II,
16,001,08,35,BOGOTA D.C.,BOGOTA. D.C.,COLEGIO NUEVA CASTILLA,
16,001,08,36,BOGOTA D.C.,BOGOTA. D.C.,VILLANUEVA,
16,001,08,37,BOGOTA D.C.,BOGOTA. D.C.,COL.  DISTRITAL JAIRO ANIBAL NIÑO,
16,001,08,38,BOGOTA D.C.,BOGOTA. D.C.,VISION DE COLOMBIA,
16,001,08,39,BOGOTA D.C.,BOGOTA. D.C.,SALÓN COMUNAL ALMENAR,
16,001,08,40,BOGOTA D.C.,BOGOTA. D.C.,COLEGIO ALQUERIA,
16,001,08,41,BOGOTA D.C.,BOGOTA. D.C.,BOITA,
16,001,08,42,BOGOTA D.C.,BOGOTA. D.C.,COL DE TIMIZA,
16,001,08,43,BOGOTA D.C.,BOGOTA. D.C.,COL. DIS. HERNANDO DURÁN DUSSAN,
16,001,08,44,BOGOTA D.C.,BOGOTA. D.C.,COL. DIS. RODRIGO DE TRIANA - SEDE B,
16,001,08,45,BOGOTA D.C.,BOGOTA. D.C.,COL. DIS. EDUARDO UMAÑA LUNA,
16,001,08,46,BOGOTA D.C.,BOGOTA. D.C.,LICEO EL CASTILLO,
16,001,08,47,BOGOTA D.C.,BOGOTA. D.C.,MILENIO PLAZA,
16,001,08,48,BOGOTA D.C.,BOGOTA. D.C.,COL. GABRIEL BETANCOURT MEJIA,
16,001,08,49,BOGOTA D.C.,BOGOTA. D.C.,MARIA PAZ,
16,001,08,50,BOGOTA D.C.,BOGOTA. D.C.,COLEGIO NELSON MANDELA,
16,001,08,51,BOGOTA D.C.,BOGOTA. D.C.,COLEGIO GUSTAVO ROJAS PINILLA,
16,001,08,52,BOGOTA D.C.,BOGOTA. D.C.,COLEGIO CLASS I D E SEDE B ROMA,
16,001,08,53,BOGOTA D.C.,BOGOTA. D.C.,GEMA,
16,001,08,54,BOGOTA D.C.,BOGOTA. D.C.,COL. DISTRITAL VILLA RICA - SEDE B,
16,001,08,55,BOGOTA D.C.,BOGOTA. D.C.,COLEGIO JAIME GARZON,
16,001,08,56,BOGOTA D.C.,BOGOTA. D.C.,COLEGIO DEBORA ARANGO,
16,001,08,57,BOGOTA D.C.,BOGOTA. D.C.,COL. DIS. CAFAM BELLAVISTA,
16,001,08,58,BOGOTA D.C.,BOGOTA. D.C.,COL. DIST SALUDCOOP SUR,
16,001,08,59,BOGOTA D.C.,BOGOTA. D.C.,MANUEL CEPEDA,
16,001,08,60,BOGOTA D.C.,BOGOTA. D.C.,CENTRO COMERCIAL EL EDEN,
16,001,08,61,BOGOTA D.C.,BOGOTA. D.C.,SANTA MARIA DE KENNEDY,
16,001,08,62,BOGOTA D.C.,BOGOTA. D.C.,COLEGIO PAULO VI SEDE A,
16,001,08,63,BOGOTA D.C.,BOGOTA. D.C.,CENTRO DE DESARROLLO COMUNITARIO KENNEDY,
16,001,08,64,BOGOTA D.C.,BOGOTA. D.C.,COLEGIO RODRIGO DE TRIANA,
16,001,08,65,BOGOTA D.C.,BOGOTA. D.C.,COLEGIO DARIO ECHANDIA,
16,001,08,66,BOGOTA D.C.,BOGOTA. D.C.,SAN FRANCISCO EN EL TINTAL,
16,001,08,67,BOGOTA D.C.,BOGOTA. D.C.,CENTRO COMERCIAL CIUDAD TINTAL,
16,001,08,68,BOGOTA D.C.,BOGOTA. D.C.,UNIVERSIDAD UNIAGUSTINIANA,
16,001,08,69,BOGOTA D.C.,BOGOTA. D.C.,SAN JOSE DE CASTILLA SEDE A,
16,001,08,70,BOGOTA D.C.,BOGOTA. D.C.,COLEGIO FE Y ALEGRIA,
16,001,08,71,BOGOTA D.C.,BOGOTA. D.C.,COLEGIO JEAN PIAGET,
16,001,08,72,BOGOTA D.C.,BOGOTA. D.C.,COLEGIO SAN PEDRO CLAVER SEDE A,
16,001,08,73,BOGOTA D.C.,BOGOTA. D.C.,COL. TERESA MARTINEZ DE VARELA,
16,001,08,74,BOGOTA D.C.,BOGOTA. D.C.,COLEGIO DISTRITAL JACKELINE,
16,001,08,75,BOGOTA D.C.,BOGOTA. D.C.,COLEGIO LUZ Y VIDA,
16,001,08,76,BOGOTA D.C.,BOGOTA. D.C.,FERNANDO SOTO APARICIO SEDE B,
16,001,08,77,BOGOTA D.C.,BOGOTA. D.C.,SALON COMUNAL MONTERREY,
16,001,08,78,BOGOTA D.C.,BOGOTA. D.C.,CENTRO COMERCIAL TINTAL PLAZA,
16,001,08,79,BOGOTA D.C.,BOGOTA. D.C.,SAGRADO CORAZON,
16,001,08,80,BOGOTA D.C.,BOGOTA. D.C.,COLEGIO DIST. CODEMA,
16,001,08,81,BOGOTA D.C.,BOGOTA. D.C.,SALON COMUNAL ROMA IV,
16,001,08,82,BOGOTA D.C.,BOGOTA. D.C.,INEM FRANCISCO DE PAULA SANTANDER SEDE A,
16,001,08,83,BOGOTA D.C.,BOGOTA. D.C.,FERNANDO SOTO APARICIO,
16,001,08,84,BOGOTA D.C.,BOGOTA. D.C.,SALON COMUNAL CARVAJAL OSORIO,
16,001,08,85,BOGOTA D.C.,BOGOTA. D.C.,SALON COMUNAL CARVAJAL II SECTOR,
16,001,08,86,BOGOTA D.C.,BOGOTA. D.C.,NICOLAS ESGUERRA,
16,001,08,87,BOGOTA D.C.,BOGOTA. D.C.,SALON COMUNAL MARSELLA,
16,001,08,88,BOGOTA D.C.,BOGOTA. D.C.,ISABEL II,
16,001,08,89,BOGOTA D.C.,BOGOTA. D.C.,LICEO REYNEL,
16,001,08,90,BOGOTA D.C.,BOGOTA. D.C.,COLEGIO OEA ANTONIA SANTOS,
16,001,08,91,BOGOTA D.C.,BOGOTA. D.C.,SALON COMUNAL BOITA II SECTOR,
16,001,08,92,BOGOTA D.C.,BOGOTA. D.C.,SALON COMUNAL SANTA CATALINA,
16,001,08,93,BOGOTA D.C.,BOGOTA. D.C.,COLEGIO INTEGRACION MODERNA,
16,001,08,94,BOGOTA D.C.,BOGOTA. D.C.,COLEGIO COOPERATIVO TIMIZA,
16,001,08,95,BOGOTA D.C.,BOGOTA. D.C.,FLORESTA SUR SEDE B,
16,001,08,96,BOGOTA D.C.,BOGOTA. D.C.,CARLOS ARANGO VELEZ SEDE A,
16,001,08,97,BOGOTA D.C.,BOGOTA. D.C.,COLEGIO SAN RAFAEL SEDE A,
16,001,08,98,BOGOTA D.C.,BOGOTA. D.C.,SALON COMUNAL VILLA CLAUDIA,
16,001,08,99,BOGOTA D.C.,BOGOTA. D.C.,COLEGIO SAN PEDRO CLAVER SEDE B,
16,001,08,A1,BOGOTA D.C.,BOGOTA. D.C.,COLEGIO ERNESTO GUHL,
16,001,08,A2,BOGOTA D.C.,BOGOTA. D.C.,COLEGIO CIUDAD DE FOMEQUE,
16,001,08,A3,BOGOTA D.C.,BOGOTA. D.C.,ESC.TECNOLOGICA INST. TECNICO CENTRAL,
16,001,08,A4,BOGOTA D.C.,BOGOTA. D.C.,COLEGIO EMMA REYES IED,
16,001,08,A5,BOGOTA D.C.,BOGOTA. D.C.,SALON COMUNAL ANDALUCIA II SECTOR,
16,001,08,A6,BOGOTA D.C.,BOGOTA. D.C.,SALON COMUNAL VILLA ALSACIA,
16,001,08,A7,BOGOTA D.C.,BOGOTA. D.C.,CC PLAZA DE LAS AMERICAS,
16,001,08,A8,BOGOTA D.C.,BOGOTA. D.C.,METRO ALQUERIA,
16,001,08,A9,BOGOTA D.C.,BOGOTA. D.C.,LORETO DE CASTILLA,
16,001,08,B1,BOGOTA D.C.,BOGOTA. D.C.,POLIDEPORTIVO CASTILLA,
16,001,08,B2,BOGOTA D.C.,BOGOTA. D.C.,COLEGIO FELIZA BURSZTYN IED,
16,001,08,B3,BOGOTA D.C.,BOGOTA. D.C.,"PARQUE ""URBANIZACION EL PARQUE""",
16,001,08,B4,BOGOTA D.C.,BOGOTA. D.C.,COLEGIO EL FERROL LA PAZ IED,
16,001,08,B5,BOGOTA D.C.,BOGOTA. D.C.,LICEO SAMARIO,
16,001,08,B6,BOGOTA D.C.,BOGOTA. D.C.,SALON INSTMAR - INSTITUTO MARSELLA,
16,001,08,B7,BOGOTA D.C.,BOGOTA. D.C.,GIMNASIO MODERNO CASTILLA,
16,001,08,B8,BOGOTA D.C.,BOGOTA. D.C.,SALON COMUNAL LAS AMERICAS,
16,001,08,B9,BOGOTA D.C.,BOGOTA. D.C.,SALON COMUNAL VALENCIA Y BOMBAY,
16,001,08,C1,BOGOTA D.C.,BOGOTA. D.C.,SALON COMUNAL NUEVAS DELICIAS,
16,001,08,C2,BOGOTA D.C.,BOGOTA. D.C.,LICEO CARMELITAS,
16,001,08,C4,BOGOTA D.C.,BOGOTA. D.C.,CASABLANCA I,
16,001,08,C5,BOGOTA D.C.,BOGOTA. D.C.,CASABLANCA,
16,001,08,C6,BOGOTA D.C.,BOGOTA. D.C.,IED COLEGIO SAN JOSE SEDE B,
16,001,08,C7,BOGOTA D.C.,BOGOTA. D.C.,COL. GUSTAVO ROJAS PINILLA SEDE B,
16,001,09,01,BOGOTA D.C.,BOGOTA. D.C.,FONTIBON,
16,001,09,02,BOGOTA D.C.,BOGOTA. D.C.,VILLEMAR,
16,001,09,03,BOGOTA D.C.,BOGOTA. D.C.,HAYUELOS CENTRO COMERCIAL,
16,001,09,04,BOGOTA D.C.,BOGOTA. D.C.,BELEN,
16,001,09,05,BOGOTA D.C.,BOGOTA. D.C.,SAN PABLO LA PERLA,
16,001,09,06,BOGOTA D.C.,BOGOTA. D.C.,VERSALLES,
16,001,09,07,BOGOTA D.C.,BOGOTA. D.C.,VERACRUZ,
16,001,09,08,BOGOTA D.C.,BOGOTA. D.C.,MODELIA SUR,
16,001,09,09,BOGOTA D.C.,BOGOTA. D.C.,SANTA CECILIA - MODELIA,
16,001,09,10,BOGOTA D.C.,BOGOTA. D.C.,CENTRO A,
16,001,09,11,BOGOTA D.C.,BOGOTA. D.C.,LA LAGUNA,
16,001,09,12,BOGOTA D.C.,BOGOTA. D.C.,BATAVIA,
16,001,09,13,BOGOTA D.C.,BOGOTA. D.C.,LA GIRALDA,
16,001,09,14,BOGOTA D.C.,BOGOTA. D.C.,PUERTA DE TEJA,
16,001,09,15,BOGOTA D.C.,BOGOTA. D.C.,AGUSTINIANO SALITRE,
16,001,09,16,BOGOTA D.C.,BOGOTA. D.C.,TRES ELEFANTES- LA ESPERANZA,
16,001,09,17,BOGOTA D.C.,BOGOTA. D.C.,PUENTE GRANDE,
16,001,09,18,BOGOTA D.C.,BOGOTA. D.C.,ZONA FRANCA,
16,001,09,19,BOGOTA D.C.,BOGOTA. D.C.,RECODO,
16,001,09,20,BOGOTA D.C.,BOGOTA. D.C.,SANTA TERESA CENTRO,
16,001,09,21,BOGOTA D.C.,BOGOTA. D.C.,LA FELICIDAD,
16,001,09,22,BOGOTA D.C.,BOGOTA. D.C.,NAVARRA MODELIA,
16,001,09,23,BOGOTA D.C.,BOGOTA. D.C.,MODELIA REAL,
16,001,09,24,BOGOTA D.C.,BOGOTA. D.C.,LA ALDEA,
16,001,09,25,BOGOTA D.C.,BOGOTA. D.C.,VAN UDEN CALLE,
16,001,09,26,BOGOTA D.C.,BOGOTA. D.C.,ATAHUALPA,
16,001,09,27,BOGOTA D.C.,BOGOTA. D.C.,HAYUELOS JUMBO,
16,001,09,28,BOGOTA D.C.,BOGOTA. D.C.,INTEGRADO SEDE B,
16,001,09,29,BOGOTA D.C.,BOGOTA. D.C.,ACUNAR,
16,001,09,30,BOGOTA D.C.,BOGOTA. D.C.,CASA PENSAMIENTO INTERCULTURAL,
16,001,09,31,BOGOTA D.C.,BOGOTA. D.C.,COLEGIO LUIS ANGEL ARANGO,
16,001,09,32,BOGOTA D.C.,BOGOTA. D.C.,FERROCAJA,
16,001,09,33,BOGOTA D.C.,BOGOTA. D.C.,EL CHARCO,
16,001,09,34,BOGOTA D.C.,BOGOTA. D.C.,MULTIPLAZA,
16,001,09,35,BOGOTA D.C.,BOGOTA. D.C.,SALITRE PLAZA,
16,001,09,36,BOGOTA D.C.,BOGOTA. D.C.,PABLO NERUDA,
16,001,09,37,BOGOTA D.C.,BOGOTA. D.C.,CACIQUE HYNTIBA,
16,001,09,38,BOGOTA D.C.,BOGOTA. D.C.,TRES ESTANCIAS,
16,001,09,39,BOGOTA D.C.,BOGOTA. D.C.,SAN JOSE,
16,001,09,40,BOGOTA D.C.,BOGOTA. D.C.,EL JARDIN,
16,001,09,41,BOGOTA D.C.,BOGOTA. D.C.,CANCHA MULTIPLE FLORENCIA,
16,001,09,42,BOGOTA D.C.,BOGOTA. D.C.,TREBOLIS,
16,001,09,43,BOGOTA D.C.,BOGOTA. D.C.,SALON COMUNAL FERROCAJA,
16,001,09,44,BOGOTA D.C.,BOGOTA. D.C.,COLEGIO SAN GABRIEL MODELIA,
16,001,09,45,BOGOTA D.C.,BOGOTA. D.C.,GIMNASIO FIDEL CANO MODELIA,
16,001,09,46,BOGOTA D.C.,BOGOTA. D.C.,INTEGRADO SEDE D PALESTINA,
16,001,09,47,BOGOTA D.C.,BOGOTA. D.C.,IED MARIA J CANELONES,
16,001,09,48,BOGOTA D.C.,BOGOTA. D.C.,SALON COMUNAL PUERTA DE TEJA,
16,001,10,01,BOGOTA D.C.,BOGOTA. D.C.,BOYACA,
16,001,10,02,BOGOTA D.C.,BOGOTA. D.C.,ENGATIVA,
16,001,10,03,BOGOTA D.C.,BOGOTA. D.C.,NORMANDIA,
16,001,10,04,BOGOTA D.C.,BOGOTA. D.C.,BOSQUE POPULAR,
16,001,10,05,BOGOTA D.C.,BOGOTA. D.C.,EL GUALI,
16,001,10,06,BOGOTA D.C.,BOGOTA. D.C.,EL LUJAN,
16,001,10,07,BOGOTA D.C.,BOGOTA. D.C.,VILLA LUZ,
16,001,10,08,BOGOTA D.C.,BOGOTA. D.C.,LOS ALAMOS,
16,001,10,09,BOGOTA D.C.,BOGOTA. D.C.,VILLA AMALIA,
16,001,10,10,BOGOTA D.C.,BOGOTA. D.C.,VILLAS DE GRANADA,
16,001,10,11,BOGOTA D.C.,BOGOTA. D.C.,GARCES NAVAS,
16,001,10,12,BOGOTA D.C.,BOGOTA. D.C.,BOCHICA,
16,001,10,13,BOGOTA D.C.,BOGOTA. D.C.,LOS ALAMOS NORTE,
16,001,10,14,BOGOTA D.C.,BOGOTA. D.C.,LA SALINA,
16,001,10,15,BOGOTA D.C.,BOGOTA. D.C.,LA FLORIDA,
16,001,10,16,BOGOTA D.C.,BOGOTA. D.C.,SANTA HELENITA,
16,001,10,17,BOGOTA D.C.,BOGOTA. D.C.,LA EUROPA,
16,001,10,18,BOGOTA D.C.,BOGOTA. D.C.,LA ESTRADA,
16,001,10,19,BOGOTA D.C.,BOGOTA. D.C.,LA ESTRADITA,
16,001,10,20,BOGOTA D.C.,BOGOTA. D.C.,LAS FERIAS,
16,001,10,21,BOGOTA D.C.,BOGOTA. D.C.,BONANZA,
16,001,10,22,BOGOTA D.C.,BOGOTA. D.C.,STA. MARIA DEL LAGO,
16,001,10,23,BOGOTA D.C.,BOGOTA. D.C.,LA GRANJA,
16,001,10,24,BOGOTA D.C.,BOGOTA. D.C.,FLORENCIA,
16,001,10,25,BOGOTA D.C.,BOGOTA. D.C.,SANTA ROSITA,
16,001,10,26,BOGOTA D.C.,BOGOTA. D.C.,QUIRIGUA,
16,001,10,27,BOGOTA D.C.,BOGOTA. D.C.,LA ESPAÑOLA,
16,001,10,28,BOGOTA D.C.,BOGOTA. D.C.,MINUTO DE DIOS,
16,001,10,29,BOGOTA D.C.,BOGOTA. D.C.,LA SERENA,
16,001,10,30,BOGOTA D.C.,BOGOTA. D.C.,BACHUE,
16,001,10,31,BOGOTA D.C.,BOGOTA. D.C.,QUIRIGUA (PLAZA DE MERCADO),
16,001,10,32,BOGOTA D.C.,BOGOTA. D.C.,BACHUE II - BOCHICA I,
16,001,10,33,BOGOTA D.C.,BOGOTA. D.C.,VILLA GLADYS,
16,001,10,34,BOGOTA D.C.,BOGOTA. D.C.,EL CORTIJO ENGATIVA,
16,001,10,35,BOGOTA D.C.,BOGOTA. D.C.,SAN MARCOS,
16,001,10,36,BOGOTA D.C.,BOGOTA. D.C.,SAN IGNACIO,
16,001,10,37,BOGOTA D.C.,BOGOTA. D.C.,TABORA,
16,001,10,38,BOGOTA D.C.,BOGOTA. D.C.,EL MORISCO,
16,001,10,39,BOGOTA D.C.,BOGOTA. D.C.,LOS CEREZOS,
16,001,10,40,BOGOTA D.C.,BOGOTA. D.C.,CIUDADELA COLSUBSIDIO,
16,001,10,41,BOGOTA D.C.,BOGOTA. D.C.,FERIAS II,
16,001,10,42,BOGOTA D.C.,BOGOTA. D.C.,EL MUELLE,
16,001,10,43,BOGOTA D.C.,BOGOTA. D.C.,LA CABAÑA,
16,001,10,44,BOGOTA D.C.,BOGOTA. D.C.,TISQUESUSA,
16,001,10,45,BOGOTA D.C.,BOGOTA. D.C.,SANTA CECILIA,
16,001,10,46,BOGOTA D.C.,BOGOTA. D.C.,PLAZUELAS DEL VIRREY,
16,001,10,47,BOGOTA D.C.,BOGOTA. D.C.,CIUDAD DE HONDA,
16,001,10,48,BOGOTA D.C.,BOGOTA. D.C.,ZARZAMORA,
16,001,10,49,BOGOTA D.C.,BOGOTA. D.C.,VILLA CONSTANZA,
16,001,10,50,BOGOTA D.C.,BOGOTA. D.C.,MORTIÑO,
16,001,10,51,BOGOTA D.C.,BOGOTA. D.C.,PALO BLANCO,
16,001,10,52,BOGOTA D.C.,BOGOTA. D.C.,SAN JOAQUIN,
16,001,10,53,BOGOTA D.C.,BOGOTA. D.C.,PRIMAVERA,
16,001,10,54,BOGOTA D.C.,BOGOTA. D.C.,BOLIVIA,
16,001,10,55,BOGOTA D.C.,BOGOTA. D.C.,GRAN GRANADA,
16,001,10,56,BOGOTA D.C.,BOGOTA. D.C.,EL CEDRO,
16,001,10,57,BOGOTA D.C.,BOGOTA. D.C.,TORQUIGUA,
16,001,10,58,BOGOTA D.C.,BOGOTA. D.C.,ALMAZAN ENGATIVA,
16,001,10,59,BOGOTA D.C.,BOGOTA. D.C.,UNICENTRO DE OCCIDENTE,
16,001,10,60,BOGOTA D.C.,BOGOTA. D.C.,SALON COMUNAL ALAMOS,
16,001,10,61,BOGOTA D.C.,BOGOTA. D.C.,LEON VALENCIA,
16,001,10,62,BOGOTA D.C.,BOGOTA. D.C.,LA CLARITA,
16,001,10,63,BOGOTA D.C.,BOGOTA. D.C.,CENTRO EDUCATIVO SCALAS,
16,001,10,64,BOGOTA D.C.,BOGOTA. D.C.,NACIONES UNIDAS SEDE B,
16,001,10,65,BOGOTA D.C.,BOGOTA. D.C.,COLEGIO NORTE ADVENTISTA,
16,001,10,66,BOGOTA D.C.,BOGOTA. D.C.,ALCALA SEDE B,
16,001,10,67,BOGOTA D.C.,BOGOTA. D.C.,DIVERPLAZA,
16,001,10,68,BOGOTA D.C.,BOGOTA. D.C.,MARGARITA BOSCO,
16,001,10,69,BOGOTA D.C.,BOGOTA. D.C.,COLEGIO COPES,
16,001,10,70,BOGOTA D.C.,BOGOTA. D.C.,SOLEDAD NORTE,
16,001,10,71,BOGOTA D.C.,BOGOTA. D.C.,SIDAUTO,
16,001,10,72,BOGOTA D.C.,BOGOTA. D.C.,PARIS GAITAN,
16,001,10,73,BOGOTA D.C.,BOGOTA. D.C.,LA PALESTINA,
16,001,10,74,BOGOTA D.C.,BOGOTA. D.C.,EL ENCANTO,
16,001,10,75,BOGOTA D.C.,BOGOTA. D.C.,EL REAL,
16,001,10,76,BOGOTA D.C.,BOGOTA. D.C.,SALON COMUNAL PROTECHO VILLA AMALIA,
16,001,10,77,BOGOTA D.C.,BOGOTA. D.C.,COLEGIO LESTONAC,
16,001,10,78,BOGOTA D.C.,BOGOTA. D.C.,COMUNIDAD COLEGIO FE Y ALEGRIA,
16,001,10,79,BOGOTA D.C.,BOGOTA. D.C.,CENTRO COMERCIAL PUNTO,
16,001,10,80,BOGOTA D.C.,BOGOTA. D.C.,UNIMINUTO ESCUELA DE CONVENCIONES,
16,001,10,81,BOGOTA D.C.,BOGOTA. D.C.,PARQUE SAN ANDRES,
16,001,10,82,BOGOTA D.C.,BOGOTA. D.C.,SALON COMUNAL EL VERDUM,
16,001,10,83,BOGOTA D.C.,BOGOTA. D.C.,LA FAENA,
16,001,10,84,BOGOTA D.C.,BOGOTA. D.C.,BOSQUES DE MARIANA,
16,001,10,85,BOGOTA D.C.,BOGOTA. D.C.,CENTRO COMERCIAL NUESTRO BOGOTA,
16,001,10,86,BOGOTA D.C.,BOGOTA. D.C.,UNIVERSIDAD UDCA ENGATIVA,
16,001,10,87,BOGOTA D.C.,BOGOTA. D.C.,GIMNASIO SANTA MARIA DEL ALCAZAR,
16,001,10,88,BOGOTA D.C.,BOGOTA. D.C.,COLEGIO RR OBLATAS AL DIVINO AMOR,
16,001,10,89,BOGOTA D.C.,BOGOTA. D.C.,COLEGIO ANTONIO NARIÑO SEDE,
16,001,10,90,BOGOTA D.C.,BOGOTA. D.C.,CUR DE COMPENSAR,
16,001,10,91,BOGOTA D.C.,BOGOTA. D.C.,COLEGIO GARCES NAVAS SEDE B,
16,001,10,92,BOGOTA D.C.,BOGOTA. D.C.,COLEGIO FLORIDABLANCA (IED) SEDE B,
16,001,10,93,BOGOTA D.C.,BOGOTA. D.C.,COL INST TEC LAUREANO GOMEZ (IED) SEDE A,
16,001,10,94,BOGOTA D.C.,BOGOTA. D.C.,COLEGIO LUCILA RUBIO DE LAVERDE (IED),
16,001,10,95,BOGOTA D.C.,BOGOTA. D.C.,SALON COMUNAL VILLAS DE GRANADA,
16,001,10,96,BOGOTA D.C.,BOGOTA. D.C.,COLEGIO ANTONIO VILLAVICENCIO SEDE B,
16,001,10,97,BOGOTA D.C.,BOGOTA. D.C.,COLEGIO FLORIDABLANCA (IED) SEDE C,
16,001,10,98,BOGOTA D.C.,BOGOTA. D.C.,COLEGIO DISTRITAL RODOLFO LLINAS SEDE B,
16,001,11,01,BOGOTA D.C.,BOGOTA. D.C.,PARQUE FUNDACIONAL DE SUBA,
16,001,11,02,BOGOTA D.C.,BOGOTA. D.C.,COLEGIO SAN JOSE DE CALASANZ,
16,001,11,03,BOGOTA D.C.,BOGOTA. D.C.,VILLA ELISA SEDE C - IED,
16,001,11,04,BOGOTA D.C.,BOGOTA. D.C.,GERARDO PAREDES - IED,
16,001,11,05,BOGOTA D.C.,BOGOTA. D.C.,ALBERTO LLERAS CAMARGO - IED,
16,001,11,06,BOGOTA D.C.,BOGOTA. D.C.,TIBABUYES UNIVERSAL SEDE A - IED,
16,001,11,07,BOGOTA D.C.,BOGOTA. D.C.,CASABLANCA SUBA,
16,001,11,08,BOGOTA D.C.,BOGOTA. D.C.,VILLA DEL PRADO UNIAGRARIA,
16,001,11,09,BOGOTA D.C.,BOGOTA. D.C.,PRADO PINZON,
16,001,11,10,BOGOTA D.C.,BOGOTA. D.C.,PRADO CIUDAD JARDIN,
16,001,11,11,BOGOTA D.C.,BOGOTA. D.C.,CENTRO COMERCIAL BULEVAR NIZA,
16,001,11,12,BOGOTA D.C.,BOGOTA. D.C.,PONTEVEDRA,
16,001,11,13,BOGOTA D.C.,BOGOTA. D.C.,SAN NICOLAS-AGUSTINIANO NORTE,
16,001,11,14,BOGOTA D.C.,BOGOTA. D.C.,LA CONEJERA,
16,001,11,15,BOGOTA D.C.,BOGOTA. D.C.,PRADO VERANIEGO,
16,001,11,16,BOGOTA D.C.,BOGOTA. D.C.,NIZA IX,
16,001,11,17,BOGOTA D.C.,BOGOTA. D.C.,LA ALHAMBRA CARULLA,
16,001,11,18,BOGOTA D.C.,BOGOTA. D.C.,PUENTE LARGO-EMMANUEL D.ALZON,
16,001,11,19,BOGOTA D.C.,BOGOTA. D.C.,FLORESTA NORTE-JULIO FLOREZ,
16,001,11,20,BOGOTA D.C.,BOGOTA. D.C.,PASADENA-LOS TRES ELEFANTES,
16,001,11,21,BOGOTA D.C.,BOGOTA. D.C.,NUEVA ZELANDIA,
16,001,11,22,BOGOTA D.C.,BOGOTA. D.C.,EL SALITRE SEDE C - IED,
16,001,11,23,BOGOTA D.C.,BOGOTA. D.C.,SAN CIPRIANO,
16,001,11,24,BOGOTA D.C.,BOGOTA. D.C.,FUNDACION UNIVERSITARIA LUIS AMIGO,
16,001,11,25,BOGOTA D.C.,BOGOTA. D.C.,LA GAITANA SEDE A - IED,
16,001,11,26,BOGOTA D.C.,BOGOTA. D.C.,DON BOSCO - IED,
16,001,11,27,BOGOTA D.C.,BOGOTA. D.C.,COLEGIO HIJAS DE CRISTO REY,
16,001,11,28,BOGOTA D.C.,BOGOTA. D.C.,CENTRO COMERCIAL MAZUREN,
16,001,11,29,BOGOTA D.C.,BOGOTA. D.C.,TEJARES NORTE,
16,001,11,30,BOGOTA D.C.,BOGOTA. D.C.,COLEGIO CELESTIN FREINET,
16,001,11,31,BOGOTA D.C.,BOGOTA. D.C.,ALVARO GOMEZ HURTADO SEDE A - IED,
16,001,11,32,BOGOTA D.C.,BOGOTA. D.C.,DELIA ZAPATA OLIVELLA - IED,
16,001,11,33,BOGOTA D.C.,BOGOTA. D.C.,HUNZA SEDE B - IED,
16,001,11,34,BOGOTA D.C.,BOGOTA. D.C.,VILLA ELISA SEDE A - IED,
16,001,11,35,BOGOTA D.C.,BOGOTA. D.C.,REPUBLICA DOMINICANA SEDE A - IED,
16,001,11,36,BOGOTA D.C.,BOGOTA. D.C.,LA TOSCANA LISBOA SEDE B - IED,
16,001,11,37,BOGOTA D.C.,BOGOTA. D.C.,UNIVERSIDAD UDCA SUBA,
16,001,11,38,BOGOTA D.C.,BOGOTA. D.C.,GIMNASIO COLOMBO BRITANICO (GCB),
16,001,11,39,BOGOTA D.C.,BOGOTA. D.C.,PRADO SUR,
16,001,11,40,BOGOTA D.C.,BOGOTA. D.C.,SUPERCADE SUBA,
16,001,11,41,BOGOTA D.C.,BOGOTA. D.C.,NICOLAS BUENAVENTURA - IED,
16,001,11,42,BOGOTA D.C.,BOGOTA. D.C.,SALON COMUNAL SAN FRANCISCO,
16,001,11,43,BOGOTA D.C.,BOGOTA. D.C.,FUNDACION SAN FELIPE NERI,
16,001,11,44,BOGOTA D.C.,BOGOTA. D.C.,SIMON BOLIVAR - IED,
16,001,11,45,BOGOTA D.C.,BOGOTA. D.C.,COLEGIO EUCARISTICO MERCEDARIO,
16,001,11,46,BOGOTA D.C.,BOGOTA. D.C.,RAMON DE ZUBIRIA SEDE B - IED,
16,001,11,47,BOGOTA D.C.,BOGOTA. D.C.,RAMON DE ZUBIRIA SEDE A - IED,
16,001,11,48,BOGOTA D.C.,BOGOTA. D.C.,VIRGINIA GUTIERREZ DE PINEDA - IED,
16,001,11,49,BOGOTA D.C.,BOGOTA. D.C.,GONZALO ARANGO - IED,
16,001,11,50,BOGOTA D.C.,BOGOTA. D.C.,NUEVA COLOMBIA - IED,
16,001,11,51,BOGOTA D.C.,BOGOTA. D.C.,FE Y ALEGRIA JOSE MARIA VELAZ - IED,
16,001,11,52,BOGOTA D.C.,BOGOTA. D.C.,COLEGIO PEDAGOGICO DULCE MARIA,
16,001,11,53,BOGOTA D.C.,BOGOTA. D.C.,COMPARTIR SEDE A - IED,
16,001,11,54,BOGOTA D.C.,BOGOTA. D.C.,GERARDO MOLINA RAMIREZ - IED,
16,001,11,55,BOGOTA D.C.,BOGOTA. D.C.,EL BATAN,
16,001,11,56,BOGOTA D.C.,BOGOTA. D.C.,NIZA CENTRO COMERCIAL NIZA,
16,001,11,57,BOGOTA D.C.,BOGOTA. D.C.,CENTRO COMERCIAL PASEO SAN RAFAEL,
16,001,11,58,BOGOTA D.C.,BOGOTA. D.C.,ALMACEN ÉXITO LA COLINA,
16,001,11,59,BOGOTA D.C.,BOGOTA. D.C.,CARULLA RINCON DE LA COLINA,
16,001,11,60,BOGOTA D.C.,BOGOTA. D.C.,COLSUBSIDIO MAZUREN,
16,001,11,61,BOGOTA D.C.,BOGOTA. D.C.,CANCHA MULTIPLE VILLA DELIA,
16,001,11,62,BOGOTA D.C.,BOGOTA. D.C.,BIBLIOTECA JULIO MARIO SANTODOMINGO,
16,001,11,63,BOGOTA D.C.,BOGOTA. D.C.,COLEGIO RAFAEL MAYA,
16,001,11,64,BOGOTA D.C.,BOGOTA. D.C.,SALON COMUNAL SANTA CECILIA,
16,001,11,65,BOGOTA D.C.,BOGOTA. D.C.,INSTITUTO SAN BASILIO,
16,001,11,66,BOGOTA D.C.,BOGOTA. D.C.,FILARMONICO JORGE MARIO BERGOGLIO - IED,
16,001,11,67,BOGOTA D.C.,BOGOTA. D.C.,VEINTIUN ANGELES SEDE A - IED,
16,001,11,68,BOGOTA D.C.,BOGOTA. D.C.,CHORRILLOS,
16,001,11,69,BOGOTA D.C.,BOGOTA. D.C.,HUNZA SEDE A - IED,
16,001,11,70,BOGOTA D.C.,BOGOTA. D.C.,COLEGIO MAXIMINO POITIERS,
16,001,11,71,BOGOTA D.C.,BOGOTA. D.C.,SALON COMUNAL AURES II,
16,001,11,72,BOGOTA D.C.,BOGOTA. D.C.,SALON COMUNAL VILLA MARIA,
16,001,11,73,BOGOTA D.C.,BOGOTA. D.C.,SALON COMUNAL VILLA CINDY,
16,001,11,74,BOGOTA D.C.,BOGOTA. D.C.,FLORESTA OUTLET,
16,001,11,75,BOGOTA D.C.,BOGOTA. D.C.,COLEGIO JOHN DEWEY,
16,001,11,76,BOGOTA D.C.,BOGOTA. D.C.,CANCHA MULTIPLE LA VICTORIA NORTE,
16,001,11,77,BOGOTA D.C.,BOGOTA. D.C.,CC PORTOALEGRE,
16,001,11,78,BOGOTA D.C.,BOGOTA. D.C.,CC PARQUE LA COLINA,
16,001,11,79,BOGOTA D.C.,BOGOTA. D.C.,CANCHAS MULTIPLES CAMINOS DE SAN LORENZO,
16,001,11,80,BOGOTA D.C.,BOGOTA. D.C.,COLEGIO MARYMOUNT,
16,001,11,81,BOGOTA D.C.,BOGOTA. D.C.,SAN JOSE BAVARIA-ABRAHAM LINCOLN,
16,001,11,82,BOGOTA D.C.,BOGOTA. D.C.,COLEGIO DEL BOSQUE,
16,001,11,83,BOGOTA D.C.,BOGOTA. D.C.,COLEGIO SANTIAGO ALBERIONI,
16,001,11,84,BOGOTA D.C.,BOGOTA. D.C.,COLEGIO VISTA BELLA,
16,001,11,85,BOGOTA D.C.,BOGOTA. D.C.,MIRANDELA - NUEVA ZELANDIA,
16,001,11,86,BOGOTA D.C.,BOGOTA. D.C.,CENTRO COMERCIAL SANTAFE,
16,001,11,87,BOGOTA D.C.,BOGOTA. D.C.,TIBABUYES UNIVERSAL SEDE B - IED,
16,001,11,88,BOGOTA D.C.,BOGOTA. D.C.,LA TOSCANA LISBOA SEDE A - IED,
16,001,11,89,BOGOTA D.C.,BOGOTA. D.C.,CENTRO COMERCIAL CENTRO SUBA,
16,001,11,90,BOGOTA D.C.,BOGOTA. D.C.,ALVARO GOMEZ HURTADO SEDE B - IED,
16,001,11,91,BOGOTA D.C.,BOGOTA. D.C.,JUAN LOZANO Y LOZANO SEDE B - IED,
16,001,11,92,BOGOTA D.C.,BOGOTA. D.C.,LA GAITANA SEDE B - IED,
16,001,11,93,BOGOTA D.C.,BOGOTA. D.C.,COLEGIO ELISA MUJICA VELASQUEZ,
16,001,11,94,BOGOTA D.C.,BOGOTA. D.C.,REPUBLICA DOMINICANA SEDE B - IED,
16,001,11,95,BOGOTA D.C.,BOGOTA. D.C.,CENTRO COMERCIAL PLAZA IMPERIAL,
16,001,11,96,BOGOTA D.C.,BOGOTA. D.C.,SALON COMUNAL EL SOLAR,
16,001,11,97,BOGOTA D.C.,BOGOTA. D.C.,SALON COMUNAL SAN PEDRO DE TIBABUYES,
16,001,11,98,BOGOTA D.C.,BOGOTA. D.C.,SALON COMUNAL COMPARTIR,
16,001,11,99,BOGOTA D.C.,BOGOTA. D.C.,COMPARTIR SEDE B IED,
16,001,11,A1,BOGOTA D.C.,BOGOTA. D.C.,VILLA ELISA SEDE B IED,
16,001,11,A2,BOGOTA D.C.,BOGOTA. D.C.,SALON COMUNAL CIUDAD JARDIN NORTE,
16,001,11,A3,BOGOTA D.C.,BOGOTA. D.C.,CENTRO COMERCIAL BIMA,
16,001,11,A4,BOGOTA D.C.,BOGOTA. D.C.,COLEGIO HELVETIA,
16,001,11,A5,BOGOTA D.C.,BOGOTA. D.C.,CENTRO DE FELICIDAD LAS COMETAS,
16,001,11,A6,BOGOTA D.C.,BOGOTA. D.C.,TUNA ALTA,
16,001,11,A7,BOGOTA D.C.,BOGOTA. D.C.,COLISEO TIBABUYES,
16,001,11,A8,BOGOTA D.C.,BOGOTA. D.C.,CENTRO FELICIDAD FONTANAR DEL RÍO,
16,001,11,A9,BOGOTA D.C.,BOGOTA. D.C.,COLEGIO JAIME NIÑO DIEZ,
16,001,11,B1,BOGOTA D.C.,BOGOTA. D.C.,SALON COMUNAL ALCAPARROS,
16,001,11,B2,BOGOTA D.C.,BOGOTA. D.C.,SALÓN COMUNAL AMBERES,
16,001,11,B3,BOGOTA D.C.,BOGOTA. D.C.,SALÓN COMUNAL BILBAO,
16,001,11,B4,BOGOTA D.C.,BOGOTA. D.C.,SALÓN COMUNAL LISBOA,
16,001,11,B5,BOGOTA D.C.,BOGOTA. D.C.,SALÓN COMUNAL EL PÓRTICO,
16,001,11,B6,BOGOTA D.C.,BOGOTA. D.C.,SALÓN COMUNAL VILLA HERMOSA,
16,001,12,01,BOGOTA D.C.,BOGOTA. D.C.,LA CASTELLANA,
16,001,12,02,BOGOTA D.C.,BOGOTA. D.C.,RIONEGRO,
16,001,12,03,BOGOTA D.C.,BOGOTA. D.C.,PATRIA,
16,001,12,04,BOGOTA D.C.,BOGOTA. D.C.,GAITAN,
16,001,12,05,BOGOTA D.C.,BOGOTA. D.C.,ENTRE RIOS,
16,001,12,06,BOGOTA D.C.,BOGOTA. D.C.,METROPOLIS,
16,001,12,07,BOGOTA D.C.,BOGOTA. D.C.,SIMON BOLIVAR,
16,001,12,08,BOGOTA D.C.,BOGOTA. D.C.,JOSE JOAQUIN VARGAS,
16,001,12,09,BOGOTA D.C.,BOGOTA. D.C.,SAN FERNANDO,
16,001,12,10,BOGOTA D.C.,BOGOTA. D.C.,POPULAR MODELO,
16,001,12,11,BOGOTA D.C.,BOGOTA. D.C.,,
16,001,12,12,BOGOTA D.C.,BOGOTA. D.C.,SANTA SOFIA,
16,001,12,13,BOGOTA D.C.,BOGOTA. D.C.,POLO CLUB,
16,001,12,14,BOGOTA D.C.,BOGOTA. D.C.,PARQUE JUAN XXIII,
16,001,12,15,BOGOTA D.C.,BOGOTA. D.C.,LOS ALCAZARES,
16,001,12,16,BOGOTA D.C.,BOGOTA. D.C.,LA PAZ,
16,001,12,17,BOGOTA D.C.,BOGOTA. D.C.,COLOMBIA,
16,001,12,18,BOGOTA D.C.,BOGOTA. D.C.,LA MUEQUETA,
16,001,12,19,BOGOTA D.C.,BOGOTA. D.C.,SIETE DE AGOSTO,
16,001,12,20,BOGOTA D.C.,BOGOTA. D.C.,BENJAMIN HERRERA,
16,001,12,21,BOGOTA D.C.,BOGOTA. D.C.,POLIDEPORTIVO  POLO,
16,001,12,22,BOGOTA D.C.,BOGOTA. D.C.,ISERRA,
16,001,12,23,BOGOTA D.C.,BOGOTA. D.C.,SAN MIGUEL,
16,001,12,24,BOGOTA D.C.,BOGOTA. D.C.,PLAZA DE LOS ARTESANOS,
16,001,12,25,BOGOTA D.C.,BOGOTA. D.C.,CAFAM AV.,
16,001,12,26,BOGOTA D.C.,BOGOTA. D.C.,JORGE ELIECER GAITAN SEDE B PRIMARIA,
16,001,12,27,BOGOTA D.C.,BOGOTA. D.C.,REPUBLICA DE PANAMA SEDE C,
16,001,12,28,BOGOTA D.C.,BOGOTA. D.C.,LORENCITA VILLEGAS DE SANTOS,
16,001,12,29,BOGOTA D.C.,BOGOTA. D.C.,HELADIA MEJIA SEDE A,
16,001,12,30,BOGOTA D.C.,BOGOTA. D.C.,DOMINGO FAUSTINO SARMIENTO SEDE B,
16,001,12,31,BOGOTA D.C.,BOGOTA. D.C.,,
16,001,12,32,BOGOTA D.C.,BOGOTA. D.C.,RAFAEL BERNAL JIMENEZ SEDE A,
16,001,12,33,BOGOTA D.C.,BOGOTA. D.C.,UNITEC,
16,001,12,34,BOGOTA D.C.,BOGOTA. D.C.,PARQUE SAN FERNANDO,
16,001,12,35,BOGOTA D.C.,BOGOTA. D.C.,COL. LICEO FORMACIÓN - ALBERT SCHWEITZER,
16,001,12,36,BOGOTA D.C.,BOGOTA. D.C.,FUNDACION UNIVERSITARIA LOS LIBERTADORES,
16,001,12,37,BOGOTA D.C.,BOGOTA. D.C.,CASA COMUNAL Y CULTURAL RIONEGRO,
16,001,13,01,BOGOTA D.C.,BOGOTA. D.C.,DIVINO SALVADOR,
16,001,13,02,BOGOTA D.C.,BOGOTA. D.C.,SAN LUIS,
16,001,13,04,BOGOTA D.C.,BOGOTA. D.C.,NICOLAS DE FEDERMAN,
16,001,13,05,BOGOTA D.C.,BOGOTA. D.C.,PABLO VI,
16,001,13,06,BOGOTA D.C.,BOGOTA. D.C.,EL SALITRE,
16,001,13,07,BOGOTA D.C.,BOGOTA. D.C.,LA ESMERALDA,
16,001,13,08,BOGOTA D.C.,BOGOTA. D.C.,CAFAM CALLE,
16,001,13,09,BOGOTA D.C.,BOGOTA. D.C.,PALERMO,
16,001,13,10,BOGOTA D.C.,BOGOTA. D.C.,COLEGIO AMERICANO,
16,001,13,11,BOGOTA D.C.,BOGOTA. D.C.,COLEGIO MONTEHELENA,
16,001,13,12,BOGOTA D.C.,BOGOTA. D.C.,HEMEROTECA NACIONAL,
16,001,13,13,BOGOTA D.C.,BOGOTA. D.C.,GIMNASIO WILLIAM MACKINLEY,
16,001,13,14,BOGOTA D.C.,BOGOTA. D.C.,CENTRO NARIÑO,
16,001,13,15,BOGOTA D.C.,BOGOTA. D.C.,RESIDENCIAS B.C.H.,
16,001,13,16,BOGOTA D.C.,BOGOTA. D.C.,SANTA TERESITA,
16,001,13,17,BOGOTA D.C.,BOGOTA. D.C.,LA MAGDALENA,
16,001,13,18,BOGOTA D.C.,BOGOTA. D.C.,TEUSAQUILLO,
16,001,13,19,BOGOTA D.C.,BOGOTA. D.C.,PABLO VI II ETAPA,
16,001,13,20,BOGOTA D.C.,BOGOTA. D.C.,RAFAEL NUÑEZ,
16,001,13,21,BOGOTA D.C.,BOGOTA. D.C.,CIUDAD SALITRE,
16,001,13,22,BOGOTA D.C.,BOGOTA. D.C.,LICEO PARROQUIAL SARA ZAPATA,
16,001,13,23,BOGOTA D.C.,BOGOTA. D.C.,ACEVEDO TEJADA,
16,001,13,24,BOGOTA D.C.,BOGOTA. D.C.,BIBLIOTECA VIRGILIO BARCO,
16,001,13,25,BOGOTA D.C.,BOGOTA. D.C.,IMPRENTA NACIONAL VIA PUBLICA,
16,001,13,26,BOGOTA D.C.,BOGOTA. D.C.,COLEGIO DEL PILAR,
16,001,13,27,BOGOTA D.C.,BOGOTA. D.C.,UNIVERSIDAD ECCI - SEDE G,
16,001,13,28,BOGOTA D.C.,BOGOTA. D.C.,COLEGIO SANTA CLARA,
16,001,13,29,BOGOTA D.C.,BOGOTA. D.C.,CIRCULO COLOMBIANO DE ARTISTAS,
16,001,13,30,BOGOTA D.C.,BOGOTA. D.C.,UNIVERSIDAD NACIONAL AUD ALFONSO LOPEZ,
16,001,13,31,BOGOTA D.C.,BOGOTA. D.C.,SUPERCADE CAD,
16,001,13,32,BOGOTA D.C.,BOGOTA. D.C.,CENTRO COMERCIAL GALERIAS,
16,001,13,33,BOGOTA D.C.,BOGOTA. D.C.,UNIV  ANTONIO NARIÑO TEUSAQUILLO,
16,001,13,34,BOGOTA D.C.,BOGOTA. D.C.,UNIEMPRESARIAL,
16,001,13,35,BOGOTA D.C.,BOGOTA. D.C.,CENTRO DE INTEGRACION SOCIAL,
16,001,13,36,BOGOTA D.C.,BOGOTA. D.C.,JARDIN INF. AFRO EL MUNDO DE LOS ORIXAS,
16,001,13,37,BOGOTA D.C.,BOGOTA. D.C.,UNINPAHU,
16,001,13,38,BOGOTA D.C.,BOGOTA. D.C.,UNIVERSIDAD DE ANTIOQUIA,
16,001,13,39,BOGOTA D.C.,BOGOTA. D.C.,SALON COMUNAL LA ESMERALDA,
16,001,14,01,BOGOTA D.C.,BOGOTA. D.C.,SANTA FE,
16,001,14,02,BOGOTA D.C.,BOGOTA. D.C.,IED REPUBLICA BOLIVARIANA SEDE B,
16,001,14,03,BOGOTA D.C.,BOGOTA. D.C.,COLSEGUROS,
16,001,14,04,BOGOTA D.C.,BOGOTA. D.C.,ESTACION DE LA SABANA,
16,001,14,05,BOGOTA D.C.,BOGOTA. D.C.,RICAURTE,
16,001,14,06,BOGOTA D.C.,BOGOTA. D.C.,LA ESTANZUELA - IED ANTONIA SANTOS,
16,001,14,07,BOGOTA D.C.,BOGOTA. D.C.,VERAGUAS,
16,001,14,08,BOGOTA D.C.,BOGOTA. D.C.,CENTRO CRECER,
16,001,14,09,BOGOTA D.C.,BOGOTA. D.C.,EL VERGEL,
16,001,14,10,BOGOTA D.C.,BOGOTA. D.C.,EDUARDO SANTOS,
16,001,14,11,BOGOTA D.C.,BOGOTA. D.C.,SAN FASON,
16,001,14,12,BOGOTA D.C.,BOGOTA. D.C.,LA REBECA,
16,001,14,13,BOGOTA D.C.,BOGOTA. D.C.,PANAMERICANO,
16,001,14,14,BOGOTA D.C.,BOGOTA. D.C.,ANTONIO RICAURTE,
16,001,14,15,BOGOTA D.C.,BOGOTA. D.C.,COLEGIO DISTRITAL TECNICO MENORAH,
16,001,14,16,BOGOTA D.C.,BOGOTA. D.C.,CENTRO MEMORIA,
16,001,14,17,BOGOTA D.C.,BOGOTA. D.C.,SALON COMUNAL SANTA ISABEL,
16,001,14,18,BOGOTA D.C.,BOGOTA. D.C.,MALLPLAZA,
16,001,14,19,BOGOTA D.C.,BOGOTA. D.C.,COLEGIO BILINGUE CEDAM,
16,001,14,20,BOGOTA D.C.,BOGOTA. D.C.,SALON COMUNAL SAMPER MENDOZA,
16,001,14,21,BOGOTA D.C.,BOGOTA. D.C.,SALON COMUNAL USATAMA,
16,001,14,22,BOGOTA D.C.,BOGOTA. D.C.,FUNDACION UNIVERSITARIA SAN MATEO,
16,001,14,23,BOGOTA D.C.,BOGOTA. D.C.,SAN VICENTE PLAZA,
16,001,14,24,BOGOTA D.C.,BOGOTA. D.C.,EL CASTILLO DE LAS ARTES,
16,001,14,25,BOGOTA D.C.,BOGOTA. D.C.,COL SAN JOSE MARTIRES,
16,001,15,01,BOGOTA D.C.,BOGOTA. D.C.,POLICARPA,
16,001,15,02,BOGOTA D.C.,BOGOTA. D.C.,CIUDAD BERNA,
16,001,15,03,BOGOTA D.C.,BOGOTA. D.C.,SAN ANTONIO,
16,001,15,04,BOGOTA D.C.,BOGOTA. D.C.,LUNA PARK,
16,001,15,05,BOGOTA D.C.,BOGOTA. D.C.,CIUDAD JARDIN,
16,001,15,06,BOGOTA D.C.,BOGOTA. D.C.,RESTREPO A,
16,001,15,07,BOGOTA D.C.,BOGOTA. D.C.,RESTREPO B,
16,001,15,08,BOGOTA D.C.,BOGOTA. D.C.,SALON COMUNAL LA FRAGUITA,
16,001,15,09,BOGOTA D.C.,BOGOTA. D.C.,LA FRAGUA,
16,001,15,10,BOGOTA D.C.,BOGOTA. D.C.,SANTANDER,
16,001,15,11,BOGOTA D.C.,BOGOTA. D.C.,SANTANDER SUR,
16,001,15,12,BOGOTA D.C.,BOGOTA. D.C.,VILLA MAYOR,
16,001,15,13,BOGOTA D.C.,BOGOTA. D.C.,SENA,
16,001,15,14,BOGOTA D.C.,BOGOTA. D.C.,LA VALVANERA,
16,001,15,15,BOGOTA D.C.,BOGOTA. D.C.,SALÓN COMUNAL SAN ANTONIO,
16,001,15,16,BOGOTA D.C.,BOGOTA. D.C.,COLEGIO ADVENTISTA EMMANUEL,
16,001,15,17,BOGOTA D.C.,BOGOTA. D.C.,SALON COMUNAL VILLA MAYOR,
16,001,15,18,BOGOTA D.C.,BOGOTA. D.C.,CINCO DE NOVIEMBRE,
16,001,15,19,BOGOTA D.C.,BOGOTA. D.C.,CASA COMUNAL CIUDAD JARDIN,
16,001,15,20,BOGOTA D.C.,BOGOTA. D.C.,SALON COMUNAL SEVILLA SUR,
16,001,15,21,BOGOTA D.C.,BOGOTA. D.C.,SALON COMUNAL EDUARDO FREI,
16,001,15,22,BOGOTA D.C.,BOGOTA. D.C.,COLEGIO NUESTRA SEÑORA DE LA PAZ,
16,001,15,23,BOGOTA D.C.,BOGOTA. D.C.,SALON COMUNAL CIUDAD BERNA,
16,001,15,24,BOGOTA D.C.,BOGOTA. D.C.,COLEGIO ATANASIO GIRARDOT SEDE B,
16,001,16,01,BOGOTA D.C.,BOGOTA. D.C.,DELICIAS MUZU,
16,001,16,02,BOGOTA D.C.,BOGOTA. D.C.,CIUDAD MONTES,
16,001,16,03,BOGOTA D.C.,BOGOTA. D.C.,SANTA MATILDE,
16,001,16,04,BOGOTA D.C.,BOGOTA. D.C.,LA ASUNCION,
16,001,16,05,BOGOTA D.C.,BOGOTA. D.C.,ALCALDIA PUENTE ARANDA,
16,001,16,06,BOGOTA D.C.,BOGOTA. D.C.,LA PRIMAVERA,
16,001,16,07,BOGOTA D.C.,BOGOTA. D.C.,CUNDINAMARCA,
16,001,16,08,BOGOTA D.C.,BOGOTA. D.C.,LA FRANCIA,
16,001,16,09,BOGOTA D.C.,BOGOTA. D.C.,PUENTE ARANDA,
16,001,16,10,BOGOTA D.C.,BOGOTA. D.C.,SALAZAR GOMEZ,
16,001,16,11,BOGOTA D.C.,BOGOTA. D.C.,LA TRINIDAD,
16,001,16,12,BOGOTA D.C.,BOGOTA. D.C.,LA PRADERA,
16,001,16,13,BOGOTA D.C.,BOGOTA. D.C.,COLON,
16,001,16,14,BOGOTA D.C.,BOGOTA. D.C.,SAN RAFAEL,
16,001,16,15,BOGOTA D.C.,BOGOTA. D.C.,EL JAZMIN,
16,001,16,16,BOGOTA D.C.,BOGOTA. D.C.,LA PONDEROSA,
16,001,16,17,BOGOTA D.C.,BOGOTA. D.C.,GALAN,
16,001,16,18,BOGOTA D.C.,BOGOTA. D.C.,MILENTA,
16,001,16,19,BOGOTA D.C.,BOGOTA. D.C.,EL TEJAR,
16,001,16,20,BOGOTA D.C.,BOGOTA. D.C.,ALQUERIA,
16,001,16,21,BOGOTA D.C.,BOGOTA. D.C.,ALCALA,
16,001,16,22,BOGOTA D.C.,BOGOTA. D.C.,SANTA RITA,
16,001,16,23,BOGOTA D.C.,BOGOTA. D.C.,AUTOPISTA SUR,
16,001,16,24,BOGOTA D.C.,BOGOTA. D.C.,LOS SAUCES,
16,001,16,25,BOGOTA D.C.,BOGOTA. D.C.,CARRERA CENTRO COMERCIAL,
16,001,16,26,BOGOTA D.C.,BOGOTA. D.C.,SAN ANDRESITO,
16,001,16,27,BOGOTA D.C.,BOGOTA. D.C.,SALÓN COMUNAL COLÓN,
16,001,16,28,BOGOTA D.C.,BOGOTA. D.C.,COLONIA ORIENTAL,
16,001,16,29,BOGOTA D.C.,BOGOTA. D.C.,SALÓN COMUNAL LA TRINIDAD,
16,001,16,30,BOGOTA D.C.,BOGOTA. D.C.,PRIMAVERA Y GORGONZOLA,
16,001,16,31,BOGOTA D.C.,BOGOTA. D.C.,SALON COMUNAL CIUDAD MONTES II,
16,001,16,32,BOGOTA D.C.,BOGOTA. D.C.,SALON COMUNAL EL REMANSO SUR,
16,001,16,33,BOGOTA D.C.,BOGOTA. D.C.,SALON COMUNAL VERAGUAS,
16,001,16,34,BOGOTA D.C.,BOGOTA. D.C.,INSTITUTO DE INTEGRACION CULTURAL,
16,001,16,35,BOGOTA D.C.,BOGOTA. D.C.,COLEGIO DISTRITAL SORRENTO,
16,001,16,36,BOGOTA D.C.,BOGOTA. D.C.,LUIS CARLOS GALAN SARMIENTO,
16,001,16,37,BOGOTA D.C.,BOGOTA. D.C.,CULTURA POPULAR SEDE C,
16,001,16,38,BOGOTA D.C.,BOGOTA. D.C.,SAN EUSEBIO,
16,001,16,39,BOGOTA D.C.,BOGOTA. D.C.,LOS ANGELES,
16,001,16,40,BOGOTA D.C.,BOGOTA. D.C.,C.C. OUTLET FACTORY,
16,001,16,41,BOGOTA D.C.,BOGOTA. D.C.,JORGE GAITAN CORTES,
16,001,16,42,BOGOTA D.C.,BOGOTA. D.C.,CENTRO PARA CIEGOS  CRAC,
16,001,16,43,BOGOTA D.C.,BOGOTA. D.C.,JOSE JOAQUIN CASAS SEDE B,
16,001,16,44,BOGOTA D.C.,BOGOTA. D.C.,CENTRO EDUCATIVO DISTRITAL ESPAÑA,
16,001,16,45,BOGOTA D.C.,BOGOTA. D.C.,SALON COMUNAL TORREMOLINOS I,
16,001,16,46,BOGOTA D.C.,BOGOTA. D.C.,SALON COMUNAL JOSE ANTONIO GALAN,
16,001,16,47,BOGOTA D.C.,BOGOTA. D.C.,SALON COMUNAL RAFAEL EUCALIPTOS,
16,001,16,48,BOGOTA D.C.,BOGOTA. D.C.,SALON COMUNAL NUEVA PRIMAVERA,
16,001,16,49,BOGOTA D.C.,BOGOTA. D.C.,SALON COMUNAL VILLA INES,
16,001,16,50,BOGOTA D.C.,BOGOTA. D.C.,SALON COMUNAL BOCHICA CENTRAL,
16,001,16,51,BOGOTA D.C.,BOGOTA. D.C.,SENA CRA,
16,001,16,52,BOGOTA D.C.,BOGOTA. D.C.,JULIO GARAVITO SEDE C,
16,001,16,53,BOGOTA D.C.,BOGOTA. D.C.,BENJAMIN HERRERA SEDE C,
16,001,16,54,BOGOTA D.C.,BOGOTA. D.C.,COLISEO EL JAZMIN,
16,001,16,55,BOGOTA D.C.,BOGOTA. D.C.,SALON COMUNAL EL JAZMIN,
16,001,16,56,BOGOTA D.C.,BOGOTA. D.C.,SALON COMUNAL CIUDAD MONTES III,
16,001,16,57,BOGOTA D.C.,BOGOTA. D.C.,MOVILIDAD CALLE,
16,001,16,58,BOGOTA D.C.,BOGOTA. D.C.,UNIVERSIDAD DISTRITAL CALLE,
16,001,16,59,BOGOTA D.C.,BOGOTA. D.C.,SALON COMUNAL SALAZAR GOMEZ,
16,001,16,60,BOGOTA D.C.,BOGOTA. D.C.,SALON COMUNAL MILENTA,
16,001,16,61,BOGOTA D.C.,BOGOTA. D.C.,SALON COMUNAL CUNDINAMARCA,
16,001,16,62,BOGOTA D.C.,BOGOTA. D.C.,CASA DE LA CULTURA LA ASUNCION,
16,001,16,63,BOGOTA D.C.,BOGOTA. D.C.,SALON COMUNAL SANTA RITA,
16,001,17,01,BOGOTA D.C.,BOGOTA. D.C.,LA CONCORDIA,
16,001,17,02,BOGOTA D.C.,BOGOTA. D.C.,ALCALDIA MAYOR,
16,001,17,03,BOGOTA D.C.,BOGOTA. D.C.,EGIPTO,
16,001,17,04,BOGOTA D.C.,BOGOTA. D.C.,ARCHIVO DISTRITAL,
16,001,17,05,BOGOTA D.C.,BOGOTA. D.C.,MURILLO TORO,
16,001,17,06,BOGOTA D.C.,BOGOTA. D.C.,COLEGIO MAYOR SAN BARTOLOME,
16,001,17,07,BOGOTA D.C.,BOGOTA. D.C.,AUTONOMA DE COLOMBIA,
16,001,17,08,BOGOTA D.C.,BOGOTA. D.C.,EGIPTO ESCUELA QUINTA DIAZ,
16,001,17,09,BOGOTA D.C.,BOGOTA. D.C.,LA SALLE CANDELARIA,
16,001,17,10,BOGOTA D.C.,BOGOTA. D.C.,NEOS CENTRO,
16,001,18,01,BOGOTA D.C.,BOGOTA. D.C.,CLARET,
16,001,18,02,BOGOTA D.C.,BOGOTA. D.C.,INGLES,
16,001,18,03,BOGOTA D.C.,BOGOTA. D.C.,BRAVO PAEZ,
16,001,18,04,BOGOTA D.C.,BOGOTA. D.C.,LIBERTADOR II,
16,001,18,05,BOGOTA D.C.,BOGOTA. D.C.,CENTENARIO,
16,001,18,06,BOGOTA D.C.,BOGOTA. D.C.,OLAYA,
16,001,18,07,BOGOTA D.C.,BOGOTA. D.C.,SAN JOSE RAFAEL URIBE,
16,001,18,08,BOGOTA D.C.,BOGOTA. D.C.,ALEJANDRO OBREGON GUSTAVO REST,
16,001,18,09,BOGOTA D.C.,BOGOTA. D.C.,QUIROGA,
16,001,18,10,BOGOTA D.C.,BOGOTA. D.C.,ALCALDIA QUIROGA,
16,001,18,11,BOGOTA D.C.,BOGOTA. D.C.,CENTRAL QUIROGA,
16,001,18,12,BOGOTA D.C.,BOGOTA. D.C.,SANTA LUCIA,
16,001,18,13,BOGOTA D.C.,BOGOTA. D.C.,LAS COLINAS,
16,001,18,14,BOGOTA D.C.,BOGOTA. D.C.,COUNTRY SUR,
16,001,18,15,BOGOTA D.C.,BOGOTA. D.C.,LAS LOMAS,
16,001,18,16,BOGOTA D.C.,BOGOTA. D.C.,ALEXANDER FLEMING SAN JORGE,
16,001,18,17,BOGOTA D.C.,BOGOTA. D.C.,REINO DE HOLANDA,
16,001,18,18,BOGOTA D.C.,BOGOTA. D.C.,MARCO FIDEL SUAREZ,
16,001,18,19,BOGOTA D.C.,BOGOTA. D.C.,EL SOCORRO SUR,
16,001,18,20,BOGOTA D.C.,BOGOTA. D.C.,MOLINOS DEL SUR,
16,001,18,21,BOGOTA D.C.,BOGOTA. D.C.,CIUDAD BOCHICA SUR,
16,001,18,22,BOGOTA D.C.,BOGOTA. D.C.,LOS MOLINOS II SECTOR,
16,001,18,23,BOGOTA D.C.,BOGOTA. D.C.,PALERMO SUR,
16,001,18,24,BOGOTA D.C.,BOGOTA. D.C.,VILLA MAYOR LA NUEVA,
16,001,18,25,BOGOTA D.C.,BOGOTA. D.C.,GRANJAS DE SAN PABLO,
16,001,18,26,BOGOTA D.C.,BOGOTA. D.C.,RESURRECCION,
16,001,18,27,BOGOTA D.C.,BOGOTA. D.C.,RAFAEL URIBE LA PAZ,
16,001,18,28,BOGOTA D.C.,BOGOTA. D.C.,SAN AGUSTIN SUR,
16,001,18,29,BOGOTA D.C.,BOGOTA. D.C.,COVIVIENDA DEL SUR ORIENTE,
16,001,18,30,BOGOTA D.C.,BOGOTA. D.C.,MARRUECOS APARTAMENTOS,
16,001,18,31,BOGOTA D.C.,BOGOTA. D.C.,SALON COMUNAL LA MARQUEZA,
16,001,18,32,BOGOTA D.C.,BOGOTA. D.C.,MIRADOR DE MARROCOS,
16,001,18,33,BOGOTA D.C.,BOGOTA. D.C.,SAN JUANITO,
16,001,18,34,BOGOTA D.C.,BOGOTA. D.C.,PROVIDENCIA,
16,001,18,35,BOGOTA D.C.,BOGOTA. D.C.,GUSTAVO RESTREPO,
16,001,18,36,BOGOTA D.C.,BOGOTA. D.C.,SALÓN COMUNAL INGLES,
16,001,18,37,BOGOTA D.C.,BOGOTA. D.C.,SALÓN COMUNAL CLARET,
16,001,18,38,BOGOTA D.C.,BOGOTA. D.C.,SAN JORGE,
16,001,18,39,BOGOTA D.C.,BOGOTA. D.C.,LICEO SAN PABLO,
16,001,18,40,BOGOTA D.C.,BOGOTA. D.C.,SALÓN COMUNAL CEBADAL,
16,001,18,41,BOGOTA D.C.,BOGOTA. D.C.,LA MARQUEZA,
16,001,18,42,BOGOTA D.C.,BOGOTA. D.C.,RAFAEL DELGADO SEDE C,
16,001,18,43,BOGOTA D.C.,BOGOTA. D.C.,SALÓN COMUNAL LA PAZ NARANJOS,
16,001,18,44,BOGOTA D.C.,BOGOTA. D.C.,INTEG. RAFAEL DELGADO SALGUERO,
16,001,18,45,BOGOTA D.C.,BOGOTA. D.C.,PARROQUIAL SAN JOSE,
16,001,18,46,BOGOTA D.C.,BOGOTA. D.C.,LICEO PSICOPEDAGOGICO MARCO FIDEL SUAREZ,
16,001,18,47,BOGOTA D.C.,BOGOTA. D.C.,MARIA CANO,
16,001,18,48,BOGOTA D.C.,BOGOTA. D.C.,CAFAM SANTA LUCIA,
16,001,18,49,BOGOTA D.C.,BOGOTA. D.C.,COLEGIO DISTRITAL DIANA TURBAY SEDE B,
16,001,18,50,BOGOTA D.C.,BOGOTA. D.C.,ALIANZA QUIROGA,
16,001,18,51,BOGOTA D.C.,BOGOTA. D.C.,ESTADOS UNIDOS DE AMERICA,
16,001,18,52,BOGOTA D.C.,BOGOTA. D.C.,TORRE MAYOR,
16,001,18,53,BOGOTA D.C.,BOGOTA. D.C.,LICEO FEMENINO MERCEDES NARIÑO,
16,001,18,54,BOGOTA D.C.,BOGOTA. D.C.,COLEGIO  TORIBIO DE MOGROVEJO,
16,001,18,55,BOGOTA D.C.,BOGOTA. D.C.,COLEGIO JOSE MARTI LUIS LOPEZ DE MESA,
16,001,18,56,BOGOTA D.C.,BOGOTA. D.C.,COLEGIO  RESTREPO MILLAN SEDE  A,
16,001,18,57,BOGOTA D.C.,BOGOTA. D.C.,FE Y ALEGRIA ONG,
16,001,18,58,BOGOTA D.C.,BOGOTA. D.C.,EL MIRADOR RAFAEL URIBE,
16,001,18,59,BOGOTA D.C.,BOGOTA. D.C.,SALON COMUNAL DIANAT SECTOR AYACUCHO,
16,001,18,60,BOGOTA D.C.,BOGOTA. D.C.,COL PARROQUIAL INMACULADO CORAZON MARIA,
16,001,18,61,BOGOTA D.C.,BOGOTA. D.C.,INSTITUTO SAN ANTONIO DE PADUA,
16,001,18,62,BOGOTA D.C.,BOGOTA. D.C.,CENTRO COMUNITARIO CHAMPAGNAT,
16,001,18,63,BOGOTA D.C.,BOGOTA. D.C.,POLIDEPORTIVO MOLINOS II,
16,001,18,64,BOGOTA D.C.,BOGOTA. D.C.,COLEGIO LA PAZ IED SEDE B FE Y ALEGRIA,
16,001,19,01,BOGOTA D.C.,BOGOTA. D.C.,LUCERO DEL SUR,
16,001,19,02,BOGOTA D.C.,BOGOTA. D.C.,SAN JOAQUIN DEL VATICANO,
16,001,19,03,BOGOTA D.C.,BOGOTA. D.C.,PASQUILLA,
16,001,19,04,BOGOTA D.C.,BOGOTA. D.C.,EL TESORO,
16,001,19,05,BOGOTA D.C.,BOGOTA. D.C.,MEXICO,
16,001,19,06,BOGOTA D.C.,BOGOTA. D.C.,LUCERO MEDIO,
16,001,19,07,BOGOTA D.C.,BOGOTA. D.C.,VISTAHERMOSA,
16,001,19,08,BOGOTA D.C.,BOGOTA. D.C.,LA ACACIA,
16,001,19,09,BOGOTA D.C.,BOGOTA. D.C.,JERUSALEN (EL TANQUE),
16,001,19,10,BOGOTA D.C.,BOGOTA. D.C.,JUAN PABLO II,
16,001,19,11,BOGOTA D.C.,BOGOTA. D.C.,SAN FRANCISCO,
16,001,19,12,BOGOTA D.C.,BOGOTA. D.C.,CANDELARIA LA NUEVA,
16,001,19,13,BOGOTA D.C.,BOGOTA. D.C.,ARBORIZADORA BAJA,
16,001,19,14,BOGOTA D.C.,BOGOTA. D.C.,MADELENA,
16,001,19,15,BOGOTA D.C.,BOGOTA. D.C.,ISMAEL PERDOMO,
16,001,19,16,BOGOTA D.C.,BOGOTA. D.C.,MOCHUELO ALTO,
16,001,19,17,BOGOTA D.C.,BOGOTA. D.C.,MOCHUELO BAJO,
16,001,19,18,BOGOTA D.C.,BOGOTA. D.C.,CORDILLERA,
16,001,19,19,BOGOTA D.C.,BOGOTA. D.C.,NUEVA ARGENTINA,
16,001,19,20,BOGOTA D.C.,BOGOTA. D.C.,LA ESTANCIA,
16,001,19,21,BOGOTA D.C.,BOGOTA. D.C.,EL PARAISO,
16,001,19,22,BOGOTA D.C.,BOGOTA. D.C.,VEREDA QUIBA,
16,001,19,23,BOGOTA D.C.,BOGOTA. D.C.,MANUELA BELTRAN,
16,001,19,24,BOGOTA D.C.,BOGOTA. D.C.,SIERRA MORENA,
16,001,19,25,BOGOTA D.C.,BOGOTA. D.C.,SOTAVENTO,
16,001,19,26,BOGOTA D.C.,BOGOTA. D.C.,SANTO DOMINGO,
16,001,19,27,BOGOTA D.C.,BOGOTA. D.C.,VILLA GLORIA SUR,
16,001,19,28,BOGOTA D.C.,BOGOTA. D.C.,GALICIA,
16,001,19,29,BOGOTA D.C.,BOGOTA. D.C.,COLEGIO DISTRITAL GIMNASIO SABIO CALDAS,
16,001,19,30,BOGOTA D.C.,BOGOTA. D.C.,CASAVIANCA - UNIVERSIDAD ECCI,
16,001,19,31,BOGOTA D.C.,BOGOTA. D.C.,CASONA LIBERTADOR COL DIS MARIA CURREA M,
16,001,19,32,BOGOTA D.C.,BOGOTA. D.C.,MEISSEN,
16,001,19,33,BOGOTA D.C.,BOGOTA. D.C.,POTOSI (LA LAGUNA),
16,001,19,34,BOGOTA D.C.,BOGOTA. D.C.,ALTOS DE JALISCO,
16,001,19,35,BOGOTA D.C.,BOGOTA. D.C.,ESTRELLA DEL SUR,
16,001,19,36,BOGOTA D.C.,BOGOTA. D.C.,CARACOLI,
16,001,19,37,BOGOTA D.C.,BOGOTA. D.C.,SANTA ROSA,
16,001,19,38,BOGOTA D.C.,BOGOTA. D.C.,BRISAS DEL VOLADOR,
16,001,19,39,BOGOTA D.C.,BOGOTA. D.C.,DIVINO NIÑO,
16,001,19,40,BOGOTA D.C.,BOGOTA. D.C.,CASA GRANDE - COL DIST AGUDELO RESTREPO,
16,001,19,41,BOGOTA D.C.,BOGOTA. D.C.,MONTREAL,
16,001,19,42,BOGOTA D.C.,BOGOTA. D.C.,UNION EUROPEA,
16,001,19,43,BOGOTA D.C.,BOGOTA. D.C.,SAN FRANCISCO SEDE B,
16,001,19,44,BOGOTA D.C.,BOGOTA. D.C.,SAN FRANCISCO SEDE A,
16,001,19,45,BOGOTA D.C.,BOGOTA. D.C.,JOSE CELESTINO MUTIS,
16,001,19,46,BOGOTA D.C.,BOGOTA. D.C.,BONAVISTA,
16,001,19,47,BOGOTA D.C.,BOGOTA. D.C.,BELLA FLOR,
16,001,19,48,BOGOTA D.C.,BOGOTA. D.C.,EL MIRADOR CIUDAD BOLIVAR,
16,001,19,49,BOGOTA D.C.,BOGOTA. D.C.,LAS QUINTAS,
16,001,19,50,BOGOTA D.C.,BOGOTA. D.C.,COLEGIO FANNY MIKEY,
16,001,19,51,BOGOTA D.C.,BOGOTA. D.C.,MARANDU,
16,001,19,52,BOGOTA D.C.,BOGOTA. D.C.,COL DIST ARBORIZADORA ALTA SEDE A,
16,001,19,53,BOGOTA D.C.,BOGOTA. D.C.,BALMORAL,
16,001,19,54,BOGOTA D.C.,BOGOTA. D.C.,LA CORUÑA - LICEO CONTADORA,
16,001,19,55,BOGOTA D.C.,BOGOTA. D.C.,TANQUE-SIERRA MORENA,
16,001,19,56,BOGOTA D.C.,BOGOTA. D.C.,ICES LAS BRISAS,
16,001,19,57,BOGOTA D.C.,BOGOTA. D.C.,ALTOS DE LA ESTANCIA,
16,001,19,58,BOGOTA D.C.,BOGOTA. D.C.,SALON COMUNAL LOS SAUCES,
16,001,19,59,BOGOTA D.C.,BOGOTA. D.C.,GRAN PLAZA EL ENSUEÑO,
16,001,19,60,BOGOTA D.C.,BOGOTA. D.C.,CASA LINDA TUNAL UNIDAD,
16,001,19,61,BOGOTA D.C.,BOGOTA. D.C.,ARBORIZADORA BAJA SALON COMUNAL,
16,001,19,62,BOGOTA D.C.,BOGOTA. D.C.,SALON COMUNAL SIERRA MORENA I,
16,001,19,63,BOGOTA D.C.,BOGOTA. D.C.,POLIDEPORTIVO LA ESTANCIA,
16,001,19,64,BOGOTA D.C.,BOGOTA. D.C.,CALASANZ BUENAVISTA,
16,001,19,65,BOGOTA D.C.,BOGOTA. D.C.,SALON COMUNAL SAN  FRANCISCO I SECTOR,
16,001,19,66,BOGOTA D.C.,BOGOTA. D.C.,CASA DE LA CULTURA CIUDAD BOLIVAR,
16,001,19,67,BOGOTA D.C.,BOGOTA. D.C.,COLEGIO CIUDAD BOLIVAR ARGENTINA IED,
16,001,19,68,BOGOTA D.C.,BOGOTA. D.C.,ROGELIO SALMONA,
16,001,19,69,BOGOTA D.C.,BOGOTA. D.C.,JARDIN INFANTIL LARA BONILLA,
16,001,19,70,BOGOTA D.C.,BOGOTA. D.C.,CENTRO COMERCIAL PASEO DEL RIO,
16,001,19,71,BOGOTA D.C.,BOGOTA. D.C.,JARDIN INFANTIL CANDELARIA LA NUEVA,
16,001,19,72,BOGOTA D.C.,BOGOTA. D.C.,SALON COMUNAL LAS HUERTAS,
16,001,19,73,BOGOTA D.C.,BOGOTA. D.C.,COLEGIO DISTRITAL EL NOGAL,
16,001,19,74,BOGOTA D.C.,BOGOTA. D.C.,COL DIST PARAISO MIRADOR SEDE CASETAS,
16,001,19,75,BOGOTA D.C.,BOGOTA. D.C.,UNIVERSIDAD MINUTO DE DIOS SEDE SUR,
16,001,19,76,BOGOTA D.C.,BOGOTA. D.C.,SALON COMUNAL LA ESTANCIA,
16,001,19,77,BOGOTA D.C.,BOGOTA. D.C.,COL DIST PARAISO MANUELA BELTRAN SEDE B,
16,001,20,01,BOGOTA D.C.,BOGOTA. D.C.,SAN JUAN DE SUMAPAZ,
16,001,20,02,BOGOTA D.C.,BOGOTA. D.C.,NAZARETH,
16,001,20,03,BOGOTA D.C.,BOGOTA. D.C.,BETANIA,
16,001,20,04,BOGOTA D.C.,BOGOTA. D.C.,LA UNION,
16,001,20,05,BOGOTA D.C.,BOGOTA. D.C.,LA Y SANTA ROSA,
16,001,20,06,BOGOTA D.C.,BOGOTA. D.C.,NUEVA GRANADA SUMAPAZ,
16,001,90,01,BOGOTA D.C.,BOGOTA. D.C.,PUESTO CENSO(FERIA EXPOSICION),
16,001,98,01,BOGOTA D.C.,BOGOTA. D.C.,PENITENCIARIA LA PICOTA,
16,001,98,02,BOGOTA D.C.,BOGOTA. D.C.,CARCEL DISTRITAL JUDICIAL MODELO,
16,001,98,03,BOGOTA D.C.,BOGOTA. D.C.,RECLUSION DE MUJERES EL BUEN PASTOR,
16,001,98,04,BOGOTA D.C.,BOGOTA. D.C.,CARCEL DISTRITAL,
17,001,01,01,CHOCO,QUIBDO,COLEGIO PEDRO GRAU AROLA,COMUNA 1
17,001,01,02,CHOCO,QUIBDO,COLEGIO MANUEL CAÑIZALES,COMUNA 2
17,001,01,03,CHOCO,QUIBDO,IE ARMANDO LUNA ROA,COMUNA 2
17,001,01,04,CHOCO,QUIBDO,I.E. MIA JORGE VALENCIA LOZANO,COMUNA 2
17,001,01,05,CHOCO,QUIBDO,ESCUELA EL REPOSO,COMUNA 1
17,001,01,06,CHOCO,QUIBDO,IE ANTONIO MARIA CLARET SEDE MIRAFLORES,COMUNA 1
17,001,01,07,CHOCO,QUIBDO,ANEXA IE PEDRO GRAU Y AROLA B. OBRERO,COMUNA 1
17,001,02,01,CHOCO,QUIBDO,I.E.CARRASQUILLA INDUSTRIAL,COMUNA 3
17,001,02,02,CHOCO,QUIBDO,IE GIMNASIO DE EDUCACION MEDIA,COMUNA 3
17,001,02,03,CHOCO,QUIBDO,COL DEPTAL JOSE DEL CARMEN CUESTA,COMUNA 3
17,001,03,01,CHOCO,QUIBDO,ESCUELA NORMAL SUPERIOR DE QUIBDO,COMUNA 4
17,001,03,02,CHOCO,QUIBDO,UNIVERSIDAD TECNOLOGICA,COMUNA 5
17,001,03,03,CHOCO,QUIBDO,ESCUELA MELVIN JHON,COMUNA 6
17,001,03,04,CHOCO,QUIBDO,SEDE ESC. ANEXA AL CARRASQUILLA INDUS.,COMUNA 5
17,001,03,05,CHOCO,QUIBDO,IE ANTONIO RICAURTE SEDE ANEXA,COMUNA 5
17,001,03,06,CHOCO,QUIBDO,COLISEO CUBIERTO DE QUIBDO,COMUNA 6
17,001,90,01,CHOCO,QUIBDO,MEGA COLEGIO MIA,
17,001,98,01,CHOCO,QUIBDO,CARCEL ANAYANCY,
17,001,99,01,CHOCO,QUIBDO,ALTAGRACIA,CORREGIMIENTO ALTAGRACIA
17,001,99,04,CHOCO,QUIBDO,BARRANCO,CORREGIMIENTO BARRANCO
17,001,99,05,CHOCO,QUIBDO,BELLALUZ,CORREGIMIENTO BELLA LUZ
17,001,99,06,CHOCO,QUIBDO,EL JAGUO (ALTO MUNGUIDO),CORREGIMIENTO ALTO MUNGUIDO
17,001,99,10,CHOCO,QUIBDO,BOCA DE TANANDO,CORREGIMIENTO BOCA DE TANANDO
17,001,99,15,CHOCO,QUIBDO,PACURITA,CORREGIMIENTO CABI
17,001,99,16,CHOCO,QUIBDO,BOCA DE NAURITA,CORREGIMIENTO BOCA DE NAURITA
17,001,99,17,CHOCO,QUIBDO,CALAHORRA,CORREGIMIENTO CALAHORRA
17,001,99,19,CHOCO,QUIBDO,CAMPOBONITO,CORREGIMIENTO CAMPOBONITO
17,001,99,21,CHOCO,QUIBDO,GUARANDO,CORREGIMIENTO GUARANDO
17,001,99,22,CHOCO,QUIBDO,GUADALUPE,CORREGIMIENTO GUADALUPE
17,001,99,23,CHOCO,QUIBDO,GUAYABAL,CORREGIMIENTO GUAYABAL
17,001,99,24,CHOCO,QUIBDO,SAN FRANCISCO DE ICHO,
17,001,99,25,CHOCO,QUIBDO,EL TAMBO,CORREGIMIENTO EL TAMBO
17,001,99,26,CHOCO,QUIBDO,GITRADO,
17,001,99,28,CHOCO,QUIBDO,STA LUCIA DEL FUERTE,CORREGIMIENTO EL FUERTE
17,001,99,29,CHOCO,QUIBDO,LAS MERCEDES,CORREGIMIENTO LAS MERCEDES
17,001,99,30,CHOCO,QUIBDO,SAN PEDRO CLAVER (MOJAUDO),CORREGIMIENTO MOJAUDO
17,001,99,31,CHOCO,QUIBDO,LA TROJE,CORREGIMIENTO LA TROJE
17,001,99,32,CHOCO,QUIBDO,VILLA DEL ROSARIO,CORREGIMIENTO NAURITA
17,001,99,33,CHOCO,QUIBDO,SAN RAFAEL DE NEGUA,CORREGIMIENTO NEGUA
17,001,99,35,CHOCO,QUIBDO,BOCA DE NEMOTA,CORREGIMIENTO NEMOTA
17,001,99,38,CHOCO,QUIBDO,SAN ANTONIO DE ICHO(PTO MURILLO),CORREGIMIENTO PUERTO MURILLO
17,001,99,40,CHOCO,QUIBDO,SANCENO,CORREGIMIENTO SANCENO
17,001,99,45,CHOCO,QUIBDO,TAGACHI,CORREGIMIENTO TAGACHI
17,001,99,51,CHOCO,QUIBDO,TUTUNENDO,CORREGIMIENTO TUTUNENDO
17,001,99,75,CHOCO,QUIBDO,WINANDO,CORREGIMIENTO WINANDO
17,002,00,00,CHOCO,ATRATO (YUTO),PUESTO CABECERA MUNICIPAL,
17,002,99,10,CHOCO,ATRATO (YUTO),ARENAL,
17,002,99,20,CHOCO,ATRATO (YUTO),DOÑA JOSEFA,
17,002,99,30,CHOCO,ATRATO (YUTO),LA MOLANA,
17,002,99,40,CHOCO,ATRATO (YUTO),MOTOLDO,
17,002,99,45,CHOCO,ATRATO (YUTO),PUENTE DE TANANDO,
17,002,99,50,CHOCO,ATRATO (YUTO),SAMURINDO,
17,002,99,55,CHOCO,ATRATO (YUTO),SAN MARTIN DE PURRE,
17,002,99,60,CHOCO,ATRATO (YUTO),SAN JOSE DE PURRE,
17,002,99,70,CHOCO,ATRATO (YUTO),REAL DE TANANDO,
17,004,00,00,CHOCO,ACANDI,PUESTO CABECERA MUNICIPAL,
17,004,99,01,CHOCO,ACANDI,LA CALETA,
17,004,99,03,CHOCO,ACANDI,CAPITAN,
17,004,99,04,CHOCO,ACANDI,CAPURGANA,
17,004,99,05,CHOCO,ACANDI,SAN MIGUEL,
17,004,99,07,CHOCO,ACANDI,SANTA CRUZ DE CHUGANDI,
17,004,99,09,CHOCO,ACANDI,SAPZURRO,
17,004,99,14,CHOCO,ACANDI,PEÑALOZA,
17,004,99,15,CHOCO,ACANDI,RUFINO,
17,004,99,27,CHOCO,ACANDI,VILLA CLARET,
17,006,00,00,CHOCO,ALTO BAUDO (PIE DE PATO),PUESTO CABECERA MUNICIPAL,
17,006,99,02,CHOCO,ALTO BAUDO (PIE DE PATO),APARTADO,
17,006,99,03,CHOCO,ALTO BAUDO (PIE DE PATO),SANTA CATALINA DE CATRU,
17,006,99,04,CHOCO,ALTO BAUDO (PIE DE PATO),BATATAL,
17,006,99,05,CHOCO,ALTO BAUDO (PIE DE PATO),AMPARRAIDA,
17,006,99,06,CHOCO,ALTO BAUDO (PIE DE PATO),CHIGORODO,
17,006,99,07,CHOCO,ALTO BAUDO (PIE DE PATO),CHACHAJO,
17,006,99,08,CHOCO,ALTO BAUDO (PIE DE PATO),AMPARRADO,
17,006,99,09,CHOCO,ALTO BAUDO (PIE DE PATO),DIVISA,
17,006,99,10,CHOCO,ALTO BAUDO (PIE DE PATO),DOCACINA,
17,006,99,11,CHOCO,ALTO BAUDO (PIE DE PATO),DUBAZA (PUERTO ECHEVERRY),
17,006,99,12,CHOCO,ALTO BAUDO (PIE DE PATO),DOMINICO (RIO AMPORA),
17,006,99,13,CHOCO,ALTO BAUDO (PIE DE PATO),EL CEDRO,
17,006,99,14,CHOCO,ALTO BAUDO (PIE DE PATO),EL SALTO (RIO AMPORA),
17,006,99,15,CHOCO,ALTO BAUDO (PIE DE PATO),GEANDO,
17,006,99,16,CHOCO,ALTO BAUDO (PIE DE PATO),GUINEO,
17,006,99,17,CHOCO,ALTO BAUDO (PIE DE PATO),MIACORA,
17,006,99,18,CHOCO,ALTO BAUDO (PIE DE PATO),IRUTO,
17,006,99,19,CHOCO,ALTO BAUDO (PIE DE PATO),NAUCA,
17,006,99,20,CHOCO,ALTO BAUDO (PIE DE PATO),SAN FRANCISCO DE CUGUCHO,
17,006,99,21,CHOCO,ALTO BAUDO (PIE DE PATO),LAS DELICIAS,
17,006,99,22,CHOCO,ALTO BAUDO (PIE DE PATO),LA FELICIA,
17,006,99,23,CHOCO,ALTO BAUDO (PIE DE PATO),URUDO,
17,006,99,24,CHOCO,ALTO BAUDO (PIE DE PATO),LA LOMA (RIO DUBASA),
17,006,99,25,CHOCO,ALTO BAUDO (PIE DE PATO),MOJAUDO,
17,006,99,26,CHOCO,ALTO BAUDO (PIE DE PATO),PAVARANDO,
17,006,99,27,CHOCO,ALTO BAUDO (PIE DE PATO),RIO CUGUCHO,
17,006,99,28,CHOCO,ALTO BAUDO (PIE DE PATO),YUCAL,
17,006,99,29,CHOCO,ALTO BAUDO (PIE DE PATO),SANTA MARIA DE CONDOTO,
17,006,99,30,CHOCO,ALTO BAUDO (PIE DE PATO),PUERTO LIBIA ( TRIPICAY),
17,006,99,31,CHOCO,ALTO BAUDO (PIE DE PATO),UYABA (RIO ANCOSO),
17,006,99,32,CHOCO,ALTO BAUDO (PIE DE PATO),PUNTO CAIMITO (RIO CATRU),
17,006,99,33,CHOCO,ALTO BAUDO (PIE DE PATO),BOCA DE LEON,
17,006,99,34,CHOCO,ALTO BAUDO (PIE DE PATO),DIVISA RIO NAUCA,
17,006,99,35,CHOCO,ALTO BAUDO (PIE DE PATO),BAGRERA,
17,006,99,40,CHOCO,ALTO BAUDO (PIE DE PATO),BELLAVISTA (DUBAZA),
17,006,99,50,CHOCO,ALTO BAUDO (PIE DE PATO),EL MORRO,
17,006,99,70,CHOCO,ALTO BAUDO (PIE DE PATO),PLAYITA (RIO CATRU),
17,006,99,80,CHOCO,ALTO BAUDO (PIE DE PATO),PUERTO ALEGRE (NAUCA),
17,006,99,81,CHOCO,ALTO BAUDO (PIE DE PATO),VACAL,
17,006,99,85,CHOCO,ALTO BAUDO (PIE DE PATO),PUERTO PALACIOS,
17,006,99,86,CHOCO,ALTO BAUDO (PIE DE PATO),AGUA CLARA,
17,006,99,87,CHOCO,ALTO BAUDO (PIE DE PATO),PUERTO ANGEL,
17,007,00,00,CHOCO,BAGADO,PUESTO CABECERA MUNICIPAL,
17,007,99,01,CHOCO,BAGADO,AGUASAL,
17,007,99,05,CHOCO,BAGADO,DABAIBE,
17,007,99,09,CHOCO,BAGADO,ENGRIVADO,
17,007,99,12,CHOCO,BAGADO,LA CANAL,
17,007,99,13,CHOCO,BAGADO,LA SIERRA,
17,007,99,14,CHOCO,BAGADO,PESCADITO,
17,007,99,15,CHOCO,BAGADO,PIEDRA HONDA,
17,007,99,16,CHOCO,BAGADO,PLAYA BONITA,
17,007,99,17,CHOCO,BAGADO,SAN MARINO,
17,007,99,18,CHOCO,BAGADO,MUCHICHI,
17,007,99,90,CHOCO,BAGADO,VIVICORA (BOCA DE VIVICORA),
17,008,00,00,CHOCO,BAHIA SOLANO (MUTIS),PUESTO CABECERA MUNICIPAL,
17,008,99,03,CHOCO,BAHIA SOLANO (MUTIS),CUPICA,
17,008,99,07,CHOCO,BAHIA SOLANO (MUTIS),EL VALLE,
17,008,99,23,CHOCO,BAHIA SOLANO (MUTIS),MECANA,
17,008,99,29,CHOCO,BAHIA SOLANO (MUTIS),NABUGA,
17,008,99,35,CHOCO,BAHIA SOLANO (MUTIS),HUACA,
17,008,99,50,CHOCO,BAHIA SOLANO (MUTIS),HUINA,
17,010,00,00,CHOCO,BAJO BAUDO (PIZARRO),PUESTO CABECERA MUNICIPAL,
17,010,99,05,CHOCO,BAJO BAUDO (PIZARRO),BELEN DE DOCAMPADO,
17,010,99,17,CHOCO,BAJO BAUDO (PIZARRO),CUEVITA,
17,010,99,21,CHOCO,BAJO BAUDO (PIZARRO),DOTENEDO,
17,010,99,25,CHOCO,BAJO BAUDO (PIZARRO),GUINEAL,
17,010,99,29,CHOCO,BAJO BAUDO (PIZARRO),HIJUA (PUERTO ABADIA),
17,010,99,37,CHOCO,BAJO BAUDO (PIZARRO),ORPUA,
17,010,99,39,CHOCO,BAJO BAUDO (PIZARRO),PAVAZA,
17,010,99,43,CHOCO,BAJO BAUDO (PIZARRO),PILIZA,
17,010,99,44,CHOCO,BAJO BAUDO (PIZARRO),USARAGA,
17,010,99,47,CHOCO,BAJO BAUDO (PIZARRO),PUNTA DE PURRICHA,
17,010,99,51,CHOCO,BAJO BAUDO (PIZARRO),PUERTO MELUK (PACIFICO),
17,010,99,53,CHOCO,BAJO BAUDO (PIZARRO),PURRICHA (PUERTO REYES),
17,010,99,61,CHOCO,BAJO BAUDO (PIZARRO),SIVIRU,
17,010,99,62,CHOCO,BAJO BAUDO (PIZARRO),SAN AGUSTIN (TERRON),
17,010,99,65,CHOCO,BAJO BAUDO (PIZARRO),VIRUDO,
17,010,99,90,CHOCO,BAJO BAUDO (PIZARRO),VILLA COLOMBIA  MOCHADO,
17,011,00,00,CHOCO,BOJAYA (BELLAVISTA),PUESTO CABECERA MUNICIPAL,
17,011,99,01,CHOCO,BOJAYA (BELLAVISTA),BOJAYA O LA LOMA,
17,011,99,05,CHOCO,BOJAYA (BELLAVISTA),ISLA DE LOS PALACIOS,
17,011,99,06,CHOCO,BOJAYA (BELLAVISTA),LA BOBA,
17,011,99,10,CHOCO,BOJAYA (BELLAVISTA),ALFONSO LOPEZ (PUERTO MARTINE,
17,011,99,11,CHOCO,BOJAYA (BELLAVISTA),EL TIGRE,
17,011,99,12,CHOCO,BOJAYA (BELLAVISTA),MESOPOTAMIA,
17,011,99,13,CHOCO,BOJAYA (BELLAVISTA),NAPIPI,
17,011,99,15,CHOCO,BOJAYA (BELLAVISTA),OPOGADO,
17,011,99,17,CHOCO,BOJAYA (BELLAVISTA),POGUE,
17,011,99,20,CHOCO,BOJAYA (BELLAVISTA),PUERTO CONTO,
17,011,99,23,CHOCO,BOJAYA (BELLAVISTA),SAN JOSE DE LA CALLE,
17,011,99,25,CHOCO,BOJAYA (BELLAVISTA),PIEDRA CANDELA,
17,011,99,32,CHOCO,BOJAYA (BELLAVISTA),VERACRUZ,
17,011,99,33,CHOCO,BOJAYA (BELLAVISTA),CHANO,
17,011,99,34,CHOCO,BOJAYA (BELLAVISTA),MOJAUDO,
17,011,99,35,CHOCO,BOJAYA (BELLAVISTA),SALINAS,
17,011,99,36,CHOCO,BOJAYA (BELLAVISTA),CHARCOGALLO,
17,011,99,37,CHOCO,BOJAYA (BELLAVISTA),PUNTO CEDRO,
17,011,99,38,CHOCO,BOJAYA (BELLAVISTA),PUERTO ANTIOQUIA,
17,011,99,39,CHOCO,BOJAYA (BELLAVISTA),PEÑITAS,
17,011,99,40,CHOCO,BOJAYA (BELLAVISTA),UNION CUITI,
17,011,99,41,CHOCO,BOJAYA (BELLAVISTA),UNION BAQUIAZA,
17,011,99,42,CHOCO,BOJAYA (BELLAVISTA),AMPARRADO,
17,012,00,00,CHOCO,MEDIO ATRATO (BETE),PUESTO CABECERA MUNICIPAL,
17,012,99,12,CHOCO,MEDIO ATRATO (BETE),BOCA DE AME,
17,012,99,14,CHOCO,MEDIO ATRATO (BETE),BOCA DE BEBARA,
17,012,99,16,CHOCO,MEDIO ATRATO (BETE),CAMPO ALEGRE,
17,012,99,28,CHOCO,MEDIO ATRATO (BETE),EL LLANO DE BEBARAMA,
17,012,99,30,CHOCO,MEDIO ATRATO (BETE),EL LLANO DE BEBARA,
17,012,99,45,CHOCO,MEDIO ATRATO (BETE),SAN ANTONIO DE BUEY (CAMPO SA,
17,012,99,50,CHOCO,MEDIO ATRATO (BETE),SAN JOSE DE BUEY,
17,012,99,55,CHOCO,MEDIO ATRATO (BETE),SAN ROQUE,
17,012,99,60,CHOCO,MEDIO ATRATO (BETE),TANGUI,
17,013,00,00,CHOCO,CONDOTO,PUESTO CABECERA MUNICIPAL,
17,013,99,01,CHOCO,CONDOTO,ACOSO,
17,013,99,03,CHOCO,CONDOTO,LA FLORIDA,
17,013,99,04,CHOCO,CONDOTO,LA MURIÑA,
17,013,99,05,CHOCO,CONDOTO,OPOGODO,
17,013,99,06,CHOCO,CONDOTO,MANDINGA,
17,013,99,08,CHOCO,CONDOTO,LA PLANTA,
17,013,99,09,CHOCO,CONDOTO,SANTA ANA,
17,013,99,15,CHOCO,CONDOTO,CONSUELO (ANDRAPEDA),
17,013,99,19,CHOCO,CONDOTO,EL PASO,
17,013,99,20,CHOCO,CONDOTO,JIGUALITO,
17,013,99,21,CHOCO,CONDOTO,TAJUATO,
17,013,99,28,CHOCO,CONDOTO,LA HILARIA,
17,013,99,30,CHOCO,CONDOTO,LA UNION,
17,014,00,00,CHOCO,CERTEGUI,PUESTO CABECERA MUNICIPAL,
17,014,99,20,CHOCO,CERTEGUI,LA TOMA,
17,014,99,30,CHOCO,CERTEGUI,PARECITO,
17,014,99,35,CHOCO,CERTEGUI,PAREDES,
17,014,99,60,CHOCO,CERTEGUI,VARIANTE DE CERTEGUI,
17,015,00,00,CHOCO,CARMEN DEL DARIEN,PUESTO CABECERA MUNICIPAL,
17,015,99,15,CHOCO,CARMEN DEL DARIEN,BRISAS,
17,015,99,20,CHOCO,CARMEN DEL DARIEN,COSTA DE ORO,
17,015,99,30,CHOCO,CARMEN DEL DARIEN,DOMINGODO,
17,015,99,40,CHOCO,CARMEN DEL DARIEN,SAN JOSE DE GENGADO,
17,015,99,50,CHOCO,CARMEN DEL DARIEN,LA GRANDE,
17,015,99,60,CHOCO,CARMEN DEL DARIEN,PUERTO LLERAS,
17,015,99,70,CHOCO,CARMEN DEL DARIEN,TURRIQUITADO,
17,015,99,75,CHOCO,CARMEN DEL DARIEN,VIGIA DE CURBARADO,
17,015,99,80,CHOCO,CARMEN DEL DARIEN,VILLA NUEVA DE MONTAÑO,
17,015,99,85,CHOCO,CARMEN DEL DARIEN,NO HAY COMO DIOS,
17,015,99,90,CHOCO,CARMEN DEL DARIEN,CETINO,
17,015,99,95,CHOCO,CARMEN DEL DARIEN,EL GUAMO,
17,015,99,96,CHOCO,CARMEN DEL DARIEN,CENTRO JIGUA,
17,015,99,97,CHOCO,CARMEN DEL DARIEN,ALTO GUAYABAL,
17,015,99,98,CHOCO,CARMEN DEL DARIEN,NUEVA ESPERANZA,
17,015,99,99,CHOCO,CARMEN DEL DARIEN,CAÑO MONTERIA,
17,016,00,00,CHOCO,EL CARMEN,PUESTO CABECERA MUNICIPAL,
17,016,99,01,CHOCO,EL CARMEN,EL PIÑON,
17,016,99,05,CHOCO,EL CARMEN,GUADUAS,
17,016,99,09,CHOCO,EL CARMEN,LA MANSA,
17,016,99,13,CHOCO,EL CARMEN,LA PLAYA (EL,
17,017,00,00,CHOCO,EL CANTON DEL SAN PABLO (MAN.,PUESTO CABECERA MUNICIPAL,
17,017,99,10,CHOCO,EL CANTON DEL SAN PABLO (MAN.,LA VICTORIA,
17,017,99,15,CHOCO,EL CANTON DEL SAN PABLO (MAN.,TARIDO,
17,017,99,20,CHOCO,EL CANTON DEL SAN PABLO (MAN.,PUERTO PERVEL,
17,017,99,30,CHOCO,EL CANTON DEL SAN PABLO (MAN.,BOCA DE RASPADURA,
17,017,99,45,CHOCO,EL CANTON DEL SAN PABLO (MAN.,GUAPANDO,
17,019,00,00,CHOCO,ISTMINA,PUESTO CABECERA MUNICIPAL,
17,019,98,01,CHOCO,ISTMINA,CARCEL,
17,019,99,03,CHOCO,ISTMINA,BASURU,
17,019,99,05,CHOCO,ISTMINA,BOCA DE LUIS,
17,019,99,07,CHOCO,ISTMINA,DIPURDU DE LOS INDIOS,
17,019,99,10,CHOCO,ISTMINA,GUINIGUINI,
17,019,99,15,CHOCO,ISTMINA,GUAMO,
17,019,99,19,CHOCO,ISTMINA,LAS MOJARRAS,
17,019,99,23,CHOCO,ISTMINA,NEGRIA,
17,019,99,28,CHOCO,ISTMINA,PAITO,
17,019,99,35,CHOCO,ISTMINA,PANAMACITO,
17,019,99,37,CHOCO,ISTMINA,PRIMAVERA,
17,019,99,40,CHOCO,ISTMINA,POTEDO,
17,019,99,41,CHOCO,ISTMINA,SALAZAR,
17,019,99,50,CHOCO,ISTMINA,SURUCO SANTA MONICA,
17,019,99,55,CHOCO,ISTMINA,SAN ANTONIO,
17,019,99,60,CHOCO,ISTMINA,SURUCO SAN JOSE,
17,019,99,80,CHOCO,ISTMINA,UNION CHOCO,
17,019,99,85,CHOCO,ISTMINA,PUERTO OLAVE,
17,019,99,90,CHOCO,ISTMINA,SAN CRISTOBAL,
17,022,00,00,CHOCO,JURADO,PUESTO CABECERA MUNICIPAL,
17,022,99,19,CHOCO,JURADO,PUNTA ARDITA,
17,022,99,70,CHOCO,JURADO,PUNTA DE CRUCES (PIÑITA),
17,025,00,00,CHOCO,LLORO,PUESTO CABECERA MUNICIPAL,
17,025,99,01,CHOCO,LLORO,CHAGRATADA (BOCA DE BORAUDO),
17,025,99,03,CHOCO,LLORO,GUAITADO,
17,025,99,04,CHOCO,LLORO,LA PLAYA,
17,025,99,05,CHOCO,LLORO,LA VUELTA,
17,025,99,09,CHOCO,LLORO,LAS HAMACAS (TAPERA),
17,025,99,13,CHOCO,LLORO,MUMBARADO (VILLA CLARET),
17,025,99,17,CHOCO,LLORO,TUMUTUMBUDO,
17,025,99,19,CHOCO,LLORO,NIPURDU,
17,025,99,80,CHOCO,LLORO,VILLANUEVA,
17,026,00,00,CHOCO,MEDIO BAUDO (PUERTO MELUK),PUESTO CABECERA MUNICIPAL,
17,026,99,01,CHOCO,MEDIO BAUDO (PUERTO MELUK),ALMENDRO,
17,026,99,02,CHOCO,MEDIO BAUDO (PUERTO MELUK),BAUDOCITO (SAN MIGUEL),
17,026,99,04,CHOCO,MEDIO BAUDO (PUERTO MELUK),BAUDOCITO PUERTO OLIVA,
17,026,99,07,CHOCO,MEDIO BAUDO (PUERTO MELUK),BERIGUADO,
17,026,99,10,CHOCO,MEDIO BAUDO (PUERTO MELUK),BOCA DE PEPE,
17,026,99,11,CHOCO,MEDIO BAUDO (PUERTO MELUK),COCAL ALTO CURUNDO,
17,026,99,15,CHOCO,MEDIO BAUDO (PUERTO MELUK),GUADUALITO,
17,026,99,16,CHOCO,MEDIO BAUDO (PUERTO MELUK),LA AURORA,
17,026,99,19,CHOCO,MEDIO BAUDO (PUERTO MELUK),CURUNDO (LA BANCA),
17,026,99,20,CHOCO,MEDIO BAUDO (PUERTO MELUK),RIO SIERPE (STA CECILIA),
17,026,99,25,CHOCO,MEDIO BAUDO (PUERTO MELUK),TORREIDO DE ABAJO BOCA DE QUERA,
17,026,99,30,CHOCO,MEDIO BAUDO (PUERTO MELUK),UNION MISARA,
17,026,99,38,CHOCO,MEDIO BAUDO (PUERTO MELUK),BELLAVISTA BERREBERRE,
17,026,99,41,CHOCO,MEDIO BAUDO (PUERTO MELUK),PIE DE PEPE,
17,026,99,60,CHOCO,MEDIO BAUDO (PUERTO MELUK),NUEVO PLATANARES,
17,026,99,64,CHOCO,MEDIO BAUDO (PUERTO MELUK),TORREIDO DE ARRIBA (ARENAL),
17,026,99,72,CHOCO,MEDIO BAUDO (PUERTO MELUK),TORREIDO DE ARRIBA (PTO.DAN),
17,027,00,01,CHOCO,MEDIO SAN JUAN,PUESTO CABECERA MUNICIPAL,
17,027,00,02,CHOCO,MEDIO SAN JUAN,INSTITUCION EDUCATIVA JOAQUIN URRUTIA,
17,027,99,03,CHOCO,MEDIO SAN JUAN,BEBEDO,
17,027,99,05,CHOCO,MEDIO SAN JUAN,BOCA DE SURUCO,
17,027,99,07,CHOCO,MEDIO SAN JUAN,CHIQUICHOQUI,
17,027,99,09,CHOCO,MEDIO SAN JUAN,DIPURDU,
17,027,99,11,CHOCO,MEDIO SAN JUAN,EL GUAMO,
17,027,99,12,CHOCO,MEDIO SAN JUAN,EL TIGRE,
17,027,99,15,CHOCO,MEDIO SAN JUAN,LA UNION,
17,027,99,17,CHOCO,MEDIO SAN JUAN,NOANAMA,
17,027,99,19,CHOCO,MEDIO SAN JUAN,PAIMADO LA RANCHA,
17,027,99,20,CHOCO,MEDIO SAN JUAN,SAN JERONIMO,
17,027,99,21,CHOCO,MEDIO SAN JUAN,SAN MARTIN (GUARAPITO),
17,027,99,23,CHOCO,MEDIO SAN JUAN,SAN MIGUEL,
17,027,99,24,CHOCO,MEDIO SAN JUAN,UNION WOUNAN,
17,028,00,00,CHOCO,NOVITA,PUESTO CABECERA MUNICIPAL,
17,028,99,01,CHOCO,NOVITA,EL CAJON,
17,028,99,02,CHOCO,NOVITA,CARMEN DEL SURAMA,
17,028,99,03,CHOCO,NOVITA,CURUNDO,
17,028,99,04,CHOCO,NOVITA,EL TAMBITO,
17,028,99,05,CHOCO,NOVITA,EL TIGRE,
17,028,99,07,CHOCO,NOVITA,IRABUBU,
17,028,99,09,CHOCO,NOVITA,JUNTAS DEL TAMANA,
17,028,99,13,CHOCO,NOVITA,PINDAZA,
17,028,99,16,CHOCO,NOVITA,SAN LORENZO,
17,028,99,17,CHOCO,NOVITA,SANTA ROSA,
17,028,99,21,CHOCO,NOVITA,SESEGO,
17,028,99,25,CHOCO,NOVITA,TORRA,
17,028,99,29,CHOCO,NOVITA,URABARA,
17,031,00,00,CHOCO,NUQUI,PUESTO CABECERA MUNICIPAL,
17,031,99,01,CHOCO,NUQUI,ARUSI,
17,031,99,09,CHOCO,NUQUI,COQUI,
17,031,99,15,CHOCO,NUQUI,JOVI,
17,031,99,17,CHOCO,NUQUI,JURUBIDA,
17,031,99,29,CHOCO,NUQUI,PANGUI,
17,031,99,33,CHOCO,NUQUI,TRIBUGA,
17,031,99,34,CHOCO,NUQUI,TERMALES,
17,032,00,00,CHOCO,RIO IRO,PUESTO CABECERA MUNICIPAL,
17,032,99,01,CHOCO,RIO IRO,ALTO CHATO,
17,032,99,03,CHOCO,RIO IRO,CALLE DEL CEDRO,
17,032,99,05,CHOCO,RIO IRO,CORORO,
17,032,99,07,CHOCO,RIO IRO,ENCHARCAZON,
17,032,99,11,CHOCO,RIO IRO,SAN JOSE DE VIROVIRO,
17,032,99,13,CHOCO,RIO IRO,SANTA BARBARA,
17,032,99,20,CHOCO,RIO IRO,TADOCITICO,
17,032,99,30,CHOCO,RIO IRO,CURUBA,
17,032,99,40,CHOCO,RIO IRO,EL BUEY,
17,034,00,00,CHOCO,RIOSUCIO,PUESTO CABECERA MUNICIPAL,
17,034,99,02,CHOCO,RIOSUCIO,CACARICAS (GUAGARA),
17,034,99,04,CHOCO,RIOSUCIO,CHINTADO,
17,034,99,07,CHOCO,RIOSUCIO,BOCACHICA,
17,034,99,08,CHOCO,RIOSUCIO,LOS MANGUITOS,
17,034,99,11,CHOCO,RIOSUCIO,LA ISLETA,
17,034,99,12,CHOCO,RIOSUCIO,LIMON CACARICA,
17,034,99,13,CHOCO,RIOSUCIO,LA HONDA,
17,034,99,14,CHOCO,RIOSUCIO,LA RAYA,
17,034,99,15,CHOCO,RIOSUCIO,LA TERESITA,
17,034,99,16,CHOCO,RIOSUCIO,LA TRAVESIA,
17,034,99,17,CHOCO,RIOSUCIO,PEDEGUITA,
17,034,99,20,CHOCO,RIOSUCIO,PERANCHITO,
17,034,99,21,CHOCO,RIOSUCIO,SALAQUI,
17,034,99,22,CHOCO,RIOSUCIO,SAN JOSE DE BALSA(LA COQUERA),
17,034,99,25,CHOCO,RIOSUCIO,SAUTATA (PERANCHO),
17,034,99,26,CHOCO,RIOSUCIO,TAMBORAL,
17,034,99,27,CHOCO,RIOSUCIO,TRUANDO,
17,034,99,29,CHOCO,RIOSUCIO,SIETE DE AGOSTO,
17,034,99,31,CHOCO,RIOSUCIO,EL DIEZ,
17,034,99,60,CHOCO,RIOSUCIO,RIOSIEGO,
17,034,99,61,CHOCO,RIOSUCIO,LA PUNTA,
17,034,99,62,CHOCO,RIOSUCIO,EL ABIERTO,
17,034,99,63,CHOCO,RIOSUCIO,NUEVO HORIZONTE (EL DIQUE),
17,034,99,64,CHOCO,RIOSUCIO,JAGUAL,
17,035,00,00,CHOCO,RIO QUITO (PAIMADO),PUESTO CABECERA MUNICIPAL,
17,035,99,07,CHOCO,RIO QUITO (PAIMADO),ANTADO (LA PUNTA),
17,035,99,14,CHOCO,RIO QUITO (PAIMADO),BOCA DE PARTADO,
17,035,99,20,CHOCO,RIO QUITO (PAIMADO),CHIGUARANDO,
17,035,99,21,CHOCO,RIO QUITO (PAIMADO),CHIVIGUIDO,
17,035,99,25,CHOCO,RIO QUITO (PAIMADO),LA SOLEDAD,
17,035,99,30,CHOCO,RIO QUITO (PAIMADO),LA LOMA PUEBLO NUEVO,
17,035,99,42,CHOCO,RIO QUITO (PAIMADO),SAN ISIDRO,
17,035,99,47,CHOCO,RIO QUITO (PAIMADO),TUADO,
17,035,99,53,CHOCO,RIO QUITO (PAIMADO),VILLACONTO,
17,035,99,57,CHOCO,RIO QUITO (PAIMADO),RESGUARDO INDIGENA DEL RIO PATO GENGADO,
17,037,00,00,CHOCO,SAN JOSE DEL PALMAR,PUESTO CABECERA MUNICIPAL,
17,037,99,02,CHOCO,SAN JOSE DEL PALMAR,CORCOBADO,
17,037,99,03,CHOCO,SAN JOSE DEL PALMAR,LA ITALIA,
17,037,99,07,CHOCO,SAN JOSE DEL PALMAR,DAMASCO,
17,037,99,08,CHOCO,SAN JOSE DEL PALMAR,HABITA,
17,037,99,09,CHOCO,SAN JOSE DEL PALMAR,SAN PEDRO DE INGARA,
17,037,99,11,CHOCO,SAN JOSE DEL PALMAR,LA ALBANIA,
17,037,99,14,CHOCO,SAN JOSE DEL PALMAR,LA SELVA,
17,037,99,16,CHOCO,SAN JOSE DEL PALMAR,LA LIBERTAD,
17,037,99,18,CHOCO,SAN JOSE DEL PALMAR,LOS PATIOS,
17,037,99,19,CHOCO,SAN JOSE DEL PALMAR,SURAMITA,
17,037,99,21,CHOCO,SAN JOSE DEL PALMAR,PLAYA RICA DE LA SELVA,
17,037,99,23,CHOCO,SAN JOSE DEL PALMAR,VALENCIA,
17,037,99,28,CHOCO,SAN JOSE DEL PALMAR,ZABALETA DE SURAMITA,
17,038,00,00,CHOCO,EL LITORAL DEL SAN JUAN,PUESTO CABECERA MUNICIPAL,
17,038,99,10,CHOCO,EL LITORAL DEL SAN JUAN,CHARAMBIRA,
17,038,99,20,CHOCO,EL LITORAL DEL SAN JUAN,COPOMA,
17,038,99,30,CHOCO,EL LITORAL DEL SAN JUAN,CUCURRUPI,
17,038,99,35,CHOCO,EL LITORAL DEL SAN JUAN,EL PAPAYO,
17,038,99,40,CHOCO,EL LITORAL DEL SAN JUAN,ISLA MONO,
17,038,99,45,CHOCO,EL LITORAL DEL SAN JUAN,LOS PEREA,
17,038,99,50,CHOCO,EL LITORAL DEL SAN JUAN,MUNGUIDO,
17,038,99,60,CHOCO,EL LITORAL DEL SAN JUAN,PALESTINA,
17,038,99,65,CHOCO,EL LITORAL DEL SAN JUAN,PEÑITAS,
17,038,99,70,CHOCO,EL LITORAL DEL SAN JUAN,PICHIMA,
17,038,99,75,CHOCO,EL LITORAL DEL SAN JUAN,PLAYITA - VENAO,
17,038,99,79,CHOCO,EL LITORAL DEL SAN JUAN,SANTA MARIA DE PANGALA,
17,038,99,80,CHOCO,EL LITORAL DEL SAN JUAN,TAPARAL,
17,038,99,81,CHOCO,EL LITORAL DEL SAN JUAN,UNION BALSALITO,
17,038,99,82,CHOCO,EL LITORAL DEL SAN JUAN,BRAZO DE FATIMA,
17,038,99,83,CHOCO,EL LITORAL DEL SAN JUAN,NUEVA JERUSALEN,
17,038,99,84,CHOCO,EL LITORAL DEL SAN JUAN,RIO TOGOROMA,
17,038,99,90,CHOCO,EL LITORAL DEL SAN JUAN,TOGOROMA,
17,038,99,91,CHOCO,EL LITORAL DEL SAN JUAN,CHAGPIEN,
17,038,99,92,CHOCO,EL LITORAL DEL SAN JUAN,GUACHAL CORRIENTE DE PALO,
17,038,99,93,CHOCO,EL LITORAL DEL SAN JUAN,TAPARALITO,
17,038,99,94,CHOCO,EL LITORAL DEL SAN JUAN,NUEVO PITALITO,
17,038,99,95,CHOCO,EL LITORAL DEL SAN JUAN,PANGALITA,
17,038,99,96,CHOCO,EL LITORAL DEL SAN JUAN,RIO PICHIMA,
17,038,99,97,CHOCO,EL LITORAL DEL SAN JUAN,BURUJON,
17,038,99,98,CHOCO,EL LITORAL DEL SAN JUAN,LAS DELICIAS,
17,038,99,99,CHOCO,EL LITORAL DEL SAN JUAN,UNION WAIMIA,
17,038,99,A1,CHOCO,EL LITORAL DEL SAN JUAN,GUACHAL,
17,038,99,A2,CHOCO,EL LITORAL DEL SAN JUAN,CHAGPIEN TOLDO,
17,038,99,A3,CHOCO,EL LITORAL DEL SAN JUAN,BUENA VISTA,
17,040,00,00,CHOCO,SIPI,PUESTO CABECERA MUNICIPAL,
17,040,99,01,CHOCO,SIPI,CAÑAVERAL,
17,040,99,03,CHOCO,SIPI,CHARCO LARGO LA UNION,
17,040,99,05,CHOCO,SIPI,SANTA ROSA(GARRAPATAS),
17,040,99,07,CHOCO,SIPI,LOMA DE CHUPEY,
17,040,99,09,CHOCO,SIPI,SAN AGUSTIN,
17,040,99,11,CHOCO,SIPI,TANANDO,
17,040,99,13,CHOCO,SIPI,BARRANCON(TAPARAL),
17,043,00,00,CHOCO,TADO,PUESTO CABECERA MUNICIPAL,
17,043,99,01,CHOCO,TADO,CARMELO,
17,043,99,03,CHOCO,TADO,EL TABOR,
17,043,99,04,CHOCO,TADO,BETANIA,
17,043,99,07,CHOCO,TADO,CORCOBADO,
17,043,99,09,CHOCO,TADO,EL TAPON,
17,043,99,13,CHOCO,TADO,GUARATO,
17,043,99,19,CHOCO,TADO,MANUNGARA,
17,043,99,21,CHOCO,TADO,CASA COMUNITARIA MUMBU,
17,043,99,25,CHOCO,TADO,PLAYA DE ORO,
17,043,99,29,CHOCO,TADO,PROFUNDO,
17,043,99,35,CHOCO,TADO,LA ESPERANZA (TADOCITO),
17,043,99,40,CHOCO,TADO,GINGARABA,
17,048,00,00,CHOCO,UNGUIA,PUESTO CABECERA MUNICIPAL,
17,048,99,05,CHOCO,UNGUIA,BALBOA,
17,048,99,10,CHOCO,UNGUIA,GILGAL,
17,048,99,19,CHOCO,UNGUIA,SANTA MARIA LA NUEVA (CUTI),
17,048,99,24,CHOCO,UNGUIA,TANELA - CENTRO,
17,048,99,29,CHOCO,UNGUIA,TITUMATE,
17,060,00,00,CHOCO,UNION PANAMERICANA (LAS ANIMAS,PUESTO CABECERA MUNICIPAL,
17,060,99,20,CHOCO,UNION PANAMERICANA (LAS ANIMAS,EL PLAN DE RASPADURA,
17,060,99,45,CHOCO,UNION PANAMERICANA (LAS ANIMAS,LA Y,
17,060,99,60,CHOCO,UNION PANAMERICANA (LAS ANIMAS,QUIADO,
17,060,99,68,CHOCO,UNION PANAMERICANA (LAS ANIMAS,SAN RAFAEL DEL DOS,
17,060,99,70,CHOCO,UNION PANAMERICANA (LAS ANIMAS,SALERO,
17,060,99,72,CHOCO,UNION PANAMERICANA (LAS ANIMAS,SAN PABLO ADENTRO,
17,082,00,00,CHOCO,NUEVO BELEN DE BAJIRA,CABECERA MUNICIPAL - IE BELEN DE BAJIRA,
17,082,99,01,CHOCO,NUEVO BELEN DE BAJIRA,BELLA VISTA TUMARADOCITO (PEÑITAS),
17,082,99,02,CHOCO,NUEVO BELEN DE BAJIRA,BLANQUICET,
17,082,99,03,CHOCO,NUEVO BELEN DE BAJIRA,CAMPO ALEGRE (ALTO RIOSUCIO),
17,082,99,04,CHOCO,NUEVO BELEN DE BAJIRA,CUCHILLO BLANCO,
17,082,99,05,CHOCO,NUEVO BELEN DE BAJIRA,LA LOMA (LA LARGA),
17,082,99,06,CHOCO,NUEVO BELEN DE BAJIRA,LLANO RICO,
17,082,99,07,CHOCO,NUEVO BELEN DE BAJIRA,MACONDO,
17,082,99,08,CHOCO,NUEVO BELEN DE BAJIRA,NUEVO ORIENTE,
17,082,99,09,CHOCO,NUEVO BELEN DE BAJIRA,PLAYA ROJA,
17,082,99,10,CHOCO,NUEVO BELEN DE BAJIRA,SANTO DOMINGO (VENECIA),
19,001,01,01,HUILA,NEIVA,I.E. PROMOCION SOCIAL,COMUNA 1
19,001,01,02,HUILA,NEIVA,I.E. INEM,COMUNA 1
19,001,01,03,HUILA,NEIVA,I.E. SAN MIGUEL ARCANGEL,COMUNA 1
19,001,01,04,HUILA,NEIVA,ESCUELA LOS PINOS,COMUNA 2
19,001,01,05,HUILA,NEIVA,CASETA COMUNAL PRADO NORTE,COMUNA 2
19,001,01,06,HUILA,NEIVA,I.E. LUIS IGNACIO ANDRADE,COMUNA 2
19,001,01,07,HUILA,NEIVA,I.E. MARIA CRISTINA ARANGO,COMUNA 2
19,001,01,08,HUILA,NEIVA,I.E. GUSTAVO TORRES PARRA CLARETIANO,COMUNA 2
19,001,02,01,HUILA,NEIVA,I.E.  NACIONAL SANTA LIBRADA,COMUNA 3
19,001,02,02,HUILA,NEIVA,I.E. TECNICO SUPERIOR,COMUNA 3
19,001,02,03,HUILA,NEIVA,ESCUELA GABINO CHARRY,COMUNA 3
19,001,03,01,HUILA,NEIVA,IE CEINAR,COMUNA 4
19,001,03,02,HUILA,NEIVA,ESCUELA LOS MARTIRES,COMUNA 4
19,001,03,03,HUILA,NEIVA,COL.SALESIANO SAN MEDARDO,COMUNA 4
19,001,03,04,HUILA,NEIVA,ESCUELA ORIENTE,COMUNA 4
19,001,03,05,HUILA,NEIVA,I.E. ANGEL MARIA PAREDES,COMUNA 4
19,001,03,06,HUILA,NEIVA,I.E. RICARDO BORRERO ALVAREZ,COMUNA 4
19,001,03,07,HUILA,NEIVA,FAC.DE MEDICINA USCO.,COMUNA 4
19,001,03,08,HUILA,NEIVA,ESCUELA FRANCISCA BORRERO,COMUNA 4
19,001,04,01,HUILA,NEIVA,ESCUELA GUILLERMO MONTENEGRO,COMUNA 5
19,001,04,02,HUILA,NEIVA,I.E. JOSE EUSTACIO RIVERA,COMUNA 5
19,001,04,03,HUILA,NEIVA,I.E. EL LIMONAR,COMUNA 6
19,001,04,04,HUILA,NEIVA,I.E. OLIVERIO LARA BORRERO,COMUNA 6
19,001,04,05,HUILA,NEIVA,I.E. RODRIGO LARA BONILLA  MEGACOLEGIO,COMUNA 6
19,001,04,06,HUILA,NEIVA,ESCUELA EL ROSARIO,COMUNA 6
19,001,04,07,HUILA,NEIVA,IE AGUSTIN CODAZZI,COMUNA 6
19,001,04,08,HUILA,NEIVA,INS. TECN. Y ACADEMICO SCOUT JOSE MARTI,COMUNA 6
19,001,04,09,HUILA,NEIVA,IE ATANASIO GIRARDOT,COMUNA 5
19,001,05,01,HUILA,NEIVA,ESCUELA CALIXTO LEIVA,COMUNA 7
19,001,05,02,HUILA,NEIVA,IE SANTA TERESA SD JORGE VILLAMIL C.,COMUNA 7
19,001,05,03,HUILA,NEIVA,I.E. ESCUELA NORMAL SUPERIOR DE NEIVA,COMUNA 7
19,001,05,04,HUILA,NEIVA,I.E. IPC ANDRES ROSAS,COMUNA 8
19,001,05,05,HUILA,NEIVA,ESCUELA POPULAR CLARETIANA,COMUNA 8
19,001,05,06,HUILA,NEIVA,I.E. JUAN DE CABRERA SD SUR ORIENTE,COMUNA 8
19,001,05,07,HUILA,NEIVA,ESCUELA RAFAEL AZUERO MANCHOLA,COMUNA 8
19,001,05,08,HUILA,NEIVA,IE JUAN DE CABRERA SEDE PRINCIPAL,COMUNA 8
19,001,06,01,HUILA,NEIVA,IE GABRIEL GARCIA MARQUEZ,COMUNA 9
19,001,06,02,HUILA,NEIVA,I.E. EDUARDO SANTOS,COMUNA 9
19,001,06,03,HUILA,NEIVA,ESCUELA LAS PALMAS,COMUNA 10
19,001,06,04,HUILA,NEIVA,IE  ENRIQUE OLAYA HERRERA,COMUNA 10
19,001,06,05,HUILA,NEIVA,IE HUMBERTO TAFUR CHARRY,COMUNA 10
19,001,06,06,HUILA,NEIVA,IE MISAEL PASTRANA BORRERO,COMUNA 10
19,001,06,07,HUILA,NEIVA,ESCUELA HUMBERTO TAFUR,COMUNA 9
19,001,90,01,HUILA,NEIVA,IE DPTAL TIERRA DE PROMISION,
19,001,99,01,HUILA,NEIVA,VEGALARGA,CORREGIMIENTO VEGA LARGA
19,001,99,02,HUILA,NEIVA,RIO LAS CEIBAS,CORREGIMIENTO RIO LAS CEIBAS
19,001,99,03,HUILA,NEIVA,CAGUAN,CORREGIMIENTO CAGUAN
19,001,99,04,HUILA,NEIVA,FORTALECILLAS,CORREGIMIENTO FORTALECILLAS
19,001,99,05,HUILA,NEIVA,GUACIRCO,CORREGIMIENTO GUACIRCO
19,001,99,06,HUILA,NEIVA,SAN LUIS,CORREGIMIENTO SAN LUIS
19,001,99,07,HUILA,NEIVA,CHAPINERO,CORREGIMIENTO CHAPINERO
19,001,99,08,HUILA,NEIVA,AIPECITO,CORREGIMIENTO AIPECITO
19,001,99,09,HUILA,NEIVA,SAN ANTONIO DE ANACONIA,CORREGIMIENTO VEGA LARGA
19,001,99,10,HUILA,NEIVA,PUESTO DE SALUD VEREDA PALESTINA,CORREGIMIENTO RIO LAS CEIBAS
19,004,00,00,HUILA,ACEVEDO,PUESTO CABECERA MUNICIPAL,
19,004,99,01,HUILA,ACEVEDO,SAN ADOLFO,
19,004,99,70,HUILA,ACEVEDO,SAN MARCOS,
19,004,99,71,HUILA,ACEVEDO,I.E. SAN ISIDRO SEDE EL CARMEN,
19,004,99,72,HUILA,ACEVEDO,I.E JOSE ACEVEDO IGOMEZ SEDE PUBLO VIEJO,
19,004,99,73,HUILA,ACEVEDO,I.E MARTICAS,
19,007,00,00,HUILA,AGRADO,PUESTO CABECERA MUNICIPAL,
19,007,99,10,HUILA,AGRADO,LA ONDINA,
19,010,00,00,HUILA,AIPE,PUESTO CABECERA MUNICIPAL,
19,010,99,01,HUILA,AIPE,PRAGA,
19,010,99,07,HUILA,AIPE,LA CEJA,
19,010,99,09,HUILA,AIPE,POTRERITOS,
19,010,99,10,HUILA,AIPE,SANTA RITA,
19,010,99,50,HUILA,AIPE,PATA,
19,013,00,00,HUILA,ALGECIRAS,PUESTO CABECERA MUNICIPAL,
19,013,99,01,HUILA,ALGECIRAS,EL PARAISO,
19,013,99,03,HUILA,ALGECIRAS,EL TORO,
19,013,99,05,HUILA,ALGECIRAS,LA ARCADIA,
19,016,00,00,HUILA,ALTAMIRA,PUESTO CABECERA MUNICIPAL,
19,019,00,00,HUILA,BARAYA,PUESTO CABECERA MUNICIPAL,
19,019,99,01,HUILA,BARAYA,LA TROJA,
19,019,99,02,HUILA,BARAYA,LA BATALLA,
19,019,99,03,HUILA,BARAYA,LOS LAURELES,
19,019,99,04,HUILA,BARAYA,PATIA,
19,019,99,50,HUILA,BARAYA,MIRAMAR,
19,022,01,01,HUILA,CAMPOALEGRE,I.E. EUGENIO FERRO FALLA,
19,022,01,02,HUILA,CAMPOALEGRE,CTRO. DOCENTE CENTRAL MIXTA,
19,022,02,01,HUILA,CAMPOALEGRE,I.E. JOSE HILARIO LOPEZ,
19,022,02,02,HUILA,CAMPOALEGRE,CTRO DOCENTE ENCARNACION SALAS DE MOTTA,
19,022,02,03,HUILA,CAMPOALEGRE,CENTRO DE INTEGRACION CIUDADANA,
19,022,99,60,HUILA,CAMPOALEGRE,ESCUELA OTAS,
19,022,99,61,HUILA,CAMPOALEGRE,ESCUELA SEDE LA VEGA,
19,025,00,00,HUILA,TESALIA (CARNICERIAS),PUESTO CABECERA MUNICIPAL,
19,025,99,05,HUILA,TESALIA (CARNICERIAS),PACARNI,
19,028,00,00,HUILA,COLOMBIA,PUESTO CABECERA MUNICIPAL,
19,028,99,01,HUILA,COLOMBIA,MONGUI,
19,028,99,02,HUILA,COLOMBIA,LOS RIOS,
19,028,99,03,HUILA,COLOMBIA,POTREROGRANDE,
19,028,99,04,HUILA,COLOMBIA,SAN MARCOS,
19,028,99,05,HUILA,COLOMBIA,SANTA ANA,
19,028,99,40,HUILA,COLOMBIA,LAS LAJAS,
19,028,99,70,HUILA,COLOMBIA,SAN ANTONIO ALTO,
19,031,00,00,HUILA,ELIAS,PUESTO CABECERA MUNICIPAL,
19,031,99,01,HUILA,ELIAS,EL VISO,
19,031,99,50,HUILA,ELIAS,ORITOGUAZ,
19,034,01,01,HUILA,GARZON,JENARO DIAZ JORDAN,
19,034,01,02,HUILA,GARZON,POLIDEPORTIVO PLAZA DE MERCADO,
19,034,01,03,HUILA,GARZON,IE BARRIOS UNIDOS,
19,034,01,04,HUILA,GARZON,JENARO DIAZ JORDAN SEDE,
19,034,02,01,HUILA,GARZON,UN. SUR COLOMBIANA,
19,034,02,02,HUILA,GARZON,IE SIMON BOLIVAR,
19,034,02,03,HUILA,GARZON,MEG LUIS CALIXTO LEIVA,
19,034,90,01,HUILA,GARZON,COLEGIO COOPERATIVO,
19,034,98,01,HUILA,GARZON,CARCEL LAS MERCEDES,
19,034,99,01,HUILA,GARZON,EL RECREO,
19,034,99,02,HUILA,GARZON,EL PARAISO,
19,034,99,03,HUILA,GARZON,CAGUANCITO,
19,034,99,04,HUILA,GARZON,EL MESON,
19,034,99,05,HUILA,GARZON,LA JAGUA,
19,034,99,06,HUILA,GARZON,EL DESCANSO,
19,034,99,07,HUILA,GARZON,IE MAJO,
19,034,99,08,HUILA,GARZON,IE SAN GERARDO,
19,034,99,09,HUILA,GARZON,SAN ANTONIO DEL PESCADO,
19,034,99,10,HUILA,GARZON,IE SANTA MARTA,
19,034,99,13,HUILA,GARZON,ZULUAGA,
19,034,99,18,HUILA,GARZON,PROVIDENCIA,
19,037,00,00,HUILA,GIGANTE,PUESTO CABECERA MUNICIPAL,
19,037,99,01,HUILA,GIGANTE,SILVANIA,
19,037,99,03,HUILA,GIGANTE,LA GRAN VIA (CACHAYA),
19,037,99,05,HUILA,GIGANTE,POTRERILLOS,
19,037,99,09,HUILA,GIGANTE,RIOLORO,
19,037,99,32,HUILA,GIGANTE,VUELTAS ARRIBA,
19,040,00,00,HUILA,GUADALUPE,PUESTO CABECERA MUNICIPAL,
19,040,99,12,HUILA,GUADALUPE,MIRAFLORES,
19,040,99,70,HUILA,GUADALUPE,RESINA,
19,043,00,00,HUILA,HOBO,PUESTO CABECERA MUNICIPAL,
19,043,99,01,HUILA,HOBO,VEREDA EL ESTORACAL,
19,044,00,01,HUILA,ISNOS,PUESTO CABECERA MUNICIPAL,
19,044,00,02,HUILA,ISNOS,CENTRO MULTICULTURAL,
19,044,99,01,HUILA,ISNOS,BAJO JUNIN,
19,044,99,02,HUILA,ISNOS,CIENAGA GRANDE,
19,044,99,05,HUILA,ISNOS,EL SALTO DE BORDONES,
19,044,99,18,HUILA,ISNOS,SAN VICENTE,
19,046,00,00,HUILA,IQUIRA,PUESTO CABECERA MUNICIPAL,
19,046,99,30,HUILA,IQUIRA,SAN LUIS,
19,046,99,50,HUILA,IQUIRA,VALENCIA DE LA PAZ,
19,046,99,70,HUILA,IQUIRA,RIO NEGRO,
19,047,00,00,HUILA,LA ARGENTINA (PLATA VIEJA),PUESTO CABECERA MUNICIPAL,
19,047,99,05,HUILA,LA ARGENTINA (PLATA VIEJA),EL PENSIL,
19,049,01,01,HUILA,LA PLATA,I.E. EL JARDIN,
19,049,01,02,HUILA,LA PLATA,IE MISAEL PASTRANA BORRERO,
19,049,01,03,HUILA,LA PLATA,IE SAN JOSE,
19,049,01,04,HUILA,LA PLATA,IE SAN ANTONIO,
19,049,02,01,HUILA,LA PLATA,IE PEDRO MARIA RAMIREZ,
19,049,02,02,HUILA,LA PLATA,IE SAN RAFAEL,
19,049,02,03,HUILA,LA PLATA,IE LUIS CARLOS TRUJILLO POLANCO,
19,049,90,01,HUILA,LA PLATA,COL. NACIONAL SAN SEBASTIAN,
19,049,98,01,HUILA,LA PLATA,CARCEL,
19,049,99,01,HUILA,LA PLATA,BELEN,
19,049,99,03,HUILA,LA PLATA,GALLEGO,
19,049,99,09,HUILA,LA PLATA,MONSERRATE,
19,049,99,13,HUILA,LA PLATA,COL.TEC. AGROPECUARIO MARGARITA LEGARDA,
19,049,99,15,HUILA,LA PLATA,SAN ANDRES,
19,049,99,16,HUILA,LA PLATA,SAN VICENTE,
19,049,99,17,HUILA,LA PLATA,VILLA LOSADA,
19,050,00,00,HUILA,NATAGA,PUESTO CABECERA MUNICIPAL,
19,050,99,23,HUILA,NATAGA,PATIO BONITO,
19,051,00,00,HUILA,OPORAPA,PUESTO CABECERA MUNICIPAL,
19,051,99,08,HUILA,OPORAPA,EL CARMEN,
19,051,99,14,HUILA,OPORAPA,ESCUELA ALTO SAN FRANCISCO,
19,051,99,70,HUILA,OPORAPA,SAN ROQUE,
19,052,00,00,HUILA,PAICOL,PUESTO CABECERA MUNICIPAL,
19,052,99,01,HUILA,PAICOL,VEREDA ALTO SAN MIGUEL,
19,055,00,00,HUILA,PALERMO,PUESTO CABECERA MUNICIPAL,
19,055,99,01,HUILA,PALERMO,CENTRO POBLADO BETANIA,
19,055,99,02,HUILA,PALERMO,EL JUNCAL,
19,055,99,03,HUILA,PALERMO,NILO,
19,055,99,04,HUILA,PALERMO,IE SANTA ROSALIA SD EL CARMEN,
19,055,99,05,HUILA,PALERMO,IE OSPINA PEREZ - SEDE SECUNDARIA,
19,055,99,06,HUILA,PALERMO,IE SANTA ROSALIA SEDE JUNTAS,
19,055,99,07,HUILA,PALERMO,IE SANTA ROSALIA,
19,055,99,08,HUILA,PALERMO,SAN JUAN,
19,055,99,30,HUILA,PALERMO,PRADERAS DE AMBORCO,
19,056,00,00,HUILA,PALESTINA,PUESTO CABECERA MUNICIPAL,
19,056,99,01,HUILA,PALESTINA,IE EL TABOR,
19,058,00,00,HUILA,PITAL,PUESTO CABECERA MUNICIPAL,
19,058,99,05,HUILA,PITAL,CARMELO,
19,058,99,40,HUILA,PITAL,EL SOCORRO,
19,061,01,01,HUILA,PITALITO,IE MPAL ESCUELA NORMAL SUPERIOR,COMUNA 1 OCCIDENTAL
19,061,01,02,HUILA,PITALITO,IE MPAL NACIONAL,COMUNA 1 OCCIDENTAL
19,061,01,03,HUILA,PITALITO,IE MPAL ESC.NORMAL SUP.-SD RODRIGO LARA,COMUNA 1 OCCIDENTAL
19,061,01,04,HUILA,PITALITO,IE MPAL MONTESSORI-SD MARIA MONTESSORI,COMUNA 2 ORIENTAL
19,061,01,05,HUILA,PITALITO,IE MPAL HUMBERTO MUÑOZ-SD NOGALES,COMUNA 2 ORIENTAL
19,061,01,06,HUILA,PITALITO,IE MPAL HUMBERTO MUÑOZ ORDOÑEZ SD PPAL,COMUNA 1 OCCIDENTAL
19,061,01,07,HUILA,PITALITO,C.I.C. VENECIA,COMUNA 2 ORIENTAL
19,061,01,08,HUILA,PITALITO,IE MPAL ESC NORMAL SUP SD AGUSTIN SIER,COMUNA 1 OCCIDENTAL
19,061,01,09,HUILA,PITALITO,IE MPAL NAC. SD NELSON CARVAJAL CARVAJAL,COMUNA 1 OCCIDENTAL
19,061,02,01,HUILA,PITALITO,COL.LA PRESENTACION,COMUNA 3 CENTRO
19,061,02,02,HUILA,PITALITO,IE MPAL LICEO SUR ANDINO-SD PRINCIPAL,COMUNA 3 CENTRO
19,061,02,03,HUILA,PITALITO,I.E.WINNIPEG,COMUNA 3 CENTRO
19,061,02,04,HUILA,PITALITO,IE MPAL NAC.- SD EDUC. VICTOR M. MENESES,COMUNA 3 CENTRO
19,061,02,05,HUILA,PITALITO,I.E. MPAL MONTESSORI,COMUNA 4 SUR
19,061,02,06,HUILA,PITALITO,IE MPAL WINNIPEG-  SD LIBERTADOR,COMUNA 4 SUR
19,061,02,07,HUILA,PITALITO,IE MPAL HUMBERTO MUÑOZ SD VICTOR CORTES,COMUNA 3 CENTRO
19,061,02,08,HUILA,PITALITO,IE MPAL MONTESSORI SEDE ANTONIO NARIÑO,COMUNA 4 SUR
19,061,02,09,HUILA,PITALITO,IE MPAL LICEO SUR AND.-SD JESUS M BASTO,COMUNA 3 CENTRO
19,061,90,01,HUILA,PITALITO,COLISEO CUBIERTO,
19,061,98,01,HUILA,PITALITO,CARCEL,
19,061,99,01,HUILA,PITALITO,IE MPAL JOSE EUSTASIO RIVERA-SD PPAL,CORREGIMIENTO 1 BRUSELAS
19,061,99,02,HUILA,PITALITO,I.E MPAL CHILLURCO,CORREGIMIENTO 4 CHILLURCO
19,061,99,03,HUILA,PITALITO,I.E. MPAL GUACACALLO,CORREGIMIENTO 7 GUACACALLO
19,061,99,04,HUILA,PITALITO,IE JOSE EUSTACIO RIVERA-SD BOMBONAL,CORREGIMIENTO 1 BRUSELAS
19,061,99,05,HUILA,PITALITO,SD JUNTA DE ACC. COMUNAL CGTO LA LAGUNA,CORREGIMIENTO 2 LA LAGUNA
19,061,99,06,HUILA,PITALITO,IE MUNICIPAL VILLA FATIMA - SD PRINCIPAL,CORREGIMIENTO 1 BRUSELAS
19,061,99,07,HUILA,PITALITO,I.E. MPAL CRIOLLO,CORREGIMIENTO 3 CRIOLLO
19,061,99,09,HUILA,PITALITO,IE MPAL CRIOLLO-SD PALMAR DE CRIOLLO,CORREGIMIENTO 3 CRIOLLO
19,061,99,10,HUILA,PITALITO,I.E. MPAL PALMARITO,CORREGIMIENTO 5 PALMARITO
19,061,99,11,HUILA,PITALITO,IE MPAL DOMINGO SAVIO-CABAÑA VENECIA,CORREGIMIENTO 8 REGUEROS
19,061,99,12,HUILA,PITALITO,IE MPAL WINNIPEG-SD CHARGUAYACO,CORREGIMIENTO 6 CHARGUAYACO
19,061,99,15,HUILA,PITALITO,REGUEROS,CORREGIMIENTO 8 REGUEROS
19,061,99,20,HUILA,PITALITO,CHARGUAYACO,CORREGIMIENTO 6 CHARGUAYACO
19,061,99,21,HUILA,PITALITO,IE MPAL LICEO SUR ANDINO SEDE HIGUERON,CORREGIMIENTO 6 CHARGUAYACO
19,061,99,22,HUILA,PITALITO,IE MPAL MONTESSORI SEDE SAN FRANCISCO,CORREGIMIENTO 3 CRIOLLO
19,061,99,23,HUILA,PITALITO,IE MPAL NACIONAL SEDE AGUADAS,CORREGIMIENTO 4 CHILLURCO
19,064,00,00,HUILA,RIVERA,PUESTO CABECERA MUNICIPAL,
19,064,98,01,HUILA,RIVERA,CARCEL,
19,064,99,50,HUILA,RIVERA,SALON COMUNAL LA ULLOA,
19,064,99,75,HUILA,RIVERA,RIVERITA,
19,064,99,76,HUILA,RIVERA,I.E RIO FRIO,
19,064,99,77,HUILA,RIVERA,SALON COMUNAL EL GUADUAL,
19,067,00,00,HUILA,SALADOBLANCO,PUESTO CABECERA MUNICIPAL,
19,067,99,03,HUILA,SALADOBLANCO,VEREDA LAS PITAS,
19,067,99,05,HUILA,SALADOBLANCO,LA CABAÑA,
19,067,99,11,HUILA,SALADOBLANCO,MORELIA,
19,070,00,00,HUILA,SAN AGUSTIN,PUESTO CABECERA MUNICIPAL,
19,070,99,01,HUILA,SAN AGUSTIN,VILLA FATIMA,
19,070,99,05,HUILA,SAN AGUSTIN,OBANDO,
19,070,99,06,HUILA,SAN AGUSTIN,PRADERA,
19,070,99,07,HUILA,SAN AGUSTIN,PUERTO QUINCHANA,
19,070,99,09,HUILA,SAN AGUSTIN,EL ALTO DEL OBISPO,
19,070,99,12,HUILA,SAN AGUSTIN,EL PALMAR,
19,070,99,15,HUILA,SAN AGUSTIN,EL ROSARIO,
19,070,99,20,HUILA,SAN AGUSTIN,LOS CAUCHOS,
19,074,00,00,HUILA,SANTA MARIA,PUESTO CABECERA MUNICIPAL,
19,074,99,35,HUILA,SANTA MARIA,EL SOCORRO,
19,074,99,50,HUILA,SANTA MARIA,SAN JOAQUIN,
19,076,00,00,HUILA,SUAZA,PUESTO CABECERA MUNICIPAL,
19,076,99,40,HUILA,SUAZA,I.E. GALLARDO,
19,076,99,60,HUILA,SUAZA,GUAYABAL,
19,079,00,00,HUILA,TARQUI,PUESTO CABECERA MUNICIPAL,
19,079,99,01,HUILA,TARQUI,MAITO,
19,079,99,02,HUILA,TARQUI,LA ESMERALDA,
19,079,99,03,HUILA,TARQUI,EL VERGEL,
19,079,99,40,HUILA,TARQUI,QUITURO,
19,079,99,60,HUILA,TARQUI,RICABRISA,
19,082,00,00,HUILA,TELLO,IE LA ASUNCION SD FRANCISCO MIRANDA,
19,082,99,01,HUILA,TELLO,ANACLETO GARCIA,
19,082,99,02,HUILA,TELLO,EL CEDRAL,
19,082,99,03,HUILA,TELLO,LA SIERRA DEL GRAMAL,
19,082,99,05,HUILA,TELLO,SAN ANDRES,
19,082,99,70,HUILA,TELLO,SIERRA DE LA CAÑADA,
19,085,00,00,HUILA,TERUEL,PUESTO CABECERA MUNICIPAL,
19,085,99,30,HUILA,TERUEL,EL ALMORZADERO,
19,088,00,00,HUILA,TIMANA,PUESTO CABECERA MUNICIPAL,
19,088,99,13,HUILA,TIMANA,COSANZA,
19,088,99,50,HUILA,TIMANA,NARANJAL,
19,088,99,51,HUILA,TIMANA,I.E. PANTANOS,
19,091,00,00,HUILA,VILLAVIEJA,PUESTO CABECERA MUNICIPAL,
19,091,99,01,HUILA,VILLAVIEJA,POTOSI,
19,091,99,03,HUILA,VILLAVIEJA,LA VICTORIA,
19,091,99,05,HUILA,VILLAVIEJA,SAN ALFONSO,
19,091,99,08,HUILA,VILLAVIEJA,HATO NUEVO,
19,094,00,00,HUILA,YAGUARA,PUESTO CABECERA MUNICIPAL,
19,094,99,50,HUILA,YAGUARA,LETRAN,
21,001,01,01,MAGDALENA,SANTA MARTA,I.E.D. LICEO DEL SUR VICTOR DE LIMA,
21,001,01,02,MAGDALENA,SANTA MARTA,IED LIC DEL SUR VICTOR DE LIMA SD,
21,001,01,03,MAGDALENA,SANTA MARTA,I.E.D JACQUELINE KENNEDY,
21,001,01,04,MAGDALENA,SANTA MARTA,IED JACQUELINE KENNEDY SD,
21,001,01,05,MAGDALENA,SANTA MARTA,IED JACQUELINE KENNEDY SD,
21,001,01,06,MAGDALENA,SANTA MARTA,IED JACQUELINE KENNEDY SD,
21,001,01,07,MAGDALENA,SANTA MARTA,IED LIC DEL SUR VICTOR DE LIMA SD,
21,001,01,08,MAGDALENA,SANTA MARTA,IED NUEVO AMANECER CON DIOS SD,
21,001,01,09,MAGDALENA,SANTA MARTA,IED TÉCNICA INEM SIMON BOLIVAR SD,
21,001,01,10,MAGDALENA,SANTA MARTA,IED SD,
21,001,02,01,MAGDALENA,SANTA MARTA,I.E.D.EL PANDO,
21,001,02,02,MAGDALENA,SANTA MARTA,IED EL PANDO SEDE,
21,001,02,03,MAGDALENA,SANTA MARTA,I.E.D.EL PARQUE,
21,001,02,04,MAGDALENA,SANTA MARTA,I.E.D LIBANO,
21,001,02,05,MAGDALENA,SANTA MARTA,I.E.D.SAN FCO.JAVIER DE GARAGO,
21,001,02,06,MAGDALENA,SANTA MARTA,UNIVERSIDAD ANTONIO NARIÑO,
21,001,02,07,MAGDALENA,SANTA MARTA,UNIVERSIDAD DEL MAGDALENA,
21,001,02,08,MAGDALENA,SANTA MARTA,IED ONCE DE NOVIEMBRE,
21,001,02,09,MAGDALENA,SANTA MARTA,IED EL LIBANO SEDE,
21,001,02,10,MAGDALENA,SANTA MARTA,IED,
21,001,03,01,MAGDALENA,SANTA MARTA,I.E.D. NORMAL SUPERIOR SAN PEDRO,
21,001,03,02,MAGDALENA,SANTA MARTA,IED JUAN MAIGUEL DE OSUNA,
21,001,03,03,MAGDALENA,SANTA MARTA,I.E.D.ALUNA MEGA COLEGIO CISNE,
21,001,03,04,MAGDALENA,SANTA MARTA,IED PEDAG. DEL CARIBE SD CIUDAD EQUIDAD,
21,001,03,05,MAGDALENA,SANTA MARTA,IED SIMON RODRIGUEZ SEDE,
21,001,04,01,MAGDALENA,SANTA MARTA,I.E.D.HUGO J. BERMUDEZ,
21,001,04,02,MAGDALENA,SANTA MARTA,I.E.D.HUGO J.BERMUDEZ S.LA.ESP,
21,001,04,03,MAGDALENA,SANTA MARTA,I.E.D.LICEO SAMARIO,
21,001,04,04,MAGDALENA,SANTA MARTA,IED ANTONIO NARIÑO SEDE,
21,001,05,01,MAGDALENA,SANTA MARTA,LICEO SAMARIO SD.,
21,001,05,02,MAGDALENA,SANTA MARTA,IED LICEO CELEDON,
21,001,05,03,MAGDALENA,SANTA MARTA,IED LA INDUSTRIAL,
21,001,05,04,MAGDALENA,SANTA MARTA,I.E.D.FCO.DE PAULA SANTANDER,
21,001,05,05,MAGDALENA,SANTA MARTA,I.E.D.MAGDALENA,
21,001,05,06,MAGDALENA,SANTA MARTA,IED MAGD SEDE,
21,001,05,07,MAGDALENA,SANTA MARTA,IED LICEO EL SABER,
21,001,05,08,MAGDALENA,SANTA MARTA,IED MAGDALENA SEDE,
21,001,06,01,MAGDALENA,SANTA MARTA,I.E.D. RODRIGO BASTIDAS,
21,001,06,02,MAGDALENA,SANTA MARTA,HOGAR INFANTIL BASTIDAS,
21,001,06,03,MAGDALENA,SANTA MARTA,IED RODRIGO DE BASTIDAS SD,
21,001,06,04,MAGDALENA,SANTA MARTA,I.E.D.NICOLAS BUENAVENTURA,
21,001,06,05,MAGDALENA,SANTA MARTA,I.E.D. ONDAS DEL CARIBE,
21,001,06,06,MAGDALENA,SANTA MARTA,I.E.D LAURA VICUÑA,
21,001,06,07,MAGDALENA,SANTA MARTA,I.E.D.ESC.NORMAL SUP.MARIA AUX,
21,001,06,08,MAGDALENA,SANTA MARTA,IED EL CARMEN,
21,001,06,09,MAGDALENA,SANTA MARTA,IED RODRIGO GALVAN DE BASTIDAS,
21,001,06,10,MAGDALENA,SANTA MARTA,IED PANTANO SEDE,
21,001,07,01,MAGDALENA,SANTA MARTA,I.E.D.MADRE LAURA,
21,001,07,02,MAGDALENA,SANTA MARTA,I.E.D.LICEO DEL NORTE,
21,001,07,03,MAGDALENA,SANTA MARTA,I.E.D. ALFONSO LOPEZ,
21,001,07,04,MAGDALENA,SANTA MARTA,IED JHON F KENNEDY,
21,001,07,05,MAGDALENA,SANTA MARTA,IED LICEO DEL NORTE SEDE,
21,001,07,06,MAGDALENA,SANTA MARTA,IED SAN FERNANDO SEDE,
21,001,07,07,MAGDALENA,SANTA MARTA,IED OLIVOS SEDE,
21,001,07,08,MAGDALENA,SANTA MARTA,IED OLIVOS SEDE,
21,001,07,09,MAGDALENA,SANTA MARTA,IED,
21,001,08,01,MAGDALENA,SANTA MARTA,I.E.D.JOSE LABORDE GNECCO,
21,001,08,02,MAGDALENA,SANTA MARTA,I.E.D CAMILO TORRES DE GAIRA,
21,001,08,03,MAGDALENA,SANTA MARTA,IED CAMILO TORRES DE GAIRA SD ISABEL P.F,
21,001,08,04,MAGDALENA,SANTA MARTA,"I.E.D.LA PAZ, MEGA COL. LA PAZ",
21,001,08,05,MAGDALENA,SANTA MARTA,IED CRISTO REY,
21,001,08,06,MAGDALENA,SANTA MARTA,SEDE RECREATIVA COOEDUMAG,
21,001,08,07,MAGDALENA,SANTA MARTA,IED GABRIELA MISTRAL SD,
21,001,08,08,MAGDALENA,SANTA MARTA,IED JESUS ESPELETA FAJARDO,
21,001,08,09,MAGDALENA,SANTA MARTA,IED SIMON BOLIVAR DE GAIRA SEDE,
21,001,08,10,MAGDALENA,SANTA MARTA,IED BEATRIZ GUTIERREZ DE VIVES,
21,001,08,11,MAGDALENA,SANTA MARTA,IED DON JACA SEDE BAJA,
21,001,90,01,MAGDALENA,SANTA MARTA,IED TEC INEM SIMON BOLIVAR DE MAMATOCO,
21,001,98,01,MAGDALENA,SANTA MARTA,CARCEL,
21,001,99,01,MAGDALENA,SANTA MARTA,IED BONDA SEDE,
21,001,99,02,MAGDALENA,SANTA MARTA,BONDA,
21,001,99,03,MAGDALENA,SANTA MARTA,GUACHACA,
21,001,99,04,MAGDALENA,SANTA MARTA,CALABAZO,
21,001,99,05,MAGDALENA,SANTA MARTA,TAGANGA,
21,001,99,07,MAGDALENA,SANTA MARTA,MINCA,
21,001,99,08,MAGDALENA,SANTA MARTA,LA TAGUA,
21,001,99,13,MAGDALENA,SANTA MARTA,EL CAMPANO,
21,001,99,15,MAGDALENA,SANTA MARTA,IED JULIO JOSE CEBALLOS OSPINO SD,
21,001,99,17,MAGDALENA,SANTA MARTA,IED PALOMINITO,
21,001,99,19,MAGDALENA,SANTA MARTA,IED MOSQUITO,
21,001,99,20,MAGDALENA,SANTA MARTA,INS ETNOEDUC DIST INTERCULTURAL EL MAMEY,
21,001,99,21,MAGDALENA,SANTA MARTA,I ETNOEDUC DIST INTERCULTURAL LA REVUELT,
21,008,00,00,MAGDALENA,ALGARROBO,PUESTO CABECERA MUNICIPAL,
21,008,99,10,MAGDALENA,ALGARROBO,BELLAVISTA,
21,008,99,20,MAGDALENA,ALGARROBO,RIOMAR,
21,008,99,30,MAGDALENA,ALGARROBO,LA ESTACION LLERAS,
21,008,99,35,MAGDALENA,ALGARROBO,LOMA DE BALSAMO,
21,010,01,01,MAGDALENA,ARACATACA,INS.EDUCATIVA ELVIA VIZCAINO T,
21,010,01,02,MAGDALENA,ARACATACA,JHON F. KENEDDY,
21,010,02,01,MAGDALENA,ARACATACA,CERES,
21,010,02,02,MAGDALENA,ARACATACA,INST. EDUCATIVA SAN MARTIN,
21,010,99,01,MAGDALENA,ARACATACA,BUENOS AIRES,
21,010,99,05,MAGDALENA,ARACATACA,AGUA BENDITA,
21,010,99,20,MAGDALENA,ARACATACA,CAUCA,
21,010,99,25,MAGDALENA,ARACATACA,CERRO AZUL,
21,010,99,30,MAGDALENA,ARACATACA,MACARAQUILLA,
21,010,99,40,MAGDALENA,ARACATACA,RIO DE PIEDRA,
21,010,99,75,MAGDALENA,ARACATACA,SAMPUES,
21,010,99,80,MAGDALENA,ARACATACA,TRANQUILANDIA,
21,010,99,85,MAGDALENA,ARACATACA,TEHOBROMINA,
21,012,01,01,MAGDALENA,ARIGUANI (EL DIFICIL),LICEO ARIGUANI,
21,012,01,02,MAGDALENA,ARIGUANI (EL DIFICIL),ESCUELA MIXTA COMUNAL EL CONGO,
21,012,02,01,MAGDALENA,ARIGUANI (EL DIFICIL),ESCUELA MIXTA COMUNAL,
21,012,02,02,MAGDALENA,ARIGUANI (EL DIFICIL),EMC SIMON BOLIVAR,
21,012,99,20,MAGDALENA,ARIGUANI (EL DIFICIL),EL CARMEN DE ARIGUANI,
21,012,99,30,MAGDALENA,ARIGUANI (EL DIFICIL),ALEJANDRIA,
21,012,99,35,MAGDALENA,ARIGUANI (EL DIFICIL),PUEBLO NUEVO,
21,012,99,70,MAGDALENA,ARIGUANI (EL DIFICIL),SAN JOSE DE ARIGUANI,
21,013,00,00,MAGDALENA,CERRO DE SAN ANTONIO,PUESTO CABECERA MUNICIPAL,
21,013,99,05,MAGDALENA,CERRO DE SAN ANTONIO,CANDELARIA,
21,013,99,09,MAGDALENA,CERRO DE SAN ANTONIO,CONCEPCION (COCOSOLO),
21,013,99,21,MAGDALENA,CERRO DE SAN ANTONIO,PUERTO NIÑO,
21,013,99,30,MAGDALENA,CERRO DE SAN ANTONIO,JESUS DEL MONTE,
21,015,00,00,MAGDALENA,CHIVOLO,PUESTO CABECERA MUNICIPAL,
21,015,99,10,MAGDALENA,CHIVOLO,EL PLAN,
21,015,99,30,MAGDALENA,CHIVOLO,LA POLA,
21,015,99,45,MAGDALENA,CHIVOLO,LA CHINA,
21,015,99,50,MAGDALENA,CHIVOLO,LA ESTRELLA,
21,015,99,69,MAGDALENA,CHIVOLO,PUEBLO NUEVO,
21,016,01,01,MAGDALENA,CIENAGA,I.E. ISAAC J. PEREIRA,COMUNA 1 MAR CARIBE
21,016,01,02,MAGDALENA,CIENAGA,INFOTEP,COMUNA 1 MAR CARIBE
21,016,01,03,MAGDALENA,CIENAGA,COL VIRGINIA GOMEZ SD CUATRO,COMUNA 1 MAR CARIBE
21,016,01,04,MAGDALENA,CIENAGA,I.E.LA MARIA,COMUNA 1 MAR CARIBE
21,016,01,05,MAGDALENA,CIENAGA,I.E.LA ALIANZA,COMUNA 1 MAR CARIBE
21,016,02,01,MAGDALENA,CIENAGA,I.E. SAN JUAN DEL CORDOBA,COMUNA 2 SAN JUAN DE CORDOBA
21,016,02,02,MAGDALENA,CIENAGA,I.E.T.COMERCIO VIRGINIA GOMEZ,COMUNA 2 SAN JUAN DE CORDOBA
21,016,02,03,MAGDALENA,CIENAGA,I.E.ENOC MENDOZA RIASCOS,COMUNA 2 SAN JUAN DE CORDOBA
21,016,02,04,MAGDALENA,CIENAGA,I.E.LICEO MODERNO DEL SUR,COMUNA 3 CIENAGA GRANDE
21,016,02,05,MAGDALENA,CIENAGA,"I.E.LICEO MODERNO DEL SUR,SD.",COMUNA 3 CIENAGA GRANDE
21,016,02,06,MAGDALENA,CIENAGA,I.E.EL CARMEN,COMUNA 3 CIENAGA GRANDE
21,016,02,07,MAGDALENA,CIENAGA,I.E.MANUEL J. DEL CASTILLO,COMUNA 4 NUEVO HORIZONTE
21,016,02,08,MAGDALENA,CIENAGA,I.E.,COMUNA 3 CIENAGA GRANDE
21,016,90,01,MAGDALENA,CIENAGA,IE VIRGINIA GOMEZ SEDE,
21,016,99,04,MAGDALENA,CIENAGA,SAN PEDRO DE LA SIERRA,
21,016,99,07,MAGDALENA,CIENAGA,PALMOR,CORREGIMIENTO PALMOR
21,016,99,10,MAGDALENA,CIENAGA,LA ISABEL,
21,016,99,13,MAGDALENA,CIENAGA,SIBERIA,CORREGIMIENTO SIBERIA
21,016,99,20,MAGDALENA,CIENAGA,SEVILLANO,CORREGIMIENTO SEVILLANO
21,016,99,21,MAGDALENA,CIENAGA,CORDOBITA,CORREGIMIENTO CORDOBITA
21,016,99,25,MAGDALENA,CIENAGA,SAN JAVIER,CORREGIMIENTO SAN JAVIER
21,020,00,00,MAGDALENA,CONCORDIA,PUESTO CABECERA MUNICIPAL,
21,020,99,05,MAGDALENA,CONCORDIA,BALSAMO,
21,020,99,10,MAGDALENA,CONCORDIA,BELLAVISTA,
21,020,99,35,MAGDALENA,CONCORDIA,ROSARIO DE CHENGUE,
21,025,01,01,MAGDALENA,EL BANCO,ESCUELA LUIS LOPEZ DE MEZA,COMUNA 1  SUR
21,025,01,02,MAGDALENA,EL BANCO,COL. SANTA TERESA DE JESUS,COMUNA 2  CENTRAL
21,025,01,03,MAGDALENA,EL BANCO,ESCUELA URBANA MIXTA LA CANDELARIA,COMUNA 1  SUR
21,025,02,01,MAGDALENA,EL BANCO,I.E.D. JOSE BENITO BARROS PALO,COMUNA 3 NORTE
21,025,02,02,MAGDALENA,EL BANCO,COL. ARCESIO CALIS AMADOR,COMUNA 3 NORTE
21,025,02,03,MAGDALENA,EL BANCO,ESC. URBANA MIXTA LAS PALMAS SEDE No,COMUNA 3 NORTE
21,025,90,01,MAGDALENA,EL BANCO,COLEGIO MARCO FIDEL SUAREZ,
21,025,98,01,MAGDALENA,EL BANCO,CARCEL DEL CIRCUITO,
21,025,99,01,MAGDALENA,EL BANCO,AGUAESTRADA,CORREGIMIENTO 1 AGUAESTRADA
21,025,99,05,MAGDALENA,EL BANCO,ALGARROBAL,CORREGIMIENTO 2 ALGARROBAL
21,025,99,07,MAGDALENA,EL BANCO,BARRANCO DE CHILLOA,
21,025,99,09,MAGDALENA,EL BANCO,BOTILLERO,
21,025,99,11,MAGDALENA,EL BANCO,BELEN,CORREGIMIENTO 4 BELEN
21,025,99,13,MAGDALENA,EL BANCO,CAÑO DE PALMA,CORREGIMIENTO 5 CAÑO DE PALMA
21,025,99,17,MAGDALENA,EL BANCO,EL CEDRO,CORREGIMIENTO 6 EL CEDRO
21,025,99,20,MAGDALENA,EL BANCO,EL CERRITO,CORREGIMIENTO 7 EL CERRITO
21,025,99,21,MAGDALENA,EL BANCO,EL TREBOL,CORREGIMIENTO 8 EL TREBOL
21,025,99,22,MAGDALENA,EL BANCO,GARZON,
21,025,99,25,MAGDALENA,EL BANCO,HATILLO DE LA SABANA,
21,025,99,29,MAGDALENA,EL BANCO,LOS NEGRITOS (BASTIDAS),
21,025,99,35,MAGDALENA,EL BANCO,MATA DE CAÑA,
21,025,99,36,MAGDALENA,EL BANCO,PUEBLO NUEVO,
21,025,99,37,MAGDALENA,EL BANCO,MENCHIQUEJO,CORREGIMIENTO 11 MENCHIQUEJO
21,025,99,38,MAGDALENA,EL BANCO,FELIPE EDUARDO,
21,025,99,39,MAGDALENA,EL BANCO,SAN JOSE,CORREGIMIENTO 13 SAN JOSE
21,025,99,40,MAGDALENA,EL BANCO,SAN ROQUE,CORREGIMIENTO 14 SAN ROQUE
21,025,99,41,MAGDALENA,EL BANCO,TAMALAMEQUITO,
21,025,99,45,MAGDALENA,EL BANCO,SABANAS DE MALPICA,
21,025,99,46,MAGDALENA,EL BANCO,SAN EDUARDO,
21,028,00,00,MAGDALENA,EL PIÑON,PUESTO CABECERA MUNICIPAL,
21,028,99,01,MAGDALENA,EL PIÑON,CAMPOALEGRE,
21,028,99,05,MAGDALENA,EL PIÑON,CANTAGALLAR,
21,028,99,09,MAGDALENA,EL PIÑON,CARRETO,
21,028,99,10,MAGDALENA,EL PIÑON,LAS PAVITAS,
21,028,99,13,MAGDALENA,EL PIÑON,PLAYON DE OROZCO,
21,028,99,17,MAGDALENA,EL PIÑON,SABANAS,
21,028,99,21,MAGDALENA,EL PIÑON,SAN BASILIO,
21,028,99,25,MAGDALENA,EL PIÑON,TIO GOLLO,
21,028,99,43,MAGDALENA,EL PIÑON,VASQUEZ,
21,028,99,45,MAGDALENA,EL PIÑON,VERANILLO,
21,030,00,00,MAGDALENA,EL RETEN,PUESTO CABECERA MUNICIPAL,
21,030,99,40,MAGDALENA,EL RETEN,LA COLOMBIA,
21,030,99,70,MAGDALENA,EL RETEN,SAN SEBASTIAN DEL BONGO,
21,031,01,01,MAGDALENA,FUNDACION,PARQUE,
21,031,01,02,MAGDALENA,FUNDACION,IE COLOMBIA,
21,031,01,03,MAGDALENA,FUNDACION,IED FUNDACION,
21,031,02,01,MAGDALENA,FUNDACION,I.E. JHON F. KENNEDY,
21,031,02,02,MAGDALENA,FUNDACION,C.D.I. LA LUZ,
21,031,02,03,MAGDALENA,FUNDACION,I.E.DEPTAL FCO DE PAULA SANTA,
21,031,90,01,MAGDALENA,FUNDACION,JHON F. KENNEDY PPAL,
21,031,99,09,MAGDALENA,FUNDACION,DOÑA MARIA,
21,031,99,13,MAGDALENA,FUNDACION,SANTA ROSA DE LIMA,
21,031,99,40,MAGDALENA,FUNDACION,SACRAMENTO,
21,031,99,80,MAGDALENA,FUNDACION,SANTA CLARA,
21,040,00,00,MAGDALENA,GUAMAL,PUESTO CABECERA MUNICIPAL,
21,040,99,01,MAGDALENA,GUAMAL,GUAIMARAL,
21,040,99,02,MAGDALENA,GUAMAL,BELLAVISTA,
21,040,99,03,MAGDALENA,GUAMAL,CASA DE TABLA,
21,040,99,04,MAGDALENA,GUAMAL,LAS FLORES,
21,040,99,05,MAGDALENA,GUAMAL,HATOVIEJO,
21,040,99,06,MAGDALENA,GUAMAL,PEDREGOZA (LA RINCONADA),
21,040,99,07,MAGDALENA,GUAMAL,LOS ANDES,
21,040,99,08,MAGDALENA,GUAMAL,LA CEIBA,
21,040,99,09,MAGDALENA,GUAMAL,MURILLO,
21,040,99,10,MAGDALENA,GUAMAL,PAJARAL,
21,040,99,11,MAGDALENA,GUAMAL,PARACO,
21,040,99,13,MAGDALENA,GUAMAL,PAMPAN,
21,040,99,15,MAGDALENA,GUAMAL,PLAYAS BLANCAS,
21,040,99,17,MAGDALENA,GUAMAL,RICAURTE,
21,040,99,21,MAGDALENA,GUAMAL,SALVADORA,
21,040,99,22,MAGDALENA,GUAMAL,SAN ANTONIO,
21,040,99,23,MAGDALENA,GUAMAL,SAN ISIDRO,
21,040,99,24,MAGDALENA,GUAMAL,SAN PEDRO,
21,040,99,25,MAGDALENA,GUAMAL,URQUIJO,
21,040,99,45,MAGDALENA,GUAMAL,SANTA TERESITA,
21,040,99,50,MAGDALENA,GUAMAL,SITIONUEVO,
21,040,99,70,MAGDALENA,GUAMAL,VILLANUEVA,
21,042,00,00,MAGDALENA,NUEVA GRANADA,PUESTO CABECERA MUNICIPAL,
21,042,99,07,MAGDALENA,NUEVA GRANADA,EL BAJO,
21,042,99,14,MAGDALENA,NUEVA GRANADA,LAS TINAS,
21,042,99,15,MAGDALENA,NUEVA GRANADA,LA GLORIA,
21,042,99,16,MAGDALENA,NUEVA GRANADA,LOS ANDES,
21,042,99,40,MAGDALENA,NUEVA GRANADA,SAN JOSE DE BALLESTEROS,
21,046,00,00,MAGDALENA,PEDRAZA,PUESTO CABECERA MUNICIPAL,
21,046,99,01,MAGDALENA,PEDRAZA,BAHIAHONDA,
21,046,99,09,MAGDALENA,PEDRAZA,BOMBA,
21,046,99,25,MAGDALENA,PEDRAZA,GUAQUIRI,
21,046,99,29,MAGDALENA,PEDRAZA,HEREDIA,
21,048,00,00,MAGDALENA,PIJIÑO DEL CARMEN,PUESTO CABECERA MUNICIPAL,
21,048,99,10,MAGDALENA,PIJIÑO DEL CARMEN,CABRERA,
21,048,99,15,MAGDALENA,PIJIÑO DEL CARMEN,CASA BLANCA,
21,048,99,16,MAGDALENA,PIJIÑO DEL CARMEN,EL BRILLANTE,
21,048,99,18,MAGDALENA,PIJIÑO DEL CARMEN,EL DIVIDIVI,
21,048,99,20,MAGDALENA,PIJIÑO DEL CARMEN,FILADELFIA,
21,048,99,25,MAGDALENA,PIJIÑO DEL CARMEN,LAS MARIAS,
21,048,99,35,MAGDALENA,PIJIÑO DEL CARMEN,LAS PLANADAS,
21,048,99,40,MAGDALENA,PIJIÑO DEL CARMEN,SAN JOSE DE PREVENCION,
21,048,99,50,MAGDALENA,PIJIÑO DEL CARMEN,SAN MARTIN DE LA LUCHA,
21,048,99,55,MAGDALENA,PIJIÑO DEL CARMEN,EL PELADERO,
21,048,99,60,MAGDALENA,PIJIÑO DEL CARMEN,NUEVA HOLANDA,
21,049,01,01,MAGDALENA,PIVIJAY,ESCUELA URBANA DE VARONES,
21,049,01,02,MAGDALENA,PIVIJAY,COLEGIO BEATRIZ COTES,
21,049,02,01,MAGDALENA,PIVIJAY,COLEGIO SIMON BOLIVAR,
21,049,02,02,MAGDALENA,PIVIJAY,LICEO PIVIJAY,
21,049,90,01,MAGDALENA,PIVIJAY,COLEGIO MARIA INMACULADA,
21,049,99,01,MAGDALENA,PIVIJAY,MEDIA LUNA,
21,049,99,06,MAGDALENA,PIVIJAY,GARRAPATA,
21,049,99,09,MAGDALENA,PIVIJAY,LAS PIEDRAS,
21,049,99,17,MAGDALENA,PIVIJAY,PLACITAS,
21,049,99,21,MAGDALENA,PIVIJAY,LAS CANOAS,
21,049,99,25,MAGDALENA,PIVIJAY,PIÑUELAS,
21,049,99,29,MAGDALENA,PIVIJAY,PARAISO,
21,049,99,37,MAGDALENA,PIVIJAY,CARABALLO,
21,049,99,41,MAGDALENA,PIVIJAY,CHINOBLAS,
21,049,99,45,MAGDALENA,PIVIJAY,AVIANCA,
21,049,99,49,MAGDALENA,PIVIJAY,SALAMINITA,
21,049,99,75,MAGDALENA,PIVIJAY,EL CARMEN DEL MAGDALENA,
21,052,01,01,MAGDALENA,PLATO,IED MARIA ALFARO DE OSPINO,
21,052,01,02,MAGDALENA,PLATO,IED GABRIEL ESCOBAR BALLESTA,
21,052,02,01,MAGDALENA,PLATO,IED GABRIEL ESCOBAR B. SD GABRIELITO,
21,052,02,02,MAGDALENA,PLATO,IED JUANA ARIAS DE BENAVIDES,
21,052,90,01,MAGDALENA,PLATO,IED VICTOR CAMARGO ALVAREZ,
21,052,99,01,MAGDALENA,PLATO,APURE,
21,052,99,02,MAGDALENA,PLATO,CIENEGUETA,
21,052,99,03,MAGDALENA,PLATO,CINCO Y SEIS,
21,052,99,04,MAGDALENA,PLATO,EL CARMEN DEL MAGDALENA,
21,052,99,05,MAGDALENA,PLATO,BUENAVISTA,
21,052,99,06,MAGDALENA,PLATO,AGUAS VIVAS,
21,052,99,07,MAGDALENA,PLATO,CERRO GRANDE,
21,052,99,10,MAGDALENA,PLATO,BETZAIDA,
21,052,99,12,MAGDALENA,PLATO,DISCIPLINA,
21,052,99,14,MAGDALENA,PLATO,EL VATICANO,
21,052,99,15,MAGDALENA,PLATO,LOS POZOS,
21,052,99,16,MAGDALENA,PLATO,LAS PLANADAS,
21,052,99,17,MAGDALENA,PLATO,SAN ANTONIO DEL RIO,
21,052,99,19,MAGDALENA,PLATO,SAN JOSE DEL PURGATORIO,
21,052,99,21,MAGDALENA,PLATO,ZARATE,
21,055,00,00,MAGDALENA,PUEBLOVIEJO,PUESTO CABECERA MUNICIPAL,
21,055,99,01,MAGDALENA,PUEBLOVIEJO,BOCAS DE ARACATACA,
21,055,99,04,MAGDALENA,PUEBLOVIEJO,ISLA DE CATAQUITA,
21,055,99,05,MAGDALENA,PUEBLOVIEJO,ISLA DEL ROSARIO,
21,055,99,09,MAGDALENA,PUEBLOVIEJO,TASAJERAS,
21,055,99,10,MAGDALENA,PUEBLOVIEJO,TIERRA NUEVA,
21,055,99,15,MAGDALENA,PUEBLOVIEJO,NUEVA FRONTERA,
21,055,99,20,MAGDALENA,PUEBLOVIEJO,PALMIRA,
21,055,99,40,MAGDALENA,PUEBLOVIEJO,SAN JUAN DE PALOS PRIETO,
21,058,00,00,MAGDALENA,REMOLINO,PUESTO CABECERA MUNICIPAL,
21,058,99,09,MAGDALENA,REMOLINO,CORRALVIEJO,
21,058,99,10,MAGDALENA,REMOLINO,EL DIVIDIVI,
21,058,99,11,MAGDALENA,REMOLINO,MARTINETE,
21,058,99,13,MAGDALENA,REMOLINO,KIOSCO COMUNAL DE SANTA RITA,
21,058,99,17,MAGDALENA,REMOLINO,SAN RAFAEL DE BUENAVISTA,
21,058,99,20,MAGDALENA,REMOLINO,EL SALADO,
21,058,99,30,MAGDALENA,REMOLINO,SAN JOSE DE LAS CASITAS,
21,060,00,00,MAGDALENA,SABANAS DE SAN ANGEL,PUESTO CABECERA MUNICIPAL,
21,060,99,10,MAGDALENA,SABANAS DE SAN ANGEL,CASA DE TABLAS,
21,060,99,11,MAGDALENA,SABANAS DE SAN ANGEL,ESTACION VILLA,
21,060,99,15,MAGDALENA,SABANAS DE SAN ANGEL,EL MANANTIAL,
21,060,99,20,MAGDALENA,SABANAS DE SAN ANGEL,CESPEDES,
21,060,99,25,MAGDALENA,SABANAS DE SAN ANGEL,FLORES DE MARIA,
21,060,99,30,MAGDALENA,SABANAS DE SAN ANGEL,SAN ROQUE (LAS MULAS),
21,060,99,33,MAGDALENA,SABANAS DE SAN ANGEL,ALBERTO CABALLERO,
21,060,99,40,MAGDALENA,SABANAS DE SAN ANGEL,RESGUARDO INDIGENA ISSA ORISTUNA,
21,060,99,45,MAGDALENA,SABANAS DE SAN ANGEL,BRASIL,
21,060,99,55,MAGDALENA,SABANAS DE SAN ANGEL,PUEBLITO DE LOS BARRIOS,
21,067,00,00,MAGDALENA,SALAMINA,PUESTO CABECERA MUNICIPAL,
21,067,99,01,MAGDALENA,SALAMINA,GUAIMARO,
21,070,00,00,MAGDALENA,SAN SEBASTIAN DE BUENAVISTA,PUESTO CABECERA MUNICIPAL,
21,070,99,01,MAGDALENA,SAN SEBASTIAN DE BUENAVISTA,BUENAVISTA,
21,070,99,03,MAGDALENA,SAN SEBASTIAN DE BUENAVISTA,EL COCO,
21,070,99,04,MAGDALENA,SAN SEBASTIAN DE BUENAVISTA,EL SEIS,
21,070,99,05,MAGDALENA,SAN SEBASTIAN DE BUENAVISTA,LA PACHA,
21,070,99,09,MAGDALENA,SAN SEBASTIAN DE BUENAVISTA,LAS MARGARITAS,
21,070,99,11,MAGDALENA,SAN SEBASTIAN DE BUENAVISTA,MARIA ANTONIA,
21,070,99,13,MAGDALENA,SAN SEBASTIAN DE BUENAVISTA,LOS GALVIS,
21,070,99,14,MAGDALENA,SAN SEBASTIAN DE BUENAVISTA,SAN RAFAEL (LA NEGRA),
21,070,99,15,MAGDALENA,SAN SEBASTIAN DE BUENAVISTA,SANTA ROSA,
21,070,99,16,MAGDALENA,SAN SEBASTIAN DE BUENAVISTA,SABANA DE PERALEJO,
21,070,99,17,MAGDALENA,SAN SEBASTIAN DE BUENAVISTA,TRONCOSO,
21,070,99,18,MAGDALENA,SAN SEBASTIAN DE BUENAVISTA,SAN VALENTIN,
21,070,99,21,MAGDALENA,SAN SEBASTIAN DE BUENAVISTA,TRONCOSITO,
21,070,99,25,MAGDALENA,SAN SEBASTIAN DE BUENAVISTA,VENERO,
21,073,00,00,MAGDALENA,SAN ZENON,PUESTO CABECERA MUNICIPAL,
21,073,99,01,MAGDALENA,SAN ZENON,ANGOSTURA,
21,073,99,02,MAGDALENA,SAN ZENON,BERMEJAL,
21,073,99,03,MAGDALENA,SAN ZENON,JANEIRO,
21,073,99,04,MAGDALENA,SAN ZENON,EL HORNO,
21,073,99,05,MAGDALENA,SAN ZENON,LA MONTAÑA (LOS SACUDIDOS),
21,073,99,09,MAGDALENA,SAN ZENON,EL PALOMAR,
21,073,99,11,MAGDALENA,SAN ZENON,GUINEA,
21,073,99,13,MAGDALENA,SAN ZENON,PEÑONCITO,
21,073,99,15,MAGDALENA,SAN ZENON,PUERTO ARTURO,
21,073,99,17,MAGDALENA,SAN ZENON,SANTA TERESA,
21,076,00,00,MAGDALENA,SANTA ANA,PUESTO CABECERA MUNICIPAL,
21,076,99,05,MAGDALENA,SANTA ANA,BARRO BLANCO,
21,076,99,10,MAGDALENA,SANTA ANA,GERMANIA,
21,076,99,11,MAGDALENA,SANTA ANA,JARABA,
21,076,99,25,MAGDALENA,SANTA ANA,SAN FERNANDO,
21,076,99,30,MAGDALENA,SANTA ANA,PUERTO LIMON,
21,076,99,50,MAGDALENA,SANTA ANA,SANTA ROSA,
21,078,00,00,MAGDALENA,SANTA BARBARA DE PINTO,PUESTO CABECERA MUNICIPAL,
21,078,99,05,MAGDALENA,SANTA BARBARA DE PINTO,CARRETAL,
21,078,99,10,MAGDALENA,SANTA BARBARA DE PINTO,CIENEGUETA,
21,078,99,15,MAGDALENA,SANTA BARBARA DE PINTO,CUNDINAMARCA,
21,078,99,30,MAGDALENA,SANTA BARBARA DE PINTO,MONTELIRIO,
21,078,99,41,MAGDALENA,SANTA BARBARA DE PINTO,SAN PEDRO,
21,078,99,80,MAGDALENA,SANTA BARBARA DE PINTO,VELADERO,
21,079,00,00,MAGDALENA,SITIONUEVO,PUESTO CABECERA MUNICIPAL,
21,079,99,01,MAGDALENA,SITIONUEVO,BUENAVISTA,
21,079,99,05,MAGDALENA,SITIONUEVO,NUEVA VENECIA (EL MORRO),
21,079,99,09,MAGDALENA,SITIONUEVO,PALERMO,
21,079,99,15,MAGDALENA,SITIONUEVO,SAN ANTONIO,
21,085,00,00,MAGDALENA,TENERIFE,PUESTO CABECERA MUNICIPAL,
21,085,99,04,MAGDALENA,TENERIFE,EL CONSUELO,
21,085,99,05,MAGDALENA,TENERIFE,EL JUNCAL,
21,085,99,07,MAGDALENA,TENERIFE,MANUEL BARRIOS,
21,085,99,13,MAGDALENA,TENERIFE,REAL DEL OBISPO,
21,085,99,16,MAGDALENA,TENERIFE,SAN ANTONIO,
21,085,99,17,MAGDALENA,TENERIFE,SAN LUIS,
21,085,99,70,MAGDALENA,TENERIFE,SANTA INES,
21,085,99,85,MAGDALENA,TENERIFE,VERDUN,
21,090,00,00,MAGDALENA,ZAPAYAN,PUESTO CABECERA MUNICIPAL,
21,090,99,05,MAGDALENA,ZAPAYAN,EL BONGO,
21,090,99,10,MAGDALENA,ZAPAYAN,CAÑO DE AGUAS,
21,090,99,15,MAGDALENA,ZAPAYAN,CAPUCHO,
21,090,99,18,MAGDALENA,ZAPAYAN,CERRITOS,
21,090,99,20,MAGDALENA,ZAPAYAN,PIEDRAS DE MOLER,
21,090,99,25,MAGDALENA,ZAPAYAN,PIEDRAS PINTADAS,
21,095,00,01,MAGDALENA,ZONA BANANERA (SEVILLA),IED JOSE BENITO VIVES DE ANDREIS,
21,095,00,02,MAGDALENA,ZONA BANANERA (SEVILLA),IED JOSE BENITO V DE A SD ESC R DE VARON,
21,095,99,15,MAGDALENA,ZONA BANANERA (SEVILLA),CANDELARIA,
21,095,99,20,MAGDALENA,ZONA BANANERA (SEVILLA),LA GRAN VIA,
21,095,99,23,MAGDALENA,ZONA BANANERA (SEVILLA),GUACAMAYAL,
21,095,99,24,MAGDALENA,ZONA BANANERA (SEVILLA),IED MACONDO,
21,095,99,25,MAGDALENA,ZONA BANANERA (SEVILLA),GUAMACHITO,
21,095,99,26,MAGDALENA,ZONA BANANERA (SEVILLA),JULIO ZAWADY,
21,095,99,28,MAGDALENA,ZONA BANANERA (SEVILLA),ORIHUECA,
21,095,99,30,MAGDALENA,ZONA BANANERA (SEVILLA),PALOMAR,
21,095,99,38,MAGDALENA,ZONA BANANERA (SEVILLA),IE DEPTAL ARMANDO ESTRADA FLORES S,
21,095,99,39,MAGDALENA,ZONA BANANERA (SEVILLA),SAN JOSE DE KENNEDY,
21,095,99,40,MAGDALENA,ZONA BANANERA (SEVILLA),SANTA ROSALIA,
21,095,99,42,MAGDALENA,ZONA BANANERA (SEVILLA),SOPLADOR,
21,095,99,49,MAGDALENA,ZONA BANANERA (SEVILLA),TUCURINCA,
21,095,99,55,MAGDALENA,ZONA BANANERA (SEVILLA),CARITAL,
21,095,99,75,MAGDALENA,ZONA BANANERA (SEVILLA),VARELA,
23,001,01,01,NARIÑO,PASTO,LIC.UDENAR SEDE ARTES CENTRO,COMUNA 1
23,001,01,02,NARIÑO,PASTO,IEM CENTRAL DE NARIÑO,COMUNA 1
23,001,01,03,NARIÑO,PASTO,COLEGIO SAN FRANCISCO JAVIER,COMUNA 1
23,001,01,04,NARIÑO,PASTO,COL. NTRA. SRA. DEL CARMEN,COMUNA 1
23,001,01,05,NARIÑO,PASTO,INSTITUTO DEPTAL DE SALUD,COMUNA 1
23,001,01,06,NARIÑO,PASTO,IEM. PRIMARIA MARIA GORETTI,COMUNA 1
23,001,02,01,NARIÑO,PASTO,COLEGIO CHAMPAGNAT,COMUNA 2
23,001,02,02,NARIÑO,PASTO,COLEGIO CHAMPAGNAT SEDE PRIMARIA,COMUNA 2
23,001,02,03,NARIÑO,PASTO,IGLESIA DE JESUCRISTO AV SANTA,COMUNA 2
23,001,03,01,NARIÑO,PASTO,HERALDO ROMERO SANCHEZ SD EJIDO,COMUNA 3
23,001,03,02,NARIÑO,PASTO,I.C.B.F,COMUNA 3
23,001,03,03,NARIÑO,PASTO,IEM MERCEDARIO,COMUNA 3
23,001,03,04,NARIÑO,PASTO,IEM SANTA BARBARA,COMUNA 3
23,001,03,05,NARIÑO,PASTO,IEM CIUDADELA EDUCATIVA VILLAFLOR,COMUNA 3
23,001,03,06,NARIÑO,PASTO,IEM CIUDADELA EDUC.DE PASTO-SD PRIMARIA,COMUNA 3
23,001,04,01,NARIÑO,PASTO,LICEO JOSE FELIX JIMENEZ,COMUNA 4
23,001,04,02,NARIÑO,PASTO,IEM.CIUDAD DE PASTO MIRAFLORES,COMUNA 4
23,001,04,03,NARIÑO,PASTO,COMFAMILIAR MIRA FLORES,COMUNA 4
23,001,04,04,NARIÑO,PASTO,I.E.LUIS EDO.MORA OSEJO,COMUNA 5
23,001,04,05,NARIÑO,PASTO,IEM CHAMBU,COMUNA 5
23,001,04,06,NARIÑO,PASTO,CON.ESC.ENRIQUE JENSEN,COMUNA 5
23,001,05,01,NARIÑO,PASTO,IEM.LIBERTAD,COMUNA 6
23,001,05,02,NARIÑO,PASTO,IEM INEM SEDE ESC.AGUSTIN AGUA,COMUNA 6
23,001,05,03,NARIÑO,PASTO,I.N.E.M,COMUNA 6
23,001,05,04,NARIÑO,PASTO,UNIVERSIDAD DE NARIÑO SD VIPRI,COMUNA 7
23,001,05,05,NARIÑO,PASTO,I. TEC. SUPERIOR INDUSTRIAL,COMUNA 7
23,001,05,06,NARIÑO,PASTO,COLEGIO JAVERIANO SD AURORA,COMUNA 7
23,001,06,01,NARIÑO,PASTO,LIC.INTEGRADO DE BTO DE LA U.DE NARIÑO,COMUNA 8
23,001,06,03,NARIÑO,PASTO,COMPLEJO DEPORTIVO PARQUE INFANTIL,COMUNA 9
23,001,06,04,NARIÑO,PASTO,LIC.DE LA MERCED-BACHILLERATO,COMUNA 9
23,001,06,05,NARIÑO,PASTO,HOTEL MORASURCO,COMUNA 9
23,001,06,06,NARIÑO,PASTO,IEM AURELIO ARTURO SD PANDIACO,COMUNA 9
23,001,06,07,NARIÑO,PASTO,UNIVERSIDAD COPERATIVA,COMUNA 9
23,001,06,09,NARIÑO,PASTO,IEM AURELIO ARTURO SD SAN RAFAEL,COMUNA 8
23,001,07,01,NARIÑO,PASTO,IEM CIUDADELA DE PAZ,COMUNA 10
23,001,07,02,NARIÑO,PASTO,IEM. NUEVO SOL,COMUNA 10
23,001,07,03,NARIÑO,PASTO,IEM. PEDAGOGICO,COMUNA 10
23,001,07,04,NARIÑO,PASTO,IEM SANTA MATILDE,COMUNA 10
23,001,07,05,NARIÑO,PASTO,IEM ARTEMIO MENDOZA SD PRINCIPAL,COMUNA 11
23,001,07,06,NARIÑO,PASTO,HERALDO ROMERO SANCHEZ SD CAROLINA,COMUNA 12
23,001,07,07,NARIÑO,PASTO,IEM CARLOS PIZARRO,COMUNA 12
23,001,90,01,NARIÑO,PASTO,IEM SAN JUAN BOSCO,
23,001,98,01,NARIÑO,PASTO,CARCEL DISTRITO JUDICIAL,
23,001,98,02,NARIÑO,PASTO,CARCEL DE MUJERES,
23,001,99,01,NARIÑO,PASTO,CATAMBUCO,CORREGIMIENTO 1  CATAMBUCO
23,001,99,02,NARIÑO,PASTO,ALTO CASANARE,CORREGIMIENTO 1  CATAMBUCO
23,001,99,03,NARIÑO,PASTO,CAMPANERO,CORREGIMIENTO 1  CATAMBUCO
23,001,99,04,NARIÑO,PASTO,LA VICTORIA,CORREGIMIENTO 1  CATAMBUCO
23,001,99,06,NARIÑO,PASTO,GENOY,CORREGIMIENTO 2 GENOY
23,001,99,07,NARIÑO,PASTO,MAPACHICO,CORREGIMIENTO 3 MAPACHICO
23,001,99,08,NARIÑO,PASTO,ANGANOY,CORREGIMIENTO 3 MAPACHICO
23,001,99,09,NARIÑO,PASTO,VILLA MARIA,CORREGIMIENTO 3 MAPACHICO
23,001,99,10,NARIÑO,PASTO,CABRERA,CORREGIMIENTO 4 CABRERA
23,001,99,11,NARIÑO,PASTO,OBONUCO,CORREGIMIENTO 5 OBONUCO
23,001,99,12,NARIÑO,PASTO,,CORREGIMIENTO SANTA BARBARA             1000007600000078200000518CORREGIMIENTO 6 SANTA BARBARA
23,001,99,13,NARIÑO,PASTO,BAJO CASANARE,CORREGIMIENTO 17 EL SOCORRO
23,001,99,14,NARIÑO,PASTO,JURADO CENTRO,CORREGIMIENTO 6 SANTA BARBARA
23,001,99,15,NARIÑO,PASTO,,CORREGIMIENTO EL SOCORRO                1000004820000048300000329CORREGIMIENTO 17 EL SOCORRO
23,001,99,16,NARIÑO,PASTO,LOS ANGELES,CORREGIMIENTO 6 SANTA BARBARA
23,001,99,17,NARIÑO,PASTO,LA ESPERANZA,CORREGIMIENTO 6 SANTA BARBARA
23,001,99,18,NARIÑO,PASTO,LAS ENCINAS,CORREGIMIENTO 6 SANTA BARBARA
23,001,99,19,NARIÑO,PASTO,LA CONCEPCION,CORREGIMIENTO 6 SANTA BARBARA
23,001,99,20,NARIÑO,PASTO,SAN GABRIEL,CORREGIMIENTO 17 EL SOCORRO
23,001,99,21,NARIÑO,PASTO,LA LAGUNA,CORREGIMIENTO 7 LA LAGUNA
23,001,99,22,NARIÑO,PASTO,EL ROSARIO,CORREGIMIENTO 16 JAMONDINO
23,001,99,23,NARIÑO,PASTO,JAMONDINO,CORREGIMIENTO 16 JAMONDINO
23,001,99,24,NARIÑO,PASTO,BUESAQUILLO,CORREGIMIENTO 8 BUESAQUILLO
23,001,99,25,NARIÑO,PASTO,CUJACAL CENTRO,CORREGIMIENTO 8 BUESAQUILLO
23,001,99,26,NARIÑO,PASTO,CUJACAL,CORREGIMIENTO 8 BUESAQUILLO
23,001,99,27,NARIÑO,PASTO,SAN FRANCISCO,CORREGIMIENTO 8 BUESAQUILLO
23,001,99,28,NARIÑO,PASTO,,CORREGIMIENTO MORASURCO                 1000005410000051200000321CORREGIMIENTO 9 MORASURCO
23,001,99,29,NARIÑO,PASTO,EL ENCANO,CORREGIMIENTO 10 EL ENCANO
23,001,99,30,NARIÑO,PASTO,MOTILON,CORREGIMIENTO 10 EL ENCANO
23,001,99,31,NARIÑO,PASTO,SANTA LUCIA,CORREGIMIENTO 10 EL ENCANO
23,001,99,32,NARIÑO,PASTO,SANTA ROSA DEL ENCANO,CORREGIMIENTO 10 EL ENCANO
23,001,99,35,NARIÑO,PASTO,,CORREGIMIENTO GUALMATAN                 1000005930000051300000423CORREGIMIENTO 11 GUALMATAN
23,001,99,37,NARIÑO,PASTO,LA CALDERA,CORREGIMIENTO 12 LA CALDERA
23,001,99,40,NARIÑO,PASTO,PRADERA BAJO,CORREGIMIENTO 12 LA CALDERA
23,001,99,42,NARIÑO,PASTO,MOCONDINO,CORREGIMIENTO 13 MOCONDINO
23,001,99,47,NARIÑO,PASTO,CANCHALA,CORREGIMIENTO 13 MOCONDINO
23,001,99,52,NARIÑO,PASTO,JONGOVITO,CORREGIMIENTO 14 JONGOVITO
23,001,99,55,NARIÑO,PASTO,,CORREGIMIENTO SAN FERNANDO              1000010980000101200000627CORREGIMIENTO 15 SAN FERNANDO
23,004,00,01,NARIÑO,ALBAN (SAN JOSE),ESCUELA GUILLERMO VISUETE,
23,004,00,02,NARIÑO,ALBAN (SAN JOSE),IE JUAN IGNACIO ORTIZ,
23,004,99,01,NARIÑO,ALBAN (SAN JOSE),CHAPIURCO,
23,004,99,05,NARIÑO,ALBAN (SAN JOSE),SAN ANTONIO DEL GUARANGAL,
23,004,99,30,NARIÑO,ALBAN (SAN JOSE),EL CEBADERO,
23,004,99,40,NARIÑO,ALBAN (SAN JOSE),SAN BOSCO,
23,007,00,00,NARIÑO,ALDANA,COLISEO CUBIERTO VICENTE CALVACHE,
23,007,99,10,NARIÑO,ALDANA,CENTRO EDUCATIVO CAUPUERAN,
23,007,99,60,NARIÑO,ALDANA,IE COMERCIAL SAN LUIS,
23,010,00,00,NARIÑO,ANCUYA,PUESTO CABECERA MUNICIPAL,
23,010,99,01,NARIÑO,ANCUYA,EL INGENIO,
23,010,99,03,NARIÑO,ANCUYA,INDO,
23,010,99,04,NARIÑO,ANCUYA,LA ARADA,
23,010,99,05,NARIÑO,ANCUYA,LA LOMA,
23,010,99,09,NARIÑO,ANCUYA,CRUZ DE MAYO,
23,010,99,11,NARIÑO,ANCUYA,MACAS CRUZ,
23,010,99,12,NARIÑO,ANCUYA,SAN LUIS GRANDE,
23,010,99,13,NARIÑO,ANCUYA,YANANCHA,
23,010,99,25,NARIÑO,ANCUYA,EL ROSARIO,
23,013,00,00,NARIÑO,ARBOLEDA (BERRUECOS),PUESTO CABECERA MUNICIPAL,
23,013,99,01,NARIÑO,ARBOLEDA (BERRUECOS),ROSAFLORIDA NORTE,
23,013,99,10,NARIÑO,ARBOLEDA (BERRUECOS),LA CAÑADA,
23,013,99,12,NARIÑO,ARBOLEDA (BERRUECOS),LA COCHA,
23,013,99,50,NARIÑO,ARBOLEDA (BERRUECOS),SANTA TERESA,
23,016,00,01,NARIÑO,BARBACOAS,I.E. LUIS IRIZAR SALAZAR,
23,016,00,02,NARIÑO,BARBACOAS,IE NORMAL SUPERIOR LA INMACULADA,
23,016,99,01,NARIÑO,BARBACOAS,ALTAQUER,
23,016,99,02,NARIÑO,BARBACOAS,AGUA CLARA,
23,016,99,05,NARIÑO,BARBACOAS,BUENAVISTA,
23,016,99,06,NARIÑO,BARBACOAS,CUMAINDE EL ALTO,
23,016,99,07,NARIÑO,BARBACOAS,CHALALBI,
23,016,99,09,NARIÑO,BARBACOAS,CHALCHAL,
23,016,99,13,NARIÑO,BARBACOAS,CHAPIRA,
23,016,99,14,NARIÑO,BARBACOAS,EL KILOMETRO,
23,016,99,15,NARIÑO,BARBACOAS,DIAGUILLO,
23,016,99,16,NARIÑO,BARBACOAS,EL TIGRE,
23,016,99,17,NARIÑO,BARBACOAS,OLAYA HERRERA (PALACIOS),
23,016,99,18,NARIÑO,BARBACOAS,LA HUMILDAD,
23,016,99,19,NARIÑO,BARBACOAS,LA RESBALOSA,
23,016,99,20,NARIÑO,BARBACOAS,PISPIAN,
23,016,99,21,NARIÑO,BARBACOAS,LA VUELTA,
23,016,99,22,NARIÑO,BARBACOAS,LA TRINCHERA,
23,016,99,25,NARIÑO,BARBACOAS,RAPADURA,
23,016,99,29,NARIÑO,BARBACOAS,JUNIN,
23,016,99,31,NARIÑO,BARBACOAS,JUSTO ORTIZ (EL DIVISO),
23,016,99,33,NARIÑO,BARBACOAS,LAS CRUCES (SANTANDER),
23,016,99,35,NARIÑO,BARBACOAS,SAUNDE GUIGUAY,
23,016,99,36,NARIÑO,BARBACOAS,SINDAWA,
23,016,99,37,NARIÑO,BARBACOAS,LOS BRAZOS,
23,016,99,39,NARIÑO,BARBACOAS,LUIS AVELINO PEREZ (VIDAL),
23,016,99,40,NARIÑO,BARBACOAS,MINGOYA,
23,016,99,41,NARIÑO,BARBACOAS,MONGON,
23,016,99,42,NARIÑO,BARBACOAS,PAILON,
23,016,99,43,NARIÑO,BARBACOAS,TORTUGAÑA TELEMBI,
23,016,99,44,NARIÑO,BARBACOAS,PIPALTA PALVI,
23,016,99,45,NARIÑO,BARBACOAS,PAMBANA,
23,016,99,46,NARIÑO,BARBACOAS,SAN MIGUEL DE ÑAMBI,
23,016,99,47,NARIÑO,BARBACOAS,SUCRE (GUINULTE),
23,016,99,48,NARIÑO,BARBACOAS,SOLEDAD,
23,016,99,49,NARIÑO,BARBACOAS,SAN FRANCISCO,
23,016,99,50,NARIÑO,BARBACOAS,TELPI,
23,016,99,60,NARIÑO,BARBACOAS,TINAJILLA,
23,016,99,65,NARIÑO,BARBACOAS,TRONQUERIA PULGANDE PALICITO,
23,016,99,70,NARIÑO,BARBACOAS,TERAIMBE,
23,016,99,78,NARIÑO,BARBACOAS,El GRAN SABALO,
23,016,99,80,NARIÑO,BARBACOAS,CUAMBI YASLAMBI,
23,016,99,81,NARIÑO,BARBACOAS,ÑAMBI PIEDRA VERDE,
23,016,99,90,NARIÑO,BARBACOAS,YACULA,
23,017,00,00,NARIÑO,BELEN,PUESTO CABECERA MUNICIPAL,
23,017,99,25,NARIÑO,BELEN,LA ESPERANZA,
23,017,99,80,NARIÑO,BELEN,SANTA ROSA,
23,019,00,01,NARIÑO,BUESACO,I. E. RAFAEL URIBE URIBE,
23,019,00,02,NARIÑO,BUESACO,ESCUELA PIO XII,
23,019,99,01,NARIÑO,BUESACO,PALACINOY,
23,019,99,02,NARIÑO,BUESACO,ALTACLARA,
23,019,99,03,NARIÑO,BUESACO,HATO TONGOSOY,
23,019,99,04,NARIÑO,BUESACO,LA PALMA,
23,019,99,05,NARIÑO,BUESACO,ROSAL DEL MONTE,
23,019,99,07,NARIÑO,BUESACO,EL BADO,
23,019,99,09,NARIÑO,BUESACO,SAN ANTONIO,
23,019,99,13,NARIÑO,BUESACO,SAN IGNACIO,
23,019,99,15,NARIÑO,BUESACO,EL GRANADILLO,
23,019,99,17,NARIÑO,BUESACO,SANTAFE,
23,019,99,21,NARIÑO,BUESACO,SANTAMARIA,
23,019,99,25,NARIÑO,BUESACO,VILLAMORENO,
23,022,00,00,NARIÑO,COLON (GENOVA),PUESTO CABECERA MUNICIPAL,
23,022,99,01,NARIÑO,COLON (GENOVA),GUAITARILLA,
23,022,99,02,NARIÑO,COLON (GENOVA),EL MACAL,
23,022,99,03,NARIÑO,COLON (GENOVA),LA PLATA,
23,022,99,04,NARIÑO,COLON (GENOVA),SAN CARLOS,
23,022,99,07,NARIÑO,COLON (GENOVA),LA ERMA,
23,022,99,08,NARIÑO,COLON (GENOVA),LA VICTORIA,
23,022,99,09,NARIÑO,COLON (GENOVA),VILLANUEVA,
23,022,99,20,NARIÑO,COLON (GENOVA),EL HELECHAL,
23,025,00,00,NARIÑO,CONSACA,PUESTO CABECERA MUNICIPAL,
23,025,99,01,NARIÑO,CONSACA,ALFONSO LOPEZ,
23,025,99,02,NARIÑO,CONSACA,ALTO BOMBONA,
23,025,99,03,NARIÑO,CONSACA,ALTO TINAJILLAS,
23,025,99,04,NARIÑO,CONSACA,CAMPAMENTO,
23,025,99,05,NARIÑO,CONSACA,CARIACO BAJO,
23,025,99,06,NARIÑO,CONSACA,CHURUPAMBA,
23,025,99,07,NARIÑO,CONSACA,BOMBONA,
23,025,99,08,NARIÑO,CONSACA,EL GUABO,
23,025,99,09,NARIÑO,CONSACA,OLAYA HERRERA,
23,025,99,13,NARIÑO,CONSACA,PALTAPAMBA,
23,025,99,20,NARIÑO,CONSACA,SAN ANTONIO,
23,025,99,25,NARIÑO,CONSACA,SANTA INES,
23,025,99,28,NARIÑO,CONSACA,SAN SEBASTIAN,
23,025,99,30,NARIÑO,CONSACA,EL TEJAR,
23,025,99,70,NARIÑO,CONSACA,SAN JOSE DEL SALADO,
23,025,99,80,NARIÑO,CONSACA,SAN MIGUEL DE CARIACO,
23,025,99,83,NARIÑO,CONSACA,SAN RAFAEL,
23,025,99,90,NARIÑO,CONSACA,VERACRUZ,
23,025,99,92,NARIÑO,CONSACA,VILLA INES,
23,028,00,00,NARIÑO,CONTADERO,PUESTO CABECERA MUNICIPAL,
23,028,99,01,NARIÑO,CONTADERO,ALDEA DE MARIA,
23,028,99,05,NARIÑO,CONTADERO,LA JOSEFINA,
23,028,99,09,NARIÑO,CONTADERO,OSPINA PEREZ,
23,028,99,50,NARIÑO,CONTADERO,SAN FRANCISCO,
23,028,99,80,NARIÑO,CONTADERO,SANTO DOMINGO,
23,031,00,00,NARIÑO,CORDOBA,PUESTO CABECERA MUNICIPAL,
23,031,99,01,NARIÑO,CORDOBA,LLORENTE,
23,031,99,02,NARIÑO,CORDOBA,LOS ARRAYANES,
23,031,99,05,NARIÑO,CORDOBA,PAYAN,
23,031,99,65,NARIÑO,CORDOBA,SANTA BRIGIDA,
23,031,99,69,NARIÑO,CORDOBA,SANTANDER,
23,034,00,00,NARIÑO,CUASPUD (CARLOSAMA),PUESTO CABECERA MUNICIPAL,
23,034,99,15,NARIÑO,CUASPUD (CARLOSAMA),MACAS,
23,037,00,01,NARIÑO,CUMBAL,PUESTO CABECERA MUNICIPAL,
23,037,00,02,NARIÑO,CUMBAL,IE DIVINO NIÑO JESUS,
23,037,99,01,NARIÑO,CUMBAL,CHILES,
23,037,99,05,NARIÑO,CUMBAL,MAYASQUER,
23,037,99,09,NARIÑO,CUMBAL,MIRAFLORES,
23,037,99,10,NARIÑO,CUMBAL,SAN VICENTE MULAS,
23,037,99,13,NARIÑO,CUMBAL,PANAN,
23,037,99,17,NARIÑO,CUMBAL,SAN MARTIN,
23,037,99,20,NARIÑO,CUMBAL,IE INMACULADA CONCEPCION DE TALLAMBI,
23,038,00,01,NARIÑO,CHACHAGUI,COLISEO MUNICIPAL,
23,038,00,02,NARIÑO,CHACHAGUI,IE CHACHAGUI SEDE BACHILLERATO,
23,038,99,10,NARIÑO,CHACHAGUI,CASABUY,
23,038,99,15,NARIÑO,CHACHAGUI,EL CONVENTO,
23,038,99,18,NARIÑO,CHACHAGUI,SANCHEZ,
23,038,99,35,NARIÑO,CHACHAGUI,EL MERLO,
23,038,99,40,NARIÑO,CHACHAGUI,HATO VIEJO,
23,038,99,60,NARIÑO,CHACHAGUI,PASIZARA,
23,038,99,70,NARIÑO,CHACHAGUI,CIMARRONES,
23,039,00,00,NARIÑO,CUMBITARA,PUESTO CABECERA MUNICIPAL,
23,039,99,08,NARIÑO,CUMBITARA,AMINDA,
23,039,99,20,NARIÑO,CUMBITARA,DAMASCO,
23,039,99,40,NARIÑO,CUMBITARA,EL DESIERTO,
23,039,99,45,NARIÑO,CUMBITARA,LA ESPERANZA,
23,039,99,50,NARIÑO,CUMBITARA,NULPI,
23,039,99,55,NARIÑO,CUMBITARA,EL PESQUERIO,
23,039,99,60,NARIÑO,CUMBITARA,PISANDA,
23,039,99,70,NARIÑO,CUMBITARA,SANTA ROSA LAS PALMAS,
23,039,99,80,NARIÑO,CUMBITARA,SIDON,
23,040,00,00,NARIÑO,EL ROSARIO,PUESTO CABECERA MUNICIPAL,
23,040,99,09,NARIÑO,EL ROSARIO,EL VADO,
23,040,99,13,NARIÑO,EL ROSARIO,ESMERALDAS,
23,040,99,14,NARIÑO,EL ROSARIO,LA MONTAÑA,
23,040,99,15,NARIÑO,EL ROSARIO,LA SIERRA,
23,040,99,27,NARIÑO,EL ROSARIO,MARTIN PEREZ,
23,040,99,34,NARIÑO,EL ROSARIO,SANTA ISABEL,
23,040,99,38,NARIÑO,EL ROSARIO,SANTA ROSA (EL RINCON),
23,040,99,42,NARIÑO,EL ROSARIO,VAPOR,
23,041,00,00,NARIÑO,EL CHARCO,PUESTO CABECERA MUNICIPAL,
23,041,99,02,NARIÑO,EL CHARCO,EL CUIL,
23,041,99,03,NARIÑO,EL CHARCO,BENJAMIN HERRERA (PLAYA DE BA,
23,041,99,04,NARIÑO,EL CHARCO,GAITAN (EL ROSARIO),
23,041,99,05,NARIÑO,EL CHARCO,HORMIGUERO,
23,041,99,07,NARIÑO,EL CHARCO,ARENAL (SANTA BARBARA),
23,041,99,10,NARIÑO,EL CHARCO,CARMEN BANGUELA,
23,041,99,11,NARIÑO,EL CHARCO,CASTIGO,
23,041,99,13,NARIÑO,EL CHARCO,LAS MERCEDES,
23,041,99,15,NARIÑO,EL CHARCO,RIO TAPAJE (PULBUZA),
23,041,99,16,NARIÑO,EL CHARCO,PLINIO OLIVEROS TAIJA - SAN F,
23,041,99,17,NARIÑO,EL CHARCO,ROBERTO PAYAN (SANTA CATALINA,
23,041,99,20,NARIÑO,EL CHARCO,LA LAGUNA,
23,041,99,26,NARIÑO,EL CHARCO,SAN JOSE DEL TAPAJE,
23,041,99,33,NARIÑO,EL CHARCO,TURBAY (PLAYA GRANDE),
23,041,99,34,NARIÑO,EL CHARCO,URIBE URIBE (EL CARMEN),
23,041,99,35,NARIÑO,EL CHARCO,BOLIVAR (SAN PEDRO),
23,041,99,60,NARIÑO,EL CHARCO,PAMBILERO,
23,043,00,00,NARIÑO,EL TABLON,PUESTO CABECERA MUNICIPAL,
23,043,99,01,NARIÑO,EL TABLON,APONTE,
23,043,99,04,NARIÑO,EL TABLON,FATIMA,
23,043,99,05,NARIÑO,EL TABLON,LA CUEVA,
23,043,99,09,NARIÑO,EL TABLON,LAS MESAS,
23,043,99,13,NARIÑO,EL TABLON,POMPEYA,
23,044,00,00,NARIÑO,EL PEÑOL,PUESTO CABECERA MUNICIPAL,
23,044,99,01,NARIÑO,EL PEÑOL,ALTO PEÑOL,
23,044,99,05,NARIÑO,EL PEÑOL,GUAMBANGA,
23,044,99,10,NARIÑO,EL PEÑOL,LAS COCHAS,
23,044,99,15,NARIÑO,EL PEÑOL,LA TOMA,
23,044,99,18,NARIÑO,EL PEÑOL,PEÑOL VIEJO,
23,044,99,20,NARIÑO,EL PEÑOL,SAN FRANCISCO,
23,046,00,00,NARIÑO,EL TAMBO,PUESTO CABECERA MUNICIPAL,
23,046,99,09,NARIÑO,EL TAMBO,LA OVEJERA,
23,046,99,14,NARIÑO,EL TAMBO,RICAURTE,
23,046,99,19,NARIÑO,EL TAMBO,SAN PEDRO,
23,046,99,60,NARIÑO,EL TAMBO,TANGUANA,
23,047,00,00,NARIÑO,FRANCISCO PIZARRO (SALAHONDA),PUESTO CABECERA MUNICIPAL,
23,047,99,21,NARIÑO,FRANCISCO PIZARRO (SALAHONDA),HUGO BELALCAZAR LUCERO (YARI),
23,047,99,26,NARIÑO,FRANCISCO PIZARRO (SALAHONDA),JORGE ANTONIO CUERO MIRANDA (,
23,047,99,31,NARIÑO,FRANCISCO PIZARRO (SALAHONDA),LAUREANO ALBERTO ARELLANO (IS,
23,047,99,37,NARIÑO,FRANCISCO PIZARRO (SALAHONDA),LUIS AVELINO PEREZ (BOCAS DE,
23,047,99,40,NARIÑO,FRANCISCO PIZARRO (SALAHONDA),NOVILLAL,
23,047,99,50,NARIÑO,FRANCISCO PIZARRO (SALAHONDA),NICANOR VALENCIA (HOJAS BLANC,
23,047,99,70,NARIÑO,FRANCISCO PIZARRO (SALAHONDA),PATIA (SAN PEDRO DEL VINO),
23,047,99,80,NARIÑO,FRANCISCO PIZARRO (SALAHONDA),VUELTA DEL GALLO,
23,047,99,90,NARIÑO,FRANCISCO PIZARRO (SALAHONDA),VICTOR CALONGE GAMEZ (CAIMITO,
23,049,00,00,NARIÑO,FUNES,PUESTO CABECERA MUNICIPAL,
23,049,99,01,NARIÑO,FUNES,CHAPAL,
23,049,99,05,NARIÑO,FUNES,CHITARRAN,
23,049,99,10,NARIÑO,FUNES,GUAPUSCAL,
23,049,99,15,NARIÑO,FUNES,ESCUELA RURAL GUAPUSCAL BAJO,
23,049,99,70,NARIÑO,FUNES,SUCUMBIOS,
23,049,99,75,NARIÑO,FUNES,TERRERO,
23,049,99,78,NARIÑO,FUNES,TELLEZ ALTO,
23,052,00,00,NARIÑO,GUACHUCAL,PUESTO CABECERA MUNICIPAL,
23,052,99,01,NARIÑO,GUACHUCAL,COLIMBA,
23,052,99,05,NARIÑO,GUACHUCAL,CHILLANQUER,
23,052,99,09,NARIÑO,GUACHUCAL,MUELLAMUES,
23,052,99,70,NARIÑO,GUACHUCAL,SAN JOSE DE CHILLANQUER,
23,055,00,00,NARIÑO,GUAITARILLA,PUESTO CABECERA MUNICIPAL,
23,055,99,01,NARIÑO,GUAITARILLA,AHUMADA,
23,055,99,02,NARIÑO,GUAITARILLA,BUENOS AIRES,
23,055,99,03,NARIÑO,GUAITARILLA,ESPERANZA,
23,055,99,04,NARIÑO,GUAITARILLA,GIRARDOT,
23,055,99,05,NARIÑO,GUAITARILLA,LA VICTORIA,
23,055,99,12,NARIÑO,GUAITARILLA,EL CID,
23,055,99,17,NARIÑO,GUAITARILLA,ALEX,
23,055,99,70,NARIÑO,GUAITARILLA,SAN ALEJANDRO,
23,055,99,75,NARIÑO,GUAITARILLA,SAN NICOLAS,
23,058,00,00,NARIÑO,GUALMATAN,PUESTO CABECERA MUNICIPAL,
23,058,99,01,NARIÑO,GUALMATAN,CUATIS,CORREGIMIENTO DE CUATIS
23,061,00,00,NARIÑO,ILES,COLISEO MUNICIPAL,
23,061,99,01,NARIÑO,ILES,BOLIVAR,
23,061,99,03,NARIÑO,ILES,EL ALTO DEL REY,
23,061,99,05,NARIÑO,ILES,EL TABLON,
23,061,99,09,NARIÑO,ILES,SAN FRANCISCO,
23,064,00,00,NARIÑO,IMUES,PUESTO CABECERA MUNICIPAL,
23,064,99,01,NARIÑO,IMUES,NEIRA (SANTA ANA),
23,064,99,02,NARIÑO,IMUES,CENTRO EDUCATIVO PILCUAN LA RECTA,
23,064,99,03,NARIÑO,IMUES,EL ALISAL,
23,064,99,04,NARIÑO,IMUES,PEDREGAL,
23,064,99,05,NARIÑO,IMUES,VALENCIA (SAN ISIDRO),
23,064,99,10,NARIÑO,IMUES,BETANIA,
23,064,99,20,NARIÑO,IMUES,CUARCHU,
23,064,99,40,NARIÑO,IMUES,PORTACHUELO,
23,064,99,70,NARIÑO,IMUES,SAN BUENAVENTURA,
23,067,01,01,NARIÑO,IPIALES,COL. SAN FRANCISCO DE ASIS,
23,067,01,02,NARIÑO,IPIALES,COL. INSECOL,
23,067,01,03,NARIÑO,IPIALES,COL. INMACULADA CONCEPCION,
23,067,01,04,NARIÑO,IPIALES,IE EDUC. NTA SRA DE LAS LAJAS,
23,067,01,05,NARIÑO,IPIALES,INST. EDUC. TOMÁS ARTURO SÁNCH,
23,067,01,06,NARIÑO,IPIALES,ESC. NRO.,
23,067,01,07,NARIÑO,IPIALES,COL. FILIPENSE,
23,067,02,01,NARIÑO,IPIALES,COLEGIO NACIONAL SUCRE,
23,067,02,02,NARIÑO,IPIALES,IE SEMINARIO SD,
23,067,02,03,NARIÑO,IPIALES,UNIVERSIDAD DE NARIÑO,
23,067,02,04,NARIÑO,IPIALES,COL. INTEGRADO CIUDAD IPIALES,
23,067,02,05,NARIÑO,IPIALES,I E POLITECNICO MARCELO MIRANDA,
23,067,02,06,NARIÑO,IPIALES,IE PEREZ PALLARES,
23,067,90,01,NARIÑO,IPIALES,COLEGIO CHAMPAGNAT,
23,067,98,01,NARIÑO,IPIALES,CARCEL,
23,067,99,01,NARIÑO,IPIALES,LA VICTORIA,CORREGIMIENTO LA VICTORIA
23,067,99,02,NARIÑO,IPIALES,COFANIA JARDINES DE SUCUMBIOS,
23,067,99,03,NARIÑO,IPIALES,LAS CRUCES,
23,067,99,05,NARIÑO,IPIALES,LAS LAJAS,
23,067,99,09,NARIÑO,IPIALES,SAN JUAN,
23,067,99,13,NARIÑO,IPIALES,YARAMAL,
23,073,00,00,NARIÑO,LA CRUZ,PUESTO CABECERA MUNICIPAL,
23,073,98,01,NARIÑO,LA CRUZ,CARCEL MUNICIPAL,
23,073,99,04,NARIÑO,LA CRUZ,CABUYALES,
23,073,99,05,NARIÑO,LA CRUZ,CASCABEL (TUJUMBINA),
23,073,99,09,NARIÑO,LA CRUZ,ALTO MAYO (ESCANDOY),
23,073,99,11,NARIÑO,LA CRUZ,EL PULPITO,
23,073,99,12,NARIÑO,LA CRUZ,JUAN ESTEBAN DE ALVEAR (LA ES,
23,073,99,14,NARIÑO,LA CRUZ,LAS PLAZUELAS,
23,073,99,17,NARIÑO,LA CRUZ,SAN GERARDO,
23,073,99,20,NARIÑO,LA CRUZ,SAN RAFAEL,
23,076,00,00,NARIÑO,LA FLORIDA,PUESTO CABECERA MUNICIPAL,
23,076,99,01,NARIÑO,LA FLORIDA,MATITUY,
23,076,99,02,NARIÑO,LA FLORIDA,BELLAVISTA,
23,076,99,03,NARIÑO,LA FLORIDA,EL RODEO,
23,076,99,04,NARIÑO,LA FLORIDA,LAS PLAZUELAS,
23,076,99,05,NARIÑO,LA FLORIDA,SANTACRUZ DE ROBLES,
23,076,99,06,NARIÑO,LA FLORIDA,PANCHINDO,
23,076,99,07,NARIÑO,LA FLORIDA,DUARTE,
23,076,99,08,NARIÑO,LA FLORIDA,EL MACO,
23,076,99,09,NARIÑO,LA FLORIDA,TUNJA GRANDE,
23,076,99,75,NARIÑO,LA FLORIDA,YUNGUILLA,
23,077,00,00,NARIÑO,LA LLANADA,PUESTO CABECERA MUNICIPAL,
23,077,99,20,NARIÑO,LA LLANADA,EL PALMAR,
23,077,99,90,NARIÑO,LA LLANADA,EL VERGEL,
23,078,00,00,NARIÑO,LA TOLA,PUESTO CABECERA MUNICIPAL,
23,078,99,03,NARIÑO,LA TOLA,AMARALES,
23,078,99,05,NARIÑO,LA TOLA,ANTONIO NARIÑO (LA VIGIA),
23,078,99,35,NARIÑO,LA TOLA,NERETE,
23,078,99,40,NARIÑO,LA TOLA,SAN PABLO DE LA TOLA,
23,078,99,60,NARIÑO,LA TOLA,SAN PABLO MAR,
23,079,00,01,NARIÑO,LA UNION,IE JUANAMBUE,
23,079,00,02,NARIÑO,LA UNION,IE SANTO TOMAS,
23,079,98,01,NARIÑO,LA UNION,CARCEL,
23,079,99,01,NARIÑO,LA UNION,SANTANDER,CORREGIMIENTO SANTANDER
23,079,99,05,NARIÑO,LA UNION,ALPUJARRA,CORREGIMIENTO ALPUJARRA
23,079,99,15,NARIÑO,LA UNION,CONTADERO,CORREGIMIENTO EL SAUCE
23,079,99,20,NARIÑO,LA UNION,CUSILLO ALTO,CORREGIMIENTO CUSILLO
23,079,99,23,NARIÑO,LA UNION,CUSILLO BAJO,CORREGIMIENTO CUSILLO
23,079,99,25,NARIÑO,LA UNION,CHAGUARURCO,CORREGIMIENTO CHAGUARURCO
23,079,99,27,NARIÑO,LA UNION,CHILCAL BAJO,CORREGIMIENTO EL SAUCE
23,079,99,28,NARIÑO,LA UNION,EL PELIGRO,CORREGIMIENTO LA CALDERA
23,079,99,30,NARIÑO,LA UNION,EL SAUCE,CORREGIMIENTO EL SAUCE
23,079,99,32,NARIÑO,LA UNION,JACOBA,CORREGIMIENTO CHAGUARURCO
23,079,99,35,NARIÑO,LA UNION,JUAN SOLARTE,CORREGIMIENTO JUAN SOLARTE
23,079,99,50,NARIÑO,LA UNION,LA CALDERA,CORREGIMIENTO LA CALDERA
23,079,99,60,NARIÑO,LA UNION,LA CAÑADA,CORREGIMIENTO ALPUJARRA
23,079,99,61,NARIÑO,LA UNION,LA CASTILLA,CORREGIMIENTO CHAGUARURCO
23,079,99,65,NARIÑO,LA UNION,LAS CUCHILLAS,CORREGIMIENTO SANTANDER
23,079,99,68,NARIÑO,LA UNION,OJO DE AGUA,CORREGIMIENTO LA CALDERA
23,079,99,70,NARIÑO,LA UNION,OLIVOS,CORREGIMIENTO QUIROZ ALTO
23,079,99,72,NARIÑO,LA UNION,PALO VERDE,CORREGIMIENTO ALPUJARRA
23,079,99,73,NARIÑO,LA UNION,PEÑA BLANCA,CORREGIMIENTO PEÑA BLANCA
23,079,99,74,NARIÑO,LA UNION,PRADERA,CORREGIMIENTO CHAGUARURCO
23,079,99,80,NARIÑO,LA UNION,QUIROS,CORREGIMIENTO QUIROZ ALTO
23,079,99,83,NARIÑO,LA UNION,REYES,CORREGIMIENTO JUAN SOLARTE
23,079,99,87,NARIÑO,LA UNION,RINCON CUSILLO BAJO,CORREGIMIENTO EL SAUCE
23,080,00,00,NARIÑO,LEIVA,PUESTO CABECERA MUNICIPAL,
23,080,99,09,NARIÑO,LEIVA,CAÑADUZAL,
23,080,99,11,NARIÑO,LEIVA,EL TABLON,
23,080,99,13,NARIÑO,LEIVA,EL PALMAR,
23,080,99,17,NARIÑO,LEIVA,LA VILLA,
23,080,99,21,NARIÑO,LEIVA,LAS DELICIAS,
23,080,99,22,NARIÑO,LEIVA,LO FRIO,
23,080,99,23,NARIÑO,LEIVA,NARIÑO,
23,080,99,25,NARIÑO,LEIVA,PUERTO NUEVO,
23,080,99,29,NARIÑO,LEIVA,SANTA LUCIA,
23,080,99,50,NARIÑO,LEIVA,SAN PABLO (LA FLORIDA),
23,082,00,00,NARIÑO,LINARES,PUESTO CABECERA MUNICIPAL,
23,082,99,01,NARIÑO,LINARES,SAN FRANCISCO,
23,082,99,02,NARIÑO,LINARES,BELLAVISTA,
23,082,99,03,NARIÑO,LINARES,BELLA FLORIDA,
23,082,99,04,NARIÑO,LINARES,LLANO GRANDE,
23,082,99,05,NARIÑO,LINARES,TABILES,
23,082,99,09,NARIÑO,LINARES,TAMBILLO DE BRAVOS,
23,082,99,15,NARIÑO,LINARES,MOTILON,
23,082,99,30,NARIÑO,LINARES,LAGUNA DEL PUEBLO,
23,085,00,00,NARIÑO,LOS ANDES (SOTOMAYOR),PUESTO CABECERA MUNICIPAL,
23,085,99,03,NARIÑO,LOS ANDES (SOTOMAYOR),EL CARRIZAL,
23,085,99,06,NARIÑO,LOS ANDES (SOTOMAYOR),GUAYABAL FALDAS (SAN JUAN),
23,085,99,07,NARIÑO,LOS ANDES (SOTOMAYOR),GUAYABAL,
23,085,99,13,NARIÑO,LOS ANDES (SOTOMAYOR),LA PLANADA,
23,085,99,14,NARIÑO,LOS ANDES (SOTOMAYOR),LOS GUABOS,
23,085,99,15,NARIÑO,LOS ANDES (SOTOMAYOR),SAN FRANCISCO,
23,085,99,17,NARIÑO,LOS ANDES (SOTOMAYOR),CAMPOBELLO,
23,088,00,00,NARIÑO,MAGUI (PAYAN),PUESTO CABECERA MUNICIPAL,
23,088,99,01,NARIÑO,MAGUI (PAYAN),BOLIVAR,
23,088,99,02,NARIÑO,MAGUI (PAYAN),BRISAS DE HAMBURGO,
23,088,99,03,NARIÑO,MAGUI (PAYAN),CONCORDIA,
23,088,99,04,NARIÑO,MAGUI (PAYAN),EL TRUENO,
23,088,99,05,NARIÑO,MAGUI (PAYAN),NANSALVI,
23,088,99,07,NARIÑO,MAGUI (PAYAN),LAS LAJAS,
23,088,99,09,NARIÑO,MAGUI (PAYAN),PIRAGUA,
23,088,99,10,NARIÑO,MAGUI (PAYAN),PLAYON,
23,088,99,13,NARIÑO,MAGUI (PAYAN),RICAURTE,
23,088,99,14,NARIÑO,MAGUI (PAYAN),PAMPETA PIRAGUA,
23,088,99,17,NARIÑO,MAGUI (PAYAN),SAN LUIS,
23,088,99,19,NARIÑO,MAGUI (PAYAN),SANTANDER (EL ROSARIO),
23,088,99,20,NARIÑO,MAGUI (PAYAN),SAN VICENTE DE AURORA,
23,088,99,21,NARIÑO,MAGUI (PAYAN),TABUJITO,
23,088,99,25,NARIÑO,MAGUI (PAYAN),TORTUGO,
23,088,99,40,NARIÑO,MAGUI (PAYAN),ALTO ESTERO,
23,088,99,45,NARIÑO,MAGUI (PAYAN),CUALALA,
23,088,99,60,NARIÑO,MAGUI (PAYAN),LA LOMA,
23,091,00,00,NARIÑO,MALLAMA (PIEDRANCHA),PUESTO CABECERA MUNICIPAL,
23,091,99,01,NARIÑO,MALLAMA (PIEDRANCHA),CHAMBU,
23,091,99,05,NARIÑO,MALLAMA (PIEDRANCHA),CHUCUNES,
23,091,99,09,NARIÑO,MALLAMA (PIEDRANCHA),EL GUABO,
23,091,99,13,NARIÑO,MALLAMA (PIEDRANCHA),LA OSCURANA,
23,091,99,17,NARIÑO,MALLAMA (PIEDRANCHA),PUERAN,
23,091,99,21,NARIÑO,MALLAMA (PIEDRANCHA),PUSPUED,
23,091,99,25,NARIÑO,MALLAMA (PIEDRANCHA),PUSUSQUER,
23,091,99,29,NARIÑO,MALLAMA (PIEDRANCHA),SAN MIGUEL,
23,094,00,00,NARIÑO,MOSQUERA,PUESTO CABECERA MUNICIPAL,
23,094,99,01,NARIÑO,MOSQUERA,ATANASIO GIRARDOT (PUEBLO NUE,
23,094,99,04,NARIÑO,MOSQUERA,CENTRO EDUCATIVO ALTO GUANDIPA,
23,094,99,09,NARIÑO,MOSQUERA,CHIMBUCERO,
23,094,99,10,NARIÑO,MOSQUERA,DARIO ECHANDIA(EL BAJITO),
23,094,99,15,NARIÑO,MOSQUERA,FIRME DE CIFUENTES,
23,094,99,20,NARIÑO,MOSQUERA,GABRIEL TURBAY (COCALITO DE J,
23,094,99,21,NARIÑO,MOSQUERA,JORGE ELIECER GAITAN (COCAL P,
23,094,99,22,NARIÑO,MOSQUERA,LAGARTERA,
23,094,99,26,NARIÑO,MOSQUERA,LOPEZ (TASQUITA),
23,094,99,30,NARIÑO,MOSQUERA,MORALES OLAYA (EL NARANJO),
23,094,99,32,NARIÑO,MOSQUERA,SAN ANDRES (BOCA DE GUANDIPA),
23,094,99,34,NARIÑO,MOSQUERA,SANTA CECILIA PLAYA NUEVA,
23,095,00,00,NARIÑO,OLAYA HERRERA,PUESTO CABECERA MUNICIPAL,
23,095,99,05,NARIÑO,OLAYA HERRERA,ALFONSO LOPEZ PUMAREJO (LA FL,
23,095,99,08,NARIÑO,OLAYA HERRERA,BELLAVISTA,
23,095,99,10,NARIÑO,OLAYA HERRERA,CORDOBA (CARMEN),
23,095,99,12,NARIÑO,OLAYA HERRERA,EDUARDO SANTOS,
23,095,99,15,NARIÑO,OLAYA HERRERA,LA TURBIA,
23,095,99,16,NARIÑO,OLAYA HERRERA,LA LAGUNA (NUEVA FLORESTA),
23,095,99,18,NARIÑO,OLAYA HERRERA,LERIDA (LAS MARIAS),
23,095,99,23,NARIÑO,OLAYA HERRERA,LOZANO TORRIJOS (GUANGARE),
23,095,99,28,NARIÑO,OLAYA HERRERA,MERIZALDE (PORVENIR),
23,095,99,30,NARIÑO,OLAYA HERRERA,QUINTILIANO AGUIRRE,
23,095,99,32,NARIÑO,OLAYA HERRERA,SAN JOSE CALABAZAL,
23,095,99,34,NARIÑO,OLAYA HERRERA,SANTANDER (SOLEDAD),
23,095,99,36,NARIÑO,OLAYA HERRERA,URIBE URIBE (BOCA DE PRIETA),
23,096,00,00,NARIÑO,NARIÑO,PUESTO CABECERA MUNICIPAL,
23,096,99,10,NARIÑO,NARIÑO,CHORRILLO,
23,096,99,11,NARIÑO,NARIÑO,PRADERA ALTO,
23,097,00,00,NARIÑO,OSPINA,PUESTO CABECERA MUNICIPAL,
23,097,99,03,NARIÑO,OSPINA,CUNCHILA O MORENO,CORREGIMIENTO CUNCHILA O MOREN
23,097,99,04,NARIÑO,OSPINA,GUARACAN SAN VICENTE,CORREGIMIENTO GUARACAN SAN VIC
23,097,99,05,NARIÑO,OSPINA,SAN ISIDRO,CORREGIMIENTO SAN ISIDRO
23,097,99,72,NARIÑO,OSPINA,SAN JOSE OBRERO,CORREGIMIENTO SAN JOSE OBRERO
23,097,99,80,NARIÑO,OSPINA,SAN MIGUEL,CORREGIMIENTO SAN MIGUEL
23,098,00,00,NARIÑO,POLICARPA,PUESTO CABECERA MUNICIPAL,
23,098,99,20,NARIÑO,POLICARPA,ALTAMIRA,
23,098,99,30,NARIÑO,POLICARPA,EL EJIDO,
23,098,99,35,NARIÑO,POLICARPA,LA INDEPENDENCIA,
23,098,99,40,NARIÑO,POLICARPA,MADRIGAL,
23,098,99,45,NARIÑO,POLICARPA,NEGRITAL,
23,098,99,50,NARIÑO,POLICARPA,RESTREPO,
23,098,99,55,NARIÑO,POLICARPA,SAN ANTONIO,
23,098,99,60,NARIÑO,POLICARPA,SAN ROQUE,
23,098,99,80,NARIÑO,POLICARPA,SANCHEZ,
23,098,99,85,NARIÑO,POLICARPA,SANTACRUZ,
23,100,00,00,NARIÑO,POTOSI,PUESTO CABECERA MUNICIPAL,
23,100,99,01,NARIÑO,POTOSI,SAN FRANCISCO (SINAI),
23,100,99,02,NARIÑO,POTOSI,CARDENAS,
23,100,99,04,NARIÑO,POTOSI,CUASPUD NUCLEO,
23,100,99,05,NARIÑO,POTOSI,EL CARRIZAL,
23,100,99,07,NARIÑO,POTOSI,LA CABAÑA,
23,100,99,10,NARIÑO,POTOSI,MUESES,
23,100,99,14,NARIÑO,POTOSI,SAN ANTONIO - LA PALMA,
23,100,99,17,NARIÑO,POTOSI,SAN PEDRO,
23,100,99,50,NARIÑO,POTOSI,SAN MARCOS,
23,100,99,85,NARIÑO,POTOSI,VILLA NUEVA,
23,100,99,90,NARIÑO,POTOSI,YAMUESQUER,
23,101,00,00,NARIÑO,PROVIDENCIA,PUESTO CABECERA MUNICIPAL,
23,101,99,30,NARIÑO,PROVIDENCIA,GUADRAHUMA,
23,103,00,00,NARIÑO,PUERRES,PUESTO CABECERA MUNICIPAL,
23,103,99,01,NARIÑO,PUERRES,EL PARAMO,
23,103,99,04,NARIÑO,PUERRES,MAICIRA,
23,103,99,05,NARIÑO,PUERRES,COLISEO DE INTEGRACION CIUDADANA,
23,103,99,09,NARIÑO,PUERRES,SAN MATEO,
23,106,00,00,NARIÑO,PUPIALES,PUESTO CABECERA MUNICIPAL,
23,106,99,05,NARIÑO,PUPIALES,C.E. CHIRES CENTRO,
23,106,99,13,NARIÑO,PUPIALES,JOSE MARIA HERNANDEZ,
23,109,00,00,NARIÑO,RICAURTE,PUESTO CABECERA MUNICIPAL,
23,109,99,01,NARIÑO,RICAURTE,OSPINA PEREZ,
23,109,99,02,NARIÑO,RICAURTE,NULPE MEDIO,
23,109,99,03,NARIÑO,RICAURTE,MAGUI,
23,109,99,05,NARIÑO,RICAURTE,VEGAS,
23,109,99,06,NARIÑO,RICAURTE,CHARCO LARGO,
23,109,99,07,NARIÑO,RICAURTE,PIALAPI,
23,109,99,09,NARIÑO,RICAURTE,NULPE ALTO,
23,109,99,10,NARIÑO,RICAURTE,RAMOS,
23,109,99,11,NARIÑO,RICAURTE,SAN ISIDRO (CUCHO),
23,109,99,15,NARIÑO,RICAURTE,ARRAYAN,
23,109,99,20,NARIÑO,RICAURTE,CUESBI,
23,109,99,25,NARIÑO,RICAURTE,CHICANDINA,
23,109,99,30,NARIÑO,RICAURTE,EL AGUACATE,
23,109,99,33,NARIÑO,RICAURTE,EL HOJAL,
23,109,99,40,NARIÑO,RICAURTE,GUALCALA,
23,109,99,45,NARIÑO,RICAURTE,IMBINA,
23,109,99,55,NARIÑO,RICAURTE,PUEBLO VIEJO,
23,112,00,00,NARIÑO,ROBERTO PAYAN (SAN JOSE),PUESTO CABECERA MUNICIPAL,
23,112,99,01,NARIÑO,ROBERTO PAYAN (SAN JOSE),ARTEAGA LIMONAR ANTONIO NARIÑO,
23,112,99,03,NARIÑO,ROBERTO PAYAN (SAN JOSE),BUENA VISTA DEL SUR (YACUM),
23,112,99,04,NARIÑO,ROBERTO PAYAN (SAN JOSE),CARLOS LLERAS RESTREPO (LAS P,
23,112,99,05,NARIÑO,ROBERTO PAYAN (SAN JOSE),PEÑON (GERARDO MARTINEZ),
23,112,99,06,NARIÑO,ROBERTO PAYAN (SAN JOSE),ANTONIO NARIÑO (PUMALDE),
23,112,99,09,NARIÑO,ROBERTO PAYAN (SAN JOSE),FATIMA (EL CARMEN),
23,112,99,13,NARIÑO,ROBERTO PAYAN (SAN JOSE),GOMEZ JURADO,
23,112,99,15,NARIÑO,ROBERTO PAYAN (SAN JOSE),GAUCUCO MIALO,
23,112,99,17,NARIÑO,ROBERTO PAYAN (SAN JOSE),LAS LAJAS (PUMBI),
23,112,99,18,NARIÑO,ROBERTO PAYAN (SAN JOSE),JORGE ELIECER GAITAN (EL PIND,
23,112,99,20,NARIÑO,ROBERTO PAYAN (SAN JOSE),LIMONES DEL PATIA,
23,112,99,21,NARIÑO,ROBERTO PAYAN (SAN JOSE),SAN ANTONIO (BOCA DE TELEMBI),
23,112,99,23,NARIÑO,ROBERTO PAYAN (SAN JOSE),SUCRE (CONQUISTA),
23,112,99,25,NARIÑO,ROBERTO PAYAN (SAN JOSE),TRINIDAD (LAS MERCEDES),
23,112,99,27,NARIÑO,ROBERTO PAYAN (SAN JOSE),TAMAJE-IGNACIO GOMEZ,
23,112,99,30,NARIÑO,ROBERTO PAYAN (SAN JOSE),PIRI (PARAISO),
23,112,99,35,NARIÑO,ROBERTO PAYAN (SAN JOSE),PANGA,
23,112,99,40,NARIÑO,ROBERTO PAYAN (SAN JOSE),PALO SECO,
23,112,99,65,NARIÑO,ROBERTO PAYAN (SAN JOSE),SANDE EN EL RIO ISPI,
23,112,99,80,NARIÑO,ROBERTO PAYAN (SAN JOSE),VUELTA DE PAPI (BOCAS DE PAPI,
23,115,00,01,NARIÑO,SAMANIEGO,I.E. SIMON BOLIVAR,
23,115,00,02,NARIÑO,SAMANIEGO,IE POLICARPA SALAVARRIETA SD STA TER.,
23,115,99,01,NARIÑO,SAMANIEGO,BOLIVAR,
23,115,99,02,NARIÑO,SAMANIEGO,BETANIA,
23,115,99,03,NARIÑO,SAMANIEGO,ANDALUCIA,
23,115,99,04,NARIÑO,SAMANIEGO,CARRIZAL,
23,115,99,05,NARIÑO,SAMANIEGO,DECIO,
23,115,99,06,NARIÑO,SAMANIEGO,CHUGULDI,
23,115,99,07,NARIÑO,SAMANIEGO,LA AGUADA,
23,115,99,08,NARIÑO,SAMANIEGO,EL MOTILON,
23,115,99,09,NARIÑO,SAMANIEGO,LA PLANADA,
23,115,99,10,NARIÑO,SAMANIEGO,EL LLANO,
23,115,99,11,NARIÑO,SAMANIEGO,EL SALADO,
23,115,99,13,NARIÑO,SAMANIEGO,MARANGUAY,
23,115,99,15,NARIÑO,SAMANIEGO,EL SALTO,
23,115,99,20,NARIÑO,SAMANIEGO,TANAMA,
23,115,99,21,NARIÑO,SAMANIEGO,CHUPINAGAN,
23,115,99,30,NARIÑO,SAMANIEGO,CARTAGENA,
23,115,99,35,NARIÑO,SAMANIEGO,DOÑANA,
23,115,99,37,NARIÑO,SAMANIEGO,EL CANADA,
23,115,99,40,NARIÑO,SAMANIEGO,CHINCHAL,
23,115,99,45,NARIÑO,SAMANIEGO,PIEDRABLANCA,
23,115,99,46,NARIÑO,SAMANIEGO,PLAN SAN MARTIN,
23,115,99,47,NARIÑO,SAMANIEGO,PUENTE TIERRA,
23,115,99,48,NARIÑO,SAMANIEGO,PLANADAS TELEMBI,
23,115,99,50,NARIÑO,SAMANIEGO,SAN ANTONIO,
23,115,99,55,NARIÑO,SAMANIEGO,LA CAPILLA,
23,115,99,56,NARIÑO,SAMANIEGO,LA MONTUFAR,
23,115,99,60,NARIÑO,SAMANIEGO,SAN DIEGO,
23,115,99,61,NARIÑO,SAMANIEGO,PUERCHAG,
23,115,99,80,NARIÑO,SAMANIEGO,VILLAFLOR,
23,115,99,90,NARIÑO,SAMANIEGO,YUNGUILLA,
23,118,00,00,NARIÑO,SANDONA,PUESTO CABECERA MUNICIPAL,
23,118,99,01,NARIÑO,SANDONA,BOLIVAR,
23,118,99,05,NARIÑO,SANDONA,EL INGENIO,
23,118,99,06,NARIÑO,SANDONA,LOMA DEL TAMBILLO,
23,118,99,07,NARIÑO,SANDONA,SAN BERNARDO,
23,118,99,08,NARIÑO,SANDONA,ROMA Y CHAVES,
23,118,99,09,NARIÑO,SANDONA,SANTA BARBARA,
23,118,99,10,NARIÑO,SANDONA,SAN MIGUEL,
23,118,99,13,NARIÑO,SANDONA,SANTA ROSA,
23,120,00,00,NARIÑO,SAN BERNARDO,PUESTO CABECERA MUNICIPAL,
23,120,99,10,NARIÑO,SAN BERNARDO,,CORREGIMIENTO DE LA VEGA                1000003230000032900000201CORREGIMIENTO LA VEGA
23,121,00,00,NARIÑO,SAN LORENZO,PUESTO CABECERA MUNICIPAL,
23,121,99,01,NARIÑO,SAN LORENZO,EL CARMEN,
23,121,99,04,NARIÑO,SAN LORENZO,LA HONDA,
23,121,99,05,NARIÑO,SAN LORENZO,SANTA CECILIA,
23,121,99,07,NARIÑO,SAN LORENZO,DALMACIA (SALINAS),
23,121,99,08,NARIÑO,SAN LORENZO,SANTA CRUZ,
23,121,99,09,NARIÑO,SAN LORENZO,SANTA MARTA,
23,121,99,15,NARIÑO,SAN LORENZO,SAN RAFAEL,
23,121,99,20,NARIÑO,SAN LORENZO,SAN GERARDO,
23,123,00,00,NARIÑO,SAN PEDRO DE CARTAGO,PUESTO CABECERA MUNICIPAL,
23,123,99,30,NARIÑO,SAN PEDRO DE CARTAGO,GOMEZ,
23,123,99,45,NARIÑO,SAN PEDRO DE CARTAGO,LA COMUNIDAD,
23,123,99,80,NARIÑO,SAN PEDRO DE CARTAGO,VIVEROS (LA ESTANCIA),
23,124,00,00,NARIÑO,SAN PABLO,PUESTO CABECERA MUNICIPAL,
23,124,99,01,NARIÑO,SAN PABLO,BRICEÑO,
23,124,99,02,NARIÑO,SAN PABLO,BELLAVISTA (EL MESON),
23,124,99,06,NARIÑO,SAN PABLO,BATEROS,
23,124,99,19,NARIÑO,SAN PABLO,EL ALTO,
23,124,99,21,NARIÑO,SAN PABLO,EL RAMAL,
23,124,99,25,NARIÑO,SAN PABLO,FRANCIA,
23,124,99,29,NARIÑO,SAN PABLO,LA CUCHILLA,
23,124,99,50,NARIÑO,SAN PABLO,LOS LLANOS,
23,124,99,60,NARIÑO,SAN PABLO,LOS ROBLES,
23,124,99,95,NARIÑO,SAN PABLO,YUNGUILLA (CHILCAL),
23,125,00,00,NARIÑO,SANTA BARBARA (ISCUANDE),PUESTO CABECERA MUNICIPAL,
23,125,99,03,NARIÑO,SANTA BARBARA (ISCUANDE),ATANASIO GIRARDOT (LAS MARIAS,
23,125,99,09,NARIÑO,SANTA BARBARA (ISCUANDE),CHANZARA (CARMEN DE LAS PEÑAS,
23,125,99,20,NARIÑO,SANTA BARBARA (ISCUANDE),FRANCISCO DE PARADA (VUELTA),
23,125,99,37,NARIÑO,SANTA BARBARA (ISCUANDE),PACIFICO (ENSENADA),
23,125,99,42,NARIÑO,SANTA BARBARA (ISCUANDE),PALOMINO,
23,125,99,45,NARIÑO,SANTA BARBARA (ISCUANDE),SAN JOSE,
23,125,99,47,NARIÑO,SANTA BARBARA (ISCUANDE),SEBASTIAN DE BELALCAZAR,
23,125,99,49,NARIÑO,SANTA BARBARA (ISCUANDE),SANABRIA (FENICIA),
23,125,99,58,NARIÑO,SANTA BARBARA (ISCUANDE),SANTANDER (SANTA RITA),
23,125,99,60,NARIÑO,SANTA BARBARA (ISCUANDE),SOLEDAD,
23,125,99,70,NARIÑO,SANTA BARBARA (ISCUANDE),TOMAS CIPRIANO DE MOSQUERA (V,
23,127,00,00,NARIÑO,SANTACRUZ (GUACHAVES),PUESTO CABECERA MUNICIPAL,
23,127,99,01,NARIÑO,SANTACRUZ (GUACHAVES),EL EDEN,
23,127,99,03,NARIÑO,SANTACRUZ (GUACHAVES),BALALAIKA,
23,127,99,04,NARIÑO,SANTACRUZ (GUACHAVES),CHIPACUED (EL ARRAYAN),
23,127,99,05,NARIÑO,SANTACRUZ (GUACHAVES),EL SANDE,
23,127,99,07,NARIÑO,SANTACRUZ (GUACHAVES),INGA,
23,127,99,08,NARIÑO,SANTACRUZ (GUACHAVES),LA ZABALETA,
23,127,99,09,NARIÑO,SANTACRUZ (GUACHAVES),MANCHAG,
23,127,99,13,NARIÑO,SANTACRUZ (GUACHAVES),PIARAMAG,
23,127,99,17,NARIÑO,SANTACRUZ (GUACHAVES),SANTA ROSA,
23,130,00,00,NARIÑO,SAPUYES,PUESTO CABECERA MUNICIPAL,
23,130,99,01,NARIÑO,SAPUYES,EL ESPINO (SUAREZ),
23,130,99,02,NARIÑO,SAPUYES,LA FLORESTA,
23,130,99,03,NARIÑO,SAPUYES,LOS MONOS,
23,130,99,04,NARIÑO,SAPUYES,ARBOLEDA,
23,130,99,05,NARIÑO,SAPUYES,URIBE (COMUNIDAD),
23,130,99,10,NARIÑO,SAPUYES,PANAMAL,
23,133,00,00,NARIÑO,TAMINANGO,PUESTO CABECERA MUNICIPAL,
23,133,99,01,NARIÑO,TAMINANGO,CORDOBA (GRANADA),
23,133,99,15,NARIÑO,TAMINANGO,CENTRO EDUCATIVO CURIACO SECUNDARIA,
23,133,99,17,NARIÑO,TAMINANGO,EL PARAMO,
23,133,99,20,NARIÑO,TAMINANGO,CHARGUAYACO,
23,133,99,23,NARIÑO,TAMINANGO,PUERTO REMOLINO,
23,133,99,40,NARIÑO,TAMINANGO,EL MANZANO,
23,133,99,50,NARIÑO,TAMINANGO,EL TABLON,
23,136,00,00,NARIÑO,TANGUA,PUESTO CABECERA MUNICIPAL,
23,136,99,01,NARIÑO,TANGUA,SANTANDER,
23,136,99,04,NARIÑO,TANGUA,LA CONCEPCION,
23,136,99,05,NARIÑO,TANGUA,TAPIALQUER ALTO,
23,136,99,15,NARIÑO,TANGUA,BUENOS AIRES,
23,136,99,20,NARIÑO,TANGUA,CEBADAL ALTO,
23,136,99,25,NARIÑO,TANGUA,EL PARAMILLO ALTO,
23,136,99,29,NARIÑO,TANGUA,LAS PALMAS,
23,136,99,38,NARIÑO,TANGUA,LOS AJOS,
23,136,99,45,NARIÑO,TANGUA,SAN JAVIER,
23,136,99,80,NARIÑO,TANGUA,LAS PLAYAS,
23,136,99,95,NARIÑO,TANGUA,VILLA CRUZ,
23,139,01,01,NARIÑO,TUMACO,INST.TEC.POP.DE LA COSTA,COMUNA  1
23,139,01,02,NARIÑO,TUMACO,I.E. LICEO MAX SEIDEL,COMUNA  1
23,139,01,03,NARIÑO,TUMACO,I.E. EL MORRITO,COMUNA  1
23,139,01,04,NARIÑO,TUMACO,I.E. ESCUELA LA CORDIALIDAD,COMUNA  1
23,139,01,05,NARIÑO,TUMACO,I. TECN. POP. DE LA COSTA SD,COMUNA  1
23,139,02,01,NARIÑO,TUMACO,I.E. INMACULADA CONCEPCION,COMUNA 2
23,139,02,02,NARIÑO,TUMACO,I.E. ESCUELA R.M. BISHOP,COMUNA  4
23,139,02,03,NARIÑO,TUMACO,COLISEO PANAMA,COMUNA  4
23,139,02,04,NARIÑO,TUMACO,IE MISIONAL SANTA TERESITA,COMUNA 2
23,139,03,01,NARIÑO,TUMACO,I.E. COLEGIO SANTA TERESITA,COMUNA 3
23,139,03,02,NARIÑO,TUMACO,I.E. GENERAL SANTANDER,COMUNA 3
23,139,03,03,NARIÑO,TUMACO,I.E. IBERIA - SEDE UNION VICT,COMUNA 5
23,139,03,04,NARIÑO,TUMACO,I.E CIUDADELA MIXTA COLOMBIA,COMUNA 5
23,139,03,05,NARIÑO,TUMACO,I.E. IBERIA NUEVO MILENIO,COMUNA 5
23,139,03,06,NARIÑO,TUMACO,I.E.EL PORVENIR,COMUNA 5
23,139,03,07,NARIÑO,TUMACO,IE FATIMA  MARIA AUXILIADORA SD,COMUNA 3
23,139,90,01,NARIÑO,TUMACO,IE FATIMA,
23,139,98,01,NARIÑO,TUMACO,CARCEL BUCHELY,
23,139,99,01,NARIÑO,TUMACO,CONGAL,
23,139,99,02,NARIÑO,TUMACO,RESTREPO,
23,139,99,03,NARIÑO,TUMACO,CAJAPI,
23,139,99,04,NARIÑO,TUMACO,COMUNIDAD  LA BRAVA,
23,139,99,05,NARIÑO,TUMACO,ALTO SAN AGUSTIN,
23,139,99,06,NARIÑO,TUMACO,ALCUAN,
23,139,99,07,NARIÑO,TUMACO,IMBILI,
23,139,99,08,NARIÑO,TUMACO,BAJO ZAPOTAL,
23,139,99,09,NARIÑO,TUMACO,PEÑA COLORADA,
23,139,99,10,NARIÑO,TUMACO,TABLON DULCE,
23,139,99,11,NARIÑO,TUMACO,BOCAS DE CURAY,
23,139,99,12,NARIÑO,TUMACO,BOCANA NUEVA,
23,139,99,13,NARIÑO,TUMACO,LA ANGOSTURA KM,
23,139,99,14,NARIÑO,TUMACO,CALETA VIENTO LIBRE,
23,139,99,15,NARIÑO,TUMACO,DOS QUEBRADAS,
23,139,99,16,NARIÑO,TUMACO,CEIBITO,
23,139,99,17,NARIÑO,TUMACO,LA BATEA - INDA GUACARAY,
23,139,99,18,NARIÑO,TUMACO,OLIVO CURAY,
23,139,99,19,NARIÑO,TUMACO,LA VARIANTE KM,
23,139,99,20,NARIÑO,TUMACO,CHAJAL,
23,139,99,21,NARIÑO,TUMACO,CHAPILAR DE LAS VARAS,
23,139,99,22,NARIÑO,TUMACO,CHAPILAR,
23,139,99,23,NARIÑO,TUMACO,CHAPUL,
23,139,99,24,NARIÑO,TUMACO,CHILVICITO,
23,139,99,25,NARIÑO,TUMACO,SAGUMBITA,
23,139,99,26,NARIÑO,TUMACO,CARLOS ZAMA,
23,139,99,27,NARIÑO,TUMACO,PUEBLO NUEVO-TABLON SALADO CAR,
23,139,99,28,NARIÑO,TUMACO,EL BAJITO,
23,139,99,29,NARIÑO,TUMACO,KILOMETRO,
23,139,99,30,NARIÑO,TUMACO,EL CARMEN KILOMETRO,
23,139,99,31,NARIÑO,TUMACO,EL COCO,
23,139,99,32,NARIÑO,TUMACO,EL JAGUA,
23,139,99,33,NARIÑO,TUMACO,EL PAPAYAL,
23,139,99,34,NARIÑO,TUMACO,EL PINDE,
23,139,99,35,NARIÑO,TUMACO,PITAL DE LA COSTA,
23,139,99,36,NARIÑO,TUMACO,EL RETOÑO,
23,139,99,37,NARIÑO,TUMACO,BOCAS DE GUABAL,
23,139,99,38,NARIÑO,TUMACO,ESPRIELLA,
23,139,99,39,NARIÑO,TUMACO,CANDELILLAS DE LA MAR,
23,139,99,40,NARIÑO,TUMACO,EL DESCANSO,
23,139,99,41,NARIÑO,TUMACO,CUARAZANGA,
23,139,99,42,NARIÑO,TUMACO,SAN AGUSTIN,
23,139,99,43,NARIÑO,TUMACO,GUAYABO,
23,139,99,44,NARIÑO,TUMACO,GUACHAL LAS BRISAS,
23,139,99,45,NARIÑO,TUMACO,HERRERA-CANDELILLA,
23,139,99,46,NARIÑO,TUMACO,IMBILPI DEL CARMEN,
23,139,99,47,NARIÑO,TUMACO,INGUAPI DEL CARMEN,
23,139,99,48,NARIÑO,TUMACO,SAN JUAN DEL MIRA,
23,139,99,49,NARIÑO,TUMACO,TANGAREAL,
23,139,99,50,NARIÑO,TUMACO,ISLA GRANDE (RIO ROSARIO),
23,139,99,51,NARIÑO,TUMACO,KM,
23,139,99,52,NARIÑO,TUMACO,NERETE,
23,139,99,53,NARIÑO,TUMACO,BELLAVISTA,
23,139,99,54,NARIÑO,TUMACO,BOCAS DE PILVI,
23,139,99,55,NARIÑO,TUMACO,GUAYACANA,
23,139,99,56,NARIÑO,TUMACO,LA HONDA (RIO MIRA),
23,139,99,57,NARIÑO,TUMACO,NUEVA UNION,
23,139,99,58,NARIÑO,TUMACO,LA SIRENA,
23,139,99,59,NARIÑO,TUMACO,LLORENTE,
23,139,99,60,NARIÑO,TUMACO,MAJAGUAL,
23,139,99,61,NARIÑO,TUMACO,MATAJE-MATA DE PLATANO,
23,139,99,62,NARIÑO,TUMACO,MIRAS PALMAS,
23,139,99,63,NARIÑO,TUMACO,NUEVA BRISA,
23,139,99,64,NARIÑO,TUMACO,LA BRAVA,
23,139,99,65,NARIÑO,TUMACO,CHONTAL,
23,139,99,66,NARIÑO,TUMACO,PALAMBI (ANTONIO NARIÑO),
23,139,99,67,NARIÑO,TUMACO,PALAY,
23,139,99,68,NARIÑO,TUMACO,LAS MERCEDES,
23,139,99,69,NARIÑO,TUMACO,LLANAJE,
23,139,99,70,NARIÑO,TUMACO,PIGUAMBI,
23,139,99,71,NARIÑO,TUMACO,PITAL PIRAGUA,
23,139,99,72,NARIÑO,TUMACO,PASA CABALLO,
23,139,99,73,NARIÑO,TUMACO,CASAS VIEJAS,
23,139,99,74,NARIÑO,TUMACO,SAN ANTONIO DE LAS VARAS,
23,139,99,75,NARIÑO,TUMACO,PULGANDE-PORVENIR,
23,139,99,76,NARIÑO,TUMACO,PUNTO TIBIO,
23,139,99,77,NARIÑO,TUMACO,NUEVA REFORMA,
23,139,99,78,NARIÑO,TUMACO,CAUNAPI KM,
23,139,99,79,NARIÑO,TUMACO,ROBLES,
23,139,99,80,NARIÑO,TUMACO,BOCAS DE CAJAPI,
23,139,99,81,NARIÑO,TUMACO,DESCOLGADERO,
23,139,99,82,NARIÑO,TUMACO,SANTA MARIA,
23,139,99,83,NARIÑO,TUMACO,SALISVI,
23,139,99,84,NARIÑO,TUMACO,COLORADO,
23,139,99,85,NARIÑO,TUMACO,FIRME DE LOS COIME,
23,139,99,86,NARIÑO,TUMACO,INGUAPI DEL GUADAL,
23,139,99,87,NARIÑO,TUMACO,SAN FRANCISCO,
23,139,99,88,NARIÑO,TUMACO,SAN ISIDRO,
23,139,99,89,NARIÑO,TUMACO,SAN JACINTO,
23,139,99,90,NARIÑO,TUMACO,SAN JUAN PLAYA,
23,139,99,91,NARIÑO,TUMACO,SANTA ROSA,
23,139,99,92,NARIÑO,TUMACO,BUCHELI,
23,139,99,93,NARIÑO,TUMACO,SANTO DOMINGO,
23,139,99,94,NARIÑO,TUMACO,TRUJILLO,
23,139,99,95,NARIÑO,TUMACO,VAQUERIA,
23,139,99,96,NARIÑO,TUMACO,PIÑAL SALADO,
23,139,99,97,NARIÑO,TUMACO,BOCA GRANDE,
23,139,99,98,NARIÑO,TUMACO,TERAN,
23,139,99,99,NARIÑO,TUMACO,CHILVI,
23,139,99,A1,NARIÑO,TUMACO,ALTO LOMERIO-VUELTA DEL CARMEN,
23,139,99,A2,NARIÑO,TUMACO,ALTO BUENOS AIRES,
23,139,99,A3,NARIÑO,TUMACO,ALBANIA,
23,139,99,A4,NARIÑO,TUMACO,ALTO PAÑAMBI,
23,139,99,A5,NARIÑO,TUMACO,ALTO SANTO DOMINGO,
23,139,99,A6,NARIÑO,TUMACO,AMBUPI,
23,139,99,A7,NARIÑO,TUMACO,LA VEGA,
23,139,99,A8,NARIÑO,TUMACO,TABLON SALADO,
23,139,99,A9,NARIÑO,TUMACO,AGUACATE,
23,139,99,B1,NARIÑO,TUMACO,EL BANCO - LAS VARAS,
23,139,99,B2,NARIÑO,TUMACO,ALTO PUSBI,
23,139,99,B3,NARIÑO,TUMACO,EL PITAL RIO MIRA  ALTO MIRA Y FRONTERA,
23,139,99,B4,NARIÑO,TUMACO,EL TULMO,
23,139,99,B5,NARIÑO,TUMACO,BAJO PUSBI,
23,139,99,B6,NARIÑO,TUMACO,BAJO JAGUA,
23,139,99,B7,NARIÑO,TUMACO,VAQUERIO,
23,139,99,B8,NARIÑO,TUMACO,BRISAS DEL CARMEN,
23,139,99,B9,NARIÑO,TUMACO,BARRO COLORADO,
23,139,99,C1,NARIÑO,TUMACO,BAJO VILLARRICA,
23,139,99,C2,NARIÑO,TUMACO,EL CEDRAL,
23,139,99,C3,NARIÑO,TUMACO,PULGANDE CAMPO ALEGRE,
23,139,99,C4,NARIÑO,TUMACO,BOCA DE IMBAPI,
23,139,99,C5,NARIÑO,TUMACO,EL HOJAL,
23,139,99,C6,NARIÑO,TUMACO,BRISAS DEL ACUEDUCTO,
23,139,99,C7,NARIÑO,TUMACO,ALTO ALBI,
23,139,99,D1,NARIÑO,TUMACO,SABALETA,
23,139,99,D2,NARIÑO,TUMACO,PIEDRA SELLADA,
23,139,99,D3,NARIÑO,TUMACO,CACAGUAL,
23,139,99,D4,NARIÑO,TUMACO,LAS VARAS,
23,139,99,D5,NARIÑO,TUMACO,PEÑA LISA,
23,139,99,D6,NARIÑO,TUMACO,CANDELO,
23,139,99,D8,NARIÑO,TUMACO,ALTO PALAY,
23,139,99,D9,NARIÑO,TUMACO,VUELTA LAS MARIAS,
23,139,99,E1,NARIÑO,TUMACO,QUEJUAMBI FELICIANA,
23,139,99,E2,NARIÑO,TUMACO,VUELTA LARGA RIO ROSARIO,
23,139,99,E3,NARIÑO,TUMACO,CORRIENTE GRANDE,
23,139,99,E4,NARIÑO,TUMACO,KILOMETRO,
23,139,99,E5,NARIÑO,TUMACO,LA VARIANTE KM,
23,139,99,E7,NARIÑO,TUMACO,EL BARRANCO,
23,139,99,E8,NARIÑO,TUMACO,AZUCAR ALTO MIRA,
23,139,99,E9,NARIÑO,TUMACO,SAN VICENTE LAS VARAS,
23,139,99,F3,NARIÑO,TUMACO,EL GUABAL,
23,139,99,F6,NARIÑO,TUMACO,EL GUACHAL,
23,139,99,F7,NARIÑO,TUMACO,EL GUADUAL,
23,139,99,F9,NARIÑO,TUMACO,EL GUALTAL,
23,139,99,G9,NARIÑO,TUMACO,EL RETORNO,
23,139,99,H1,NARIÑO,TUMACO,EL SANDE,
23,139,99,H2,NARIÑO,TUMACO,EL SANDE CURAY,
23,139,99,H3,NARIÑO,TUMACO,INGUAPI LA CHIRICANA,
23,139,99,H6,NARIÑO,TUMACO,ISCUANDE,
23,139,99,H9,NARIÑO,TUMACO,ISLA GRANDE (RIO MIRA),
23,139,99,I9,NARIÑO,TUMACO,JUAN DOMINGO,
23,139,99,J3,NARIÑO,TUMACO,KILOMETRO,
23,139,99,J6,NARIÑO,TUMACO,PUEBLO NUEVO-KM,
23,139,99,J9,NARIÑO,TUMACO,KILOMETRO,
23,139,99,K1,NARIÑO,TUMACO,CHORRERA,
23,139,99,K3,NARIÑO,TUMACO,LA ADUANA,
23,139,99,K6,NARIÑO,TUMACO,LA BALSA,
23,139,99,K7,NARIÑO,TUMACO,LA CONCHA,
23,139,99,K9,NARIÑO,TUMACO,LA CHORRERA,
23,139,99,L1,NARIÑO,TUMACO,LA CHORRERA CURAY,
23,139,99,L4,NARIÑO,TUMACO,LA JUNTA EL TIGRILLO,
23,139,99,L6,NARIÑO,TUMACO,LA LOMA,
23,139,99,L7,NARIÑO,TUMACO,LA HONDA (RIO CHAGUI),
23,139,99,M1,NARIÑO,TUMACO,LA VIÑA KM,
23,139,99,M3,NARIÑO,TUMACO,LA PIÑUELA,
23,139,99,M9,NARIÑO,TUMACO,LAS CARGAS,
23,139,99,N6,NARIÑO,TUMACO,LAS VEGAS,
23,139,99,N8,NARIÑO,TUMACO,MUISS ACHOTAL,
23,139,99,N9,NARIÑO,TUMACO,MAJAGUA,
23,139,99,P1,NARIÑO,TUMACO,MASCAREY,
23,139,99,P3,NARIÑO,TUMACO,PACORA,
23,139,99,P4,NARIÑO,TUMACO,PIÑA DULCE,
23,139,99,P5,NARIÑO,TUMACO,PAMBIL KM.,
23,139,99,P8,NARIÑO,TUMACO,PEÑA DE LOS SANTOS,
23,139,99,PO,NARIÑO,TUMACO,NUEVA CREACION,
23,139,99,Q2,NARIÑO,TUMACO,PIANULPI,
23,139,99,Q3,NARIÑO,TUMACO,PINDALES,
23,139,99,Q6,NARIÑO,TUMACO,PLAYON,
23,139,99,R1,NARIÑO,TUMACO,PUERTO NIDIA,
23,139,99,R2,NARIÑO,TUMACO,PUEBLO NUEVO (VARIANTE LA Y),
23,139,99,R3,NARIÑO,TUMACO,PUEBLO NUEVO - CHIMBUZAL,
23,139,99,R4,NARIÑO,TUMACO,PUENTE AGUACLARA,
23,139,99,R9,NARIÑO,TUMACO,SAN ANTONIO DE CURAY,
23,139,99,S8,NARIÑO,TUMACO,SAN PABLO,
23,139,99,T3,NARIÑO,TUMACO,SOLEDAD CURAY,
23,139,99,T9,NARIÑO,TUMACO,TAMBILLO,
23,139,99,U3,NARIÑO,TUMACO,TANGAREAL DEL MIRA,
23,139,99,U6,NARIÑO,TUMACO,TESTERIA,
23,139,99,V3,NARIÑO,TUMACO,VIGUARAL,
23,139,99,V6,NARIÑO,TUMACO,VILLA RICA,
23,139,99,V9,NARIÑO,TUMACO,VUELTA DE CANDELILLAS,
23,139,99,W1,NARIÑO,TUMACO,LA NUPA KM,
23,139,99,W2,NARIÑO,TUMACO,SAN JOSE,
23,139,99,W3,NARIÑO,TUMACO,PUERTO PALMA,
23,139,99,W4,NARIÑO,TUMACO,VUELTAS DE CAJAPI,
23,139,99,W6,NARIÑO,TUMACO,EL PROGRESO STO DOMINGO-FRONTER,
23,139,99,W7,NARIÑO,TUMACO,PAISURERO,
23,139,99,W8,NARIÑO,TUMACO,VIGUARAL FRONTERA,
23,139,99,W9,NARIÑO,TUMACO,GUACHAL LAS BRISAS,
23,139,99,X1,NARIÑO,TUMACO,GUACHIRE,
23,139,99,X3,NARIÑO,TUMACO,VUELTA LARGA,
23,139,99,Y5,NARIÑO,TUMACO,INDA ZABALETA,
23,139,99,Y7,NARIÑO,TUMACO,CHORRERA KM,
23,139,99,Y9,NARIÑO,TUMACO,NUEVO PAPAYAL,
23,139,99,Z1,NARIÑO,TUMACO,PALOSECO LAS FLORES,
23,139,99,Z3,NARIÑO,TUMACO,LA UNION KM,
23,139,99,Z5,NARIÑO,TUMACO,SAN SEBASTAN DE BELALCAZAR,
23,142,01,01,NARIÑO,TUQUERRES,ESC DON BOSCO,COMUNA 1
23,142,01,02,NARIÑO,TUQUERRES,COL SAN LUIS GONZAGA,COMUNA 2
23,142,02,01,NARIÑO,TUQUERRES,ESC PERPETUO SOCORRO,COMUNA 3
23,142,02,02,NARIÑO,TUQUERRES,COL TERESIANO,COMUNA 3
23,142,98,01,NARIÑO,TUQUERRES,CARCEL NAL DEL CIRCUITO,
23,142,99,01,NARIÑO,TUQUERRES,ALBAN,CORREGIMIENTO ALBAN
23,142,99,05,NARIÑO,TUQUERRES,CUATRO ESQUINAS,CORREGIMIENTO CUATRO ESQUINAS
23,142,99,06,NARIÑO,TUQUERRES,LAS MINAS,CORREGIMIENTO LAS MINAS
23,142,99,07,NARIÑO,TUQUERRES,GUANAMA,CORREGIMIENTO GUANAMA
23,142,99,08,NARIÑO,TUQUERRES,LOS ARRAYANES,CORREGIMIENTO LOS ARRAYANES
23,142,99,09,NARIÑO,TUQUERRES,OLAYA,CORREGIMIENTO OLAYA
23,142,99,13,NARIÑO,TUQUERRES,PINZON,CORREGIMIENTO PINZON
23,142,99,15,NARIÑO,TUQUERRES,POLACHAYAN,CORREGIMIENTO POLACHAYAN
23,142,99,19,NARIÑO,TUQUERRES,LA LAGUNA,CORREGIMIENTO LA LAGUNA
23,142,99,20,NARIÑO,TUQUERRES,RANCHO GRANDE,CORREGIMIENTO RANCHO GRANDE
23,142,99,21,NARIÑO,TUQUERRES,SANTANDER,CORREGIMIENTO SANTANDER
23,142,99,23,NARIÑO,TUQUERRES,SAN CARLOS-QUEBRADA OSCURA,CORREGIMIENTO SAN CARLOS QUEBR
23,142,99,24,NARIÑO,TUQUERRES,SAN ROQUE,CORREGIMIENTO SAN ROQUE
23,142,99,25,NARIÑO,TUQUERRES,TUTACHAG,CORREGIMIENTO TUTACHAG
23,142,99,29,NARIÑO,TUQUERRES,YASCUAL,CORREGIMIENTO YASCUAL
23,145,00,00,NARIÑO,YACUANQUER,PUESTO CABECERA MUNICIPAL,
23,145,99,17,NARIÑO,YACUANQUER,CHAPACUAL,
23,145,99,28,NARIÑO,YACUANQUER,INANTAS,
23,145,99,33,NARIÑO,YACUANQUER,TAINDALA,
23,145,99,35,NARIÑO,YACUANQUER,TASNAQUE,
23,145,99,90,NARIÑO,YACUANQUER,ZARAGOZA,
24,001,01,01,RISARALDA,PEREIRA,IE VILLASANTANA,COMUNA 1 VILLA SANTANA
24,001,01,02,RISARALDA,PEREIRA,IE COMPARTIR LAS BRISAS,COMUNA 1 VILLA SANTANA
24,001,01,03,RISARALDA,PEREIRA,IE JAIME SALAZAR ROBLEDO,COMUNA 1 VILLA SANTANA
24,001,01,04,RISARALDA,PEREIRA,IE MANOS UNIDAS SEDE GUAYABAL,COMUNA 1 VILLA SANTANA
24,001,02,01,RISARALDA,PEREIRA,IE JORGE ELIECER GAITAN,COMUNA 2 ORIENTE
24,001,02,02,RISARALDA,PEREIRA,IE KENNEDY,COMUNA 2 ORIENTE
24,001,02,03,RISARALDA,PEREIRA,ESC GRAL MOSQUERA SEDE,COMUNA 2 ORIENTE
24,001,02,04,RISARALDA,PEREIRA,IE MARCO FIDEL SUAREZ,COMUNA 3 VILLAVICENCIO
24,001,02,05,RISARALDA,PEREIRA,IE CENTENARIO,COMUNA 3 VILLAVICENCIO
24,001,02,06,RISARALDA,PEREIRA,IE LESTONNAC SD PEREIRA,COMUNA 2 ORIENTE
24,001,03,01,RISARALDA,PEREIRA,IE CARLOTA SANCHEZ,COMUNA 4 RIO OTUN
24,001,03,02,RISARALDA,PEREIRA,IE ALFREDO GARCIA,COMUNA 4 RIO OTUN
24,001,03,03,RISARALDA,PEREIRA,COLEGIO SAN JOSE,COMUNA 4 RIO OTUN
24,001,03,04,RISARALDA,PEREIRA,IE JORGE ELIECER GAITAN SD AMERICA MIXTA,COMUNA 4 RIO OTUN
24,001,03,05,RISARALDA,PEREIRA,COLISEO MENOR DE PEREIRA,COMUNA 4 RIO OTUN
24,001,03,06,RISARALDA,PEREIRA,IE AUGUSTO ZULUAGA PATIÑO,COMUNA 4 RIO OTUN
24,001,03,07,RISARALDA,PEREIRA,IE LA PALABRA,COMUNA 4 RIO OTUN
24,001,04,01,RISARALDA,PEREIRA,COLEGIO GIMNASIO PEREIRA,COMUNA 5 UNIVERSIDAD
24,001,04,02,RISARALDA,PEREIRA,IE LA JULITA,COMUNA 5 UNIVERSIDAD
24,001,04,03,RISARALDA,PEREIRA,UNIVERSIDAD TECNOLOGICA DE PEREIRA,COMUNA 5 UNIVERSIDAD
24,001,05,01,RISARALDA,PEREIRA,IE BOYACA,COMUNA  6 CENTRO
24,001,05,02,RISARALDA,PEREIRA,CENTRO CULTURAL LUCY TEJADA,COMUNA  6 CENTRO
24,001,06,01,RISARALDA,PEREIRA,IE LA INMACULADA,COMUNA  6 CENTRO
24,001,06,02,RISARALDA,PEREIRA,SENA,COMUNA  6 CENTRO
24,001,06,03,RISARALDA,PEREIRA,GOBERNACION DE RISARALDA,COMUNA  6 CENTRO
24,001,06,05,RISARALDA,PEREIRA,IE MARIA DOLOROSA,COMUNA  6 CENTRO
24,001,06,06,RISARALDA,PEREIRA,IE RAFAEL URIBE URIBE,COMUNA  6 CENTRO
24,001,07,01,RISARALDA,PEREIRA,IE SAN NICOLAS,COMUNA 7 SAN NICOLAS
24,001,07,02,RISARALDA,PEREIRA,IE NORMAL SUPERIOR,COMUNA 8 EL JARDIN
24,001,07,03,RISARALDA,PEREIRA,IE SUR ORIENTAL,COMUNA 9 BOSTON
24,001,07,04,RISARALDA,PEREIRA,IE LA JULITA SEDE PROVIDENCIA,COMUNA 9 BOSTON
24,001,07,05,RISARALDA,PEREIRA,IE REMIGIO ANTONIO CAÑARTE SEDE EL ROCIO,COMUNA 10 EL ROCIO
24,001,07,06,RISARALDA,PEREIRA,IE DEOGRACIAS CARDONA SD CAMILO TORRES,COMUNA 9 BOSTON
24,001,07,07,RISARALDA,PEREIRA,IE DEOGRACIAS CARDONA,COMUNA 9 BOSTON
24,001,08,01,RISARALDA,PEREIRA,IE CIUDAD BOQUIA,COMUNA 11 DEL CAFE
24,001,08,02,RISARALDA,PEREIRA,IE AQUILINO BEDOYA,COMUNA 12 FERROCARRIL
24,001,08,03,RISARALDA,PEREIRA,IE HUGO ANGEL JARAMILLO,COMUNA 11 DEL CAFE
24,001,08,04,RISARALDA,PEREIRA,IE CIUDAD BOQUIA SD,COMUNA 11 DEL CAFE
24,001,08,05,RISARALDA,PEREIRA,IE MATECAÑA SD LA LIBERTAD,COMUNA 12 FERROCARRIL
24,001,09,01,RISARALDA,PEREIRA,IE REMIGIO ANTONIO CAÑARTE SD EL POBLADO,COMUNA 13 EL POBLADO
24,001,09,02,RISARALDA,PEREIRA,IE DIEGO MAYA SALAZAR,COMUNA 13 EL POBLADO
24,001,09,03,RISARALDA,PEREIRA,IE CIUDADELA CUBA SEDE NARANJITO,COMUNA 14 CONSOTA
24,001,09,04,RISARALDA,PEREIRA,CASETA COMUNAL,COMUNA 14 CONSOTA
24,001,09,05,RISARALDA,PEREIRA,IE EL DORADO,COMUNA 14 CONSOTA
24,001,09,06,RISARALDA,PEREIRA,CASETA COMUNAL BARRIO PANORAMA II,COMUNA 14 CONSOTA
24,001,10,01,RISARALDA,PEREIRA,IE CIUDADELA CUBA,COMUNA 15 EL OSO
24,001,10,02,RISARALDA,PEREIRA,IE BYRON GAVIRIA,COMUNA 16 PERLA DEL OTUN
24,001,10,03,RISARALDA,PEREIRA,IE SAN JOAQUIN,COMUNA 17 SAN JOAQUIN
24,001,10,04,RISARALDA,PEREIRA,IE SOFIA HERNANDEZ MARIN,COMUNA 17 SAN JOAQUIN
24,001,10,05,RISARALDA,PEREIRA,IE RODRIGO ARENAS BETANCUR,COMUNA 15 EL OSO
24,001,10,06,RISARALDA,PEREIRA,IE HANS DREWS ARANGO,COMUNA 17 SAN JOAQUIN
24,001,10,07,RISARALDA,PEREIRA,IE CARLOS EDUARDO VASCO,COMUNA 17 SAN JOAQUIN
24,001,11,01,RISARALDA,PEREIRA,UNI LIBRE DE PEREIRA BELMONTE,COMUNA  18 OLIMPICA
24,001,11,02,RISARALDA,PEREIRA,IE LUIS CARLOS GONZALEZ,COMUNA  18 OLIMPICA
24,001,11,03,RISARALDA,PEREIRA,IE ALFONSO JARAMILLO GUTIERREZ,COMUNA  18 OLIMPICA
24,001,11,04,RISARALDA,PEREIRA,IE ESCOLAR SAN FERNANDO,COMUNA 19 CUBA
24,001,11,05,RISARALDA,PEREIRA,IE JUAN XXIII,COMUNA 19 CUBA
24,001,11,06,RISARALDA,PEREIRA,IE JESUS MARIA ORMAZA,COMUNA 19 CUBA
24,001,11,07,RISARALDA,PEREIRA,ESTADIO HERNAN RAMIREZ VILLEGAS,COMUNA  18 OLIMPICA
24,001,90,01,RISARALDA,PEREIRA,IE INEM FELIPE PEREZ,
24,001,98,01,RISARALDA,PEREIRA,CARCEL,
24,001,99,05,RISARALDA,PEREIRA,ALTAGRACIA,CORREGIMIENTO ALTAGRACIA
24,001,99,06,RISARALDA,PEREIRA,CASETA COMUNAL ALTAGRACIA,CORREGIMIENTO ALTAGRACIA
24,001,99,08,RISARALDA,PEREIRA,LA FLORIDA,CORREGIMIENTO LA FLORIDA
24,001,99,09,RISARALDA,PEREIRA,C.E. EL PORVENIR,CORREGIMIENTO LA FLORIDA
24,001,99,10,RISARALDA,PEREIRA,EL CHOCHO,CORREGIMIENTO LA BELLA
24,001,99,13,RISARALDA,PEREIRA,LA BELLA,CORREGIMIENTO LA BELLA
24,001,99,21,RISARALDA,PEREIRA,MUNDO NUEVO,CORREGIMIENTO LA BELLA
24,001,99,22,RISARALDA,PEREIRA,LA GRAMINEA,
24,001,99,23,RISARALDA,PEREIRA,EL MANZANO,
24,001,99,30,RISARALDA,PEREIRA,TRIBUNAS CORCEGA,
24,001,99,34,RISARALDA,PEREIRA,ARABIA,CORREGIMIENTO ARABIA
24,001,99,39,RISARALDA,PEREIRA,BETULIA,CORREGIMIENTO ARABIA
24,001,99,40,RISARALDA,PEREIRA,YARUMAL,CORREGIMIENTO ARABIA
24,001,99,41,RISARALDA,PEREIRA,PUERTO CALDAS,
24,001,99,48,RISARALDA,PEREIRA,CAIMALITO,CORREGIMIENTO CAIMALITO
24,001,99,49,RISARALDA,PEREIRA,IE LA CARBONERA,CORREGIMIENTO CAIMALITO
24,001,99,61,RISARALDA,PEREIRA,COMBIA BAJA,CORREGIMIENTO COMBIA BAJA
24,001,99,62,RISARALDA,PEREIRA,IE COMBIA,CORREGIMIENTO COMBIA BAJA
24,001,99,65,RISARALDA,PEREIRA,LA HONDA,CORREGIMIENTO COMBIA BAJA
24,001,99,70,RISARALDA,PEREIRA,LA CONVENCION,CORREGIMIENTO COMBIA ALTA
24,001,99,74,RISARALDA,PEREIRA,COMBIA ALTA,CORREGIMIENTO COMBIA ALTA
24,001,99,80,RISARALDA,PEREIRA,IE COMUNITARIO CERRITOS SEDE PRIMARIA,CORREGIMIENTO CERRITOS
24,001,99,81,RISARALDA,PEREIRA,UNIMINUTO,CORREGIMIENTO CERRITOS
24,001,99,90,RISARALDA,PEREIRA,MORELIA,CORREGIMIENTO MORELIA
24,001,99,91,RISARALDA,PEREIRA,IE SALAMANCA,CORREGIMIENTO MORELIA
24,001,99,96,RISARALDA,PEREIRA,LA ESTRELLA LA PALMILLA,
24,008,00,01,RISARALDA,APIA,CASA DE LA CULTURA E. DE JESUS CORRALES,
24,008,00,02,RISARALDA,APIA,COLISEO MUNICIPAL DIEGO PATIÑO AMARILES,
24,008,00,03,RISARALDA,APIA,I E SAGRADA FAMILIA SEDE ANTONIA SANTOS,
24,008,99,20,RISARALDA,APIA,GUARNE,
24,008,99,30,RISARALDA,APIA,ALTA CAMPANA,
24,008,99,31,RISARALDA,APIA,CASETA  COMUNAL JORDANIA,
24,008,99,56,RISARALDA,APIA,SAN AGUSTIN,
24,008,99,80,RISARALDA,APIA,SAN CARLOS,
24,013,00,00,RISARALDA,BALBOA,PUESTO CABECERA MUNICIPAL,
24,013,99,15,RISARALDA,BALBOA,CUBA,
24,013,99,45,RISARALDA,BALBOA,LA AURORA,
24,013,99,55,RISARALDA,BALBOA,CRUCES,
24,013,99,65,RISARALDA,BALBOA,TRES ESQUINAS,
24,013,99,81,RISARALDA,BALBOA,TAMBORES,
24,021,00,01,RISARALDA,BELEN DE UMBRIA,COL NUESTRA SEÑORA DEL ROSARIO,
24,021,00,02,RISARALDA,BELEN DE UMBRIA,ESC GENERAL SANTANDER,
24,021,99,10,RISARALDA,BELEN DE UMBRIA,ANDICA,
24,021,99,18,RISARALDA,BELEN DE UMBRIA,BALDELOMAR,CORREGIMIENTO TAPARCAL
24,021,99,34,RISARALDA,BELEN DE UMBRIA,COLUMBIA O LA FLORIDA,CORREGIMIENTO COLUMBIA
24,021,99,51,RISARALDA,BELEN DE UMBRIA,MATA DE GUADUA,
24,021,99,55,RISARALDA,BELEN DE UMBRIA,PROVIDENCIA,
24,021,99,68,RISARALDA,BELEN DE UMBRIA,PUENTE UMBRIA,
24,021,99,85,RISARALDA,BELEN DE UMBRIA,TAPARCAL,CORREGIMIENTO TAPARCAL
24,025,01,01,RISARALDA,DOSQUEBRADAS,CENTRO DOCENTE OTUN,COMUNA 1
24,025,01,02,RISARALDA,DOSQUEBRADAS,CENTRO CULTURAL OTUN,COMUNA 1
24,025,01,03,RISARALDA,DOSQUEBRADAS,COLEGIO POPULAR DIOCESANO,COMUNA 1
24,025,01,04,RISARALDA,DOSQUEBRADAS,COLEGIO EMPRESARIAL,COMUNA 1
24,025,02,01,RISARALDA,DOSQUEBRADAS,I.E.  SANTA SOFIA,COMUNA  2
24,025,02,02,RISARALDA,DOSQUEBRADAS,IE LA AURORA,COMUNA  2
24,025,02,03,RISARALDA,DOSQUEBRADAS,COLEGIO VILLA FANNY,COMUNA  2
24,025,02,04,RISARALDA,DOSQUEBRADAS,IE AGUSTIN NIETO CABALLERO,COMUNA  2
24,025,02,05,RISARALDA,DOSQUEBRADAS,CENTRO EDUCATIVO SANTIAGO LONDOÑO,COMUNA  2
24,025,03,01,RISARALDA,DOSQUEBRADAS,MEGACOLEGIO BERNARDO LOPEZ PEREZ,COMUNA 3
24,025,03,02,RISARALDA,DOSQUEBRADAS,ESCUELA POLICARPA SALAVARRIETA,COMUNA 3
24,025,03,03,RISARALDA,DOSQUEBRADAS,COLEGIO NUEVA REPUBLICA,COMUNA 3
24,025,03,04,RISARALDA,DOSQUEBRADAS,IE EDUARDO CARRANZA,COMUNA 3
24,025,04,01,RISARALDA,DOSQUEBRADAS,IE SANTA ISABEL,COMUNA  4
24,025,05,01,RISARALDA,DOSQUEBRADAS,COLEGIO BASICO SANTA JUANA,COMUNA 5
24,025,05,02,RISARALDA,DOSQUEBRADAS,COL FABIO VASQUEZ CAMPESTRE,COMUNA 5
24,025,05,03,RISARALDA,DOSQUEBRADAS,CENTRO EDUCATIVO LAS VIOLETAS,COMUNA 5
24,025,06,01,RISARALDA,DOSQUEBRADAS,IE MARIA AUXILIADORA,COMUNA 6
24,025,07,01,RISARALDA,DOSQUEBRADAS,COLEGIO PABLO VI,COMUNA 7
24,025,07,02,RISARALDA,DOSQUEBRADAS,IE ELADIA MEJIA GONZALEZ,COMUNA 7
24,025,08,01,RISARALDA,DOSQUEBRADAS,ESCUELA SAN DIEGO,COMUNA  8
24,025,08,02,RISARALDA,DOSQUEBRADAS,COLEGIO NUEVA GRANADA,COMUNA  8
24,025,08,03,RISARALDA,DOSQUEBRADAS,CASA DE LA CULTURA,COMUNA  8
24,025,09,01,RISARALDA,DOSQUEBRADAS,COLEGIO MANUEL ELKIN PATARROYO,COMUNA 9
24,025,09,02,RISARALDA,DOSQUEBRADAS,CTRO DOCENTE CAMILO TORRES,COMUNA 9
24,025,09,03,RISARALDA,DOSQUEBRADAS,IE GUILLERMO LEON VALENCIA,COMUNA 9
24,025,10,01,RISARALDA,DOSQUEBRADAS,COLISEO ESTADIO DOSQUEBRADAS,COMUNA 10
24,025,10,02,RISARALDA,DOSQUEBRADAS,I.E. LOS ANDES,COMUNA 10
24,025,10,03,RISARALDA,DOSQUEBRADAS,IE RENACIMIENTO,COMUNA 10
24,025,10,04,RISARALDA,DOSQUEBRADAS,IE BOSQUES DE LA ACUARELA,COMUNA 10
24,025,10,05,RISARALDA,DOSQUEBRADAS,COLEGIO RODOLFO LLINAS,COMUNA 10
24,025,11,01,RISARALDA,DOSQUEBRADAS,COLEGIO JUAN MANUEL GONZALEZ,COMUNA 11
24,025,11,02,RISARALDA,DOSQUEBRADAS,COLEGIO HOGAR NAZARETH,COMUNA 11
24,025,11,03,RISARALDA,DOSQUEBRADAS,COLEGIO CRISTO REY,COMUNA 11
24,025,12,01,RISARALDA,DOSQUEBRADAS,COLEGIO NUESTRA SRA DE GUADALUPE,COMUNA 12
24,025,12,02,RISARALDA,DOSQUEBRADAS,COLEGIO SALESIANO,COMUNA 12
24,025,12,03,RISARALDA,DOSQUEBRADAS,COLEGIO NUESTRA SRA DE GUADALUPE SD,COMUNA 12
24,025,90,01,RISARALDA,DOSQUEBRADAS,SERVICIO NACIONAL DE APRENDIZAJE SENA,
24,025,98,01,RISARALDA,DOSQUEBRADAS,CARCEL,
24,025,99,10,RISARALDA,DOSQUEBRADAS,SERRANIA ALTO NUDO LA UNION,
24,025,99,11,RISARALDA,DOSQUEBRADAS,SERRANIA ALTO DEL NUDO (AGUA AZUL),
24,025,99,12,RISARALDA,DOSQUEBRADAS,SERRANIA ALTO DEL NUDO (EL ESTANQUILLO),
24,025,99,40,RISARALDA,DOSQUEBRADAS,LAS MARCADAS ALTO DEL TORO,CORREGIMIENTO LAS MARCADAS
24,025,99,41,RISARALDA,DOSQUEBRADAS,LAS MARCADAS FRAILES,CORREGIMIENTO LAS MARCADAS
24,029,00,00,RISARALDA,GUATICA,PUESTO CABECERA MUNICIPAL,
24,029,99,35,RISARALDA,GUATICA,I E SAN CLEMENTE,
24,029,99,70,RISARALDA,GUATICA,ESC BASICA SANTA ANA,
24,029,99,75,RISARALDA,GUATICA,ESC BASICA TRAVESIAS,
24,038,00,00,RISARALDA,LA CELIA,PUESTO CABECERA MUNICIPAL,
24,038,99,50,RISARALDA,LA CELIA,IE PATIO BONITO,CORREGIMIENTO PATIO BONITO
24,046,01,01,RISARALDA,LA VIRGINIA,INST. EDUCATIVA ALFONSO LOPEZ PUMAREJO,
24,046,01,02,RISARALDA,LA VIRGINIA,ESC GENERAL SANTANDER,
24,046,02,01,RISARALDA,LA VIRGINIA,ESC ANTONIO RICAURTE,
24,046,02,02,RISARALDA,LA VIRGINIA,COLEGIO LICEO GABRIELA MISTRAL,
24,046,02,03,RISARALDA,LA VIRGINIA,INSTITUCION EDUCATIVA PEDRO PABLO BELLO,
24,046,02,04,RISARALDA,LA VIRGINIA,COL. NUESTRA SEÑORA DE LA PRESENTACION,
24,046,90,01,RISARALDA,LA VIRGINIA,PUESTO CENSO,
24,046,99,25,RISARALDA,LA VIRGINIA,EL AGUACATE,
24,046,99,50,RISARALDA,LA VIRGINIA,LA PALMA,
24,054,00,00,RISARALDA,MARSELLA,PUESTO CABECERA MUNICIPAL,
24,054,99,14,RISARALDA,MARSELLA,ALTO CAUCA,
24,054,99,23,RISARALDA,MARSELLA,EL RAYO,
24,054,99,28,RISARALDA,MARSELLA,ESTACION PEREIRA,
24,054,99,35,RISARALDA,MARSELLA,GUAYABO,
24,054,99,60,RISARALDA,MARSELLA,LA ARGENTINA,
24,054,99,65,RISARALDA,MARSELLA,LA NUBIA,
24,054,99,70,RISARALDA,MARSELLA,LAS TAZAS LA ORIENTAL,
24,054,99,75,RISARALDA,MARSELLA,MIRACAMPO,
24,054,99,76,RISARALDA,MARSELLA,ALTO CAUCA RESGUARDO INDIGENA SURATENA,
24,062,00,01,RISARALDA,MISTRATO,INSTITUTO MISTRATO SECUNDARIA,
24,062,00,02,RISARALDA,MISTRATO,INSTITUTO MISTRATO PRIMARIA,
24,062,99,35,RISARALDA,MISTRATO,ESCUELA LA JEGUADA,
24,062,99,50,RISARALDA,MISTRATO,ARKAKAY,
24,062,99,75,RISARALDA,MISTRATO,SAN ANTONIO DEL CHAMI,
24,070,00,00,RISARALDA,PUEBLO RICO,PUESTO CABECERA MUNICIPAL,
24,070,99,20,RISARALDA,PUEBLO RICO,GUAYABAL,
24,070,99,35,RISARALDA,PUEBLO RICO,LA PRADERA ITAURY,
24,070,99,50,RISARALDA,PUEBLO RICO,SANTA CECILIA,
24,070,99,55,RISARALDA,PUEBLO RICO,RESGUARDO UNIFICADO CHAMI,
24,070,99,60,RISARALDA,PUEBLO RICO,RESGUARDO GITO - DOKABU,
24,070,99,75,RISARALDA,PUEBLO RICO,VILLA CLARET,
24,078,00,01,RISARALDA,QUINCHIA,COLISEO CUBIERTO JUAN GUILLERMO ANGEL,
24,078,00,02,RISARALDA,QUINCHIA,IE NTRA SRA DE LOS DOLORES DE LA SALLE,
24,078,99,14,RISARALDA,QUINCHIA,BATERO,
24,078,99,28,RISARALDA,QUINCHIA,IRRA,
24,078,99,70,RISARALDA,QUINCHIA,I.TECNICO AGROPECUARIO NARANJAL,
24,078,99,84,RISARALDA,QUINCHIA,SANTA ELENA,
24,086,01,01,RISARALDA,SANTA ROSA DE CABAL,CENTRO DOCENTE LA HERMOSA,COMUNA  1
24,086,01,02,RISARALDA,SANTA ROSA DE CABAL,ESC SAN BERNARDINO LA EUGENIA,COMUNA  1
24,086,01,03,RISARALDA,SANTA ROSA DE CABAL,INST TECNG SANTA ROSA DE CABAL,COMUNA 2
24,086,01,04,RISARALDA,SANTA ROSA DE CABAL,COL NAL FCO JOSE CALDAS SD SIMON BOLIVAR,COMUNA 2
24,086,01,05,RISARALDA,SANTA ROSA DE CABAL,IE LABOURE,COMUNA 3
24,086,01,06,RISARALDA,SANTA ROSA DE CABAL,COLEGIO DE JESUS INSTITUTO TECNOLOGICO,COMUNA 3
24,086,01,07,RISARALDA,SANTA ROSA DE CABAL,ESCUELA  ANA JOAQUINA HURTADO,COMUNA 2
24,086,02,01,RISARALDA,SANTA ROSA DE CABAL,COLEGIO MARIANO OSPINA PEREZ,COMUNA 4
24,086,02,02,RISARALDA,SANTA ROSA DE CABAL,COLISEO MUNICIPAL JHON BAYRON GAVIRIA,COMUNA 4
24,086,02,03,RISARALDA,SANTA ROSA DE CABAL,I E LORENCITA VILLEGAS DE SANTOS,COMUNA 4
24,086,02,04,RISARALDA,SANTA ROSA DE CABAL,CENTRO DE INTEGRACION CIUDADANA,COMUNA  5
24,086,02,05,RISARALDA,SANTA ROSA DE CABAL,COL SAN LUIS GONZAGA,COMUNA  5
24,086,02,06,RISARALDA,SANTA ROSA DE CABAL,ESCUELA RISARALDA,COMUNA  5
24,086,90,01,RISARALDA,SANTA ROSA DE CABAL,COL NAL FCO JOSE DE CALDAS,
24,086,98,01,RISARALDA,SANTA ROSA DE CABAL,CARCEL,
24,086,99,15,RISARALDA,SANTA ROSA DE CABAL,EL ESPAÑOL,CORREGIMIENTO EL ESPAÑOL
24,086,99,24,RISARALDA,SANTA ROSA DE CABAL,SANTA BARBARA,CORREGIMIENTO SANTA BARBARA
24,086,99,25,RISARALDA,SANTA ROSA DE CABAL,INSTITUTO AGRICOLA PEDRO URIBE MEJIA,CORREGIMIENTO SANTA BARBARA
24,086,99,26,RISARALDA,SANTA ROSA DE CABAL,IE EL LEMBO,CORREGIMIENTO SANTA BARBARA
24,086,99,32,RISARALDA,SANTA ROSA DE CABAL,EL MANZANILLO,CORREGIMIENTO EL MANZANILLO
24,086,99,40,RISARALDA,SANTA ROSA DE CABAL,DEL SUR LAS MANGAS CEDRALITO,
24,086,99,82,RISARALDA,SANTA ROSA DE CABAL,LA CAPILLA SAN JUAN,
24,086,99,83,RISARALDA,SANTA ROSA DE CABAL,CEDRALITO BAJO,
24,094,00,00,RISARALDA,SANTUARIO,PUESTO CABECERA MUNICIPAL,
24,094,99,15,RISARALDA,SANTUARIO,BARCINAL LA ESMERALDA,
24,094,99,25,RISARALDA,SANTUARIO,BRETAÑA,
24,094,99,30,RISARALDA,SANTUARIO,LA MARIA PLAYA RICA,
24,094,99,50,RISARALDA,SANTUARIO,PERALONSO,
24,094,99,75,RISARALDA,SANTUARIO,TOTUI,
25,001,01,01,NORTE DE SAN,CUCUTA,COL SAN JOSE SEDE MERCEDES ABREGO,COMUNA 1 CENTRO
25,001,01,02,NORTE DE SAN,CUCUTA,COL SAGRADO SEDE ANTONIA SANTO,COMUNA 1 CENTRO
25,001,01,03,NORTE DE SAN,CUCUTA,COL SAGRADO CORAZON DE JESUS,COMUNA 1 CENTRO
25,001,01,04,NORTE DE SAN,CUCUTA,COLEGIO ANTONIO NARIÑO,COMUNA 1 CENTRO
25,001,01,05,NORTE DE SAN,CUCUTA,IE COL SAN JOSE DE CUCUTA,COMUNA 1 CENTRO
25,001,02,01,NORTE DE SAN,CUCUTA,SALESIANO,COMUNA 2 CENTRO ORIENTAL
25,001,02,02,NORTE DE SAN,CUCUTA,MERCEDES ABREGO SEDE JARDIN NACIONAL,COMUNA 2 CENTRO ORIENTAL
25,001,02,03,NORTE DE SAN,CUCUTA,UNIVERSIDAD FRANCISCO DE PAULA SANTANDER,COMUNA 2 CENTRO ORIENTAL
25,001,02,04,NORTE DE SAN,CUCUTA,COLEGIO LA SALLE,COMUNA 2 CENTRO ORIENTAL
25,001,02,05,NORTE DE SAN,CUCUTA,GIMNASIO DOMINGO SAVIO,COMUNA 2 CENTRO ORIENTAL
25,001,03,01,NORTE DE SAN,CUCUTA,COL PABLO CORREA SEDE CLUB DE,COMUNA 3 SUR ORIENTAL
25,001,03,02,NORTE DE SAN,CUCUTA,COL.FRANCISCO JOSE CALDAS,COMUNA 3 SUR ORIENTAL
25,001,03,03,NORTE DE SAN,CUCUTA,CLUB DE LEONES SEDE I.E.BOCONO,COMUNA 3 SUR ORIENTAL
25,001,03,04,NORTE DE SAN,CUCUTA,IE MISAEL PASTRANA BORRERO,COMUNA 3 SUR ORIENTAL
25,001,03,05,NORTE DE SAN,CUCUTA,FCO JOSE DE CALDAS SEDE SAN PEDRO CLAVER,COMUNA 3 SUR ORIENTAL
25,001,03,06,NORTE DE SAN,CUCUTA,IE PABLO CORREA LEON,COMUNA 3 SUR ORIENTAL
25,001,04,01,NORTE DE SAN,CUCUTA,ESC.MARCO FIDEL SUAREZ,COMUNA 4 ORIENTAL
25,001,04,02,NORTE DE SAN,CUCUTA,IE PABLO CORREA SD MARIA AUXILIADORA,COMUNA 4 ORIENTAL
25,001,04,03,NORTE DE SAN,CUCUTA,COLEGIO SIMON BOLIVAR,COMUNA 4 ORIENTAL
25,001,04,04,NORTE DE SAN,CUCUTA,COLEGIO PADRE LUIS VARIARA,COMUNA 4 ORIENTAL
25,001,04,05,NORTE DE SAN,CUCUTA,COL BAS CLUB DE LEONES No,COMUNA 4 ORIENTAL
25,001,04,06,NORTE DE SAN,CUCUTA,I.E.MON.JAIME PRIETO AMAYA,COMUNA 4 ORIENTAL
25,001,04,07,NORTE DE SAN,CUCUTA,COL.CARLOS PEREZ ESCALANTE,COMUNA 4 ORIENTAL
25,001,04,08,NORTE DE SAN,CUCUTA,CENTRO INT. CIUDADANA PRADOS DEL ESTE,COMUNA 4 ORIENTAL
25,001,04,09,NORTE DE SAN,CUCUTA,IE SAN JUAN BOSCO - CLUB DE LEONES,COMUNA 4 ORIENTAL
25,001,05,01,NORTE DE SAN,CUCUTA,COL. GREMIOS UNIDOS SD SIMON BOLIVAR,COMUNA 5 NORORIENTAL
25,001,05,02,NORTE DE SAN,CUCUTA,GUAIMARAL S.HERMOGENES MAZA,COMUNA 5 NORORIENTAL
25,001,05,03,NORTE DE SAN,CUCUTA,INEM,COMUNA 5 NORORIENTAL
25,001,05,04,NORTE DE SAN,CUCUTA,COL ANDRES BELLO,COMUNA 5 NORORIENTAL
25,001,05,05,NORTE DE SAN,CUCUTA,COL ORIENTAL No.,COMUNA 5 NORORIENTAL
25,001,05,06,NORTE DE SAN,CUCUTA,INEM sede MIGUEL MULLER,COMUNA 5 NORORIENTAL
25,001,05,07,NORTE DE SAN,CUCUTA,COL.BASICO GUAIMARAL NRO,COMUNA 5 NORORIENTAL
25,001,05,08,NORTE DE SAN,CUCUTA,CENTRO INTEGRACION CIUDADANA EL BOSQUE,COMUNA 5 NORORIENTAL
25,001,05,09,NORTE DE SAN,CUCUTA,INSTITUTO TECNICO MERCEDES ABREGO,COMUNA 5 NORORIENTAL
25,001,05,10,NORTE DE SAN,CUCUTA,COL. MPAL MARIA CONCEPCION LOPERENA,COMUNA 5 NORORIENTAL
25,001,06,01,NORTE DE SAN,CUCUTA,COL ANDRES BELLO SEDE LAURA VI,COMUNA 6 NORTE
25,001,06,02,NORTE DE SAN,CUCUTA,COL MUNICIPAL AEROPUERTO,COMUNA 6 NORTE
25,001,06,03,NORTE DE SAN,CUCUTA,COL EUSTORGIO COLMENARES BAUTI,COMUNA 6 NORTE
25,001,06,04,NORTE DE SAN,CUCUTA,ESCUELA EL CERRITO,COMUNA 6 NORTE
25,001,06,05,NORTE DE SAN,CUCUTA,INST EDUCATIVA SAN JOSE,COMUNA 6 NORTE
25,001,06,06,NORTE DE SAN,CUCUTA,COL TOLEDO PLATA,COMUNA 6 NORTE
25,001,06,07,NORTE DE SAN,CUCUTA,COL MPALSEDE MARIA OFELIA VILLAMIZAR,COMUNA 6 NORTE
25,001,06,08,NORTE DE SAN,CUCUTA,CENTRO INTEGRACION CIUDADANA METROPOLI,COMUNA 6 NORTE
25,001,06,09,NORTE DE SAN,CUCUTA,IE ANCIZAR OCAMPO - COL. ANDRES BELLO,COMUNA 6 NORTE
25,001,06,10,NORTE DE SAN,CUCUTA,IE VIRGILIO BARCO-COL MPAL AEROPUERTO,COMUNA 6 NORTE
25,001,07,01,NORTE DE SAN,CUCUTA,ESC. URBANA JOSE CELESTINO MUTIS No,COMUNA 7 NOR OCCIDENTAL
25,001,07,02,NORTE DE SAN,CUCUTA,COL SAN BARTOLOME,COMUNA 7 NOR OCCIDENTAL
25,001,07,03,NORTE DE SAN,CUCUTA,COL INTEGRADO JUAN ATALAYA,COMUNA 7 NOR OCCIDENTAL
25,001,07,04,NORTE DE SAN,CUCUTA,COL MARIANO OSPINA RODRIGUEZ,COMUNA 7 NOR OCCIDENTAL
25,001,07,05,NORTE DE SAN,CUCUTA,COL BUENOS AIRES,COMUNA 7 NOR OCCIDENTAL
25,001,07,06,NORTE DE SAN,CUCUTA,COL BASICO CAMILO DAZA,COMUNA 7 NOR OCCIDENTAL
25,001,07,07,NORTE DE SAN,CUCUTA,COL.CONCEJO DE CUCUTA,COMUNA 7 NOR OCCIDENTAL
25,001,07,08,NORTE DE SAN,CUCUTA,ESC. COMUNEROS #,COMUNA 7 NOR OCCIDENTAL
25,001,07,09,NORTE DE SAN,CUCUTA,COL. SANTOS APOSTOLES SD EL ROSAL,COMUNA 7 NOR OCCIDENTAL
25,001,07,10,NORTE DE SAN,CUCUTA,IE MARIANO OSPINA R. SD MONS. LUIS PEREZ,COMUNA 7 NOR OCCIDENTAL
25,001,08,01,NORTE DE SAN,CUCUTA,ESC.No,COMUNA 8 OCCIDENTAL
25,001,08,02,NORTE DE SAN,CUCUTA,I.E. PADRE MANUEL BRICEÑO JAUREGUI,COMUNA 8 OCCIDENTAL
25,001,08,03,NORTE DE SAN,CUCUTA,COL RAFAEL URIBE URIBE,COMUNA 8 OCCIDENTAL
25,001,08,04,NORTE DE SAN,CUCUTA,INST TECN CARLOS RAMIREZ PARIS,COMUNA 8 OCCIDENTAL
25,001,08,05,NORTE DE SAN,CUCUTA,COL HERMANO RODULFO ELOY,COMUNA 8 OCCIDENTAL
25,001,08,06,NORTE DE SAN,CUCUTA,CARLOS RAMIREZ sede NTRA SRA DE MONGUI,COMUNA 8 OCCIDENTAL
25,001,08,07,NORTE DE SAN,CUCUTA,I.E.EL RODEO,COMUNA 8 OCCIDENTAL
25,001,08,08,NORTE DE SAN,CUCUTA,I.E. PEDRO CUADRO HERRERA,COMUNA 8 OCCIDENTAL
25,001,08,09,NORTE DE SAN,CUCUTA,IE RAFAEL URIBE URIBE SD CARLOS RAMIREZ,COMUNA 8 OCCIDENTAL
25,001,09,01,NORTE DE SAN,CUCUTA,COL NTRA SRA DE BELEN,COMUNA 9 SUR OCCIDENTAL
25,001,09,02,NORTE DE SAN,CUCUTA,COL JULIO PEREZ FERRERO,COMUNA 9 SUR OCCIDENTAL
25,001,09,03,NORTE DE SAN,CUCUTA,IE MANUEL FERNANDEZ DE NOVOA,COMUNA 9 SUR OCCIDENTAL
25,001,09,04,NORTE DE SAN,CUCUTA,COL NTRA SRA DE BELEN LA DIVINA PASTORA,COMUNA 9 SUR OCCIDENTAL
25,001,09,05,NORTE DE SAN,CUCUTA,COL GARCIA HERREROS sede ESC,COMUNA 9 SUR OCCIDENTAL
25,001,09,06,NORTE DE SAN,CUCUTA,COL.BASICO LOS ALPES,COMUNA 9 SUR OCCIDENTAL
25,001,09,07,NORTE DE SAN,CUCUTA,ESC. URB. VARONES No,COMUNA 9 SUR OCCIDENTAL
25,001,10,01,NORTE DE SAN,CUCUTA,SANTO ANGEL SEDE JOSE EUSEBIO,COMUNA 10 SUR
25,001,10,02,NORTE DE SAN,CUCUTA,COL LUIS CARLOS GALAN SARMIENT,COMUNA 10 SUR
25,001,10,03,NORTE DE SAN,CUCUTA,ESC FRANCISCO DE PAULA ANDRADE No,COMUNA 10 SUR
25,001,10,04,NORTE DE SAN,CUCUTA,ALEJANDRO GUTIERREZ SD SAN JUAN BOSCO,COMUNA 10 SUR
25,001,10,05,NORTE DE SAN,CUCUTA,IE NUESTRA SEÑORA DEL ROSARIO,COMUNA 10 SUR
25,001,90,01,NORTE DE SAN,CUCUTA,NORMAL MARIA AUXILIADORA,
25,001,98,01,NORTE DE SAN,CUCUTA,CARCEL,
25,001,98,02,NORTE DE SAN,CUCUTA,CARCEL DE MUJERES,
25,001,99,01,NORTE DE SAN,CUCUTA,PUERTO VILLAMIZAR,CORREGIMIENTO  SECTOR NORTE
25,001,99,03,NORTE DE SAN,CUCUTA,BANCO DE ARENA,
25,001,99,04,NORTE DE SAN,CUCUTA,PALMARITO,
25,001,99,05,NORTE DE SAN,CUCUTA,LA BUENA ESPERANZA,
25,001,99,17,NORTE DE SAN,CUCUTA,LIMONCITO,
25,001,99,20,NORTE DE SAN,CUCUTA,AGUACLARA,CORREGIMIENTO SECTOR CENTRAL
25,001,99,25,NORTE DE SAN,CUCUTA,GUARAMITO,CORREGIMIENTO SECTOR ORIENTAL
25,001,99,27,NORTE DE SAN,CUCUTA,RICAURTE,CORREGIMIENTO SECTOR ORIENTAL
25,001,99,37,NORTE DE SAN,CUCUTA,SAN FAUSTINO,CORREGIMIENTO SECTOR ORIENTAL
25,001,99,45,NORTE DE SAN,CUCUTA,EL CARMEN DE TONCHALA,CORREGIMIENTO SECTOR SUR
25,001,99,53,NORTE DE SAN,CUCUTA,SAN PEDRO,CORREGIMIENTO SECTOR SUR
25,004,01,01,NORTE DE SAN,ABREGO,COLEGIO SANTA BARBARA,
25,004,01,02,NORTE DE SAN,ABREGO,ESCUELA BOLIVAR,
25,004,02,01,NORTE DE SAN,ABREGO,ESCUELA SAN ANTONIO,
25,004,02,02,NORTE DE SAN,ABREGO,ESCUELA LA PIÑUELA,
25,004,02,03,NORTE DE SAN,ABREGO,MEGACOLEGIO CARLOS JULIO TORRADO P.,
25,004,99,02,NORTE DE SAN,ABREGO,CASITAS,
25,004,99,03,NORTE DE SAN,ABREGO,CAPITANLARGO,
25,004,99,04,NORTE DE SAN,ABREGO,LA ARENOSA,
25,004,99,06,NORTE DE SAN,ABREGO,EL TARRA VIEJO,
25,004,99,07,NORTE DE SAN,ABREGO,LA MARIA,
25,004,99,08,NORTE DE SAN,ABREGO,SAN JOSE,
25,004,99,09,NORTE DE SAN,ABREGO,SAN VICENTE,
25,004,99,10,NORTE DE SAN,ABREGO,EL GUAMAL,
25,004,99,12,NORTE DE SAN,ABREGO,EL LLANON,
25,004,99,13,NORTE DE SAN,ABREGO,EL TARRA,
25,004,99,14,NORTE DE SAN,ABREGO,EL TABACO,
25,004,99,17,NORTE DE SAN,ABREGO,EL HIGUERON,
25,004,99,20,NORTE DE SAN,ABREGO,EL LORO,
25,004,99,23,NORTE DE SAN,ABREGO,GAIRA,
25,004,99,25,NORTE DE SAN,ABREGO,HOYO PILON,
25,004,99,27,NORTE DE SAN,ABREGO,LA SIERRA,
25,004,99,33,NORTE DE SAN,ABREGO,LOS INDIOS,
25,004,99,40,NORTE DE SAN,ABREGO,CANOAS,
25,004,99,50,NORTE DE SAN,ABREGO,MONTECRISTO,
25,004,99,51,NORTE DE SAN,ABREGO,PLAYONCITOS,
25,007,00,00,NORTE DE SAN,ARBOLEDAS,PUESTO CABECERA MUNICIPAL,
25,007,99,01,NORTE DE SAN,ARBOLEDAS,BARRIENTOS,
25,007,99,05,NORTE DE SAN,ARBOLEDAS,CASTRO,
25,007,99,09,NORTE DE SAN,ARBOLEDAS,CINERA,
25,007,99,12,NORTE DE SAN,ARBOLEDAS,GUZAMAN,
25,007,99,14,NORTE DE SAN,ARBOLEDAS,LA UVITA,
25,007,99,15,NORTE DE SAN,ARBOLEDAS,LOS MOLINOS,
25,007,99,17,NORTE DE SAN,ARBOLEDAS,UVITO,
25,007,99,21,NORTE DE SAN,ARBOLEDAS,VILLA SUCRE,
25,010,00,00,NORTE DE SAN,BOCHALEMA,PUESTO CABECERA MUNICIPAL,
25,010,99,03,NORTE DE SAN,BOCHALEMA,ESPEJUELOS (NEBRASKA),
25,010,99,05,NORTE DE SAN,BOCHALEMA,LA DONJUANA,
25,010,99,15,NORTE DE SAN,BOCHALEMA,MONTERREDONDO,
25,010,99,60,NORTE DE SAN,BOCHALEMA,PORTACHUELO,
25,013,00,00,NORTE DE SAN,BUCARASICA,PUESTO CABECERA MUNICIPAL,
25,013,99,01,NORTE DE SAN,BUCARASICA,AGUABLANCA,
25,013,99,05,NORTE DE SAN,BUCARASICA,LA CURVA,
25,013,99,09,NORTE DE SAN,BUCARASICA,LA SANJUANA,
25,013,99,11,NORTE DE SAN,BUCARASICA,LAS CUADRAS,
25,016,00,00,NORTE DE SAN,CACOTA,PUESTO CABECERA MUNICIPAL,
25,016,99,55,NORTE DE SAN,CACOTA,TARGUALA,
25,019,00,00,NORTE DE SAN,CACHIRA,PUESTO CABECERA MUNICIPAL,
25,019,99,01,NORTE DE SAN,CACHIRA,LA CARRERA,
25,019,99,02,NORTE DE SAN,CACHIRA,EL MANZANO,
25,019,99,05,NORTE DE SAN,CACHIRA,LA VEGA,
25,019,99,06,NORTE DE SAN,CACHIRA,FILO DE SAN CAYETANO,
25,019,99,10,NORTE DE SAN,CACHIRA,EL LUCERO,
25,019,99,12,NORTE DE SAN,CACHIRA,MIRAFLORES,
25,019,99,16,NORTE DE SAN,CACHIRA,LA UNION,
25,019,99,17,NORTE DE SAN,CACHIRA,PRIMAVERA,
25,019,99,26,NORTE DE SAN,CACHIRA,RAMIREZ,
25,019,99,29,NORTE DE SAN,CACHIRA,SAN JOSE DE LA MONTAÑA,
25,019,99,36,NORTE DE SAN,CACHIRA,LAGUNA DE ORIENTE,
25,019,99,50,NORTE DE SAN,CACHIRA,LOS MANGOS,
25,022,00,00,NORTE DE SAN,CONVENCION,PUESTO CABECERA MUNICIPAL,
25,022,99,05,NORTE DE SAN,CONVENCION,CARTAGENITA,
25,022,99,09,NORTE DE SAN,CONVENCION,GUAMAL,
25,022,99,10,NORTE DE SAN,CONVENCION,HONDURAS,
25,022,99,11,NORTE DE SAN,CONVENCION,LA LIBERTAD,
25,022,99,12,NORTE DE SAN,CONVENCION,LA TRINIDAD,
25,022,99,13,NORTE DE SAN,CONVENCION,LAS MERCEDES,
25,022,99,17,NORTE DE SAN,CONVENCION,LOS BALCONES,
25,022,99,18,NORTE DE SAN,CONVENCION,EL HOYO,
25,022,99,19,NORTE DE SAN,CONVENCION,MESA RICA,
25,022,99,21,NORTE DE SAN,CONVENCION,MIRAFLORES,
25,022,99,23,NORTE DE SAN,CONVENCION,SAN JOSE DE LAS PITAS,
25,022,99,25,NORTE DE SAN,CONVENCION,SOLEDAD,
25,022,99,27,NORTE DE SAN,CONVENCION,SAPHADANA,
25,025,00,00,NORTE DE SAN,CUCUTILLA,PUESTO CABECERA MUNICIPAL,
25,025,99,01,NORTE DE SAN,CUCUTILLA,PUENTE JULIO ARBOLEDA,
25,025,99,05,NORTE DE SAN,CUCUTILLA,SAN JOSE DE LA MONTAÑA,
25,028,00,01,NORTE DE SAN,CHINACOTA,COLEGIO SAN LUIS GONZAGA,
25,028,00,02,NORTE DE SAN,CHINACOTA,ESCUELA MARIANO OSPINA RODRIGUEZ,
25,028,99,01,NORTE DE SAN,CHINACOTA,NUEVA DONJUANA,
25,028,99,02,NORTE DE SAN,CHINACOTA,PUESTO DE VOTACION VEREDA ISCALA,
25,028,99,03,NORTE DE SAN,CHINACOTA,VEREDA OROZCO,
25,031,00,00,NORTE DE SAN,CHITAGA,PUESTO CABECERA MUNICIPAL,
25,031,99,04,NORTE DE SAN,CHITAGA,CORNEJO,
25,031,99,05,NORTE DE SAN,CHITAGA,CHUCARIMA,
25,031,99,07,NORTE DE SAN,CHITAGA,EL ALISAL,
25,031,99,09,NORTE DE SAN,CHITAGA,EL PORVENIR,
25,031,99,10,NORTE DE SAN,CHITAGA,LLANO GRANDE,
25,031,99,13,NORTE DE SAN,CHITAGA,PRESIDENTE,
25,031,99,17,NORTE DE SAN,CHITAGA,TANE,
25,034,00,00,NORTE DE SAN,DURANIA,PUESTO CABECERA MUNICIPAL,
25,034,99,05,NORTE DE SAN,DURANIA,HATOVIEJO,
25,034,99,07,NORTE DE SAN,DURANIA,LA CUCHILLA,
25,034,99,11,NORTE DE SAN,DURANIA,LA TRINIDAD,
25,036,00,00,NORTE DE SAN,EL TARRA,PUESTO CABECERA MUNICIPAL,
25,036,99,06,NORTE DE SAN,EL TARRA,LAS INDIAS,
25,036,99,15,NORTE DE SAN,EL TARRA,EL PASO,
25,036,99,25,NORTE DE SAN,EL TARRA,FILO EL GRINGO,
25,036,99,35,NORTE DE SAN,EL TARRA,NUEVA GRANADA (BELLAVISTA),
25,036,99,45,NORTE DE SAN,EL TARRA,IE ORU BAJO (COLEGIO),
25,036,99,55,NORTE DE SAN,EL TARRA,PALMAS DE VINO,
25,036,99,60,NORTE DE SAN,EL TARRA,PLAYA COTIZA,
25,037,00,00,NORTE DE SAN,EL CARMEN,PUESTO CABECERA MUNICIPAL,
25,037,99,01,NORTE DE SAN,EL CARMEN,BELLALUZ,
25,037,99,02,NORTE DE SAN,EL CARMEN,BOBALI,
25,037,99,03,NORTE DE SAN,EL CARMEN,ASTILLERO,
25,037,99,04,NORTE DE SAN,EL CARMEN,LA BOGOTANA,
25,037,99,05,NORTE DE SAN,EL CARMEN,CULEBRITA,
25,037,99,06,NORTE DE SAN,EL CARMEN,IKIAKARORA,
25,037,99,09,NORTE DE SAN,EL CARMEN,EL COBRE,
25,037,99,13,NORTE DE SAN,EL CARMEN,EL ZUL,
25,037,99,17,NORTE DE SAN,EL CARMEN,GUAMALITO,
25,037,99,20,NORTE DE SAN,EL CARMEN,LA ESTRELLA,
25,037,99,21,NORTE DE SAN,EL CARMEN,LA OSA,
25,037,99,25,NORTE DE SAN,EL CARMEN,LA QUIEBRA,
25,037,99,29,NORTE DE SAN,EL CARMEN,LA PELOTA,
25,037,99,33,NORTE DE SAN,EL CARMEN,LAS AGUILAS,
25,037,99,37,NORTE DE SAN,EL CARMEN,PAJITAS,
25,037,99,38,NORTE DE SAN,EL CARMEN,LAS VEGAS DE MOTILONIA,
25,037,99,39,NORTE DE SAN,EL CARMEN,LAS VEGAS,
25,037,99,40,NORTE DE SAN,EL CARMEN,MARACAIBO,
25,037,99,41,NORTE DE SAN,EL CARMEN,QUEBRADA ARRIBA,
25,037,99,42,NORTE DE SAN,EL CARMEN,QUEBRADA HONDA,
25,037,99,43,NORTE DE SAN,EL CARMEN,SANTA INES,
25,037,99,45,NORTE DE SAN,EL CARMEN,SANTO DOMINGO,
25,037,99,46,NORTE DE SAN,EL CARMEN,LA OSA PARTE BAJA,
25,038,01,01,NORTE DE SAN,EL ZULIA,I.E. COLEGIO MARCO FIDEL SUAREZ,
25,038,01,02,NORTE DE SAN,EL ZULIA,CTRO DE INTEG. CIU. ALTOS DE SAN ANTONIO,
25,038,01,03,NORTE DE SAN,EL ZULIA,LA MILAGROSA,
25,038,02,01,NORTE DE SAN,EL ZULIA,COL FCO DE PAULA STANDER SD ALF. LOPEZ,
25,038,02,02,NORTE DE SAN,EL ZULIA,POLIDEPORT. MULTIFUNCIONAL LA ALEJANDRA,
25,038,99,01,NORTE DE SAN,EL ZULIA,PAN DE AZUCAR,
25,038,99,02,NORTE DE SAN,EL ZULIA,ASTILLEROS,
25,038,99,05,NORTE DE SAN,EL ZULIA,CAMPO ALICIA,
25,038,99,08,NORTE DE SAN,EL ZULIA,ENCERRADEROS,
25,038,99,27,NORTE DE SAN,EL ZULIA,SAN MIGUEL,
25,038,99,28,NORTE DE SAN,EL ZULIA,SANTA ROSA,
25,038,99,29,NORTE DE SAN,EL ZULIA,CAMILANDIA,
25,040,00,00,NORTE DE SAN,GRAMALOTE,PUESTO CABECERA MUNICIPAL,
25,040,99,01,NORTE DE SAN,GRAMALOTE,EL ROSARIO,
25,040,99,05,NORTE DE SAN,GRAMALOTE,EL ZUMBADOR,
25,040,99,09,NORTE DE SAN,GRAMALOTE,SAN ISIDRO,
25,043,00,00,NORTE DE SAN,HACARI,PUESTO CABECERA MUNICIPAL,
25,043,99,01,NORTE DE SAN,HACARI,MARACAIBO,
25,043,99,02,NORTE DE SAN,HACARI,ASTILLEROS,
25,043,99,04,NORTE DE SAN,HACARI,AGUA BLANCA,
25,043,99,06,NORTE DE SAN,HACARI,MARTINEZ,
25,043,99,07,NORTE DE SAN,HACARI,BUENOS AIRES,
25,043,99,28,NORTE DE SAN,HACARI,SAN MIGUEL,
25,043,99,80,NORTE DE SAN,HACARI,SAN JOSE DEL TARRA,
25,046,00,00,NORTE DE SAN,HERRAN,PUESTO CABECERA MUNICIPAL,
25,046,99,35,NORTE DE SAN,HERRAN,HONDA SUR,
25,046,99,40,NORTE DE SAN,HERRAN,SIBERIA,
25,049,00,00,NORTE DE SAN,LABATECA,PUESTO CABECERA MUNICIPAL,
25,049,99,28,NORTE DE SAN,LABATECA,SANTA MARIA,
25,049,99,40,NORTE DE SAN,LABATECA,LA CUCHILLA,
25,051,00,00,NORTE DE SAN,LA ESPERANZA,PUESTO CABECERA MUNICIPAL,
25,051,99,04,NORTE DE SAN,LA ESPERANZA,CAMPO ALEGRE,
25,051,99,10,NORTE DE SAN,LA ESPERANZA,PUEBLO NUEVO,
25,051,99,15,NORTE DE SAN,LA ESPERANZA,TROPEZON,
25,051,99,18,NORTE DE SAN,LA ESPERANZA,LA RAYA,
25,051,99,20,NORTE DE SAN,LA ESPERANZA,LEON XIII,
25,051,99,25,NORTE DE SAN,LA ESPERANZA,LA PEDREGOZA,
25,051,99,28,NORTE DE SAN,LA ESPERANZA,LOS CEDROS,
25,051,99,30,NORTE DE SAN,LA ESPERANZA,LOS PLANES,
25,051,99,35,NORTE DE SAN,LA ESPERANZA,LA QUIEBRA,
25,051,99,41,NORTE DE SAN,LA ESPERANZA,JURISDICCIONES DE SAN PEDRO,
25,051,99,54,NORTE DE SAN,LA ESPERANZA,VIJAGUAL,
25,051,99,60,NORTE DE SAN,LA ESPERANZA,VILLA MARIA,
25,052,00,00,NORTE DE SAN,LA PLAYA,PUESTO CABECERA MUNICIPAL,
25,052,99,01,NORTE DE SAN,LA PLAYA,ASPASICA,
25,052,99,03,NORTE DE SAN,LA PLAYA,CURASICA,
25,052,99,05,NORTE DE SAN,LA PLAYA,EL CINCHO  LA VEGA DE SAN ANTONIO,
25,052,99,50,NORTE DE SAN,LA PLAYA,MACIEGAS,
25,054,01,01,NORTE DE SAN,LOS PATIOS,COMFANORTE,
25,054,01,02,NORTE DE SAN,LOS PATIOS,COLEGIO BAS. LA SABANA,
25,054,01,03,NORTE DE SAN,LOS PATIOS,COLEGIO FE Y ALEGRIA,
25,054,01,04,NORTE DE SAN,LOS PATIOS,COL PATIO CENTRO No.,
25,054,01,05,NORTE DE SAN,LOS PATIOS,HOGAR INFANTIL EL MANANTIAL,
25,054,01,06,NORTE DE SAN,LOS PATIOS,ESCUELA DOCE DE OCTUBRE,
25,054,01,07,NORTE DE SAN,LOS PATIOS,ESTABLECIMIENTO EDUCATIVO  JIAN PIAGET,
25,054,01,08,NORTE DE SAN,LOS PATIOS,SALON COMUNAL SANTA CLARA,
25,054,01,09,NORTE DE SAN,LOS PATIOS,COL.BASICO PATIOS CENTRO No,
25,054,02,01,NORTE DE SAN,LOS PATIOS,COLEGIO,
25,054,02,02,NORTE DE SAN,LOS PATIOS,ESCUELA  PISARREAL,
25,054,02,03,NORTE DE SAN,LOS PATIOS,INST. TECNICO MUNICIPAL,
25,054,02,04,NORTE DE SAN,LOS PATIOS,COLEGIO LLANITOS,
25,054,02,05,NORTE DE SAN,LOS PATIOS,COLEGIO SAN TARCISIO,
25,054,02,06,NORTE DE SAN,LOS PATIOS,ESCUELA BUENA ESPERANZA,
25,054,02,07,NORTE DE SAN,LOS PATIOS,ESCUELA,
25,054,02,08,NORTE DE SAN,LOS PATIOS,CENTRO DE EXPRESION CULTURAL,
25,054,99,28,NORTE DE SAN,LOS PATIOS,LA GARITA,
25,054,99,30,NORTE DE SAN,LOS PATIOS,MUTIS,
25,055,00,00,NORTE DE SAN,LOURDES,PUESTO CABECERA MUNICIPAL,
25,058,00,00,NORTE DE SAN,MUTISCUA,PUESTO CABECERA MUNICIPAL,
25,058,99,05,NORTE DE SAN,MUTISCUA,LA LAGUNA,
25,058,99,06,NORTE DE SAN,MUTISCUA,SUCRE,
25,061,01,01,NORTE DE SAN,OCAÑA,SEDE LLANADAS No,COMUNA 1 CENTRAL JOSE E. CARO
25,061,01,02,NORTE DE SAN,OCAÑA,SEDE SIMON BOLIVAR No,COMUNA 1 CENTRAL JOSE E. CARO
25,061,01,03,NORTE DE SAN,OCAÑA,POLIDEPORTIVO CRISTO REY,
25,061,01,04,NORTE DE SAN,OCAÑA,COMPLEJO HISTORICO,COMUNA 3 SURORIENTAL OLAYA H.
25,061,01,05,NORTE DE SAN,OCAÑA,CONCENTRACION ARGELINO DURAN,COMUNA 3 SURORIENTAL OLAYA H.
25,061,01,06,NORTE DE SAN,OCAÑA,SEDE DAVID HADDAD SALCEDO,COMUNA 1 CENTRAL JOSE E. CARO
25,061,01,07,NORTE DE SAN,OCAÑA,ESCUELA ADOLFO MILANES,COMUNA 3 SURORIENTAL OLAYA H.
25,061,01,08,NORTE DE SAN,OCAÑA,SEDE CUESTA BLANCA,COMUNA 3 SURORIENTAL OLAYA H.
25,061,01,09,NORTE DE SAN,OCAÑA,SEDE KENNEDY,COMUNA 1 CENTRAL JOSE E. CARO
25,061,02,01,NORTE DE SAN,OCAÑA,ESCUELA MARABEL,
25,061,02,02,NORTE DE SAN,OCAÑA,CANCHA JUAN XXIII,
25,061,02,03,NORTE DE SAN,OCAÑA,INSTITUTO TECNICO INDUSTRIAL,COMUNA 5 FCO FERNANDEZ DE CONT
25,061,02,04,NORTE DE SAN,OCAÑA,ESCUELA SANTA CLARA,COMUNA 6 CIUDADELA NORTE
25,061,02,05,NORTE DE SAN,OCAÑA,CANCHA MARABEL,
25,061,02,06,NORTE DE SAN,OCAÑA,COLEGIO ALFONSO LOPEZ,
25,061,02,07,NORTE DE SAN,OCAÑA,COLEGIO LA SALLE,COMUNA 6 CIUDADELA NORTE
25,061,02,08,NORTE DE SAN,OCAÑA,SEDE JOSE ANTONIO GALAN,COMUNA 6 CIUDADELA NORTE
25,061,02,09,NORTE DE SAN,OCAÑA,IE FRANCISCO FERNANDEZ DE CONTRERAS,COMUNA 5 FCO FERNANDEZ DE CONT
25,061,02,10,NORTE DE SAN,OCAÑA,IE AGUSTINA FERRO- SEDE EL CARMEN,
25,061,90,01,NORTE DE SAN,OCAÑA,COL NAL JOSE EUSEBIO CARO,
25,061,98,01,NORTE DE SAN,OCAÑA,CARCEL,
25,061,99,01,NORTE DE SAN,OCAÑA,AGUAS CLARAS,
25,061,99,05,NORTE DE SAN,OCAÑA,AGUA DE LA VIRGEN,
25,061,99,09,NORTE DE SAN,OCAÑA,BUENAVISTA,
25,061,99,11,NORTE DE SAN,OCAÑA,OTARE,
25,061,99,13,NORTE DE SAN,OCAÑA,CERRO DE LAS FLORES,
25,061,99,17,NORTE DE SAN,OCAÑA,ESPIRITUSANTO,
25,061,99,18,NORTE DE SAN,OCAÑA,ALTO DE LOS PATIOS,
25,061,99,21,NORTE DE SAN,OCAÑA,PALOGRANDE,
25,061,99,25,NORTE DE SAN,OCAÑA,LA ERMITA,
25,061,99,26,NORTE DE SAN,OCAÑA,LA FLORESTA,
25,061,99,27,NORTE DE SAN,OCAÑA,LAS CHIRCAS,
25,061,99,28,NORTE DE SAN,OCAÑA,LAS LISCAS,
25,061,99,32,NORTE DE SAN,OCAÑA,LLANO DE LOS TRIGOS,
25,061,99,33,NORTE DE SAN,OCAÑA,MARIQUITA,
25,061,99,60,NORTE DE SAN,OCAÑA,PORTACHUELO,
25,061,99,70,NORTE DE SAN,OCAÑA,PUEBLO NUEVO,
25,061,99,75,NORTE DE SAN,OCAÑA,QUEBRADA DE LA ESPERANZA,
25,061,99,85,NORTE DE SAN,OCAÑA,VENADILLO,
25,061,99,89,NORTE DE SAN,OCAÑA,LOMA LARGA,
25,061,99,90,NORTE DE SAN,OCAÑA,LA PACHA,
25,061,99,91,NORTE DE SAN,OCAÑA,IE COL.EDMUNDO VELASQUEZ-SD S. ANT DEL S,
25,064,01,01,NORTE DE SAN,PAMPLONA,LA CASONA-UNIVERSIDAD PAMPLON,
25,064,01,02,NORTE DE SAN,PAMPLONA,I. S. E. R.,
25,064,01,03,NORTE DE SAN,PAMPLONA,SEDE GABRIELA MISTRAL COL.PRO,
25,064,01,04,NORTE DE SAN,PAMPLONA,EL ROSARIO UNIPAMPLONA,
25,064,02,01,NORTE DE SAN,PAMPLONA,COLEGIO CRISTO REY,
25,064,02,02,NORTE DE SAN,PAMPLONA,CONCENTRACION BASICA GALAN,
25,064,02,03,NORTE DE SAN,PAMPLONA,COLEGIO JOSE RAFAEL FARIA BERMUDEZ,
25,064,02,04,NORTE DE SAN,PAMPLONA,COLEGIO BRIGHTON SD AFANADOR Y CADENA,
25,064,02,05,NORTE DE SAN,PAMPLONA,COLEGIO PROVINCIAL SAN JOSE,
25,064,98,01,NORTE DE SAN,PAMPLONA,CARCEL,
25,064,99,01,NORTE DE SAN,PAMPLONA,LAUREANO GOMEZ,
25,064,99,30,NORTE DE SAN,PAMPLONA,NEGAVITA,
25,067,00,00,NORTE DE SAN,PAMPLONITA,PUESTO CABECERA MUNICIPAL,
25,067,99,01,NORTE DE SAN,PAMPLONITA,EL DIAMANTE,
25,069,01,01,NORTE DE SAN,PUERTO SANTANDER,IE PUERTO SANTANDER,
25,069,01,02,NORTE DE SAN,PUERTO SANTANDER,ESCUELA URBANA INTEGRADA SEDE No,
25,069,02,01,NORTE DE SAN,PUERTO SANTANDER,ESCUELA MONSEÑOR LEONARDO GOMEZ SERNA,
25,069,02,02,NORTE DE SAN,PUERTO SANTANDER,CANCHA,
25,070,00,00,NORTE DE SAN,RAGONVALIA,PUESTO CABECERA MUNICIPAL,
25,070,99,40,NORTE DE SAN,RAGONVALIA,CALICHES,
25,070,99,81,NORTE DE SAN,RAGONVALIA,CTRO EDUC. RURAL VEREDA SAN MIGUEL,
25,070,99,82,NORTE DE SAN,RAGONVALIA,CENTRO EDUCATIVO RURAL BUENOS AIRES,
25,073,00,00,NORTE DE SAN,SALAZAR,PUESTO CABECERA MUNICIPAL,
25,073,99,01,NORTE DE SAN,SALAZAR,EL CARMEN DE NAZARETH,
25,073,99,03,NORTE DE SAN,SALAZAR,ALTO DE ANGULO,
25,073,99,04,NORTE DE SAN,SALAZAR,CAMPO NUEVO,
25,073,99,05,NORTE DE SAN,SALAZAR,LA LAGUNA,
25,073,99,06,NORTE DE SAN,SALAZAR,EL ZULIA,
25,073,99,07,NORTE DE SAN,SALAZAR,MONTECRISTO,
25,073,99,09,NORTE DE SAN,SALAZAR,SAN ANTONIO,
25,073,99,13,NORTE DE SAN,SALAZAR,SAN JOSE DE AVILA,
25,076,00,00,NORTE DE SAN,SAN CALIXTO,PUESTO CABECERA MUNICIPAL,
25,076,99,02,NORTE DE SAN,SAN CALIXTO,ALGARROBOS,
25,076,99,03,NORTE DE SAN,SAN CALIXTO,PALMARITO,
25,076,99,04,NORTE DE SAN,SAN CALIXTO,CASAS VIEJAS,
25,076,99,06,NORTE DE SAN,SAN CALIXTO,BANDERAS,
25,076,99,07,NORTE DE SAN,SAN CALIXTO,GUADUALES,
25,076,99,10,NORTE DE SAN,SAN CALIXTO,EL ESPEJO,
25,076,99,13,NORTE DE SAN,SAN CALIXTO,MESALLANA,
25,076,99,16,NORTE DE SAN,SAN CALIXTO,QUEBRADA GRANDE,
25,076,99,18,NORTE DE SAN,SAN CALIXTO,PUENTE REAL,
25,076,99,19,NORTE DE SAN,SAN CALIXTO,SAN JERONIMO,
25,076,99,30,NORTE DE SAN,SAN CALIXTO,EL CARACOL,
25,076,99,45,NORTE DE SAN,SAN CALIXTO,LA CRISTALINA,
25,076,99,50,NORTE DE SAN,SAN CALIXTO,LA QUINA,
25,076,99,55,NORTE DE SAN,SAN CALIXTO,MEDIAGUITA,
25,076,99,60,NORTE DE SAN,SAN CALIXTO,SAN JAVIER,
25,076,99,75,NORTE DE SAN,SAN CALIXTO,SAN JUAN,
25,076,99,80,NORTE DE SAN,SAN CALIXTO,SANTA CATALINA,
25,079,00,00,NORTE DE SAN,SAN CAYETANO,PUESTO CABECERA MUNICIPAL,
25,079,99,01,NORTE DE SAN,SAN CAYETANO,AYACUCHO,
25,079,99,02,NORTE DE SAN,SAN CAYETANO,SAN ISIDRO,
25,079,99,05,NORTE DE SAN,SAN CAYETANO,CORNEJO,
25,079,99,21,NORTE DE SAN,SAN CAYETANO,URIMACO,
25,082,00,00,NORTE DE SAN,SANTIAGO,PUESTO CABECERA MUNICIPAL,
25,082,99,09,NORTE DE SAN,SANTIAGO,LA CACAHUALA,
25,082,99,28,NORTE DE SAN,SANTIAGO,LOS NARANJOS,
25,085,00,00,NORTE DE SAN,SARDINATA,PUESTO CABECERA MUNICIPAL,
25,085,99,01,NORTE DE SAN,SARDINATA,CASCAJAL,
25,085,99,02,NORTE DE SAN,SARDINATA,CAMPO RICO,
25,085,99,03,NORTE DE SAN,SARDINATA,BALSAMINA,
25,085,99,04,NORTE DE SAN,SARDINATA,EL CARMEN,
25,085,99,05,NORTE DE SAN,SARDINATA,LA VICTORIA,
25,085,99,07,NORTE DE SAN,SARDINATA,LA CRISTALINA,
25,085,99,08,NORTE DE SAN,SARDINATA,PARAMILLO,
25,085,99,09,NORTE DE SAN,SARDINATA,LAS MERCEDES,
25,085,99,10,NORTE DE SAN,SARDINATA,LUIS VERO,
25,085,99,11,NORTE DE SAN,SARDINATA,SAN MARTIN DE LOBA,
25,085,99,13,NORTE DE SAN,SARDINATA,SAN ROQUE,
25,085,99,20,NORTE DE SAN,SARDINATA,EL VESUBIO,
25,085,99,26,NORTE DE SAN,SARDINATA,ENCERRADEROS,
25,085,99,30,NORTE DE SAN,SARDINATA,FATIMA,
25,085,99,34,NORTE DE SAN,SARDINATA,GUAMO SAN MIGUEL,
25,085,99,40,NORTE DE SAN,SARDINATA,JORDANCITO,
25,085,99,47,NORTE DE SAN,SARDINATA,LA ESMERALDA,
25,085,99,58,NORTE DE SAN,SARDINATA,LAS MESAS,
25,085,99,75,NORTE DE SAN,SARDINATA,RIO NUEVO,
25,085,99,85,NORTE DE SAN,SARDINATA,SAN ISIDRO,
25,085,99,87,NORTE DE SAN,SARDINATA,SAN LUIS,
25,088,00,00,NORTE DE SAN,SILOS,PUESTO CABECERA MUNICIPAL,
25,088,99,01,NORTE DE SAN,SILOS,BABEGA,
25,088,99,03,NORTE DE SAN,SILOS,BELEN,
25,088,99,20,NORTE DE SAN,SILOS,LA LAGUNA,
25,088,99,25,NORTE DE SAN,SILOS,LOS RINCON,
25,091,00,00,NORTE DE SAN,TEORAMA,PUESTO CABECERA MUNICIPAL,
25,091,99,03,NORTE DE SAN,TEORAMA,FRONTERAS DE TEORAMA,
25,091,99,05,NORTE DE SAN,TEORAMA,SAN PABLO,
25,091,99,10,NORTE DE SAN,TEORAMA,EL ASERRIO,
25,091,99,15,NORTE DE SAN,TEORAMA,JURIDICCIONES,
25,091,99,25,NORTE DE SAN,TEORAMA,EL JUNCAL,
25,091,99,27,NORTE DE SAN,TEORAMA,LA CECILIA,
25,091,99,41,NORTE DE SAN,TEORAMA,RAMIREZ,
25,091,99,45,NORTE DE SAN,TEORAMA,RIO DE ORO,
25,091,99,50,NORTE DE SAN,TEORAMA,SAN JUANCITO,
25,093,01,01,NORTE DE SAN,TIBU,COL. INTEG FRANCISCO JOSE DE CALDAS,
25,093,01,02,NORTE DE SAN,TIBU,ESCUELA SEDE INTEGRAL KENNEDY,
25,093,01,03,NORTE DE SAN,TIBU,ESC. URBANA INTEGRADA MARCO FIDEL SUAREZ,
25,093,01,04,NORTE DE SAN,TIBU,ESCUELA URBANA LA UNION,
25,093,02,01,NORTE DE SAN,TIBU,INSTITUTO DIVERSIFICADO DOMINGO SAVIO,
25,093,02,02,NORTE DE SAN,TIBU,CENTRO CULTURAL TIBU,
25,093,99,07,NORTE DE SAN,TIBU,AEROPUERTO LA PISTA,
25,093,99,15,NORTE DE SAN,TIBU,BARCO LA SILLA,
25,093,99,23,NORTE DE SAN,TIBU,CAMPO GILES,
25,093,99,30,NORTE DE SAN,TIBU,LA ANGALIA,
25,093,99,40,NORTE DE SAN,TIBU,LA GABARRA,
25,093,99,45,NORTE DE SAN,TIBU,LA LLANA O LA FINARIA,
25,093,99,50,NORTE DE SAN,TIBU,PACELLI,
25,093,99,60,NORTE DE SAN,TIBU,PETROLEA,
25,093,99,70,NORTE DE SAN,TIBU,REYES (CAMPO DOS),
25,093,99,80,NORTE DE SAN,TIBU,RIO DE ORO,
25,093,99,90,NORTE DE SAN,TIBU,TRES BOCAS,
25,093,99,95,NORTE DE SAN,TIBU,VERSALLES,
25,093,99,98,NORTE DE SAN,TIBU,VETAS DE ORIENTE,
25,094,00,00,NORTE DE SAN,TOLEDO,PUESTO CABECERA MUNICIPAL,
25,094,99,01,NORTE DE SAN,TOLEDO,SAN BERNARDO BATA,
25,094,99,02,NORTE DE SAN,TOLEDO,GIBRALTAR (RIO COBARIA),
25,094,99,05,NORTE DE SAN,TOLEDO,LA LOMA,
25,094,99,07,NORTE DE SAN,TOLEDO,SAN ALBERTO,
25,094,99,08,NORTE DE SAN,TOLEDO,MARGUA,
25,094,99,09,NORTE DE SAN,TOLEDO,SAMORE,
25,094,99,10,NORTE DE SAN,TOLEDO,LA UNION,
25,094,99,20,NORTE DE SAN,TOLEDO,LA MESA,
25,094,99,30,NORTE DE SAN,TOLEDO,ROMAN,
25,094,99,40,NORTE DE SAN,TOLEDO,INST. ETNOEDUCATIVA U'WA LZKETA -SEGOVIA,
25,097,00,00,NORTE DE SAN,VILLA CARO,PUESTO CABECERA MUNICIPAL,
25,097,99,15,NORTE DE SAN,VILLA CARO,ALTO EL POZO,
25,100,01,01,NORTE DE SAN,VILLA DEL ROSARIO,ESCUELA POLICARPA SALAVARIETA,
25,100,01,02,NORTE DE SAN,VILLA DEL ROSARIO,COLEGIO GENERAL SANTANDER,
25,100,01,03,NORTE DE SAN,VILLA DEL ROSARIO,ESC. FCO. DE PAULA SANTANDER,
25,100,01,04,NORTE DE SAN,VILLA DEL ROSARIO,ESCUELA SAN MARTIN,
25,100,01,05,NORTE DE SAN,VILLA DEL ROSARIO,GIMNACIO CAMPESTRE,
25,100,01,06,NORTE DE SAN,VILLA DEL ROSARIO,ESCUELA VEINTE DE JULIO,
25,100,01,07,NORTE DE SAN,VILLA DEL ROSARIO,INSTITUCION EDUCATIVA SAN ANTONIO,
25,100,01,08,NORTE DE SAN,VILLA DEL ROSARIO,COLEGIO MANUEL ANTONIO RUEDA,
25,100,02,01,NORTE DE SAN,VILLA DEL ROSARIO,COLEGIO SAN PEDRO LA PALMITA,
25,100,02,02,NORTE DE SAN,VILLA DEL ROSARIO,COLEGIO LUIS GABRIEL CASTRO,
25,100,02,03,NORTE DE SAN,VILLA DEL ROSARIO,MEGA COLEGIO  LA FRONTERA,
25,100,02,04,NORTE DE SAN,VILLA DEL ROSARIO,COLEGIO PBRO ALVARO SUAREZ,
25,100,02,05,NORTE DE SAN,VILLA DEL ROSARIO,COLEGIO MONTEVIDEO II,
25,100,02,06,NORTE DE SAN,VILLA DEL ROSARIO,POLIDEPORTIVO,
25,100,02,07,NORTE DE SAN,VILLA DEL ROSARIO,CTRO DE INTEGRACION CIUD,
25,100,99,01,NORTE DE SAN,VILLA DEL ROSARIO,JUAN FRIO,
25,100,99,09,NORTE DE SAN,VILLA DEL ROSARIO,LA UCHEMA,
25,100,99,21,NORTE DE SAN,VILLA DEL ROSARIO,PALOGORDO,
26,001,01,01,QUINDIO,ARMENIA,IE TERESITA MONTES SD LUIS C. GALAN S.,COMUNA 1 CENTENARIO
26,001,01,02,QUINDIO,ARMENIA,IE LAURA VICUÑA,COMUNA 1 CENTENARIO
26,001,01,03,QUINDIO,ARMENIA,IE INSTITUTO TECNICO INDUSTRIAL,COMUNA 1 CENTENARIO
26,001,01,04,QUINDIO,ARMENIA,IE SIMON RODRIGUEZ,COMUNA 1 CENTENARIO
26,001,01,05,QUINDIO,ARMENIA,IE TERESITA MONTES SD PRINCIPAL,COMUNA 1 CENTENARIO
26,001,02,01,QUINDIO,ARMENIA,IE RUFINO SUR SEDE MADRE MARCE,COMUNA 2 RUFINO JOSE CUERVO
26,001,02,02,QUINDIO,ARMENIA,I.E. ROSANA LONDOÑO,COMUNA 2 RUFINO JOSE CUERVO
26,001,02,03,QUINDIO,ARMENIA,IE MARCELINO CHAMPAGNAT,COMUNA 2 RUFINO JOSE CUERVO
26,001,02,04,QUINDIO,ARMENIA,IE RUFINO JOSE CUERVO SUR,COMUNA 2 RUFINO JOSE CUERVO
26,001,03,01,QUINDIO,ARMENIA,IE ZULDEMAYDA,COMUNA 2 RUFINO JOSE CUERVO
26,001,03,02,QUINDIO,ARMENIA,IE LOS QUINDOS,COMUNA 2 RUFINO JOSE CUERVO
26,001,03,03,QUINDIO,ARMENIA,IE CIUDADELA DEL SUR,COMUNA 2 RUFINO JOSE CUERVO
26,001,03,04,QUINDIO,ARMENIA,IE JUAN XXIII,COMUNA 2 RUFINO JOSE CUERVO
26,001,03,05,QUINDIO,ARMENIA,IE POLICARPA SALAVARRIETA,COMUNA 2 RUFINO JOSE CUERVO
26,001,04,01,QUINDIO,ARMENIA,IE NUESTRA SEÑORA DE BELEN,COMUNA 3 ALFONSO LOPEZ
26,001,04,02,QUINDIO,ARMENIA,IE LA ADIELA SEDE LA CECILIA,COMUNA 3 ALFONSO LOPEZ
26,001,04,03,QUINDIO,ARMENIA,IE LAS COLINAS,COMUNA 3 ALFONSO LOPEZ
26,001,05,01,QUINDIO,ARMENIA,IE JESUS MARIA OCAMPO,COMUNA 4 FRANCISCO DE PAULA S
26,001,05,02,QUINDIO,ARMENIA,IE CIUDAD DORADA,COMUNA 3 ALFONSO LOPEZ
26,001,05,03,QUINDIO,ARMENIA,IE CAMILO TORRES,COMUNA 4 FRANCISCO DE PAULA S
26,001,05,04,QUINDIO,ARMENIA,IE LUIS BERNAL GIRALDO,COMUNA 4 FRANCISCO DE PAULA S
26,001,06,01,QUINDIO,ARMENIA,IE RUFINO CUERVO CENT SEDE ANT,COMUNA 5 EL BOSQUE
26,001,06,02,QUINDIO,ARMENIA,IE CAMARA JUNIOR,COMUNA 6 SAN JOSE
26,001,06,03,QUINDIO,ARMENIA,IE GUSTAVO MATAMOROS D. COSTA,COMUNA 5 EL BOSQUE
26,001,06,04,QUINDIO,ARMENIA,IE CAMARA JUNIOR SEDE LA PAVON,COMUNA 6 SAN JOSE
26,001,07,01,QUINDIO,ARMENIA,IE RUFINO JOSE CUERVO CENTRO,COMUNA 6 SAN JOSE
26,001,07,02,QUINDIO,ARMENIA,IE ESCUELA NORMAL SUPERIOR,COMUNA 6 SAN JOSE
26,001,07,03,QUINDIO,ARMENIA,IE CIUDADELA DE OCCIDENTE,COMUNA 6 SAN JOSE
26,001,07,04,QUINDIO,ARMENIA,IE CIUDADELA DE OCCIDENTE SD LA PATRIA,COMUNA 6 SAN JOSE
26,001,08,01,QUINDIO,ARMENIA,IE CIUDAD ARMENIA,COMUNA 7CAFETERO
26,001,08,02,QUINDIO,ARMENIA,CENTRO ADMINISTRATIVO MUNICIPAL,COMUNA 7CAFETERO
26,001,08,03,QUINDIO,ARMENIA,COL SAGRADO CORAZON DE JESUS B,COMUNA 7CAFETERO
26,001,08,04,QUINDIO,ARMENIA,ESC. SUP. DE ADMINISTRACION PUBLICA ESAP,COMUNA 7CAFETERO
26,001,09,01,QUINDIO,ARMENIA,IE CRISTOBAL COLON,COMUNA 8 LIBERTADORES
26,001,09,02,QUINDIO,ARMENIA,IE GRAN COLOMBIA,COMUNA 8 LIBERTADORES
26,001,09,03,QUINDIO,ARMENIA,COLISEO DEL CAFE,COMUNA 9 FUNDADORES
26,001,09,04,QUINDIO,ARMENIA,IE INEM JOSE CELESTINO MUTIS,COMUNA 9 FUNDADORES
26,001,09,05,QUINDIO,ARMENIA,IE CASD SEDE SANTA EUFRACIA,COMUNA 9 FUNDADORES
26,001,09,06,QUINDIO,ARMENIA,IE CASD SEDE PRINCIPAL,COMUNA 8 LIBERTADORES
26,001,10,01,QUINDIO,ARMENIA,COLISEO SENA,COMUNA 10 QUIMBAYA
26,001,10,02,QUINDIO,ARMENIA,UNIVERSIDAD DEL QUINDIO,COMUNA 10 QUIMBAYA
26,001,10,03,QUINDIO,ARMENIA,IE REPUBLICA DE FRANCIA,COMUNA 10 QUIMBAYA
26,001,10,04,QUINDIO,ARMENIA,ESC. DE ADM. Y MERCADOTECNIA EAM,COMUNA 10 QUIMBAYA
26,001,10,05,QUINDIO,ARMENIA,FUNDACION QUINDIANA DE ATENCION INTEGRAL,COMUNA 10 QUIMBAYA
26,001,10,06,QUINDIO,ARMENIA,SENA CENTRO AGROINDUSTRIAL,COMUNA 10 QUIMBAYA
26,001,10,07,QUINDIO,ARMENIA,IE EUDORO GRANADA SD FUNDADORES,COMUNA 10 QUIMBAYA
26,001,10,08,QUINDIO,ARMENIA,IE SANTA TERESA DE JESUS SD LA FLORIDA,COMUNA 10 QUIMBAYA
26,001,90,01,QUINDIO,ARMENIA,ESTADIO CENTENARIO,
26,001,98,01,QUINDIO,ARMENIA,CARCEL CENTRO PENITENCIARIO SA,
26,001,98,02,QUINDIO,ARMENIA,CARCEL VILLA CRISTINA,
26,001,99,27,QUINDIO,ARMENIA,EL CAIMO,CORREGIMIENTO EL CAIMO
26,001,99,58,QUINDIO,ARMENIA,MURILLO,
26,001,99,70,QUINDIO,ARMENIA,FUND. MANOS UNIDAS DE DIOS (PANTANILLO),
26,005,00,00,QUINDIO,BUENAVISTA,PUESTO CABECERA MUNICIPAL,
26,005,99,70,QUINDIO,BUENAVISTA,IE RIO VERDE BAJO,
26,010,01,01,QUINDIO,CALARCA,INST.EDUC.SEGUNDO HENAO,
26,010,01,02,QUINDIO,CALARCA,COLEGIO LEON DE GREIFF,
26,010,01,03,QUINDIO,CALARCA,COL. ROMAN MARIA VALENCIA,
26,010,01,04,QUINDIO,CALARCA,COLEGIO ANTONIO NARIÑO,
26,010,01,05,QUINDIO,CALARCA,CIUDADELA EDU SECTOR LAURELES,
26,010,02,01,QUINDIO,CALARCA,COLEGIO ROBLEDO,
26,010,02,02,QUINDIO,CALARCA,ESCUELA SANTANDER,
26,010,02,03,QUINDIO,CALARCA,CONCENTRACION JHON F. KENNEDY,
26,010,02,04,QUINDIO,CALARCA,IE SAN RAFAEL SD LA PRIMAVERA,
26,010,90,01,QUINDIO,CALARCA,PUESTO CENSO (VIVE DIGITAL),
26,010,98,01,QUINDIO,CALARCA,CARCEL,
26,010,99,10,QUINDIO,CALARCA,BARCELONA,CORREGIMIENTO BARCELONA
26,010,99,50,QUINDIO,CALARCA,LA ALBANIA,
26,010,99,52,QUINDIO,CALARCA,LA BELLA,
26,010,99,55,QUINDIO,CALARCA,LA VIRGINIA,CORREGIMIENTO LA VIRGINIA
26,010,99,75,QUINDIO,CALARCA,QUEBRADANEGRA,
26,020,01,01,QUINDIO,CIRCASIA,I.E.SAN JOSE,
26,020,01,02,QUINDIO,CIRCASIA,I.E.FRANCISCO LONDOÑO,
26,020,02,01,QUINDIO,CIRCASIA,I.E.EDUCATIVA IMET,
26,020,02,02,QUINDIO,CIRCASIA,I E  LIBRE,
26,020,99,30,QUINDIO,CIRCASIA,HOJAS ANCHAS,
26,020,99,50,QUINDIO,CIRCASIA,LA CONCHA,
26,020,99,53,QUINDIO,CIRCASIA,LA POLA,
26,020,99,54,QUINDIO,CIRCASIA,LA SIRIA,
26,020,99,72,QUINDIO,CIRCASIA,PIAMONTE,
26,020,99,80,QUINDIO,CIRCASIA,SANTA RITA,
26,025,00,00,QUINDIO,CORDOBA,PUESTO CABECERA MUNICIPAL,
26,030,00,00,QUINDIO,FILANDIA,IE LIC. ANDINO DE LA SANTISIMA TRINIDAD,
26,030,99,31,QUINDIO,FILANDIA,EL PARAISO,
26,030,99,53,QUINDIO,FILANDIA,LA INDIA,CORREGIMIENTO LA INDIA
26,030,99,54,QUINDIO,FILANDIA,CRUCES,
26,030,99,73,QUINDIO,FILANDIA,PAVAS,
26,040,00,00,QUINDIO,GENOVA,PUESTO CABECERA MUNICIPAL,
26,040,99,32,QUINDIO,GENOVA,LA VENADA,
26,050,01,01,QUINDIO,LA TEBAIDA,CTRO EDUC. INSTITUTO TEBAIDA,
26,050,01,02,QUINDIO,LA TEBAIDA,INS. EDUC. GABRIELA MISTRAL,
26,050,01,03,QUINDIO,LA TEBAIDA,INS. EDUC. NUEVO HORIZONTE,
26,050,02,01,QUINDIO,LA TEBAIDA,IE PEDACITO DE CIELO,
26,050,02,02,QUINDIO,LA TEBAIDA,INSTITUTO EDUC. ANTONIO NARIÑO,
26,050,99,28,QUINDIO,LA TEBAIDA,LA HERRADURA  (LA SILVIA),
26,060,01,01,QUINDIO,MONTENEGRO,ESC. RAFAEL URIBE,
26,060,01,02,QUINDIO,MONTENEGRO,COLEGIO INSTITUTO MONTENEGRO,
26,060,01,03,QUINDIO,MONTENEGRO,ESC FRANCISCO JOSE DE CALDAS,
26,060,01,04,QUINDIO,MONTENEGRO,INSTITUCION EDUCATIVA JESUS MARIA OBANDO,
26,060,02,01,QUINDIO,MONTENEGRO,COL. SANTAMARIA GORETTI,
26,060,02,02,QUINDIO,MONTENEGRO,ESC. LOS FUNDADORES,
26,060,02,03,QUINDIO,MONTENEGRO,ESCUELA GENERAL SANTANDER,
26,060,02,04,QUINDIO,MONTENEGRO,COLEGIO JESUS MAESTRO,
26,060,99,28,QUINDIO,MONTENEGRO,ESCUELA EL CASTILLO,
26,060,99,34,QUINDIO,MONTENEGRO,PUEBLO TAPAO,
26,070,00,00,QUINDIO,PIJAO,PUESTO CABECERA MUNICIPAL,
26,070,99,11,QUINDIO,PIJAO,BARRAGAN,
26,070,99,13,QUINDIO,PIJAO,LA MARIELA,
26,070,99,57,QUINDIO,PIJAO,MAIZENA ALTA,
26,080,01,01,QUINDIO,QUIMBAYA,INST. EDU.  POLICARPA SALAVARRIETA,
26,080,01,02,QUINDIO,QUIMBAYA,I.E. DE MERCADOTECNIA MARIA INMACULADA,
26,080,01,03,QUINDIO,QUIMBAYA,INSTITUCION EDUCATIVA SADEQUI,
26,080,01,04,QUINDIO,QUIMBAYA,INSTITUCION EDUCATIVA  ESPIRITU SANTO,
26,080,01,05,QUINDIO,QUIMBAYA,INSTITUCION EDUCATIVA ANTONIA SANTOS,
26,080,02,01,QUINDIO,QUIMBAYA,INSTITUCION EDUCATIVA ANTONIO RICAURTE,
26,080,02,02,QUINDIO,QUIMBAYA,INSTITUCION EDUCATIVA SIMON BOLIVAR,
26,080,02,03,QUINDIO,QUIMBAYA,I.E. SAGRADO CORAZON DE JESUS,
26,080,90,01,QUINDIO,QUIMBAYA,INSTITUCION EDUCATIVA INSTITUTO QUIMBAYA,
26,080,99,29,QUINDIO,QUIMBAYA,EL JAZMIN,
26,080,99,30,QUINDIO,QUIMBAYA,INSTITUCION EDUCATIVA RURAL EL LAUREL,
26,080,99,32,QUINDIO,QUIMBAYA,INSTITUCION EDUCATIVA  NARANJAL,
26,080,99,53,QUINDIO,QUIMBAYA,LA MESA BAJA,
26,080,99,72,QUINDIO,QUIMBAYA,IE RAMON MESSA LONDOÑO,
26,080,99,73,QUINDIO,QUIMBAYA,PUERTO ALEJANDRIA,
26,090,00,00,QUINDIO,SALENTO,PUESTO CABECERA MUNICIPAL,
26,090,99,11,QUINDIO,SALENTO,BOQUIA,
26,090,99,14,QUINDIO,SALENTO,CANAAN,
26,090,99,20,QUINDIO,SALENTO,COCORA (PALESTINA),
26,090,99,54,QUINDIO,SALENTO,LA NUBIA,
27,001,01,01,SANTANDER,BUCARAMANGA,IE MAIPORÉ SEDE B,COMUNA 1 NORTE
27,001,01,02,SANTANDER,BUCARAMANGA,IE TEC RAFAEL GARCIA HERREROS,COMUNA 1 NORTE
27,001,01,03,SANTANDER,BUCARAMANGA,IE CAFÉ MADRID,COMUNA 1 NORTE
27,001,01,04,SANTANDER,BUCARAMANGA,COLEGIO FE Y ALEGRIA LOS COLORADOS,COMUNA 1 NORTE
27,001,01,05,SANTANDER,BUCARAMANGA,SALON COMUNAL  EL PABLON,COMUNA 1 NORTE
27,001,01,06,SANTANDER,BUCARAMANGA,CENTRO VIDA KENNEDY,COMUNA 1 NORTE
27,001,01,07,SANTANDER,BUCARAMANGA,I.E. SANTO ANGEL,COMUNA 1 NORTE
27,001,02,01,SANTANDER,BUCARAMANGA,INST DE PROM SOC DEL NORTE SEDE A,COMUNA 2 NORORIENTAL
27,001,02,02,SANTANDER,BUCARAMANGA,ORDEN DE LOS CLÉRIGOS REG SOMASCOS,COMUNA 2 NORORIENTAL
27,001,02,03,SANTANDER,BUCARAMANGA,IE DÁMASO ZAPATA SEDE C,COMUNA 2 NORORIENTAL
27,001,02,04,SANTANDER,BUCARAMANGA,IE RURAL BOSCONIA,COMUNA 2 NORORIENTAL
27,001,02,05,SANTANDER,BUCARAMANGA,I.E. LA JUVENTUD SEDE A,COMUNA 2 NORORIENTAL
27,001,03,01,SANTANDER,BUCARAMANGA,IE TEC DAMASO ZAPATA SEDE A,COMUNA 3 SAN FRANCISCO
27,001,03,02,SANTANDER,BUCARAMANGA,COL FRANCISCANO DEL VIRREY SOL,COMUNA 3 SAN FRANCISCO
27,001,03,03,SANTANDER,BUCARAMANGA,COL SANTANDER SEDE A,COMUNA 3 SAN FRANCISCO
27,001,03,04,SANTANDER,BUCARAMANGA,SENA - CSET - COLISEO,COMUNA 3 SAN FRANCISCO
27,001,04,01,SANTANDER,BUCARAMANGA,COL AMERICANO,COMUNA 3 SAN FRANCISCO
27,001,04,02,SANTANDER,BUCARAMANGA,IE COMUNEROS,COMUNA 3 SAN FRANCISCO
27,001,04,03,SANTANDER,BUCARAMANGA,IE CENTRO PILOTO SIMON BOLIVAR,COMUNA 3 SAN FRANCISCO
27,001,04,04,SANTANDER,BUCARAMANGA,COL SANTANDER SEDE C,COMUNA 3 SAN FRANCISCO
27,001,04,05,SANTANDER,BUCARAMANGA,I.E. CLUB UNION SEDE A,COMUNA 3 SAN FRANCISCO
27,001,05,01,SANTANDER,BUCARAMANGA,INST TEC SALESIANO ELOY VALENZ,COMUNA 4 OCCIDENTAL
27,001,05,02,SANTANDER,BUCARAMANGA,I. INTEGRADO JORGE ELIECER GAITAN SEDE A,COMUNA 4 OCCIDENTAL
27,001,05,03,SANTANDER,BUCARAMANGA,COL FRANCISCO DE PAULA S/DER SEDE A,COMUNA 4 OCCIDENTAL
27,001,05,04,SANTANDER,BUCARAMANGA,COL FRANCISCO DE PAULA S/DER SEDE B,COMUNA 4 OCCIDENTAL
27,001,05,05,SANTANDER,BUCARAMANGA,CENTRAL DE ABASTOS,COMUNA 4 OCCIDENTAL
27,001,06,01,SANTANDER,BUCARAMANGA,IE ANDRES PAEZ DE SOTOMAYOR,COMUNA 5 GARCIA ROVIRA
27,001,06,02,SANTANDER,BUCARAMANGA,COL COOPERATIVO DE BUCARAMANGA,COMUNA 5 GARCIA ROVIRA
27,001,06,03,SANTANDER,BUCARAMANGA,IE CAMACHO CARREÑO,COMUNA 5 GARCIA ROVIRA
27,001,06,04,SANTANDER,BUCARAMANGA,IE CAMPO HERMOSO,COMUNA 5 GARCIA ROVIRA
27,001,06,05,SANTANDER,BUCARAMANGA,HOSPITAL PSIQUIATRICO SAN CAMILO,COMUNA 5 GARCIA ROVIRA
27,001,07,01,SANTANDER,BUCARAMANGA,IE JORGE ARDILA DUARTE SEDE A,COMUNA 6 LA CONCORDIA
27,001,07,02,SANTANDER,BUCARAMANGA,INST SAN JOSÉ DE LA SALLE,COMUNA 6 LA CONCORDIA
27,001,07,03,SANTANDER,BUCARAMANGA,COL TEC EMPRESARIAL JOSE MARIA,COMUNA 6 LA CONCORDIA
27,001,07,04,SANTANDER,BUCARAMANGA,COL AURELIO MARTINEZ MUTIS SEDE B,COMUNA 6 LA CONCORDIA
27,001,07,05,SANTANDER,BUCARAMANGA,GIMNASIO SUPERIOR EMPRESARIAL,COMUNA 6 LA CONCORDIA
27,001,07,06,SANTANDER,BUCARAMANGA,IE SANTA MARIA GORETTI SEDE C,COMUNA 6 LA CONCORDIA
27,001,08,01,SANTANDER,BUCARAMANGA,COL AURELIO MARTINEZ MUTIS SEDE A,COMUNA 7 LA CIUDADELA
27,001,08,02,SANTANDER,BUCARAMANGA,IE NUESTRA SEÑORA DEL PILAR SEDE A,COMUNA 7 LA CIUDADELA
27,001,08,03,SANTANDER,BUCARAMANGA,UNIDADES TECNOLOGICAS DE SANT,COMUNA 7 LA CIUDADELA
27,001,09,01,SANTANDER,BUCARAMANGA,IE NUESTRA SEÑORA DEL PILAR SEDE B,COMUNA 8 SUR OCCIDENTE
27,001,09,02,SANTANDER,BUCARAMANGA,IE NUESTRA SEÑORA DEL PILAR SEDE E,COMUNA 8 SUR OCCIDENTE
27,001,09,03,SANTANDER,BUCARAMANGA,IE INEM CUSTODIO GARCIA ROV SEDE H,COMUNA 8 SUR OCCIDENTE
27,001,10,01,SANTANDER,BUCARAMANGA,IE LA LIBERTAD,COMUNA 9 LA PEDREGOZA
27,001,10,02,SANTANDER,BUCARAMANGA,IE INEM CUSTODIO GARCIA ROVIRA SEDE G,COMUNA 9 LA PEDREGOZA
27,001,10,03,SANTANDER,BUCARAMANGA,COL. INTEGRADO JORGE ISAAC,COMUNA 9 LA PEDREGOZA
27,001,11,01,SANTANDER,BUCARAMANGA,IE PROVENZA,COMUNA 10 PROVENZA
27,001,11,02,SANTANDER,BUCARAMANGA,IE INEM CUSTODIO GARCIA ROV SEDE E,COMUNA 10 PROVENZA
27,001,11,03,SANTANDER,BUCARAMANGA,JARDIN INFANTIL CASITA DE CHOC,COMUNA 10 PROVENZA
27,001,11,04,SANTANDER,BUCARAMANGA,IE INEM CUSTODIO GARCIA ROV SEDE A,COMUNA 10 PROVENZA
27,001,12,01,SANTANDER,BUCARAMANGA,COL ADVENTISTA LIBERTAD,COMUNA 11 SUR
27,001,12,02,SANTANDER,BUCARAMANGA,IE MEDALLA MILAGROSA,COMUNA 11 SUR
27,001,12,03,SANTANDER,BUCARAMANGA,IE INEM SEDE D,COMUNA 11 SUR
27,001,13,01,SANTANDER,BUCARAMANGA,COL DE LAS AMERICAS,COMUNA 12 CABECERA DEL LLANO
27,001,13,02,SANTANDER,BUCARAMANGA,COL SAN PEDRITO,COMUNA 12 CABECERA DEL LLANO
27,001,13,03,SANTANDER,BUCARAMANGA,UNIVERSIDAD AUTONOMA DE BUCARAMANGA,COMUNA 12 CABECERA DEL LLANO
27,001,13,04,SANTANDER,BUCARAMANGA,COL SAN PEDRO CLAVER,COMUNA 12 CABECERA DEL LLANO
27,001,13,05,SANTANDER,BUCARAMANGA,EFORSALUD,COMUNA 12 CABECERA DEL LLANO
27,001,13,06,SANTANDER,BUCARAMANGA,COLEGIO LA PRESENTACION,COMUNA 12 CABECERA DEL LLANO
27,001,13,07,SANTANDER,BUCARAMANGA,CEN DE SERVICIOS UNIVERSITARIOS CSU UNAB,COMUNA 12 CABECERA DEL LLANO
27,001,14,01,SANTANDER,BUCARAMANGA,ESC NORMAL SUPERIOR SEDE A,COMUNA 13 ORIENTAL
27,001,14,02,SANTANDER,BUCARAMANGA,ESC NORMAL SUPERIOR SEDE C,COMUNA 13 ORIENTAL
27,001,14,03,SANTANDER,BUCARAMANGA,COL PSICOPEDAG CARL ROGERS,COMUNA 13 ORIENTAL
27,001,14,04,SANTANDER,BUCARAMANGA,COOP ESPECIALIZ DE EDUC DE COMFENALCO,COMUNA 13 ORIENTAL
27,001,15,01,SANTANDER,BUCARAMANGA,UNIVERSIDAD COOP DE COLOMBIA,COMUNA 13 ORIENTAL
27,001,15,02,SANTANDER,BUCARAMANGA,I.E. LAS AMERICAS,COMUNA 13 ORIENTAL
27,001,15,03,SANTANDER,BUCARAMANGA,IE BICENTENARIO SEDE B,COMUNA 13 ORIENTAL
27,001,16,01,SANTANDER,BUCARAMANGA,I.E. ORIENTE MIRAFLORES SEDE A,COMUNA 14 MORRORICO
27,001,16,02,SANTANDER,BUCARAMANGA,I.E. ORIENTE MIRAFLORES SEDE C,COMUNA 14 MORRORICO
27,001,16,03,SANTANDER,BUCARAMANGA,IE MIRAFLORES SEDE D BUENOS AIRES,COMUNA 14 MORRORICO
27,001,16,04,SANTANDER,BUCARAMANGA,IE TECNICO DAMASO ZAPATA SEDE B,COMUNA 14 MORRORICO
27,001,17,01,SANTANDER,BUCARAMANGA,GOBERNACION DE SANTANDER,COMUNA 15 CENTRO
27,001,17,02,SANTANDER,BUCARAMANGA,CORP UNIVERSITARIA UNICIENCIA,COMUNA 15 CENTRO
27,001,17,03,SANTANDER,BUCARAMANGA,COL NUESTRA SEÑORA DE FATIMA,COMUNA 15 CENTRO
27,001,18,01,SANTANDER,BUCARAMANGA,INST CALDAS,COMUNA 16 LAGOS DEL CACIQUE
27,001,18,02,SANTANDER,BUCARAMANGA,COL NUESTRA SEÑORA DEL ROSARIO,COMUNA 16 LAGOS DEL CACIQUE
27,001,18,03,SANTANDER,BUCARAMANGA,GIMNASIO CAMPESTRE SAN SEBASTIAN,COMUNA 16 LAGOS DEL CACIQUE
27,001,19,01,SANTANDER,BUCARAMANGA,I.E. JOSE CELESTINO MUTIS,COMUNA 17 MUTIS
27,001,19,02,SANTANDER,BUCARAMANGA,I.E. LUIS CARLOS GALAN SARMIENTO,COMUNA 17 MUTIS
27,001,19,03,SANTANDER,BUCARAMANGA,I.E. NUESTRA SEÑORA DEL PILAR SEDE C,COMUNA 17 MUTIS
27,001,98,01,SANTANDER,BUCARAMANGA,INST NAL PENITEN Y CARCELARIO HOMBRES,
27,001,98,02,SANTANDER,BUCARAMANGA,INST NAL PENITEN Y CARCELARIO MUJERES,
27,001,99,03,SANTANDER,BUCARAMANGA,EL PABLON,CORREGIMIENTO 1
27,001,99,05,SANTANDER,BUCARAMANGA,IE RURAL VIJAGUAL,CORREGIMIENTO 1
27,001,99,07,SANTANDER,BUCARAMANGA,LA CAPILLA,CORREGIMIENTO 2
27,001,99,10,SANTANDER,BUCARAMANGA,MONSERRATE,CORREGIMIENTO 2
27,001,99,85,SANTANDER,BUCARAMANGA,SAN JOSE,CORREGIMIENTO 3
27,001,99,86,SANTANDER,BUCARAMANGA,IE LA MALAÑA,CORREGIMIENTO 3
27,004,00,00,SANTANDER,AGUADA,PUESTO CABECERA MUNICIPAL,
27,007,00,00,SANTANDER,ALBANIA,PUESTO CABECERA MUNICIPAL,
27,007,99,01,SANTANDER,ALBANIA,EL HATILLO,
27,007,99,02,SANTANDER,ALBANIA,GUACOS,
27,007,99,03,SANTANDER,ALBANIA,CARRETERO,
27,007,99,05,SANTANDER,ALBANIA,LA MESA,
27,007,99,17,SANTANDER,ALBANIA,SABANETA,
27,007,99,80,SANTANDER,ALBANIA,UTAPA,
27,010,00,00,SANTANDER,ARATOCA,CABECERA MUNICIPAL - COLEGIO SAN LUIS,
27,013,01,01,SANTANDER,BARBOSA,INST. SEDE B EL CENTRO,
27,013,01,02,SANTANDER,BARBOSA,COL COOPERATIVO,
27,013,01,03,SANTANDER,BARBOSA,SEDE COMFENALCO,
27,013,02,01,SANTANDER,BARBOSA,INST SEDE C SANTA FE,
27,013,02,02,SANTANDER,BARBOSA,COL PARROQUIAL SAN LUIS GONZAG,
27,013,02,03,SANTANDER,BARBOSA,SEDE UNIVERSIDAD UIS,
27,013,99,20,SANTANDER,BARBOSA,CITE,
27,016,00,00,SANTANDER,BARICHARA,COL. INST. TECNICO AQUILEO PARRA SD UNO,
27,019,01,01,SANTANDER,BARRANCABERMEJA,COL JOHN F KENNEDY SD F PRIMERO DE MAYO,COMUNA 1
27,019,01,02,SANTANDER,BARRANCABERMEJA,COL JOSE PRUD. PADILLA SD B C.INTEGRADA,COMUNA 1
27,019,01,03,SANTANDER,BARRANCABERMEJA,COL JOHN F KENNEDY SD D PREESCOLAR SDER,COMUNA 1
27,019,01,04,SANTANDER,BARRANCABERMEJA,INSTITUTO ANTONIO NARIÑO,COMUNA 1
27,019,01,05,SANTANDER,BARRANCABERMEJA,COL INTECOBA,COMUNA 1
27,019,01,06,SANTANDER,BARRANCABERMEJA,COL JOHN F KENNEDY SEDE A,COMUNA 1
27,019,01,07,SANTANDER,BARRANCABERMEJA,COL SANTA TERESITA,COMUNA 1
27,019,01,08,SANTANDER,BARRANCABERMEJA,INST TEC SUP. INDUST. SD C STA CECILIA,COMUNA 1
27,019,01,09,SANTANDER,BARRANCABERMEJA,COL. DE LAS AMERICAS,COMUNA 1
27,019,02,01,SANTANDER,BARRANCABERMEJA,IE INFANTAS SEDE MIRAMAR,COMUNA 2
27,019,02,02,SANTANDER,BARRANCABERMEJA,COL JOSE ANTONIO GALAN,COMUNA 2
27,019,02,03,SANTANDER,BARRANCABERMEJA,IE INFANTAS,COMUNA 2
27,019,02,04,SANTANDER,BARRANCABERMEJA,UIS,COMUNA 2
27,019,02,05,SANTANDER,BARRANCABERMEJA,INST TEC SUPERIOR INDUSTRIAL,COMUNA 2
27,019,02,06,SANTANDER,BARRANCABERMEJA,COL LICEO NUEVA GENERACION,COMUNA 2
27,019,02,07,SANTANDER,BARRANCABERMEJA,INST TEC SUPERIOR DE COMERCIO,COMUNA 2
27,019,03,01,SANTANDER,BARRANCABERMEJA,INST TEC SUP. DE COMER. SD B LA LIBERTAD,COMUNA 3
27,019,03,02,SANTANDER,BARRANCABERMEJA,INST TEC SUP. DE COMERCIO SD C LA BELEN,COMUNA 3
27,019,03,03,SANTANDER,BARRANCABERMEJA,COL LAS BETHLEMITAS,COMUNA 3
27,019,03,04,SANTANDER,BARRANCABERMEJA,INST TEC SUP. DE COMER. SD E STA ISABEL,COMUNA 3
27,019,03,05,SANTANDER,BARRANCABERMEJA,SEMINARIO SAN PEDRO CLAVER,COMUNA 3
27,019,03,06,SANTANDER,BARRANCABERMEJA,DIEGO HDEZ DE GALLEGOS SD G LA FLORESTA,COMUNA 3
27,019,03,07,SANTANDER,BARRANCABERMEJA,COL JUAN FRANCISCO SARASTI MEGACOLEGIO,COMUNA 3
27,019,03,08,SANTANDER,BARRANCABERMEJA,DIEGO HDEZ DE GALLEGOS SEDE E,COMUNA 3
27,019,03,09,SANTANDER,BARRANCABERMEJA,COL MIGUEL ANTONIO CARO,COMUNA 3
27,019,03,10,SANTANDER,BARRANCABERMEJA,INST TEC SUP. DE COMER. SD F LARA PARADA,COMUNA 3
27,019,03,11,SANTANDER,BARRANCABERMEJA,DIEGO HDEZ DE GALLEGOS SEDE G  LA PAZ,COMUNA 3
27,019,04,01,SANTANDER,BARRANCABERMEJA,COL EL CASTILLO,COMUNA 4
27,019,04,02,SANTANDER,BARRANCABERMEJA,COL EL CASTILLO SEDE C  LAS NIEVES,COMUNA 4
27,019,04,03,SANTANDER,BARRANCABERMEJA,INST TEC SUP. INDUST. SD E GRAL CORDOBA,COMUNA 4
27,019,04,04,SANTANDER,BARRANCABERMEJA,COL EL CASTILLO SD E MIS PRIMERAS LETRAS,COMUNA 4
27,019,04,05,SANTANDER,BARRANCABERMEJA,COL EL CASTILLO SD D  EL PALMAR,COMUNA 4
27,019,04,06,SANTANDER,BARRANCABERMEJA,COL REAL DE MARES,COMUNA 4
27,019,04,07,SANTANDER,BARRANCABERMEJA,COL EL CASTILLO SEDE B  CINCUENTENARIO,COMUNA 4
27,019,05,01,SANTANDER,BARRANCABERMEJA,COL,COMUNA 5
27,019,05,02,SANTANDER,BARRANCABERMEJA,INS TEC SUPERIOR INDUSTRIAL SD B SANTANA,COMUNA 5
27,019,05,03,SANTANDER,BARRANCABERMEJA,COL,COMUNA 5
27,019,05,04,SANTANDER,BARRANCABERMEJA,COL DIVINO NIÑO JESUS,COMUNA 5
27,019,05,05,SANTANDER,BARRANCABERMEJA,COL,COMUNA 5
27,019,05,06,SANTANDER,BARRANCABERMEJA,INST TEC SUP. IND. SD G MARY VILLAMIZAR,COMUNA 5
27,019,05,07,SANTANDER,BARRANCABERMEJA,INST. TECNICO INDUSTRIAL SEDE H CHICO,COMUNA 5
27,019,05,08,SANTANDER,BARRANCABERMEJA,INST TEC SUP IND SD F SAN JOSE PROVIVI.,COMUNA 5
27,019,06,01,SANTANDER,BARRANCABERMEJA,COL CAMILO TORRES SD D P. SALAVARRIETA,COMUNA 6
27,019,06,02,SANTANDER,BARRANCABERMEJA,COL CAMILO TORRES,COMUNA 6
27,019,06,03,SANTANDER,BARRANCABERMEJA,COL CAMILO TORRES SD E MANUELA BELTRAN,COMUNA 6
27,019,06,04,SANTANDER,BARRANCABERMEJA,COL CAMILO TORRES SD F ALEJANDRO GALVIS,COMUNA 5
27,019,06,05,SANTANDER,BARRANCABERMEJA,COL CAMILO TORRES SD G ANTONIO NARIÑO,COMUNA 6
27,019,06,06,SANTANDER,BARRANCABERMEJA,COL CAMILO TORRES SD H  MARIA CANO,COMUNA 6
27,019,07,01,SANTANDER,BARRANCABERMEJA,COL CIUDADELA EDUC. SD G NUEVA GRANADA,COMUNA 7
27,019,07,02,SANTANDER,BARRANCABERMEJA,COL CIUDADELA EDUC. SD C CAMPESTRE,COMUNA 7
27,019,07,03,SANTANDER,BARRANCABERMEJA,COL CIUDADELA EDUCATIVA SEDE B,COMUNA 7
27,019,07,04,SANTANDER,BARRANCABERMEJA,COL CIUDADELA EDUCATIVA SEDE A,COMUNA 7
27,019,07,05,SANTANDER,BARRANCABERMEJA,COL CIUDAD. EDUC. SD D LA INDEPENDENCIA,COMUNA 7
27,019,07,06,SANTANDER,BARRANCABERMEJA,COL PIERRE DE FERMAT,COMUNA 7
27,019,07,07,SANTANDER,BARRANCABERMEJA,COL CIUDADELA EDUC. SD F  FE Y ALEGRIA,COMUNA 7
27,019,98,01,SANTANDER,BARRANCABERMEJA,CARCEL,
27,019,99,06,SANTANDER,BARRANCABERMEJA,COL AGROPECUARIO LA FORTUNA SEDE B,
27,019,99,07,SANTANDER,BARRANCABERMEJA,ESC. MESETA DE SAN RAFAEL SEDE A,
27,019,99,09,SANTANDER,BARRANCABERMEJA,COL. SAN RAFAEL DE CHUCURI,
27,019,99,70,SANTANDER,BARRANCABERMEJA,ESCUELA CIENAGA DE OPON,
27,019,99,A1,SANTANDER,BARRANCABERMEJA,COL BLANCA DURAN DE PADILLA SEDE A,CORREGIMIENTO EL CENTRO
27,019,99,A2,SANTANDER,BARRANCABERMEJA,COL BLANCA DURAN DE PADILLA SEDE B,CORREGIMIENTO EL CENTRO
27,019,99,A3,SANTANDER,BARRANCABERMEJA,ESC.LAURELES SEDE A,CORREGIMIENTO EL CENTRO
27,019,99,A4,SANTANDER,BARRANCABERMEJA,IE PUEBLO REGAO - SEDE CAMPO,CORREGIMIENTO EL CENTRO
27,019,99,A5,SANTANDER,BARRANCABERMEJA,IE PUEBLO REGAO,CORREGIMIENTO EL CENTRO
27,019,99,B1,SANTANDER,BARRANCABERMEJA,EL LLANITO SEDE A,CORREGIMIENTO EL LLANITO
27,019,99,B2,SANTANDER,BARRANCABERMEJA,EL LLANITO SEDE B,CORREGIMIENTO EL LLANITO
27,022,00,00,SANTANDER,BETULIA,PUESTO CABECERA MUNICIPAL,
27,022,99,05,SANTANDER,BETULIA,LA AGUAMIELUDA,
27,022,99,06,SANTANDER,BETULIA,TIENDA NUEVA,
27,022,99,25,SANTANDER,BETULIA,EL RAMO,
27,022,99,70,SANTANDER,BETULIA,SOL DE ORIENTE,
27,025,00,00,SANTANDER,BOLIVAR,PUESTO CABECERA MUNICIPAL,
27,025,99,01,SANTANDER,BOLIVAR,BERBEO,
27,025,99,02,SANTANDER,BOLIVAR,LA ARENA,
27,025,99,03,SANTANDER,BOLIVAR,AGUA LINDA,
27,025,99,04,SANTANDER,BOLIVAR,MATA DE COCO SECTOR LA FE,
27,025,99,05,SANTANDER,BOLIVAR,CRUCE DE NUTRIA,
27,025,99,07,SANTANDER,BOLIVAR,EL TRAPAL,
27,025,99,09,SANTANDER,BOLIVAR,FLOREZ,
27,025,99,10,SANTANDER,BOLIVAR,HORTA MEDIO,
27,025,99,13,SANTANDER,BOLIVAR,LA HERMOSURA,
27,025,99,14,SANTANDER,BOLIVAR,LA MELONA,
27,025,99,16,SANTANDER,BOLIVAR,SANTA ROSA,
27,025,99,20,SANTANDER,BOLIVAR,GALLEGOS,
27,025,99,25,SANTANDER,BOLIVAR,GUACAMAYO,
27,025,99,35,SANTANDER,BOLIVAR,LAJA SECA,
27,025,99,40,SANTANDER,BOLIVAR,LA AHUYAMERA,
27,025,99,50,SANTANDER,BOLIVAR,PLAN DE ROJAS,
27,025,99,70,SANTANDER,BOLIVAR,SAN ROQUE,
27,025,99,75,SANTANDER,BOLIVAR,SAN ISIDRO,
27,028,00,00,SANTANDER,CABRERA,PUESTO CABECERA MUNICIPAL,
27,031,00,00,SANTANDER,CALIFORNIA,PUESTO CABECERA MUNICIPAL,
27,034,00,00,SANTANDER,CAPITANEJO,PUESTO CABECERA MUNICIPAL,
27,037,00,00,SANTANDER,CARCASI,PUESTO CABECERA MUNICIPAL,
27,037,99,01,SANTANDER,CARCASI,EL TOBAL,
27,037,99,02,SANTANDER,CARCASI,AGUATENDIDA,
27,037,99,03,SANTANDER,CARCASI,VICTARIGUA,
27,037,99,04,SANTANDER,CARCASI,EL ASTILLAL,
27,037,99,05,SANTANDER,CARCASI,EL ROSAL,
27,037,99,50,SANTANDER,CARCASI,LA LEONA,
27,037,99,60,SANTANDER,CARCASI,LA RAMADA,
27,037,99,65,SANTANDER,CARCASI,LOS SINCHOS,
27,037,99,75,SANTANDER,CARCASI,SAN LUIS,
27,040,00,00,SANTANDER,CEPITA,PUESTO CABECERA MUNICIPAL,
27,040,99,01,SANTANDER,CEPITA,EL LAUREL,
27,040,99,03,SANTANDER,CEPITA,LA AGUADA,
27,040,99,04,SANTANDER,CEPITA,LLANADAS,
27,040,99,05,SANTANDER,CEPITA,SAN MIGUEL,
27,040,99,06,SANTANDER,CEPITA,EL EMBUDO,
27,040,99,07,SANTANDER,CEPITA,EL AMARGOSO,
27,040,99,10,SANTANDER,CEPITA,SAN FRANCISCO,
27,043,00,00,SANTANDER,CERRITO,PUESTO CABECERA MUNICIPAL,
27,043,99,01,SANTANDER,CERRITO,ESCUELA RURAL EL RODEO,
27,043,99,02,SANTANDER,CERRITO,ESCUELA RURAL TAURETES,
27,043,99,03,SANTANDER,CERRITO,LAUREL,
27,045,01,01,SANTANDER,CIMITARRA,"COL. INT DEL CARARE SEC PRIMARIA ""CICA""",
27,045,01,02,SANTANDER,CIMITARRA,"INST. ADVENTISTA DEL CARARE ""INAC""",
27,045,02,01,SANTANDER,CIMITARRA,"COL. INT DEL CARARE SEC SECUND "" CICA""",
27,045,02,02,SANTANDER,CIMITARRA,HOGAR INFANTIL RAYITO DE SOL,
27,045,99,01,SANTANDER,CIMITARRA,PUERTO ARAUJO,
27,045,99,02,SANTANDER,CIMITARRA,EL TROPEZON,
27,045,99,03,SANTANDER,CIMITARRA,INSTITUCION EDUCATIVA PUERTO OLAYA,
27,045,99,04,SANTANDER,CIMITARRA,SAN JUAN DE LA CARRILERA,
27,045,99,05,SANTANDER,CIMITARRA,CAMPO SECO,
27,045,99,06,SANTANDER,CIMITARRA,DOS HEMANOS,
27,045,99,07,SANTANDER,CIMITARRA,LA VERDE,
27,045,99,08,SANTANDER,CIMITARRA,KILOMETRO,
27,045,99,09,SANTANDER,CIMITARRA,SANTA ROSA DEL CARARE,
27,045,99,10,SANTANDER,CIMITARRA,PRIMAVERA,
27,045,99,11,SANTANDER,CIMITARRA,ZAMBITO,
27,045,99,12,SANTANDER,CIMITARRA,PALMAS DE GUAYABITO,
27,045,99,13,SANTANDER,CIMITARRA,SAN FERNANDO,
27,045,99,14,SANTANDER,CIMITARRA,SAN PEDRO DE LA PAZ,
27,045,99,15,SANTANDER,CIMITARRA,SAN TROPEL,
27,045,99,16,SANTANDER,CIMITARRA,CAMPO PADILLA,
27,045,99,17,SANTANDER,CIMITARRA,SAN JUAN DE LA CARRETERA,
27,045,99,18,SANTANDER,CIMITARRA,VUELTA ACUÑA,
27,046,00,00,SANTANDER,CONCEPCION,PUESTO CABECERA MUNICIPAL,
27,046,99,35,SANTANDER,CONCEPCION,VEREDA CARABOBO,
27,046,99,40,SANTANDER,CONCEPCION,NITAGA,
27,046,99,41,SANTANDER,CONCEPCION,JUNIN EL ROBLE,
27,046,99,42,SANTANDER,CONCEPCION,BARBULA,
27,046,99,43,SANTANDER,CONCEPCION,AYACUCHO,
27,046,99,44,SANTANDER,CONCEPCION,TENERIFE,
27,049,00,00,SANTANDER,CONFINES,PUESTO CABECERA MUNICIPAL,
27,049,99,70,SANTANDER,CONFINES,SAN JOAQUIN,
27,052,00,00,SANTANDER,CONTRATACION,PUESTO CABECERA MUNICIPAL,
27,052,99,01,SANTANDER,CONTRATACION,,CORREGIMIENTO  SAN PABLO                10000005100000095000001
27,055,00,00,SANTANDER,COROMORO,PUESTO CABECERA MUNICIPAL,
27,055,99,01,SANTANDER,COROMORO,CINCELADA,
27,055,99,60,SANTANDER,COROMORO,PUEBLO VIEJO,
27,058,00,00,SANTANDER,CURITI,PUESTO CABECERA MUNICIPAL,
27,058,99,01,SANTANDER,CURITI,EL BASTO,
27,058,99,05,SANTANDER,CURITI,LAS VUELTAS,
27,058,99,08,SANTANDER,CURITI,CANTABARA,
27,058,99,14,SANTANDER,CURITI,CUCHICUTE,
27,058,99,20,SANTANDER,CURITI,EL UVO,
27,058,99,25,SANTANDER,CURITI,PALO BLANCO BAJO,
27,058,99,30,SANTANDER,CURITI,PALO CORTADO,
27,058,99,36,SANTANDER,CURITI,PIEDRA GORDA,
27,061,00,00,SANTANDER,CHARALA,PUESTO CABECERA MUNICIPAL,
27,061,99,05,SANTANDER,CHARALA,,CORREGIMIENTO DE RIACHUELO              10000021900000293000002
27,061,99,06,SANTANDER,CHARALA,,CORREGIMIENTO DE LA CANTERA             10000001800000026000001
27,061,99,07,SANTANDER,CHARALA,,CORREGIMIENTO TINAGA ALTO               10000000700000011000001
27,064,00,00,SANTANDER,CHARTA,PUESTO CABECERA MUNICIPAL,
27,064,99,01,SANTANDER,CHARTA,LA AGUADA,
27,064,99,03,SANTANDER,CHARTA,PERICO,
27,064,99,04,SANTANDER,CHARTA,LA RINCONADA,
27,064,99,05,SANTANDER,CHARTA,PIRITA,
27,064,99,30,SANTANDER,CHARTA,LAGUNILLAS PICO Y PALMA,
27,067,00,00,SANTANDER,CHIMA,PUESTO CABECERA MUNICIPAL,
27,067,99,01,SANTANDER,CHIMA,LA PIEDRA,
27,070,00,00,SANTANDER,CHIPATA,PUESTO CABECERA MUNICIPAL,
27,071,00,00,SANTANDER,EL CARMEN,CABECERA MUNICIPAL,
27,071,99,05,SANTANDER,EL CARMEN,ANGOSTURA DE LOS ANDES,
27,071,99,10,SANTANDER,EL CARMEN,ALTO CASCAJALES,
27,071,99,15,SANTANDER,EL CARMEN,DOS BOCAS,
27,071,99,18,SANTANDER,EL CARMEN,DIVISO DE CIRALES,
27,071,99,20,SANTANDER,EL CARMEN,EL CENTENARIO,
27,071,99,21,SANTANDER,EL CARMEN,EL PROGRESO,
27,071,99,23,SANTANDER,EL CARMEN,EL TOBOSO,
27,071,99,30,SANTANDER,EL CARMEN,ISLANDA,
27,071,99,47,SANTANDER,EL CARMEN,LA YE,
27,071,99,49,SANTANDER,EL CARMEN,LA SALINA,
27,071,99,52,SANTANDER,EL CARMEN,PORVENIR DE LOS ANDES,
27,071,99,79,SANTANDER,EL CARMEN,SANTO DOMINGO DEL RAMO,
27,071,99,80,SANTANDER,EL CARMEN,TAMBOREDONDO,
27,071,99,91,SANTANDER,EL CARMEN,TRES AMIGOS,
27,071,99,98,SANTANDER,EL CARMEN,VISTA HERMOSA,
27,073,00,00,SANTANDER,EL GUACAMAYO,PUESTO CABECERA MUNICIPAL,
27,073,99,05,SANTANDER,EL GUACAMAYO,SANTA RITA DEL OPON,
27,074,00,00,SANTANDER,EL PLAYON,PUESTO CABECERA MUNICIPAL,
27,074,99,08,SANTANDER,EL PLAYON,BARRIO NUEVO,
27,074,99,16,SANTANDER,EL PLAYON,BETANIA,
27,074,99,24,SANTANDER,EL PLAYON,EL FILO,
27,074,99,30,SANTANDER,EL PLAYON,LAS ALTERAS,
27,074,99,32,SANTANDER,EL PLAYON,EL PINO,
27,074,99,33,SANTANDER,EL PLAYON,EL ROSARIO,
27,074,99,35,SANTANDER,EL PLAYON,LA BATECA,
27,074,99,36,SANTANDER,EL PLAYON,ESCUELA RURAL LIMITES,
27,074,99,40,SANTANDER,EL PLAYON,SAN IGNACIO DE LA AGUADA,
27,074,99,82,SANTANDER,EL PLAYON,SAN AGUSTIN,
27,074,99,88,SANTANDER,EL PLAYON,SAN PEDRO DE LA TIGRA,
27,074,99,92,SANTANDER,EL PLAYON,SANTA BARBARA,
27,075,00,00,SANTANDER,EL PEÑON,PUESTO CABECERA MUNICIPAL,
27,075,99,05,SANTANDER,EL PEÑON,GIRON,
27,075,99,06,SANTANDER,EL PEÑON,CRUCES,
27,075,99,09,SANTANDER,EL PEÑON,LA HONDURA,
27,075,99,10,SANTANDER,EL PEÑON,EL DANUBIO,
27,075,99,15,SANTANDER,EL PEÑON,EL GODO,
27,075,99,26,SANTANDER,EL PEÑON,EL VENADO,
27,075,99,27,SANTANDER,EL PEÑON,SAN FRANCISCO,
27,075,99,28,SANTANDER,EL PEÑON,DE ROBLES,
27,075,99,40,SANTANDER,EL PEÑON,OJO DE AGUA,
27,075,99,70,SANTANDER,EL PEÑON,OTOVAL,
27,076,00,00,SANTANDER,ENCINO,PUESTO CABECERA MUNICIPAL,
27,076,99,50,SANTANDER,ENCINO,CANADA,
27,079,00,00,SANTANDER,ENCISO,PUESTO CABECERA MUNICIPAL,
27,079,99,05,SANTANDER,ENCISO,AGUA SUCIA,
27,079,99,17,SANTANDER,ENCISO,CORTADERAS,
27,079,99,28,SANTANDER,ENCISO,MAYORIA,
27,079,99,40,SANTANDER,ENCISO,PEÑA COLORADA,
27,079,99,45,SANTANDER,ENCISO,ROSA BLANCA,
27,079,99,49,SANTANDER,ENCISO,ROBLES,
27,079,99,61,SANTANDER,ENCISO,SANTA HELENA,
27,080,00,00,SANTANDER,FLORIAN,COLEGIO INTEGRADO EZEQUIEL FLORIAN,
27,080,99,15,SANTANDER,FLORIAN,LA ESPERANZA - BUENA VISTA BAJA,
27,080,99,30,SANTANDER,FLORIAN,LA VENTA,
27,080,99,60,SANTANDER,FLORIAN,SANTA HELENA,
27,080,99,65,SANTANDER,FLORIAN,RIO MINERO OTRO MUNDO,
27,080,99,70,SANTANDER,FLORIAN,SAN ANTONIO DE LEONES,
27,082,01,01,SANTANDER,FLORIDABLANCA,INSTITUTO GABRIELA MISTRAL,
27,082,01,02,SANTANDER,FLORIDABLANCA,POLIDEPORTIVO JOSE ELIAS PUYANA,
27,082,01,03,SANTANDER,FLORIDABLANCA,COLEGIO JOSE ELIAS PUYANA SEDE A,
27,082,01,04,SANTANDER,FLORIDABLANCA,COLEGIO JOSE ELIAS PUYANA SEDE B,
27,082,01,05,SANTANDER,FLORIDABLANCA,INSTITUTO SANTA TERESITA,
27,082,01,06,SANTANDER,FLORIDABLANCA,COL NTRA SRA DEL ROSARIO SEDE PRIMARIA,
27,082,02,01,SANTANDER,FLORIDABLANCA,COLEGIO REINA DE LA PAZ,COMUNA 2 CAÑAVERAL-VERSALLES
27,082,02,02,SANTANDER,FLORIDABLANCA,COLEGIO NUEVO CAMBRIDGE,COMUNA 2 CAÑAVERAL-VERSALLES
27,082,02,03,SANTANDER,FLORIDABLANCA,COLEGIO PANAMERICANO,COMUNA 2 CAÑAVERAL-VERSALLES
27,082,02,04,SANTANDER,FLORIDABLANCA,COLEGIO VICENTE AZUERO SEDE D RIO FRIO,COMUNA 2 CAÑAVERAL-VERSALLES
27,082,02,05,SANTANDER,FLORIDABLANCA,UNAB CAMPUS EL BOSQUE,COMUNA 2 CAÑAVERAL-VERSALLES
27,082,02,06,SANTANDER,FLORIDABLANCA,COLEGIO CAMPESTRE GOYAVIER,COMUNA 2 CAÑAVERAL-VERSALLES
27,082,03,01,SANTANDER,FLORIDABLANCA,INSTITUTO CARACOLI,COMUNA 3 BUCARICA-CARACOLI
27,082,03,02,SANTANDER,FLORIDABLANCA,INSTITUTO GABRIEL GARCIA MARQUEZ,COMUNA 3 BUCARICA-CARACOLI
27,082,03,03,SANTANDER,FLORIDABLANCA,INST RECREACION Y DEPORTE DE FLORIDAB I,COMUNA 3 BUCARICA-CARACOLI
27,082,04,01,SANTANDER,FLORIDABLANCA,COLEGIO ISIDRO CABALLERO SEDE B,COMUNA 4 CALDAS- REPOSO
27,082,04,02,SANTANDER,FLORIDABLANCA,INSTITUTO ANTONIO JOSE DE SUCRE,COMUNA 4 CALDAS- REPOSO
27,082,04,03,SANTANDER,FLORIDABLANCA,INSTITUTO SAN BERNARDO,COMUNA 4 CALDAS- REPOSO
27,082,04,04,SANTANDER,FLORIDABLANCA,FRANCISCO JOSE DE CALDAS/INST MINCA SD B,COMUNA 4 CALDAS- REPOSO
27,082,04,05,SANTANDER,FLORIDABLANCA,INSTITUTO JOSE ANTONIO GALAN SEDE A,COMUNA 4 CALDAS- REPOSO
27,082,04,06,SANTANDER,FLORIDABLANCA,INSTITUTO LA TRINIDAD SEDE B,COMUNA 4 CALDAS- REPOSO
27,082,04,07,SANTANDER,FLORIDABLANCA,INSTITUTO JOSE ANTONIO GALAN SEDE B,COMUNA 4 CALDAS- REPOSO
27,082,04,08,SANTANDER,FLORIDABLANCA,INSTITUTO FE Y ALEGRIA,COMUNA 4 CALDAS- REPOSO
27,082,04,09,SANTANDER,FLORIDABLANCA,INSTITUTO COMUNITARIO MINCA SEDE A,COMUNA 4 CALDAS- REPOSO
27,082,04,10,SANTANDER,FLORIDABLANCA,COL TEC MICROEMPRESARIAL EL CARMEN SED D,COMUNA 4 CALDAS- REPOSO
27,082,04,11,SANTANDER,FLORIDABLANCA,SALON COMUNAL EL REPOSO,COMUNA 4 CALDAS- REPOSO
27,082,04,12,SANTANDER,FLORIDABLANCA,COL. MICROEMPRESARIAL EL CARMEN SEDE B,COMUNA 4 CALDAS- REPOSO
27,082,05,01,SANTANDER,FLORIDABLANCA,INSTITUTO EL PROGRESO SEDE D,COMUNA 5 BOSQUE MOLINOS
27,082,05,02,SANTANDER,FLORIDABLANCA,SALON COMUNAL MOLINOS BAJOS,COMUNA 5 BOSQUE MOLINOS
27,082,06,01,SANTANDER,FLORIDABLANCA,INSTITUTO RAFAEL POMBO,COMUNA 6 LAGOS BELLAVISTA
27,082,06,02,SANTANDER,FLORIDABLANCA,COLEGIO CAJASAN,COMUNA 6 LAGOS BELLAVISTA
27,082,06,03,SANTANDER,FLORIDABLANCA,COLEGIO VICENTE AZUERO SEDE B,COMUNA 6 LAGOS BELLAVISTA
27,082,06,04,SANTANDER,FLORIDABLANCA,COLEGIO VICENTE AZUERO SEDE C,COMUNA 6 LAGOS BELLAVISTA
27,082,06,05,SANTANDER,FLORIDABLANCA,COLEGIO VICENTE AZUERO SEDE A,COMUNA 6 LAGOS BELLAVISTA
27,082,07,01,SANTANDER,FLORIDABLANCA,INSTITUTO DOMINGO SABIO,
27,082,07,02,SANTANDER,FLORIDABLANCA,COLEGIO METROPOLITANO DEL SUR,
27,082,07,03,SANTANDER,FLORIDABLANCA,INSTITUTO MADRE DEL BUEN CONSEJO,
27,082,07,04,SANTANDER,FLORIDABLANCA,COLEGIO METROPOLITANO SANTA ANA,
27,082,07,05,SANTANDER,FLORIDABLANCA,SALON COMUNAL CIUDAD VALENCIA,
27,082,08,01,SANTANDER,FLORIDABLANCA,COLEGIO GONZALO JIMENEZ NAVAS,COMUNA 8 LA CUMBRE- EL CARMEN
27,082,08,02,SANTANDER,FLORIDABLANCA,COLEGIO MICROEMPRESARIAL EL CARME SEDE C,COMUNA 8 LA CUMBRE- EL CARMEN
27,082,08,03,SANTANDER,FLORIDABLANCA,INSTITUTO LA CUMBRE,COMUNA 8 LA CUMBRE- EL CARMEN
27,082,08,04,SANTANDER,FLORIDABLANCA,COLEGIO JOSE ELIAS PUYANA SEDE C,COMUNA 8 LA CUMBRE- EL CARMEN
27,082,99,08,SANTANDER,FLORIDABLANCA,COLEGIO ECOLOGICO HELECHALES SEDE F,CORREGIMIENTO 1
27,082,99,30,SANTANDER,FLORIDABLANCA,INST. AGROPECUARIO DUARTE ALEMAN SEDE B,CORREGIMIENTO 2
27,082,99,70,SANTANDER,FLORIDABLANCA,INST. AGROPECUARIO DUARTE ALEMAN SEDE A,CORREGIMIENTO 2
27,082,99,80,SANTANDER,FLORIDABLANCA,COL TEC. MICROEMPRESARIAL EL CARMEN SD E,CORREGIMIENTO 2
27,082,99,90,SANTANDER,FLORIDABLANCA,COL ECOLÓGICO DE FLORIDABLANCA SEDE J,CORREGIMIENTO 3
27,085,00,00,SANTANDER,GALAN,PUESTO CABECERA MUNICIPAL,
27,085,99,01,SANTANDER,GALAN,LA MESA,
27,085,99,10,SANTANDER,GALAN,BUENAVISTA,
27,085,99,12,SANTANDER,GALAN,BOQUERON,
27,085,99,15,SANTANDER,GALAN,CLAVELLINAS,
27,085,99,20,SANTANDER,GALAN,HOYA NEGRA,
27,085,99,40,SANTANDER,GALAN,LA AGUADA,
27,085,99,50,SANTANDER,GALAN,LAS VUELTAS,
27,085,99,65,SANTANDER,GALAN,SIBERIA,
27,085,99,70,SANTANDER,GALAN,SAN ISIDRO,
27,088,00,00,SANTANDER,GAMBITA,PUESTO CABECERA MUNICIPAL,
27,088,99,03,SANTANDER,GAMBITA,CORONTUNJO,
27,088,99,05,SANTANDER,GAMBITA,CORREG. LA PALMA,CORREGIMIENTO LA PALMA
27,088,99,07,SANTANDER,GAMBITA,EL PALMAR,
27,088,99,70,SANTANDER,GAMBITA,SUPATA,
27,091,01,01,SANTANDER,GIRON,COL.NIÑO JESUS DE PRAGA,
27,091,01,02,SANTANDER,GIRON,COLEGIO FRANCISCO SERRANO MUÑOZ SEDE A,
27,091,01,03,SANTANDER,GIRON,COL.SAN JUAN DE GIRON,
27,091,01,04,SANTANDER,GIRON,COL.LUIS CARLOS GALAN/SEDE B,
27,091,01,05,SANTANDER,GIRON,COLEGIO PORTAL CAMPESTRE NORTE,
27,091,01,06,SANTANDER,GIRON,COLEGIO SAN JUAN DE GIRON SEDE B,
27,091,01,07,SANTANDER,GIRON,COLEGIO GABRIEL GARCIA MARQUEZ,
27,091,02,01,SANTANDER,GIRON,COL.ROBERTO GARCIA PEÑA/SEDE A,
27,091,02,02,SANTANDER,GIRON,COLISEO CUBIERTO CIUDADELA VILLAMIL,
27,091,02,03,SANTANDER,GIRON,COLEGIO FACUNDO NAVAS MANTILLA,
27,091,02,04,SANTANDER,GIRON,COLEGIO DIANA TURBAY,
27,091,02,05,SANTANDER,GIRON,COLEGIO NUESTRA SEÑORA DE BELEN,
27,091,02,06,SANTANDER,GIRON,SENA PALENQUE,
27,091,03,01,SANTANDER,GIRON,COL JUAN CRISTOBAL MARTINEZ,
27,091,03,02,SANTANDER,GIRON,COL.LUIS CARLOS GALAN/SEDE A,
27,091,03,03,SANTANDER,GIRON,COLEGIO SANTA CRUZ,
27,091,03,04,SANTANDER,GIRON,COLEGIO VILLAS DE SAN JUAN,
27,091,03,05,SANTANDER,GIRON,COLEGIO MARIO MORALES DELGADO,
27,091,03,06,SANTANDER,GIRON,COL. LUIS CARLOS GALAN SEDE E,
27,091,04,01,SANTANDER,GIRON,COL.NIEVES CORTES PICON/SEDE A,
27,091,04,02,SANTANDER,GIRON,COL.SERRANO MUÑOZ/ SEDE B,
27,091,04,03,SANTANDER,GIRON,COL FACUNDO NAVAS SEDE D,
27,091,04,04,SANTANDER,GIRON,JARDIN INFANTIL DUENDECILLO DE GIRON,
27,091,04,05,SANTANDER,GIRON,COL SERRANO MUÑOZ SEDE C,
27,091,04,06,SANTANDER,GIRON,COLEGIO NIEVES CORTES SD B - LAS ROSITAS,
27,091,04,07,SANTANDER,GIRON,SALON COMUNAL BALCONES DE GIRON,
27,091,98,01,SANTANDER,GIRON,CENTR PENITENCIARIO PALOGORDO,
27,091,99,02,SANTANDER,GIRON,ACAPULCO,
27,091,99,03,SANTANDER,GIRON,CANTALTA,
27,091,99,04,SANTANDER,GIRON,EL RECREO,
27,091,99,05,SANTANDER,GIRON,CHOCOA,
27,091,99,06,SANTANDER,GIRON,CHOCOITA,
27,091,99,09,SANTANDER,GIRON,LAS BOCAS,
27,091,99,13,SANTANDER,GIRON,MARTA,
27,091,99,17,SANTANDER,GIRON,MOTOSO,
27,091,99,24,SANTANDER,GIRON,LLANO GRANDE,
27,091,99,40,SANTANDER,GIRON,PANTANO,
27,091,99,41,SANTANDER,GIRON,ESCUELA EL TABLAZO SECTOR CABAÑA BAJA,
27,091,99,42,SANTANDER,GIRON,COLEGIO AGUADA DE CEFERINO,
27,094,00,00,SANTANDER,GUACA,PUESTO CABECERA MUNICIPAL,
27,094,99,01,SANTANDER,GUACA,BARAYA,
27,094,99,02,SANTANDER,GUACA,EL PALMAR,
27,094,99,03,SANTANDER,GUACA,EL PORTILLO,
27,094,99,04,SANTANDER,GUACA,EL RETIRO,
27,094,99,05,SANTANDER,GUACA,QUEBRADAS,
27,094,99,06,SANTANDER,GUACA,CAMARA,
27,094,99,08,SANTANDER,GUACA,POTRERO GRANDE,
27,094,99,09,SANTANDER,GUACA,BARIA,
27,094,99,10,SANTANDER,GUACA,TABACAL,
27,094,99,12,SANTANDER,GUACA,SISOTA,
27,094,99,17,SANTANDER,GUACA,MATA DE LATA,
27,094,99,22,SANTANDER,GUACA,NUCUBUCA,
27,097,00,00,SANTANDER,GUADALUPE,PUESTO CABECERA MUNICIPAL,
27,097,99,13,SANTANDER,GUADALUPE,EL TOPON,
27,097,99,16,SANTANDER,GUADALUPE,LA LAJITA,
27,097,99,25,SANTANDER,GUADALUPE,QUITASOL,
27,097,99,40,SANTANDER,GUADALUPE,SOLFERINO,
27,100,00,00,SANTANDER,GUAPOTA,PUESTO CABECERA MUNICIPAL,
27,100,99,70,SANTANDER,GUAPOTA,PILAS,
27,103,00,00,SANTANDER,GUAVATA,PUESTO CABECERA MUNICIPAL,
27,106,00,00,SANTANDER,GUEPSA,PUESTO CABECERA MUNICIPAL,
27,109,00,00,SANTANDER,HATO,PUESTO CABECERA MUNICIPAL,
27,109,99,30,SANTANDER,HATO,EL PARAMO,
27,112,00,00,SANTANDER,JESUS MARIA,PUESTO CABECERA MUNICIPAL,
27,112,99,02,SANTANDER,JESUS MARIA,ALTO GRANDE,
27,112,99,03,SANTANDER,JESUS MARIA,AGUA FRIA,
27,112,99,04,SANTANDER,JESUS MARIA,CABRERA BAJA,
27,115,00,00,SANTANDER,JORDAN,PUESTO CABECERA MUNICIPAL,
27,115,99,45,SANTANDER,JORDAN,EL GUASIMO,
27,115,99,48,SANTANDER,JORDAN,EL POZO,
27,118,00,00,SANTANDER,LA PAZ,PUESTO CABECERA MUNICIPAL,
27,118,99,05,SANTANDER,LA PAZ,CASAS BLANCAS,
27,118,99,60,SANTANDER,LA PAZ,LINTERNITA,
27,118,99,85,SANTANDER,LA PAZ,TROCHAS,
27,119,00,00,SANTANDER,LA BELLEZA,PUESTO CABECERA MUNICIPAL,
27,119,99,20,SANTANDER,LA BELLEZA,EL RUBI,
27,119,99,27,SANTANDER,LA BELLEZA,LA PLAYA,
27,119,99,30,SANTANDER,LA BELLEZA,LA QUITAZ,
27,120,00,00,SANTANDER,LANDAZURI,PUESTO CABECERA MUNICIPAL,
27,120,99,15,SANTANDER,LANDAZURI,BAJO JORDAN,
27,120,99,20,SANTANDER,LANDAZURI,CHOROLO,
27,120,99,30,SANTANDER,LANDAZURI,KILOMETRO,
27,120,99,35,SANTANDER,LANDAZURI,LA INDIA,
27,120,99,40,SANTANDER,LANDAZURI,MIRALINDO,
27,120,99,75,SANTANDER,LANDAZURI,PLAN DE ARMAS,
27,120,99,80,SANTANDER,LANDAZURI,RIO BLANCO,
27,120,99,85,SANTANDER,LANDAZURI,SAN IGNACIO DEL OPON,
27,121,01,01,SANTANDER,LEBRIJA,C.NTR.SRA.DE LAS MERCEDES SA,
27,121,01,02,SANTANDER,LEBRIJA,HOGAR INF.LA ALEGRIA DE VIVIR,
27,121,02,01,SANTANDER,LEBRIJA,C.NTR.SRA.DE LAS MERCEDES SB,
27,121,02,02,SANTANDER,LEBRIJA,COL GIMN MONTEVERDE,
27,121,02,03,SANTANDER,LEBRIJA,COLISEO MUNICIPAL,
27,121,99,01,SANTANDER,LEBRIJA,LA AGUIRRE,
27,121,99,02,SANTANDER,LEBRIJA,CERRO DE LA AURORA,
27,121,99,03,SANTANDER,LEBRIJA,EL SANTERO,
27,121,99,05,SANTANDER,LEBRIJA,CENTENARIO,
27,121,99,13,SANTANDER,LEBRIJA,EL CONCHAL,
27,121,99,16,SANTANDER,LEBRIJA,EL SALADO,
27,121,99,19,SANTANDER,LEBRIJA,EL OSO,
27,121,99,20,SANTANDER,LEBRIJA,CUZAMAN,
27,121,99,21,SANTANDER,LEBRIJA,LA AGUADA DE CEFERINO,
27,121,99,23,SANTANDER,LEBRIJA,LA PUENTE,
27,121,99,26,SANTANDER,LEBRIJA,LIBANO,
27,121,99,27,SANTANDER,LEBRIJA,LA RENTA,
27,121,99,28,SANTANDER,LEBRIJA,LLANADAS,
27,121,99,33,SANTANDER,LEBRIJA,PORTUGAL,
27,121,99,35,SANTANDER,LEBRIJA,PUYANA,
27,121,99,38,SANTANDER,LEBRIJA,SARDINAS,
27,121,99,39,SANTANDER,LEBRIJA,URIBE URIBE,
27,121,99,40,SANTANDER,LEBRIJA,SANTO DOMINGO,
27,121,99,41,SANTANDER,LEBRIJA,VANEGAS,
27,124,00,00,SANTANDER,LOS SANTOS,PUESTO CABECERA MUNICIPAL,
27,124,99,01,SANTANDER,LOS SANTOS,EL TABACAL,
27,124,99,03,SANTANDER,LOS SANTOS,EL ESPINAL,
27,124,99,04,SANTANDER,LOS SANTOS,LA FUENTE,
27,124,99,05,SANTANDER,LOS SANTOS,LA PURNIA,
27,124,99,60,SANTANDER,LOS SANTOS,REGADERO,
27,127,00,00,SANTANDER,MACARAVITA,PUESTO CABECERA MUNICIPAL,
27,130,00,01,SANTANDER,MALAGA,NORMAL SUP. FRANCISCO DE PAULA SANTANDER,
27,130,00,02,SANTANDER,MALAGA,COL INSTITUTO TECNICO INDUSTRIAL,
27,130,98,01,SANTANDER,MALAGA,CARCEL,
27,130,99,02,SANTANDER,MALAGA,BARZAL,
27,130,99,03,SANTANDER,MALAGA,BUENAVISTA,
27,130,99,07,SANTANDER,MALAGA,EL ALIZAL,
27,130,99,40,SANTANDER,MALAGA,PESCADERITO,
27,130,99,50,SANTANDER,MALAGA,LAVADERO,
27,130,99,90,SANTANDER,MALAGA,VENTA QUEMADA,
27,133,00,00,SANTANDER,MATANZA,PUESTO CABECERA MUNICIPAL,
27,133,99,01,SANTANDER,MATANZA,EL PAUJIL,
27,133,99,03,SANTANDER,MATANZA,PATIO BARRIDO,
27,133,99,05,SANTANDER,MATANZA,SAN FRANCISCO,
27,133,99,09,SANTANDER,MATANZA,SANTA CRUZ,
27,133,99,25,SANTANDER,MATANZA,EL TANQUE,
27,136,00,00,SANTANDER,MOGOTES,PUESTO CABECERA MUNICIPAL,
27,136,99,01,SANTANDER,MOGOTES,PITIGUAO,
27,136,99,03,SANTANDER,MOGOTES,EL GUAMO,
27,136,99,04,SANTANDER,MOGOTES,CERRO NEGRO,
27,136,99,05,SANTANDER,MOGOTES,GUAURE,
27,136,99,07,SANTANDER,MOGOTES,HOYO DE LOS PAJAROS,
27,136,99,10,SANTANDER,MOGOTES,LOS CAUCHOS,
27,136,99,20,SANTANDER,MOGOTES,SANTA LUCIA,
27,139,00,00,SANTANDER,MOLAGAVITA,ESC GABRIELA MISTRAL,
27,139,99,01,SANTANDER,MOLAGAVITA,CHICACUTA,
27,139,99,03,SANTANDER,MOLAGAVITA,HOBO,
27,139,99,05,SANTANDER,MOLAGAVITA,NARANJO,
27,139,99,06,SANTANDER,MOLAGAVITA,EL JUNCO,
27,139,99,09,SANTANDER,MOLAGAVITA,HIGUERONES,
27,139,99,10,SANTANDER,MOLAGAVITA,LAGUNA DE OCHOAS,
27,139,99,11,SANTANDER,MOLAGAVITA,LAGUNITAS,
27,139,99,15,SANTANDER,MOLAGAVITA,PANTANO GRANDE,
27,139,99,17,SANTANDER,MOLAGAVITA,POTRERO GRANDE,
27,139,99,18,SANTANDER,MOLAGAVITA,POTRERO DE RODRIGUEZ,
27,139,99,20,SANTANDER,MOLAGAVITA,PURNIO,
27,142,00,00,SANTANDER,OCAMONTE,PUESTO CABECERA MUNICIPAL,
27,145,00,01,SANTANDER,OIBA,COLISEO MUNICIPAL,
27,145,00,02,SANTANDER,OIBA,ESCUELA INDUSTRIAL SD B,
27,145,99,01,SANTANDER,OIBA,PUENTE DE LLANO,CORREGIMIENTO PUENTE LLANO
27,145,99,02,SANTANDER,OIBA,SAN PEDRO,
27,145,99,03,SANTANDER,OIBA,BARRO BLANCO,
27,148,00,00,SANTANDER,ONZAGA,PUESTO CABECERA MUNICIPAL,
27,148,99,01,SANTANDER,ONZAGA,PADUA,
27,148,99,02,SANTANDER,ONZAGA,CAGUANOQUE,
27,148,99,03,SANTANDER,ONZAGA,EL CARMEN,
27,148,99,05,SANTANDER,ONZAGA,SUSA,
27,148,99,55,SANTANDER,ONZAGA,TAPIAS,
27,151,00,00,SANTANDER,PALMAR,PUESTO CABECERA MUNICIPAL,
27,151,99,10,SANTANDER,PALMAR,CINCO MIL,
27,154,00,00,SANTANDER,PALMAS DEL SOCORRO,PUESTO CABECERA MUNICIPAL,
27,157,00,00,SANTANDER,PARAMO,PUESTO CABECERA MUNICIPAL,
27,160,01,01,SANTANDER,PIEDECUESTA,COL BALBINO GARCIA SEDE A,
27,160,01,02,SANTANDER,PIEDECUESTA,INST LUIS CARLOS GALAN SEDE D,
27,160,01,03,SANTANDER,PIEDECUESTA,LUIS CARLOS GALAN SEDE B,
27,160,02,01,SANTANDER,PIEDECUESTA,ESC NORMAL SUPERIOR,
27,160,02,02,SANTANDER,PIEDECUESTA,COL CABELLANO,
27,160,02,03,SANTANDER,PIEDECUESTA,COL CAVIREY,
27,160,03,01,SANTANDER,PIEDECUESTA,COL CEDECO,
27,160,03,02,SANTANDER,PIEDECUESTA,INST LUIS CARLOS GALAN SEDE A,
27,160,03,03,SANTANDER,PIEDECUESTA,ESC BALBINO GARCIA SEDE C - MA,
27,160,03,04,SANTANDER,PIEDECUESTA,COLEGIO LUIS CARLOS GALAN SEDE C,
27,160,04,01,SANTANDER,PIEDECUESTA,COL HUMBERTO GOMEZ NIGRINIS,
27,160,04,02,SANTANDER,PIEDECUESTA,ESCENARIO DEPORTIVO MARIE POUSSEPIN,
27,160,04,03,SANTANDER,PIEDECUESTA,ESC BALBINO GARCIA SEDE B,
27,160,04,04,SANTANDER,PIEDECUESTA,COLEGIO CARLOS VICENTE REY SEDE D,
27,160,04,05,SANTANDER,PIEDECUESTA,COLEGIO CEDECO SEDE B,
27,160,05,01,SANTANDER,PIEDECUESTA,COL VICTOR FELIX GOMEZ SEDE A,
27,160,05,02,SANTANDER,PIEDECUESTA,COL PROMOCION SOCIAL,
27,160,05,03,SANTANDER,PIEDECUESTA,COL VICTOR FELIX GOMEZ SEDE B,
27,160,05,04,SANTANDER,PIEDECUESTA,CAIF CAMINO A BELEN,
27,160,06,01,SANTANDER,PIEDECUESTA,CENTRO TABACALERO,
27,160,06,02,SANTANDER,PIEDECUESTA,INST TEC CRECER Y CONSTRUIR,
27,160,06,03,SANTANDER,PIEDECUESTA,CTRO INTEGRACIÓN COMUNITARIA - LA DIVA,
27,160,06,04,SANTANDER,PIEDECUESTA,RESTAURANTE ESCOLAR TABACALERO,
27,160,06,05,SANTANDER,PIEDECUESTA,SALON COMUNAL BARILOCHE,
27,160,99,10,SANTANDER,PIEDECUESTA,BUENOS AIRES,
27,160,99,16,SANTANDER,PIEDECUESTA,CUROS,
27,160,99,18,SANTANDER,PIEDECUESTA,CRISTALES,
27,160,99,22,SANTANDER,PIEDECUESTA,GRANADILLO,
27,160,99,26,SANTANDER,PIEDECUESTA,LA ESPERANZA,
27,160,99,38,SANTANDER,PIEDECUESTA,LA COLINA,
27,160,99,39,SANTANDER,PIEDECUESTA,SAN FRANCISCO,
27,160,99,40,SANTANDER,PIEDECUESTA,SAN ISIDRO,
27,160,99,42,SANTANDER,PIEDECUESTA,MESITAS DE SAN JAVIER,
27,160,99,43,SANTANDER,PIEDECUESTA,MANZANARES,
27,160,99,45,SANTANDER,PIEDECUESTA,MIRAFLORES,
27,160,99,50,SANTANDER,PIEDECUESTA,MENZULI ALTO Y MENZULI BAJO,
27,160,99,55,SANTANDER,PIEDECUESTA,PESCADERO,
27,160,99,60,SANTANDER,PIEDECUESTA,PLANADAS,
27,160,99,68,SANTANDER,PIEDECUESTA,SEVILLA,
27,160,99,70,SANTANDER,PIEDECUESTA,SANTA RITA,
27,160,99,88,SANTANDER,PIEDECUESTA,UMPALA,
27,160,99,90,SANTANDER,PIEDECUESTA,LA VEGA,
27,163,00,00,SANTANDER,PINCHOTE,PUESTO CABECERA MUNICIPAL,
27,166,00,00,SANTANDER,PUENTE NACIONAL,PUESTO CABECERA MUNICIPAL,
27,166,99,01,SANTANDER,PUENTE NACIONAL,EL VENADO,
27,166,99,02,SANTANDER,PUENTE NACIONAL,BAJO SEMISA,
27,166,99,03,SANTANDER,PUENTE NACIONAL,LA CAPILLA,
27,166,99,04,SANTANDER,PUENTE NACIONAL,CORINTO,
27,166,99,05,SANTANDER,PUENTE NACIONAL,PROVIDENCIA,
27,166,99,07,SANTANDER,PUENTE NACIONAL,POPOA NORTE,
27,166,99,09,SANTANDER,PUENTE NACIONAL,PEÑA BLANCA,
27,166,99,13,SANTANDER,PUENTE NACIONAL,BAJO GUAMITO,
27,166,99,18,SANTANDER,PUENTE NACIONAL,QUEBRADA NEGRA,
27,166,99,20,SANTANDER,PUENTE NACIONAL,ALTO GUAMITO,
27,166,99,22,SANTANDER,PUENTE NACIONAL,ALTO SEMISA,
27,166,99,24,SANTANDER,PUENTE NACIONAL,DELICIAS,
27,166,99,26,SANTANDER,PUENTE NACIONAL,PETAQUEROS,
27,166,99,28,SANTANDER,PUENTE NACIONAL,ROBLES,
27,167,00,00,SANTANDER,PUERTO PARRA,PUESTO CABECERA MUNICIPAL,
27,167,99,25,SANTANDER,PUERTO PARRA,CAMPO CAPOTE,
27,167,99,30,SANTANDER,PUERTO PARRA,EL CRUCE DE CAPOTE,
27,167,99,40,SANTANDER,PUERTO PARRA,LAS MONTOYAS,
27,167,99,45,SANTANDER,PUERTO PARRA,CENTRO POBLADO BOCAS DE CARARE,
27,169,00,01,SANTANDER,PUERTO WILCHES,COLEGIO OFICIAL INTEGRADO,
27,169,00,02,SANTANDER,PUERTO WILCHES,ESCUELA INDUSTRIAL,
27,169,99,01,SANTANDER,PUERTO WILCHES,BADILLO,
27,169,99,02,SANTANDER,PUERTO WILCHES,AUROYA,
27,169,99,05,SANTANDER,PUERTO WILCHES,BOCAS DEL ROSARIO,
27,169,99,06,SANTANDER,PUERTO WILCHES,CAMPO DURO,
27,169,99,07,SANTANDER,PUERTO WILCHES,CAMPOALEGRE,
27,169,99,08,SANTANDER,PUERTO WILCHES,PUERTO CAYUMBA,
27,169,99,09,SANTANDER,PUERTO WILCHES,EL PEDREGAL,
27,169,99,10,SANTANDER,PUERTO WILCHES,CARPINTERO,
27,169,99,13,SANTANDER,PUERTO WILCHES,EL GUAYABO,
27,169,99,15,SANTANDER,PUERTO WILCHES,KILOMETRO,
27,169,99,17,SANTANDER,PUERTO WILCHES,KILOMETRO,
27,169,99,27,SANTANDER,PUERTO WILCHES,PATURIA,
27,169,99,28,SANTANDER,PUERTO WILCHES,PUENTE SOGAMOSO,
27,169,99,29,SANTANDER,PUERTO WILCHES,PRADILLA,
27,169,99,30,SANTANDER,PUERTO WILCHES,CHINGALE,
27,169,99,40,SANTANDER,PUERTO WILCHES,SITIO NUEVO,
27,169,99,45,SANTANDER,PUERTO WILCHES,SAN CLAVER,
27,169,99,46,SANTANDER,PUERTO WILCHES,SANTA TERESA,
27,169,99,48,SANTANDER,PUERTO WILCHES,TALADRO DOS,
27,169,99,49,SANTANDER,PUERTO WILCHES,VIJAGUAL,
27,172,00,01,SANTANDER,RIONEGRO,COLEGIO FRAY NEPOMUCENO RAMOS,
27,172,00,02,SANTANDER,RIONEGRO,COLISEO POLIDEPORTIVO RIONEGRO,
27,172,99,03,SANTANDER,RIONEGRO,CAÑO SIETE,
27,172,99,05,SANTANDER,RIONEGRO,CUESTA RICA,
27,172,99,06,SANTANDER,RIONEGRO,DELICIAS DEL BRILLANTE,
27,172,99,07,SANTANDER,RIONEGRO,EL BAMBU,
27,172,99,08,SANTANDER,RIONEGRO,FLOREZ,
27,172,99,10,SANTANDER,RIONEGRO,GALANES,
27,172,99,13,SANTANDER,RIONEGRO,GALAPAGOS,
27,172,99,15,SANTANDER,RIONEGRO,LAGUNA DE ORIENTE,
27,172,99,17,SANTANDER,RIONEGRO,LA CEIBA,
27,172,99,18,SANTANDER,RIONEGRO,LA MUZANDA,
27,172,99,19,SANTANDER,RIONEGRO,LA UNION DE GALAPAGOS,
27,172,99,20,SANTANDER,RIONEGRO,LA SALINA,
27,172,99,22,SANTANDER,RIONEGRO,LOS CHORROS,
27,172,99,25,SANTANDER,RIONEGRO,LLANO DE PALMAS,
27,172,99,27,SANTANDER,RIONEGRO,MISIGUAY,
27,172,99,28,SANTANDER,RIONEGRO,PEÑAS NEGRAS,
27,172,99,29,SANTANDER,RIONEGRO,PAPAYAL,
27,172,99,30,SANTANDER,RIONEGRO,SAN RAFAEL,
27,172,99,35,SANTANDER,RIONEGRO,SAN IGNACIO,
27,172,99,37,SANTANDER,RIONEGRO,VILLA PAZ,
27,172,99,38,SANTANDER,RIONEGRO,POPAS,
27,172,99,39,SANTANDER,RIONEGRO,VEGAS DEL LLANO DE PALMAS,
27,172,99,42,SANTANDER,RIONEGRO,LA CORCOVADA,
27,172,99,43,SANTANDER,RIONEGRO,GUAYANA,
27,172,99,45,SANTANDER,RIONEGRO,HONDURAS CAÑA BRAVA,
27,174,01,01,SANTANDER,SABANA DE TORRES,COLEGIO CIME SEDE A,
27,174,01,02,SANTANDER,SABANA DE TORRES,ESC LAS FERIAS CIME SEDE C,
27,174,02,01,SANTANDER,SABANA DE TORRES,ESC COMUNEROS CIME SEDE G,
27,174,02,02,SANTANDER,SABANA DE TORRES,ESC ARGELIA CIME SEDE E,
27,175,00,00,SANTANDER,SAN ANDRES,PUESTO CABECERA MUNICIPAL,
27,175,99,01,SANTANDER,SAN ANDRES,EL PIRE,
27,175,99,02,SANTANDER,SAN ANDRES,CARABALI,
27,175,99,03,SANTANDER,SAN ANDRES,HATO DE CABALLEROS,
27,175,99,04,SANTANDER,SAN ANDRES,CAIRASCO,
27,175,99,05,SANTANDER,SAN ANDRES,LAGUNA DE ORTICES,
27,175,99,06,SANTANDER,SAN ANDRES,LA RAMADA,
27,175,99,07,SANTANDER,SAN ANDRES,MOGOTOCORO,
27,175,99,08,SANTANDER,SAN ANDRES,ANCA,
27,175,99,09,SANTANDER,SAN ANDRES,PANGOTE,
27,175,99,11,SANTANDER,SAN ANDRES,PANGUA,
27,175,99,13,SANTANDER,SAN ANDRES,LISTARA,
27,175,99,15,SANTANDER,SAN ANDRES,SAN PABLO,
27,175,99,17,SANTANDER,SAN ANDRES,SANTA CRUZ,
27,175,99,20,SANTANDER,SAN ANDRES,SANTO DOMINGO,
27,175,99,21,SANTANDER,SAN ANDRES,EL CARACOL,
27,178,00,00,SANTANDER,SAN BENITO,PUESTO CABECERA MUNICIPAL,
27,178,99,10,SANTANDER,SAN BENITO,INSTITUCION EDUCATIVA LA CARRERA,
27,181,01,01,SANTANDER,SAN GIL,COL.SAN VICENTE DE PAUL,
27,181,01,02,SANTANDER,SAN GIL,SENA,
27,181,01,03,SANTANDER,SAN GIL,COLEGIO CARLOS MARTINEZ SILVA,
27,181,01,04,SANTANDER,SAN GIL,COLISEO LORENZO ALCANTUZ,
27,181,01,05,SANTANDER,SAN GIL,COLEGIO EL ROSARIO,
27,181,01,06,SANTANDER,SAN GIL,CENTRO DE CONVICENCIA CULTURA Y PAZ,
27,181,01,07,SANTANDER,SAN GIL,ESCUELA LAS AMERICAS,
27,181,02,01,SANTANDER,SAN GIL,COL SAN JOSE DE GUANENTA,
27,181,02,02,SANTANDER,SAN GIL,COL LA PRESENTACION,
27,181,02,03,SANTANDER,SAN GIL,COL. LA NIÑA MARIA,
27,181,02,04,SANTANDER,SAN GIL,COLEGIO SAN CARLOS,
27,181,02,05,SANTANDER,SAN GIL,COL RODOLFO GONZALEZ GARCIA,
27,181,02,06,SANTANDER,SAN GIL,HOGAR INFANTIL DUMBO,
27,181,98,01,SANTANDER,SAN GIL,CARCEL,
27,181,99,05,SANTANDER,SAN GIL,COLEGIO SANTA SOFIA,
27,181,99,10,SANTANDER,SAN GIL,BOQUERON,
27,181,99,30,SANTANDER,SAN GIL,LA FLORA,
27,181,99,34,SANTANDER,SAN GIL,LAS JOYAS,
27,181,99,50,SANTANDER,SAN GIL,OJO DE AGUA,
27,181,99,58,SANTANDER,SAN GIL,PUENTE TIERRA,
27,181,99,67,SANTANDER,SAN GIL,SAN JOSE,
27,181,99,71,SANTANDER,SAN GIL,SALON SOC. JUNTA ACC.COMUNAL SANTA RITA,
27,181,99,92,SANTANDER,SAN GIL,VERSALLES,
27,184,00,00,SANTANDER,SAN JOAQUIN,PUESTO CABECERA MUNICIPAL,
27,187,00,00,SANTANDER,SAN JOSE DE MIRANDA,PUESTO CABECERA MUNICIPAL,
27,187,99,01,SANTANDER,SAN JOSE DE MIRANDA,ALTO DE SAN JOSE DE MIRANDA,
27,187,99,02,SANTANDER,SAN JOSE DE MIRANDA,CARBONERAS,
27,187,99,04,SANTANDER,SAN JOSE DE MIRANDA,CRUZ DE PIEDRA,
27,187,99,06,SANTANDER,SAN JOSE DE MIRANDA,CUCHARITO,
27,187,99,08,SANTANDER,SAN JOSE DE MIRANDA,PETAQUERO,
27,187,99,12,SANTANDER,SAN JOSE DE MIRANDA,TEQUIA,
27,190,00,00,SANTANDER,SAN MIGUEL,PUESTO CABECERA MUNICIPAL,
27,190,99,05,SANTANDER,SAN MIGUEL,ARENALES,
27,190,99,10,SANTANDER,SAN MIGUEL,PAMPLONITA,
27,190,99,15,SANTANDER,SAN MIGUEL,PIEDRA LARGA,
27,190,99,80,SANTANDER,SAN MIGUEL,SAN IGNACIO,
27,190,99,85,SANTANDER,SAN MIGUEL,SAN PEDRO,
27,193,00,01,SANTANDER,SAN VICENTE DE CHUCURI,COLISEO SACRAMENTO TRISTANCHO COLCATO C,
27,193,00,02,SANTANDER,SAN VICENTE DE CHUCURI,COL NUESTRA SEÑORA DE LA PAZ COLNUPAZ,
27,193,98,01,SANTANDER,SAN VICENTE DE CHUCURI,CARCEL,
27,193,99,01,SANTANDER,SAN VICENTE DE CHUCURI,ALBANIA,
27,193,99,04,SANTANDER,SAN VICENTE DE CHUCURI,CANTARRANAS,
27,193,99,05,SANTANDER,SAN VICENTE DE CHUCURI,BERLIN,
27,193,99,08,SANTANDER,SAN VICENTE DE CHUCURI,GUAMALES,
27,193,99,10,SANTANDER,SAN VICENTE DE CHUCURI,EL TESORO,
27,193,99,15,SANTANDER,SAN VICENTE DE CHUCURI,LLANA FRIA,
27,193,99,16,SANTANDER,SAN VICENTE DE CHUCURI,PUENTE MURCIA,
27,193,99,17,SANTANDER,SAN VICENTE DE CHUCURI,YARIMA,
27,193,99,18,SANTANDER,SAN VICENTE DE CHUCURI,ALTO GRANDE,
27,193,99,19,SANTANDER,SAN VICENTE DE CHUCURI,POZO NUTRIAS,
27,193,99,23,SANTANDER,SAN VICENTE DE CHUCURI,POZO NUTRIAS I,
27,193,99,45,SANTANDER,SAN VICENTE DE CHUCURI,SECTOR LIZAMA III,
27,193,99,48,SANTANDER,SAN VICENTE DE CHUCURI,SECTOR GUACAMAYA,
27,193,99,55,SANTANDER,SAN VICENTE DE CHUCURI,ALTO VIENTO,
27,193,99,68,SANTANDER,SAN VICENTE DE CHUCURI,LLANA CALIENTE,
27,194,00,00,SANTANDER,SANTA HELENA DEL OPON,PUESTO CABECERA MUNICIPAL,
27,194,99,10,SANTANDER,SANTA HELENA DEL OPON,ARAGUA,
27,194,99,20,SANTANDER,SANTA HELENA DEL OPON,CACHIPAY,
27,194,99,40,SANTANDER,SANTA HELENA DEL OPON,PLAN DE ALVAREZ,
27,194,99,80,SANTANDER,SANTA HELENA DEL OPON,SAN JUAN BOSCO DE LA VERDE,
27,195,00,00,SANTANDER,SANTA BARBARA,PUESTO CABECERA MUNICIPAL,
27,195,99,40,SANTANDER,SANTA BARBARA,LA CEBA,
27,195,99,42,SANTANDER,SANTA BARBARA,POZO BRAVO,
27,195,99,45,SANTANDER,SANTA BARBARA,VOLCANES,
27,196,00,00,SANTANDER,SIMACOTA,PUESTO CABECERA MUNICIPAL,
27,196,99,15,SANTANDER,SIMACOTA,EL GUAYABAL,
27,196,99,20,SANTANDER,SIMACOTA,LA CASETA,
27,196,99,25,SANTANDER,SIMACOTA,LA COLORADA,
27,196,99,35,SANTANDER,SIMACOTA,EL GUAMO,
27,196,99,45,SANTANDER,SIMACOTA,PUERTO NUEVO,
27,196,99,50,SANTANDER,SIMACOTA,LA LLANITA,
27,196,99,60,SANTANDER,SIMACOTA,SAN PEDRO,
27,199,01,01,SANTANDER,SOCORRO,COLEGIO AVELINA MORENO  COAM,
27,199,01,02,SANTANDER,SOCORRO,UNIV INDUSTRIAL DE SANTANDER U,
27,199,02,01,SANTANDER,SOCORRO,COL INDUSTRIAL  ITIS,
27,199,02,02,SANTANDER,SOCORRO,COLEGIO UNIVERSITARIO  SOCORRO,
27,199,98,01,SANTANDER,SOCORRO,CARCEL DE BERLIN,
27,202,00,00,SANTANDER,SUAITA,PUESTO CABECERA MUNICIPAL,
27,202,99,01,SANTANDER,SUAITA,OLIVAL,CORREGIMIENTO DEL SECTOR 2
27,202,99,05,SANTANDER,SUAITA,SAN JOSE DE SUAITA,CORREGIMIENTO DEL SECTOR 1
27,202,99,09,SANTANDER,SUAITA,VADO REAL,CORREGIMIENTO DEL SECTOR 2
27,202,99,50,SANTANDER,SUAITA,TOLOTA,CORREGIMIENTO DEL SECTOR 2
27,205,00,00,SANTANDER,SUCRE,PUESTO CABECERA MUNICIPAL,
27,205,99,01,SANTANDER,SUCRE,LA GRANJA,
27,205,99,02,SANTANDER,SUCRE,ARALES,
27,205,99,03,SANTANDER,SUCRE,LA PRADERA,
27,205,99,04,SANTANDER,SUCRE,UNION NARANJITO,
27,205,99,05,SANTANDER,SUCRE,SABANA GRANDE,
27,205,99,06,SANTANDER,SUCRE,CARARITO,
27,205,99,08,SANTANDER,SUCRE,,CORREGIMIENTO LA PEDREGOSA              10000003400000050000001
27,205,99,09,SANTANDER,SUCRE,,CORREGIMIENTO DE LA YE                  10000003300000050000001
27,205,99,65,SANTANDER,SUCRE,PEÑA BLANCA,
27,205,99,70,SANTANDER,SUCRE,SANTA ELENA,
27,205,99,80,SANTANDER,SUCRE,EL PORVENIR,
27,208,00,00,SANTANDER,SURATA,PUESTO CABECERA MUNICIPAL,
27,208,99,01,SANTANDER,SURATA,CACHIRI,
27,208,99,02,SANTANDER,SURATA,CARTAGUA,
27,208,99,05,SANTANDER,SURATA,EL MOHAN,
27,208,99,60,SANTANDER,SURATA,TURBAY,
27,211,00,00,SANTANDER,TONA,PUESTO CABECERA MUNICIPAL,
27,211,99,01,SANTANDER,TONA,BERLIN,
27,211,99,05,SANTANDER,TONA,LA CORCOVA,
27,211,99,23,SANTANDER,TONA,VEGAS,
27,217,00,00,SANTANDER,VALLE DE SAN JOSE,PUESTO CABECERA MUNICIPAL,
27,217,99,35,SANTANDER,VALLE DE SAN JOSE,EL CERRO,
27,217,99,85,SANTANDER,VALLE DE SAN JOSE,SANTA TERESA,
27,217,99,90,SANTANDER,VALLE DE SAN JOSE,VEGA DE PLAZAS,
27,219,00,00,SANTANDER,VETAS,PUESTO CABECERA MUNICIPAL,
27,220,00,01,SANTANDER,VELEZ,COLEGIO UNIVERSITARIO,
27,220,00,02,SANTANDER,VELEZ,COLEGIO ISABEL VALBUENA CIFUENTES,
27,220,98,01,SANTANDER,VELEZ,CARCEL,
27,220,99,03,SANTANDER,VELEZ,ALTO JORDAN,
27,220,99,17,SANTANDER,VELEZ,GUALILO,
27,220,99,25,SANTANDER,VELEZ,LA TEBAIDA (LA FLORIDA),
27,220,99,30,SANTANDER,VELEZ,LOS GUAYABOS,
27,220,99,70,SANTANDER,VELEZ,ROPERO,
27,220,99,72,SANTANDER,VELEZ,,CORREGIMIENTO SAN PEDRO                 10000007100000116000001
27,220,99,75,SANTANDER,VELEZ,TIENDA NUEVA (CAÑO BONITO),
27,221,00,00,SANTANDER,VILLANUEVA,PUESTO CABECERA MUNICIPAL,
27,223,00,00,SANTANDER,ZAPATOCA,PUESTO CABECERA MUNICIPAL,
27,223,99,01,SANTANDER,ZAPATOCA,LA FUENTE,
27,223,99,05,SANTANDER,ZAPATOCA,LA PLAZUELA,
28,001,01,01,SUCRE,SINCELEJO,IE DULCE NOMBRE DE JESUS,COMUNA 1 NOR ESTE
28,001,01,02,SUCRE,SINCELEJO,IE NORMAL SUPERIOR DE SINCELEJO,COMUNA 2 OESTE
28,001,01,03,SUCRE,SINCELEJO,I.E. JUANITA GARCIA MANJARRES,COMUNA 2 OESTE
28,001,01,04,SUCRE,SINCELEJO,INSTITUCION EDUCATIVA ANTONIO PRIETO,COMUNA 2 OESTE
28,001,02,01,SUCRE,SINCELEJO,IE NUESTRA SEÑORA DEL CARMEN,COMUNA 3  SUR OESTE
28,001,02,02,SUCRE,SINCELEJO,INST.EDC.,COMUNA 3  SUR OESTE
28,001,02,03,SUCRE,SINCELEJO,INSTITUCION EDUCATIVA MADRE AMALIA,COMUNA 3  SUR OESTE
28,001,03,01,SUCRE,SINCELEJO,IE ANTONIO LENIS,COMUNA 4 CENTRAL - OESTE
28,001,03,02,SUCRE,SINCELEJO,IE SAN JOSE C I P,COMUNA 4 CENTRAL - OESTE
28,001,03,03,SUCRE,SINCELEJO,IE SAN VICENTE DE PAUL,COMUNA 4 CENTRAL - OESTE
28,001,04,01,SUCRE,SINCELEJO,IE JOSE IGNACIO LOPEZ,COMUNA 5  CENTRAL
28,001,04,02,SUCRE,SINCELEJO,IE FRANCISCO DE PAULA SANTANDER,COMUNA 5  CENTRAL
28,001,04,03,SUCRE,SINCELEJO,CENTRO EDUCATIVO REGIONAL DE SUCRE CERS,COMUNA 5  CENTRAL
28,001,04,04,SUCRE,SINCELEJO,CTRO DE DESAR. INFANTIL CDI DOÑA ANGELA,COMUNA 6 NORTE
28,001,04,05,SUCRE,SINCELEJO,IE ANTONIO NARIÑO SEDE JUANITA,COMUNA 6 NORTE
28,001,04,06,SUCRE,SINCELEJO,IE CUARTA EL SALVADOR,COMUNA 6 NORTE
28,001,04,07,SUCRE,SINCELEJO,IE ALTOS DE LA SABANA,COMUNA 6 NORTE
28,001,05,01,SUCRE,SINCELEJO,COL. NTRA STA DE FATIMA,COMUNA 7 NOR ESTE
28,001,05,02,SUCRE,SINCELEJO,IE SANTA ROSA DE LIMA,COMUNA 7 NOR ESTE
28,001,05,03,SUCRE,SINCELEJO,IE PARA POBLACIONES ESPECIALES,COMUNA 7 NOR ESTE
28,001,06,01,SUCRE,SINCELEJO,INSTITUCION EDUCATIVA SIMON ARAUJO,COMUNA 8 SUR
28,001,06,02,SUCRE,SINCELEJO,INSTITUCION EDUCATIVA NUEVA ESPERANZA,COMUNA 8 SUR
28,001,06,03,SUCRE,SINCELEJO,IE SAN JOSE,COMUNA 9 SUR ESTE
28,001,06,04,SUCRE,SINCELEJO,CDI LOS SABANERITOS,COMUNA 8 SUR
28,001,06,05,SUCRE,SINCELEJO,IE SIMON ARAUJO SEDE EL PROGRESO,COMUNA 9 SUR ESTE
28,001,90,01,SUCRE,SINCELEJO,IE CONCENTRACION SIMON ARAUJITO,
28,001,98,01,SUCRE,SINCELEJO,CARCEL NACIONAL LA VEGA,
28,001,99,01,SUCRE,SINCELEJO,EL CINCO,COMUNA 3  SUR OESTE
28,001,99,06,SUCRE,SINCELEJO,CASTAÑEDA,CORREGIMIENTOS AREA 1
28,001,99,09,SUCRE,SINCELEJO,CHOCHO,CORREGIMIENTOS AREA 1
28,001,99,12,SUCRE,SINCELEJO,LAS PALMAS,CORREGIMIENTOS AREA 1
28,001,99,18,SUCRE,SINCELEJO,LA ARENA,CORREGIMIENTOS AREA 2
28,001,99,24,SUCRE,SINCELEJO,LA CHIVERA,CORREGIMIENTOS AREA 2
28,001,99,30,SUCRE,SINCELEJO,LA PEÑATA,CORREGIMIENTOS AREA 2
28,001,99,36,SUCRE,SINCELEJO,LAS MAJAGUAS,CORREGIMIENTOS AREA 2
28,001,99,42,SUCRE,SINCELEJO,SAN RAFAEL (EL ZANJON),CORREGIMIENTOS AREA 2
28,001,99,48,SUCRE,SINCELEJO,CRUZ DEL BEQUE,CORREGIMIENTOS AREA 3
28,001,99,54,SUCRE,SINCELEJO,EL CERRITO,CORREGIMIENTOS AREA 3
28,001,99,60,SUCRE,SINCELEJO,LAGUNA FLOR,CORREGIMIENTOS AREA 3
28,001,99,66,SUCRE,SINCELEJO,LAS HUERTAS,CORREGIMIENTOS AREA 3
28,001,99,69,SUCRE,SINCELEJO,SAN ANTONIO,CORREGIMIENTOS AREA 3
28,001,99,72,SUCRE,SINCELEJO,BUENAVISTA,CORREGIMIENTOS AREA 4
28,001,99,78,SUCRE,SINCELEJO,LA GALLERA,CORREGIMIENTOS AREA 4
28,001,99,79,SUCRE,SINCELEJO,VILLA ROSITA,CORREGIMIENTOS AREA 4
28,001,99,84,SUCRE,SINCELEJO,SAN JACINTO (MOCHA),CORREGIMIENTOS AREA 4
28,001,99,87,SUCRE,SINCELEJO,SABANAS DEL POTRERO,CORREGIMIENTOS AREA 4
28,001,99,90,SUCRE,SINCELEJO,VILLA DE SAN MARTIN,CORREGIMIENTOS AREA 4
28,001,99,92,SUCRE,SINCELEJO,BABILONIA,CORREGIMIENTOS AREA 4
28,001,99,94,SUCRE,SINCELEJO,BUENAVISTICA,CORREGIMIENTOS AREA 4
28,001,99,96,SUCRE,SINCELEJO,CERRO DEL NARANJO,CORREGIMIENTOS AREA 4
28,001,99,97,SUCRE,SINCELEJO,SAN NICOLAS,CORREGIMIENTOS AREA 4
28,001,99,98,SUCRE,SINCELEJO,BUENOS AIRES,CORREGIMIENTOS AREA 4
28,010,00,00,SUCRE,BUENAVISTA,PUESTO CABECERA MUNICIPAL,
28,010,99,40,SUCRE,BUENAVISTA,LAS CHICHAS,
28,010,99,45,SUCRE,BUENAVISTA,COSTA RICA,
28,020,00,00,SUCRE,CAIMITO,PUESTO CABECERA MUNICIPAL,
28,020,99,15,SUCRE,CAIMITO,ALFEREZ,
28,020,99,23,SUCRE,CAIMITO,CEDEÑO,
28,020,99,25,SUCRE,CAIMITO,EL MAMON,
28,020,99,30,SUCRE,CAIMITO,LA MEJIA,
28,020,99,50,SUCRE,CAIMITO,LOS CAYITOS,
28,020,99,60,SUCRE,CAIMITO,NUEVA ESTACION,
28,020,99,65,SUCRE,CAIMITO,NUEVA ESTRELLA,
28,020,99,80,SUCRE,CAIMITO,SIETE PALMAS,
28,020,99,85,SUCRE,CAIMITO,BARRO BLANCO,
28,020,99,90,SUCRE,CAIMITO,CANDELARIA,
28,020,99,92,SUCRE,CAIMITO,PUEBLO BUHO,
28,020,99,93,SUCRE,CAIMITO,LAS PAVITAS,
28,030,00,00,SUCRE,COLOSO (RICAURTE),PUESTO CABECERA MUNICIPAL,
28,030,99,70,SUCRE,COLOSO (RICAURTE),CHINULITO,
28,030,99,73,SUCRE,COLOSO (RICAURTE),EL BAJO DE DON JUAN,
28,030,99,75,SUCRE,COLOSO (RICAURTE),EL CERRO,
28,030,99,80,SUCRE,COLOSO (RICAURTE),SAN ANTONIO,
28,030,99,82,SUCRE,COLOSO (RICAURTE),CEIBA,
28,040,01,01,SUCRE,COROZAL,IE FRANCISCO JOSE DE CALDAS SD PRINCIPAL,
28,040,01,02,SUCRE,COROZAL,SEDE TRES DE MARZO,
28,040,01,03,SUCRE,COROZAL,ESC. NORMAL NAL. SUPERIOR,
28,040,01,04,SUCRE,COROZAL,INST. EDUC. GABRIEL GARCIA MARQUEZ,
28,040,02,01,SUCRE,COROZAL,SEDE SOR MARIA ANGELICA,
28,040,02,02,SUCRE,COROZAL,SEDE IGNACIO MUÑOZ JARABA,
28,040,02,03,SUCRE,COROZAL,INST. EDUCATIVA CARMELO PERCY VERGARA,
28,040,02,04,SUCRE,COROZAL,SEDE PRIMERA DE VALPARAISO,
28,040,99,16,SUCRE,COROZAL,CANTAGALLO,
28,040,99,22,SUCRE,COROZAL,CHAPINERO,
28,040,99,28,SUCRE,COROZAL,DON ALONSO,
28,040,99,34,SUCRE,COROZAL,EL MAMON,
28,040,99,46,SUCRE,COROZAL,HATO NUEVO,
28,040,99,52,SUCRE,COROZAL,LAS LLANADAS,
28,040,99,55,SUCRE,COROZAL,LAS PEÑAS,
28,040,99,58,SUCRE,COROZAL,LAS TINAS,
28,040,99,70,SUCRE,COROZAL,PILETA,
28,040,99,75,SUCRE,COROZAL,EL RINCON DE LAS FLORES,
28,040,99,78,SUCRE,COROZAL,LAS BRUJAS,
28,040,99,81,SUCRE,COROZAL,CALLE NUEVA,
28,040,99,84,SUCRE,COROZAL,VILLA NUEVA,
28,040,99,87,SUCRE,COROZAL,MILAN,
28,041,00,00,SUCRE,COVEÑAS,PUESTO CABECERA MUNICIPAL,
28,041,99,10,SUCRE,COVEÑAS,BOCA DE LA CIENAGA,
28,041,99,30,SUCRE,COVEÑAS,EL REPARO,
28,041,99,40,SUCRE,COVEÑAS,GUAYABAL,
28,041,99,50,SUCRE,COVEÑAS,TORRENTE INDIGENA,
28,042,00,00,SUCRE,EL ROBLE,PUESTO CABECERA MUNICIPAL,
28,042,99,15,SUCRE,EL ROBLE,CALLEJON,
28,042,99,19,SUCRE,EL ROBLE,CAYO DE PALMA,
28,042,99,25,SUCRE,EL ROBLE,CORNETA,
28,042,99,28,SUCRE,EL ROBLE,GRILLO ALEGRE,
28,042,99,41,SUCRE,EL ROBLE,LAS TABLITAS,
28,042,99,42,SUCRE,EL ROBLE,PATILLAL,
28,042,99,43,SUCRE,EL ROBLE,EL SITIO,
28,042,99,44,SUCRE,EL ROBLE,PALMITAL,
28,042,99,82,SUCRE,EL ROBLE,SAN FRANCISCO,
28,042,99,90,SUCRE,EL ROBLE,VILLAVICENCIO (PALMA GIPATA),
28,042,99,95,SUCRE,EL ROBLE,TIERRA SANTA,
28,042,99,96,SUCRE,EL ROBLE,SANTA ROSA,
28,042,99,97,SUCRE,EL ROBLE,RANCHO DE LA CRUZ,
28,045,00,00,SUCRE,CHALAN,PUESTO CABECERA MUNICIPAL,
28,045,99,60,SUCRE,CHALAN,LA CEIBA,
28,045,99,65,SUCRE,CHALAN,JONEY,
28,045,99,66,SUCRE,CHALAN,VEREDA DESBARRANCADO,
28,048,00,00,SUCRE,GALERAS (NUEVA GRANADA),PUESTO CABECERA MUNICIPAL,
28,048,99,20,SUCRE,GALERAS (NUEVA GRANADA),BARAYA,
28,048,99,35,SUCRE,GALERAS (NUEVA GRANADA),JUNIN,
28,048,99,40,SUCRE,GALERAS (NUEVA GRANADA),PUERTO FRANCO,
28,048,99,60,SUCRE,GALERAS (NUEVA GRANADA),SAN ANDRES DE PALOMO,
28,048,99,80,SUCRE,GALERAS (NUEVA GRANADA),SAN JOSE DE RIVERA,
28,048,99,85,SUCRE,GALERAS (NUEVA GRANADA),PUEBLO NUEVO,
28,048,99,90,SUCRE,GALERAS (NUEVA GRANADA),ABRE EL OJO,
28,049,00,00,SUCRE,GUARANDA,PUESTO CABECERA MUNICIPAL,
28,049,99,20,SUCRE,GUARANDA,CONCORDIA,
28,049,99,30,SUCRE,GUARANDA,DIAZ GRANADOS,
28,049,99,50,SUCRE,GUARANDA,GAVALDA,
28,049,99,55,SUCRE,GUARANDA,LA CEJA,
28,049,99,58,SUCRE,GUARANDA,LAS PAVAS,
28,049,99,63,SUCRE,GUARANDA,NUEVA ESPERANZA,
28,049,99,70,SUCRE,GUARANDA,PALMARITICO,
28,049,99,80,SUCRE,GUARANDA,PUERTO LOPEZ,
28,049,99,85,SUCRE,GUARANDA,QUEBRADASECA UNIDA,
28,049,99,90,SUCRE,GUARANDA,TIERRA SANTA,
28,049,99,91,SUCRE,GUARANDA,PUERTO AZUL,
28,049,99,92,SUCRE,GUARANDA,SAN MATIAS,
28,049,99,93,SUCRE,GUARANDA,EL HUMO,
28,049,99,94,SUCRE,GUARANDA,SAN RAFAEL,
28,050,00,00,SUCRE,LA UNION,PUESTO CABECERA MUNICIPAL,
28,050,99,01,SUCRE,LA UNION,CAYO DELGADO,
28,050,99,20,SUCRE,LA UNION,LA CONCEPCION,
28,050,99,30,SUCRE,LA UNION,LAS PALMITAS,
28,050,99,50,SUCRE,LA UNION,PAJARITO,
28,050,99,70,SUCRE,LA UNION,SABANETA,
28,050,99,75,SUCRE,LA UNION,VILLA FATIMA,
28,055,00,00,SUCRE,LOS PALMITOS,PUESTO CABECERA MUNICIPAL,
28,055,99,01,SUCRE,LOS PALMITOS,EL COLEY,
28,055,99,02,SUCRE,LOS PALMITOS,EL PIÑAL,
28,055,99,03,SUCRE,LOS PALMITOS,PALMAS DE VINO,
28,055,99,04,SUCRE,LOS PALMITOS,SABANAS DE BELTRAN,
28,055,99,05,SUCRE,LOS PALMITOS,SABANAS DE PEDRO,
28,055,99,06,SUCRE,LOS PALMITOS,JESUS MARIA DE PALMITOS,
28,055,99,09,SUCRE,LOS PALMITOS,NARANJAL,
28,055,99,30,SUCRE,LOS PALMITOS,BIRMANIA,
28,055,99,31,SUCRE,LOS PALMITOS,HATILLO,
28,060,00,00,SUCRE,MAJAGUAL,PUESTO CABECERA MUNICIPAL,
28,060,99,03,SUCRE,MAJAGUAL,BOCA DE LAS MUJERES,
28,060,99,04,SUCRE,MAJAGUAL,EL COCO,
28,060,99,06,SUCRE,MAJAGUAL,EL COROZAL,
28,060,99,07,SUCRE,MAJAGUAL,EL CIEGO,
28,060,99,08,SUCRE,MAJAGUAL,EL PALOMAR,
28,060,99,11,SUCRE,MAJAGUAL,EL NARANJO,
28,060,99,13,SUCRE,MAJAGUAL,EDUARDO SANTOS,
28,060,99,34,SUCRE,MAJAGUAL,LA SIERPITA,
28,060,99,35,SUCRE,MAJAGUAL,LAS PALMITAS,
28,060,99,36,SUCRE,MAJAGUAL,LOS PATOS,
28,060,99,37,SUCRE,MAJAGUAL,MIRA FLOREZ,
28,060,99,38,SUCRE,MAJAGUAL,LAS MARTHAS,
28,060,99,39,SUCRE,MAJAGUAL,LAS CANDELARIAS,
28,060,99,40,SUCRE,MAJAGUAL,LAS TRES BOCAS,
28,060,99,41,SUCRE,MAJAGUAL,LEON BLANCO,
28,060,99,42,SUCRE,MAJAGUAL,PALMARITO,
28,060,99,50,SUCRE,MAJAGUAL,PIZA,
28,060,99,58,SUCRE,MAJAGUAL,PUEBLONUEVO,
28,060,99,65,SUCRE,MAJAGUAL,SAN MIGUEL,
28,060,99,66,SUCRE,MAJAGUAL,SAN ROQUE,
28,060,99,74,SUCRE,MAJAGUAL,SANTANDER,
28,060,99,76,SUCRE,MAJAGUAL,SINCELEJITO,
28,060,99,82,SUCRE,MAJAGUAL,TOMALA,
28,060,99,85,SUCRE,MAJAGUAL,TOTUMAL,
28,060,99,90,SUCRE,MAJAGUAL,ZAPATA,
28,060,99,91,SUCRE,MAJAGUAL,EL TAMACO,
28,060,99,92,SUCRE,MAJAGUAL,EL BRILLANTE,
28,060,99,93,SUCRE,MAJAGUAL,SITIO NUEVO EL PANDO,
28,060,99,94,SUCRE,MAJAGUAL,COCO SOLO,
28,080,00,00,SUCRE,MORROA,PUESTO CABECERA MUNICIPAL,
28,080,99,10,SUCRE,MORROA,BREMEN,
28,080,99,12,SUCRE,MORROA,BRISAS DEL MAR,
28,080,99,15,SUCRE,MORROA,CAMBIMBA,
28,080,99,30,SUCRE,MORROA,EL RINCON,
28,080,99,45,SUCRE,MORROA,EL YESO,
28,080,99,60,SUCRE,MORROA,LAS FLORES,
28,080,99,65,SUCRE,MORROA,PICHILIN,
28,080,99,70,SUCRE,MORROA,SABANAS DE CALI,
28,080,99,75,SUCRE,MORROA,SABANETA,
28,080,99,90,SUCRE,MORROA,TUMBATORO,
28,080,99,91,SUCRE,MORROA,EL TOLIMA,
28,100,00,00,SUCRE,OVEJAS,PUESTO CABECERA MUNICIPAL,
28,100,99,08,SUCRE,OVEJAS,ALMAGRA,
28,100,99,16,SUCRE,OVEJAS,CANUTAL,
28,100,99,22,SUCRE,OVEJAS,CANUTALITO,
28,100,99,28,SUCRE,OVEJAS,CHENGUE,
28,100,99,40,SUCRE,OVEJAS,DON GABRIEL,
28,100,99,46,SUCRE,OVEJAS,EL FLORAL,
28,100,99,58,SUCRE,OVEJAS,FLOR DEL MONTE,
28,100,99,70,SUCRE,OVEJAS,LA PEÑA,
28,100,99,82,SUCRE,OVEJAS,PIJIGUAY,
28,100,99,88,SUCRE,OVEJAS,SAN RAFAEL,
28,100,99,90,SUCRE,OVEJAS,SALITRAL,
28,100,99,91,SUCRE,OVEJAS,SAN FRANCISCO,
28,100,99,92,SUCRE,OVEJAS,EL PALMAR,
28,120,00,00,SUCRE,PALMITO,PUESTO CABECERA MUNICIPAL,
28,120,99,25,SUCRE,PALMITO,ALGODONCILLO,
28,120,99,30,SUCRE,PALMITO,EL MARTILLO,
28,120,99,50,SUCRE,PALMITO,GUAIMARAL,
28,120,99,75,SUCRE,PALMITO,GUAIMI,
28,120,99,80,SUCRE,PALMITO,PUEBLECITO,
28,120,99,85,SUCRE,PALMITO,PUEBLO NUEVO,
28,120,99,86,SUCRE,PALMITO,LOS CASTILLOS,
28,120,99,87,SUCRE,PALMITO,LA GRANJA,
28,120,99,88,SUCRE,PALMITO,CENTRO AZUL,
28,160,01,01,SUCRE,SAMPUES,IE MILLAN VARGAS- SD LUIS G. PORTACIO,
28,160,01,02,SUCRE,SAMPUES,IE MILLAN VARGAS,
28,160,02,01,SUCRE,SAMPUES,IE MARISCAL SUCRE,
28,160,02,02,SUCRE,SAMPUES,IE MARISCAL SUCRE- SD PERONILLA,
28,160,99,05,SUCRE,SAMPUES,ACHIOTE,
28,160,99,10,SUCRE,SAMPUES,BOSSA NAVARRO,
28,160,99,20,SUCRE,SAMPUES,CEJA DEL MANGO,
28,160,99,22,SUCRE,SAMPUES,EL CAMPO,
28,160,99,27,SUCRE,SAMPUES,ESCOBAR ABAJO,
28,160,99,34,SUCRE,SAMPUES,ESCOBAR ARRIBA,
28,160,99,41,SUCRE,SAMPUES,HUERTAS CHICAS,
28,160,99,47,SUCRE,SAMPUES,LOS PEREZ,
28,160,99,48,SUCRE,SAMPUES,LA NEGRA,
28,160,99,49,SUCRE,SAMPUES,LOMA DE PIEDRA,
28,160,99,50,SUCRE,SAMPUES,MATA DE CAÑA,
28,160,99,55,SUCRE,SAMPUES,MATEO PEREZ,
28,160,99,62,SUCRE,SAMPUES,PALITO,
28,160,99,69,SUCRE,SAMPUES,PIEDRAS BLANCAS,
28,160,99,76,SUCRE,SAMPUES,SABANALARGA,
28,160,99,83,SUCRE,SAMPUES,SAN LUIS,
28,160,99,85,SUCRE,SAMPUES,SILOE,
28,160,99,90,SUCRE,SAMPUES,SEGOVIA,
28,160,99,95,SUCRE,SAMPUES,VILLA NUEVA,
28,160,99,96,SUCRE,SAMPUES,LA LUCHA Y EL CACAO,
28,160,99,97,SUCRE,SAMPUES,LA ISLA SAN FRANCISCO,
28,160,99,98,SUCRE,SAMPUES,COSTA DE ORO,
28,180,00,00,SUCRE,SAN BENITO ABAD,PUESTO CABECERA MUNICIPAL,
28,180,99,17,SUCRE,SAN BENITO ABAD,CIENEGA NUEVA,
28,180,99,18,SUCRE,SAN BENITO ABAD,CIZPATACA,
28,180,99,20,SUCRE,SAN BENITO ABAD,CUIVA,
28,180,99,23,SUCRE,SAN BENITO ABAD,DOÑA ANA,
28,180,99,24,SUCRE,SAN BENITO ABAD,EL LIMON,
28,180,99,25,SUCRE,SAN BENITO ABAD,GUAYABAL (SAN MATIAS),
28,180,99,26,SUCRE,SAN BENITO ABAD,EL CAUCHAL,
28,180,99,27,SUCRE,SAN BENITO ABAD,JEGUA,
28,180,99,28,SUCRE,SAN BENITO ABAD,LA CEIBA,
28,180,99,30,SUCRE,SAN BENITO ABAD,LAS CHISPAS,
28,180,99,38,SUCRE,SAN BENITO ABAD,LA VENTURA,
28,180,99,39,SUCRE,SAN BENITO ABAD,LAS DELICIAS,
28,180,99,48,SUCRE,SAN BENITO ABAD,LOS ANGELES (CORRAL VIEJO),
28,180,99,60,SUCRE,SAN BENITO ABAD,PUNTA NUEVA,
28,180,99,62,SUCRE,SAN BENITO ABAD,PUNTA DE BLANCO,
28,180,99,69,SUCRE,SAN BENITO ABAD,RABON,
28,180,99,75,SUCRE,SAN BENITO ABAD,SAN ISIDRO,
28,180,99,83,SUCRE,SAN BENITO ABAD,CENTRO EDUCATIVO SAN ROQUE,
28,180,99,90,SUCRE,SAN BENITO ABAD,,CORREGIMIENTO SANTIAGO APOSTOL          10000151400001761000010
28,180,99,97,SUCRE,SAN BENITO ABAD,VILLA NUEVA,
28,180,99,98,SUCRE,SAN BENITO ABAD,LA MOLINA,
28,190,00,00,SUCRE,SAN JUAN DE BETULIA (BETULIA),PUESTO CABECERA MUNICIPAL,
28,190,99,01,SUCRE,SAN JUAN DE BETULIA (BETULIA),ALBANIA,
28,190,99,02,SUCRE,SAN JUAN DE BETULIA (BETULIA),HATO VIEJO,
28,190,99,04,SUCRE,SAN JUAN DE BETULIA (BETULIA),SABANETA,
28,190,99,05,SUCRE,SAN JUAN DE BETULIA (BETULIA),VILLA LOPEZ,
28,190,99,09,SUCRE,SAN JUAN DE BETULIA (BETULIA),LOMA ALTA,
28,190,99,11,SUCRE,SAN JUAN DE BETULIA (BETULIA),SANTO TOMAS,
28,200,01,01,SUCRE,SAN MARCOS,ESCUELA SAN MARQUITOS,
28,200,01,02,SUCRE,SAN MARCOS,COLISEO CUBIERTO,
28,200,01,03,SUCRE,SAN MARCOS,INST. EDUC. GIMNASIO SAN JORGE,
28,200,02,01,SUCRE,SAN MARCOS,COL. BACHILLERATO SAN MARCOS,
28,200,02,02,SUCRE,SAN MARCOS,ESCUELA SAN JOSE,
28,200,02,03,SUCRE,SAN MARCOS,ESCUELA JHON F. KENNEDY,
28,200,99,16,SUCRE,SAN MARCOS,BELEN,
28,200,99,19,SUCRE,SAN MARCOS,BUENAVISTA,
28,200,99,31,SUCRE,SAN MARCOS,CAÑO PRIETO,
28,200,99,38,SUCRE,SAN MARCOS,CUENCA,
28,200,99,50,SUCRE,SAN MARCOS,EL LIMON,
28,200,99,55,SUCRE,SAN MARCOS,EL PITAL,
28,200,99,63,SUCRE,SAN MARCOS,EL TABLON,
28,200,99,65,SUCRE,SAN MARCOS,NEIVA,
28,200,99,68,SUCRE,SAN MARCOS,LA QUEBRADA O QUEBRADA VIEJA,
28,200,99,88,SUCRE,SAN MARCOS,LAS FLORES,
28,200,99,90,SUCRE,SAN MARCOS,SANTA INES,
28,200,99,92,SUCRE,SAN MARCOS,CAYO DE LA CRUZ,
28,200,99,93,SUCRE,SAN MARCOS,VEREDA EL LLANO,
28,200,99,94,SUCRE,SAN MARCOS,VEREDA EL TORNO,
28,200,99,95,SUCRE,SAN MARCOS,VEREDA BOCA PUERTA,
28,220,01,01,SUCRE,SAN ONOFRE,ESC. ANTONIO NARIÑO,
28,220,01,02,SUCRE,SAN ONOFRE,CDI CAMPO DE LAS FLORES,
28,220,01,03,SUCRE,SAN ONOFRE,IE SAGRADO CORAZON DE JESUS,
28,220,02,01,SUCRE,SAN ONOFRE,ESC. MADRE BERNARDA,
28,220,02,02,SUCRE,SAN ONOFRE,COLEGIO MANUEL ANGEL ANACHURY,
28,220,02,03,SUCRE,SAN ONOFRE,ESCUELA SAN JOSE,
28,220,99,10,SUCRE,SAN ONOFRE,AGUACATE,
28,220,99,13,SUCRE,SAN ONOFRE,AGUAS NEGRAS,
28,220,99,15,SUCRE,SAN ONOFRE,BARRANCA,
28,220,99,20,SUCRE,SAN ONOFRE,BERLIN,
28,220,99,27,SUCRE,SAN ONOFRE,BERRUGAS,
28,220,99,29,SUCRE,SAN ONOFRE,BOCACERRADA,
28,220,99,34,SUCRE,SAN ONOFRE,BUENOS AIRES,
28,220,99,35,SUCRE,SAN ONOFRE,EL CHICHO,
28,220,99,38,SUCRE,SAN ONOFRE,EL CERRO DE DOS CASAS,
28,220,99,40,SUCRE,SAN ONOFRE,HIGUERON,
28,220,99,41,SUCRE,SAN ONOFRE,LABARCE,
28,220,99,45,SUCRE,SAN ONOFRE,LAS BRISAS,
28,220,99,48,SUCRE,SAN ONOFRE,LIBERTAD,
28,220,99,50,SUCRE,SAN ONOFRE,PALMIRA,
28,220,99,55,SUCRE,SAN ONOFRE,PAJONAL,
28,220,99,57,SUCRE,SAN ONOFRE,PAJONALITO,
28,220,99,59,SUCRE,SAN ONOFRE,PALACIO,
28,220,99,60,SUCRE,SAN ONOFRE,EL PUEBLITO,
28,220,99,62,SUCRE,SAN ONOFRE,PALO ALTO,
28,220,99,69,SUCRE,SAN ONOFRE,PLAMPAREJO,
28,220,99,76,SUCRE,SAN ONOFRE,RINCON,
28,220,99,83,SUCRE,SAN ONOFRE,SABANAS DE MUCACAL,
28,220,99,90,SUCRE,SAN ONOFRE,SAN ANTONIO,
28,220,99,91,SUCRE,SAN ONOFRE,SABANETICA,
28,220,99,92,SUCRE,SAN ONOFRE,BOLITO,
28,220,99,93,SUCRE,SAN ONOFRE,ALTO DE JULIO,
28,220,99,94,SUCRE,SAN ONOFRE,CHICHIMAN,
28,220,99,95,SUCRE,SAN ONOFRE,LA LUCHA,
28,220,99,96,SUCRE,SAN ONOFRE,EL BONGO,
28,220,99,97,SUCRE,SAN ONOFRE,VISTA HERMOSA,
28,220,99,98,SUCRE,SAN ONOFRE,PALITO NORTE,
28,220,99,99,SUCRE,SAN ONOFRE,CACIQUE,
28,240,00,00,SUCRE,SAN PEDRO,PUESTO CABECERA MUNICIPAL,
28,240,99,30,SUCRE,SAN PEDRO,NUMANCIA,
28,240,99,60,SUCRE,SAN PEDRO,ROVIRA,
28,240,99,70,SUCRE,SAN PEDRO,SAN MATEO,
28,260,01,01,SUCRE,SINCE,IE PEDRO ESPINOSA,
28,260,01,02,SUCRE,SINCE,I.E. ANTONIO SANTOS,
28,260,02,01,SUCRE,SINCE,SN JUAN BAUTISTA LA SALLE,
28,260,02,02,SUCRE,SINCE,POLIDEPORTIVO LUIS GABRIEL M,
28,260,99,12,SUCRE,SINCE,BAZAN,
28,260,99,33,SUCRE,SINCE,COCOROTE,
28,260,99,34,SUCRE,SINCE,GALAPAGO,
28,260,99,36,SUCRE,SINCE,GRANADA,
28,260,99,51,SUCRE,SINCE,LA VIVIENDA (ARBOLEDA),
28,260,99,54,SUCRE,SINCE,LOS LIMONES,
28,260,99,60,SUCRE,SINCE,MORALITO,
28,260,99,70,SUCRE,SINCE,PERENDENGUE,
28,260,99,78,SUCRE,SINCE,VALENCIA,
28,260,99,84,SUCRE,SINCE,VELEZ,
28,280,00,00,SUCRE,SUCRE,PUESTO CABECERA MUNICIPAL,
28,280,99,05,SUCRE,SUCRE,ARBOLEDA,
28,280,99,10,SUCRE,SUCRE,BAJOGRANDE,
28,280,99,13,SUCRE,SUCRE,BAJO PUREZA,
28,280,99,15,SUCRE,SUCRE,CALZON BLANCO,
28,280,99,20,SUCRE,SUCRE,CAMAJON,
28,280,99,25,SUCRE,SUCRE,CAMPO ALEGRE,
28,280,99,30,SUCRE,SUCRE,CHAPARRAL,
28,280,99,35,SUCRE,SUCRE,CORDOBA,
28,280,99,40,SUCRE,SUCRE,EL CONGRESO,
28,280,99,43,SUCRE,SUCRE,HATO NUEVO,
28,280,99,45,SUCRE,SUCRE,ISLA DEL COCO,
28,280,99,50,SUCRE,SUCRE,ISLA GRANDE,
28,280,99,55,SUCRE,SUCRE,LA GUARIPA,
28,280,99,56,SUCRE,SUCRE,LA PALMA,
28,280,99,57,SUCRE,SUCRE,LA REDONDA,
28,280,99,58,SUCRE,SUCRE,LA SOLERA,
28,280,99,60,SUCRE,SUCRE,LA VENTURA,
28,280,99,62,SUCRE,SUCRE,MACHETON,
28,280,99,64,SUCRE,SUCRE,MALAMBO,
28,280,99,65,SUCRE,SUCRE,MONTERIA,
28,280,99,70,SUCRE,SUCRE,MUZANGA,
28,280,99,75,SUCRE,SUCRE,NARANJAL,
28,280,99,80,SUCRE,SUCRE,NARIÑO,
28,280,99,85,SUCRE,SUCRE,OREJERO,
28,280,99,87,SUCRE,SUCRE,PAMPANILLA,
28,280,99,88,SUCRE,SUCRE,QUITASUEÑO,
28,280,99,90,SUCRE,SUCRE,SAN LUIS,
28,280,99,91,SUCRE,SUCRE,SAN CAYETANO,
28,280,99,92,SUCRE,SUCRE,SAN JOSE,
28,280,99,93,SUCRE,SUCRE,SAN MATEO,
28,280,99,94,SUCRE,SUCRE,SAN RAFAEL,
28,280,99,95,SUCRE,SUCRE,TRAVESIA,
28,280,99,96,SUCRE,SUCRE,FUNDACION,
28,280,99,97,SUCRE,SUCRE,CACAGUAL,
28,280,99,98,SUCRE,SUCRE,PUEBLO NUEVO,
28,300,01,01,SUCRE,TOLU,I.E. SANTA TERESITA,
28,300,01,02,SUCRE,TOLU,I.E. LUIS PATRON ROSANO,
28,300,02,01,SUCRE,TOLU,CENTRO DE DESARROLLO INFANTIL,
28,300,02,02,SUCRE,TOLU,INST. EDUCATIVA SD FATIMA EL PROGRESO,
28,300,99,60,SUCRE,TOLU,NUEVA ERA,
28,300,99,80,SUCRE,TOLU,PITA ABAJO,
28,300,99,85,SUCRE,TOLU,PITA EN MEDIO,
28,300,99,89,SUCRE,TOLU,PUERTO VIEJO,
28,300,99,95,SUCRE,TOLU,SANTA LUCIA,
28,300,99,96,SUCRE,TOLU,PALO BLANCO,
28,300,99,97,SUCRE,TOLU,EL FRANCES,
28,320,00,00,SUCRE,TOLUVIEJO,PUESTO CABECERA MUNICIPAL,
28,320,99,20,SUCRE,TOLUVIEJO,CARACOL,
28,320,99,21,SUCRE,TOLUVIEJO,CIENAGUITA,
28,320,99,24,SUCRE,TOLUVIEJO,EL CAÑITO,
28,320,99,26,SUCRE,TOLUVIEJO,GUALON,
28,320,99,28,SUCRE,TOLUVIEJO,LA UNION,
28,320,99,30,SUCRE,TOLUVIEJO,LA SIRIA,
28,320,99,31,SUCRE,TOLUVIEJO,LA PICHE,
28,320,99,35,SUCRE,TOLUVIEJO,LAS PIEDRAS,
28,320,99,40,SUCRE,TOLUVIEJO,LOS ALTOS,
28,320,99,50,SUCRE,TOLUVIEJO,MACAJAN,
28,320,99,65,SUCRE,TOLUVIEJO,PALMIRA,
28,320,99,80,SUCRE,TOLUVIEJO,VARSOVIA,
28,320,99,85,SUCRE,TOLUVIEJO,MANICA,
28,320,99,90,SUCRE,TOLUVIEJO,LA ESPERANZA,
29,001,01,01,TOLIMA,IBAGUE,UNIVERSIDAD COOPERATIVA NUEVA SEDE,COMUNA 1
29,001,01,02,TOLIMA,IBAGUE,CONSERVATORIO DE TOLIMA,COMUNA 1
29,001,01,03,TOLIMA,IBAGUE,CORPORACION UNIFICADA CUN,COMUNA 1
29,001,01,04,TOLIMA,IBAGUE,UNIMINUTO SEDE CENTRO,COMUNA 1
29,001,01,05,TOLIMA,IBAGUE,IE NELSY GARCIA OCAMPO SEDE,COMUNA 1
29,001,01,06,TOLIMA,IBAGUE,IE MARIANO MELENDRO SEDE,COMUNA 1
29,001,01,07,TOLIMA,IBAGUE,IE SIMON BOLIVAR,COMUNA 1
29,001,01,08,TOLIMA,IBAGUE,COLEGIO MARIA INMACULADA,COMUNA 1
29,001,01,09,TOLIMA,IBAGUE,UNIVERSIDAD DEL TOLIMA SEDE OCOBOS,COMUNA 1
29,001,02,01,TOLIMA,IBAGUE,COLEGIO TOLIMENSE,COMUNA 2
29,001,02,02,TOLIMA,IBAGUE,IE GERMAN PARDO SEDE PRINCIPAL,COMUNA 2
29,001,02,03,TOLIMA,IBAGUE,IE JORGE QUEVEDO VELASQUEZ,COMUNA 2
29,001,02,04,TOLIMA,IBAGUE,UNIVERSIDAD ANTONIO NARIÑO,COMUNA 2
29,001,02,05,TOLIMA,IBAGUE,IE ROMULO MORALES PARRA,COMUNA 2
29,001,03,01,TOLIMA,IBAGUE,IE INEM MANUEL MURILLO TORO SE,COMUNA 3
29,001,03,02,TOLIMA,IBAGUE,IE BOYACA SEDE,COMUNA 3
29,001,03,03,TOLIMA,IBAGUE,IE ESC NORMAL SUPERIOR SEDE,COMUNA 3
29,001,03,04,TOLIMA,IBAGUE,IE JOAQUIN PARIS,COMUNA 3
29,001,03,05,TOLIMA,IBAGUE,IE SAN SIMON SEDE,COMUNA 3
29,001,03,06,TOLIMA,IBAGUE,IE AMINA MELENDRO PULECIO SEDE EL CARMEN,COMUNA 3
29,001,03,07,TOLIMA,IBAGUE,IE BOYACA SEDE LAS AMERICAS,COMUNA 3
29,001,04,01,TOLIMA,IBAGUE,IE JORGE ELICER GAITAN SD,COMUNA 4
29,001,04,02,TOLIMA,IBAGUE,HOGAR INFANTIL EL PARAISO,COMUNA 4
29,001,04,03,TOLIMA,IBAGUE,IE JORGE ELIECER GAITAN SEDE,COMUNA 4
29,001,04,04,TOLIMA,IBAGUE,IE NIÑO JESUS DE PRAGA SEDE,COMUNA 5
29,001,04,05,TOLIMA,IBAGUE,IE CELMIRA HUERTAS,COMUNA 5
29,001,04,06,TOLIMA,IBAGUE,IE SAN JOSE,COMUNA 5
29,001,04,07,TOLIMA,IBAGUE,IE SAGRADA FAMILIA,COMUNA 5
29,001,04,08,TOLIMA,IBAGUE,IE SAN SIMON SEDE RESTREPO,COMUNA 4
29,001,05,01,TOLIMA,IBAGUE,UNIV DE IBAGUE CORUNIVERSITARIA,COMUNA 6
29,001,05,02,TOLIMA,IBAGUE,IE LUIS CARLOS GALAN SARMIENTO,COMUNA 6
29,001,05,03,TOLIMA,IBAGUE,IE ISMAEL SANTOFIMIO SEDE PRIN,COMUNA 6
29,001,05,04,TOLIMA,IBAGUE,IE CIUDAD ARKALA,COMUNA 6
29,001,05,05,TOLIMA,IBAGUE,IE TECNICA BICENTENARIO,COMUNA 6
29,001,05,06,TOLIMA,IBAGUE,UNIVERSIDAD UNIMINUTO SEDE SHIKALA,COMUNA 6
29,001,06,01,TOLIMA,IBAGUE,IE FCO PAULA SANTANDER SEDE VIL,COMUNA 7
29,001,06,02,TOLIMA,IBAGUE,IE FCO DE PAULA SANTANDER SD PACANDE,COMUNA 7
29,001,06,03,TOLIMA,IBAGUE,IE SALADO SEDE,COMUNA 7
29,001,06,04,TOLIMA,IBAGUE,IE CARLOS LLERAS RESTREPO SD SALADO,COMUNA 7
29,001,06,05,TOLIMA,IBAGUE,IE MODELIA SD EL PAIS,COMUNA 7
29,001,06,06,TOLIMA,IBAGUE,IE ANA JULIA SUAREZ DE ZORROZA,COMUNA 7
29,001,06,07,TOLIMA,IBAGUE,IE TEC ANTONIO NARIÑO MEGACOL. NAZARETH,COMUNA 7
29,001,07,01,TOLIMA,IBAGUE,IE TECNICA ALBERTO CASTILLA SD TOPACIO,COMUNA 8
29,001,07,02,TOLIMA,IBAGUE,IE TECNICA ALBERTO CASTILLA SD PRINCIPAL,COMUNA 8
29,001,07,03,TOLIMA,IBAGUE,IE RAICES DEL FUTURO SEDE,COMUNA 8
29,001,07,04,TOLIMA,IBAGUE,IE OFICIAL EL JARDIN,COMUNA 8
29,001,07,05,TOLIMA,IBAGUE,IE FE Y ALEGRIA SEDE,COMUNA 8
29,001,07,06,TOLIMA,IBAGUE,IE TULIO VARON,COMUNA 8
29,001,07,07,TOLIMA,IBAGUE,IE ALFONSO PALACIO RUDAS,COMUNA 8
29,001,07,08,TOLIMA,IBAGUE,COLEGIO TECNICO CARLOS J HUELGOS,COMUNA 8
29,001,07,09,TOLIMA,IBAGUE,I T. EMPRESARIAL MAXIMILIANO NEIRA LAMUS,COMUNA 8
29,001,08,01,TOLIMA,IBAGUE,IE EXALUMNAS DE LA PRESENTACION,COMUNA 9
29,001,08,02,TOLIMA,IBAGUE,IE JUAN LOZANO SEDE,COMUNA 9
29,001,08,03,TOLIMA,IBAGUE,IE JOSE JOAQUIN FLOREZ SEDE,COMUNA 9
29,001,08,04,TOLIMA,IBAGUE,IE JOSE JOAQUIN FLOREZ SEDE,COMUNA 9
29,001,08,05,TOLIMA,IBAGUE,IE JOSE JOAQUIN FLOREZ SEDE,COMUNA 9
29,001,08,06,TOLIMA,IBAGUE,IE TECNICA CIUDAD LUZ SEDE,COMUNA 9
29,001,08,07,TOLIMA,IBAGUE,IE SECUNDINO PORRAS,COMUNA 9
29,001,08,08,TOLIMA,IBAGUE,COL CHAMPAGNAT,COMUNA 9
29,001,08,09,TOLIMA,IBAGUE,IE AUGUSTO E MEDINA COMFENALCO TOLIMA,COMUNA 9
29,001,08,10,TOLIMA,IBAGUE,IE JUAN LOZANO Y L SEDE HERMANO ARSENIO,COMUNA 9
29,001,08,11,TOLIMA,IBAGUE,COL. EL MINUTO DE DIOS ARB.CAMPESTRE,COMUNA 9
29,001,09,01,TOLIMA,IBAGUE,IE ALBERTO SANTOFIMIO,COMUNA 10
29,001,09,02,TOLIMA,IBAGUE,SENA,COMUNA 10
29,001,09,03,TOLIMA,IBAGUE,IE LICEO NACIONAL SEDE,COMUNA 10
29,001,09,04,TOLIMA,IBAGUE,IE DARIO ECHANDIA,COMUNA 10
29,001,09,05,TOLIMA,IBAGUE,IE MIGUEL DE CERVANTES SAAVEDRA,COMUNA 10
29,001,09,06,TOLIMA,IBAGUE,IE SAN LUIS GONZAGA,COMUNA 10
29,001,09,07,TOLIMA,IBAGUE,IE SAN SIMON SEDE MONTEALEGRE,COMUNA 10
29,001,10,01,TOLIMA,IBAGUE,CENTRO INTEGRAL COMUNITARIO ADULTO MAYOR,COMUNA 12
29,001,10,02,TOLIMA,IBAGUE,IE GUILLERMO ANGULO GOMEZ SEDE,COMUNA 12
29,001,10,03,TOLIMA,IBAGUE,IE JOSE CELESTINO MUTIS SEDE,COMUNA 12
29,001,10,04,TOLIMA,IBAGUE,IE JOSE CELESTINO MUTIS SD PRINCIPAL,COMUNA 12
29,001,11,01,TOLIMA,IBAGUE,IE LEONIDAS RUBIO VILLEGAS SD MARTIRES,COMUNA 11
29,001,11,02,TOLIMA,IBAGUE,IE ANTONIO REYES UMAÑA SD PPAL,COMUNA 11
29,001,11,03,TOLIMA,IBAGUE,IE LEONIDAS RUBIO SEDE RODRIGU,COMUNA 11
29,001,11,04,TOLIMA,IBAGUE,IE TECNICA CIUDAD IBAGUE SEDE,COMUNA 13
29,001,11,05,TOLIMA,IBAGUE,IE SAN ISIDRO SEDE PPAL,COMUNA 13
29,001,90,01,TOLIMA,IBAGUE,IE SANTIAGO VILA ESCOBAR,
29,001,98,01,TOLIMA,IBAGUE,PENITENCIARIA DE PICALEÑA,
29,001,99,01,TOLIMA,IBAGUE,IE LAURELES SD DANTAS,CORREGIMIENTO 1 DANTAS
29,001,99,02,TOLIMA,IBAGUE,IE LAURELES,CORREGIMIENTO 2 LAURELES
29,001,99,03,TOLIMA,IBAGUE,IE COELLO-COCORA,CORREGIMIENTO 3 COELLO-COCORA
29,001,99,04,TOLIMA,IBAGUE,ESC GAMBOA,CORREGIMIENTO 4 GAMBOA
29,001,99,05,TOLIMA,IBAGUE,IE CAMILO TORRES TAPIAS,CORREGIMIENTO 5 TAPIAS
29,001,99,06,TOLIMA,IBAGUE,IE TAPIAS SEDE TOCHE,CORREGIMIENTO 6 TOCHE
29,001,99,09,TOLIMA,IBAGUE,IE JUNTAS,CORREGIMIENTO 7 JUNTAS
29,001,99,11,TOLIMA,IBAGUE,IE TEC. AMB.COMBEIMA SD OLAYA HERRERA,CORREGIMIENTO 8 VILLA RESTREPO
29,001,99,12,TOLIMA,IBAGUE,CASA CULTURA VILLARESTREPO,CORREGIMIENTO 8 VILLA RESTREPO
29,001,99,13,TOLIMA,IBAGUE,IE TEC AGROPECUARIA SD CAY,CORREGIMIENTO 9 CAY
29,001,99,14,TOLIMA,IBAGUE,IE LOS CRISTALES ZONA RURAL CALAMBEO,CORREGIMIENTO 10 CALAMBEO
29,001,99,15,TOLIMA,IBAGUE,IE SAN JUAN DE LA CHINA,
29,001,99,16,TOLIMA,IBAGUE,ESC. ANDRES LOPEZ DE GALARZA CORREG,
29,001,99,17,TOLIMA,IBAGUE,IE SAN BERNARDO,CORREGIMIENTO 12 SAN BERNARDO
29,001,99,21,TOLIMA,IBAGUE,IE VDA LA ESPERANZA CORREG SALADO,CORREGIMIENTO 13 EL SALADO
29,001,99,22,TOLIMA,IBAGUE,IE CARLOS LLERAS RESTREPO SEDE CHUCUNI,CORREGIMIENTO 13 EL SALADO
29,001,99,25,TOLIMA,IBAGUE,IE NVA ESPERANZA LA PALMA BUENOS AIRES,CORREGIMIENTO 14 BUENOS AIRES
29,001,99,26,TOLIMA,IBAGUE,IE NVA ESPERANZA LA PALMA SEDE LA MIEL,CORREGIMIENTO 14 BUENOS AIRES
29,001,99,29,TOLIMA,IBAGUE,IE FERNANDO VILLALOBOS SD CARMEN BULIRA,
29,001,99,33,TOLIMA,IBAGUE,IE FERNANDO VILLALOBOS SD TOTUMO,CORREGIMIENTO 16 EL TOTUMO
29,001,99,34,TOLIMA,IBAGUE,ESC LA ESPERANZA VDA MARTINICA PTE BAJA,CORREGIMIENTO 16 EL TOTUMO
29,001,99,37,TOLIMA,IBAGUE,IE SAN FRANCISCO CORREG LA FLORIDA,CORREGIMIENTO 17 LA FLORIDA
29,001,99,38,TOLIMA,IBAGUE,IE SAN FRANCISCO SEDE CURAL LA TIGRERA,CORREGIMIENTO 17 LA FLORIDA
29,001,99,41,TOLIMA,IBAGUE,SALON COMUNAL VEREDA SANTA TERESA,CORREGIMIENTO 9 CAY
29,001,99,44,TOLIMA,IBAGUE,IE TEC AMB COMBEIMA SD NICOLAS ESGUERRA,CORREGIMIENTO 8 VILLA RESTREPO
29,001,99,45,TOLIMA,IBAGUE,IE TEC AMB COMBEIMA SD PRINCIPAL,CORREGIMIENTO 8 VILLA RESTREPO
29,004,00,00,TOLIMA,ALPUJARRA,PUESTO CABECERA MUNICIPAL,
29,004,99,01,TOLIMA,ALPUJARRA,LA ARADA,
29,004,99,20,TOLIMA,ALPUJARRA,EL CARMEN,
29,004,99,70,TOLIMA,ALPUJARRA,SAN LUIS,
29,004,99,80,TOLIMA,ALPUJARRA,VEGA GRANDE,
29,004,99,81,TOLIMA,ALPUJARRA,VEREDA ACHIRAL,
29,004,99,82,TOLIMA,ALPUJARRA,VEREDA AMESES,
29,007,00,00,TOLIMA,ALVARADO,PUESTO CABECERA MUNICIPAL,
29,007,99,01,TOLIMA,ALVARADO,CALDAS VIEJO,
29,007,99,04,TOLIMA,ALVARADO,ESCUELA RURAL LA TEBAIDA,
29,007,99,05,TOLIMA,ALVARADO,MONTEGRANDE,
29,007,99,07,TOLIMA,ALVARADO,LAGUNETA,
29,007,99,09,TOLIMA,ALVARADO,RINCON DE CHIPALO,
29,007,99,13,TOLIMA,ALVARADO,VERACRUZ,
29,007,99,19,TOLIMA,ALVARADO,LA TIGRERA,
29,010,00,00,TOLIMA,AMBALEMA,PUESTO CABECERA MUNICIPAL,
29,010,99,01,TOLIMA,AMBALEMA,CHORRILLO,
29,010,99,03,TOLIMA,AMBALEMA,BOQUERON,
29,010,99,05,TOLIMA,AMBALEMA,CUATRO ESQUINAS,
29,010,99,09,TOLIMA,AMBALEMA,PAJONALES,
29,010,99,17,TOLIMA,AMBALEMA,EL SANTUARIO,
29,013,00,00,TOLIMA,ANZOATEGUI,PUESTO CABECERA MUNICIPAL,
29,013,99,05,TOLIMA,ANZOATEGUI,LISBOA,
29,013,99,09,TOLIMA,ANZOATEGUI,PALOMAR,
29,013,99,13,TOLIMA,ANZOATEGUI,SANTA BARBARA,
29,013,99,70,TOLIMA,ANZOATEGUI,SANTA RITA,
29,016,00,00,TOLIMA,ARMERO (GUAYABAL),PUESTO CABECERA MUNICIPAL,
29,016,99,05,TOLIMA,ARMERO (GUAYABAL),MENDEZ,
29,016,99,07,TOLIMA,ARMERO (GUAYABAL),SAN FELIPE,
29,016,99,09,TOLIMA,ARMERO (GUAYABAL),SAN PEDRO,
29,016,99,10,TOLIMA,ARMERO (GUAYABAL),MARACAIBO,
29,016,99,11,TOLIMA,ARMERO (GUAYABAL),SAN JORGE,
29,019,00,00,TOLIMA,ATACO,PUESTO CABECERA MUNICIPAL,
29,019,99,01,TOLIMA,ATACO,ANDES,
29,019,99,02,TOLIMA,ATACO,BERLIN,
29,019,99,04,TOLIMA,ATACO,BALSILLAS,
29,019,99,06,TOLIMA,ATACO,CANOAS,
29,019,99,07,TOLIMA,ATACO,CASA DE ZINC,
29,019,99,08,TOLIMA,ATACO,CAMPOHERMOSO,
29,019,99,09,TOLIMA,ATACO,CASA VERDE,
29,019,99,10,TOLIMA,ATACO,EL PAUJIL,
29,019,99,11,TOLIMA,ATACO,HOLANDA,
29,019,99,12,TOLIMA,ATACO,EL CONDOR,
29,019,99,17,TOLIMA,ATACO,MONTELORO,
29,019,99,18,TOLIMA,ATACO,PALESTINA,
29,019,99,23,TOLIMA,ATACO,POLE,
29,019,99,24,TOLIMA,ATACO,POLECITO,
29,019,99,25,TOLIMA,ATACO,SANTIAGO PEREZ,
29,019,99,30,TOLIMA,ATACO,POMARROSO,
29,019,99,75,TOLIMA,ATACO,SAN ANTONIO DE POLE,
29,019,99,80,TOLIMA,ATACO,SAN PEDRO (TOTUMAL),
29,022,00,01,TOLIMA,CAJAMARCA,IE TEC NTRA SRA DEL ROSARIO SD PPAL,
29,022,00,02,TOLIMA,CAJAMARCA,ESC NUESTRA STRA DEL ROSARIO SD,
29,022,99,01,TOLIMA,CAJAMARCA,ANAIME,
29,022,99,03,TOLIMA,CAJAMARCA,EL CAJON,
29,022,99,04,TOLIMA,CAJAMARCA,VEREDA SANTANA,
29,025,00,00,TOLIMA,CARMEN DE APICALA,PUESTO CABECERA MUNICIPAL,
29,025,99,01,TOLIMA,CARMEN DE APICALA,VEREDA CUATRO ESQUINAS,
29,025,99,02,TOLIMA,CARMEN DE APICALA,VEREDA  MORTIÑO,
29,025,99,03,TOLIMA,CARMEN DE APICALA,VEREDA LA ANTIGUA,
29,028,00,00,TOLIMA,CASABIANCA,PUESTO CABECERA MUNICIPAL,
29,028,99,01,TOLIMA,CASABIANCA,SAN JERONIMO,
29,028,99,13,TOLIMA,CASABIANCA,EL LEMBO,
29,031,00,00,TOLIMA,COELLO,PUESTO CABECERA MUNICIPAL,
29,031,99,01,TOLIMA,COELLO,GUALANDAY,
29,031,99,05,TOLIMA,COELLO,LA BARRIALOSA,
29,031,99,09,TOLIMA,COELLO,VEGA DE LOS PADRES,
29,031,99,13,TOLIMA,COELLO,LLANO DE LA VIRGEN,
29,031,99,17,TOLIMA,COELLO,POTRERILLO,
29,031,99,18,TOLIMA,COELLO,VINDI,
29,031,99,19,TOLIMA,COELLO,LA SALINA,
29,034,00,00,TOLIMA,COYAIMA,PUESTO CABECERA MUNICIPAL,
29,034,99,01,TOLIMA,COYAIMA,CASTILLA,
29,034,99,05,TOLIMA,COYAIMA,HILARCO,
29,034,99,12,TOLIMA,COYAIMA,MESAS DE SAN JUAN,
29,034,99,20,TOLIMA,COYAIMA,SANTA MARTA,
29,034,99,21,TOLIMA,COYAIMA,IE CHENCHE BALSILLA,
29,034,99,22,TOLIMA,COYAIMA,IE EL PALMAR,
29,034,99,23,TOLIMA,COYAIMA,IE SAN MIGUEL,
29,034,99,24,TOLIMA,COYAIMA,IE TOTARCO DINDE,
29,034,99,25,TOLIMA,COYAIMA,VEREDA CHENCHE BUENOS AIRES,
29,037,00,00,TOLIMA,CUNDAY,PUESTO CABECERA MUNICIPAL,
29,037,99,01,TOLIMA,CUNDAY,LA AURORA,
29,037,99,03,TOLIMA,CUNDAY,BUENAVISTA,
29,037,99,05,TOLIMA,CUNDAY,SAN PABLO,
29,037,99,13,TOLIMA,CUNDAY,TRES ESQUINAS,
29,037,99,17,TOLIMA,CUNDAY,VALENCIA (SAN BERNARDO),
29,037,99,21,TOLIMA,CUNDAY,VARSOVIA,
29,040,01,01,TOLIMA,CHAPARRAL,COL. MANUEL MURILLO TORO,COMUNA 1
29,040,01,02,TOLIMA,CHAPARRAL,ESC. GABRIELA MISTRAL,COMUNA 2
29,040,01,03,TOLIMA,CHAPARRAL,ESC. VILLA DEL ROCIO,COMUNA 2
29,040,02,01,TOLIMA,CHAPARRAL,ESC. MARCO TULIO ALVIRA,COMUNA 3
29,040,02,02,TOLIMA,CHAPARRAL,SALOMON UMAÑA,COMUNA 3
29,040,90,01,TOLIMA,CHAPARRAL,POLIDEPORTIVO PIJAO DE ORO,
29,040,98,01,TOLIMA,CHAPARRAL,CARCEL DEL CIRCUITO,
29,040,99,01,TOLIMA,CHAPARRAL,AMOYA ( LAS CRUCES),CORREGIMIENTO DE AMOYA
29,040,99,05,TOLIMA,CHAPARRAL,AMOYA (LA CORTES),CORREGIMIENTO DE AMOYA
29,040,99,09,TOLIMA,CHAPARRAL,AMOYA ( COPETE),CORREGIMIENTO DE AMOYA
29,040,99,10,TOLIMA,CHAPARRAL,EL LIMON,CORREGIMIENTO EL LIMON
29,040,99,11,TOLIMA,CHAPARRAL,EL LIMON (LA PROFUNDA),CORREGIMIENTO EL LIMON
29,040,99,12,TOLIMA,CHAPARRAL,CALARMA (RISALDA - CALARMA),CORREGIMIENTO DE CALARMA
29,040,99,13,TOLIMA,CHAPARRAL,CALARMA (POTRERITO DE LUGO),CORREGIMIENTO DE CALARMA
29,040,99,14,TOLIMA,CHAPARRAL,CALARMA (YAGUARA),CORREGIMIENTO DE CALARMA
29,040,99,15,TOLIMA,CHAPARRAL,CALARMA (VDA BRAZUELOS DELICIAS),CORREGIMIENTO DE CALARMA
29,040,99,16,TOLIMA,CHAPARRAL,LAS HERMOSAS (SANTA BARBARA),CORREGIMIENTO LAS HERMOSAS
29,040,99,17,TOLIMA,CHAPARRAL,LAS HERMOSAS (LA VIRGINIA),CORREGIMIENTO LAS HERMOSAS
29,040,99,18,TOLIMA,CHAPARRAL,LAS HERMOSAS (EL MORAL),CORREGIMIENTO LAS HERMOSAS
29,040,99,60,TOLIMA,CHAPARRAL,LAS HERMOSAS(SAN JOSE DE LAS HERMOSAS),CORREGIMIENTO LAS HERMOSAS
29,040,99,61,TOLIMA,CHAPARRAL,ESCUELA RURAL SAN PABLO LAS HERMOSAS,CORREGIMIENTO LAS HERMOSAS
29,040,99,65,TOLIMA,CHAPARRAL,LA MARINA,CORREGIMIENTO LA MARINA
29,040,99,66,TOLIMA,CHAPARRAL,LA MARINA (LAGUNILLA),CORREGIMIENTO LA MARINA
29,040,99,70,TOLIMA,CHAPARRAL,EL LIMON (ICARCO),CORREGIMIENTO EL LIMON
29,040,99,71,TOLIMA,CHAPARRAL,EL LIMON (IRCO DOS AGUAS),CORREGIMIENTO EL LIMON
29,040,99,72,TOLIMA,CHAPARRAL,ESC. RURAL LA ALDEA CGTO EL LIMON,CORREGIMIENTO EL LIMON
29,040,99,80,TOLIMA,CHAPARRAL,AMOYA LAS TAPIAS,CORREGIMIENTO DE AMOYA
29,040,99,81,TOLIMA,CHAPARRAL,AMOYA (LINEA DIAMANTE),CORREGIMIENTO DE AMOYA
29,040,99,82,TOLIMA,CHAPARRAL,AMOYA (SAN BARTOLOME),CORREGIMIENTO DE AMOYA
29,040,99,85,TOLIMA,CHAPARRAL,CALARMA (VISTA HERMOSA),CORREGIMIENTO DE CALARMA
29,043,00,00,TOLIMA,DOLORES,PUESTO CABECERA MUNICIPAL,
29,043,99,01,TOLIMA,DOLORES,AMBICA,
29,043,99,05,TOLIMA,DOLORES,BERMEJO,
29,043,99,07,TOLIMA,DOLORES,LA SOLEDAD,
29,043,99,09,TOLIMA,DOLORES,RIONEGRO,
29,043,99,13,TOLIMA,DOLORES,SAN ANDRES,
29,043,99,18,TOLIMA,DOLORES,SAN JOSE,
29,043,99,19,TOLIMA,DOLORES,SAN PEDRO,
29,043,99,20,TOLIMA,DOLORES,CAFE LAS PAVAS,
29,046,01,01,TOLIMA,ESPINAL,INST EDUC MARIANO SANCHEZ SD JUAN P. II,COMUNA 1
29,046,01,02,TOLIMA,ESPINAL,IE MARIANO SANCHEZ SD CENTRAL,COMUNA 1
29,046,01,03,TOLIMA,ESPINAL,COLISEO MENOR LA MAGDALENA,COMUNA 1
29,046,01,04,TOLIMA,ESPINAL,INST.EDUC.SAN ISIDORO,COMUNA 2
29,046,01,05,TOLIMA,ESPINAL,COLEGIO CAFASUR,COMUNA 2
29,046,01,06,TOLIMA,ESPINAL,INST.EDUC. MANUEL A. BONILLA,COMUNA 2
29,046,01,07,TOLIMA,ESPINAL,COL NTRA SRA DEL ROSARIO,COMUNA 2
29,046,02,01,TOLIMA,ESPINAL,I.E. TECNICO INDUSTRIAL,COMUNA 3
29,046,02,02,TOLIMA,ESPINAL,UNIVERSIDAD COOPERATIVA,COMUNA 3
29,046,02,03,TOLIMA,ESPINAL,COLISEO BALKANES,COMUNA 4
29,046,02,04,TOLIMA,ESPINAL,COLISEO RONDON,COMUNA 4
29,046,90,01,TOLIMA,ESPINAL,IE NTRA SRA DE FATIMA,
29,046,98,01,TOLIMA,ESPINAL,CARCEL DEL CIRCUITO,
29,046,99,10,TOLIMA,ESPINAL,PATIO BONITO,CORREGIMIENTO 2 PATIO BONITO
29,046,99,20,TOLIMA,ESPINAL,LAS DELICIAS,CORREGIMIENTO 3 LAS DELICIAS
29,046,99,25,TOLIMA,ESPINAL,LA CAIMANERA,CORREGIMIENTO 4 LA CAIMANERA
29,046,99,40,TOLIMA,ESPINAL,DINDALITO,CORREGIMIENTO 5 DINDALITO CTRO
29,046,99,45,TOLIMA,ESPINAL,PASO ANCHO,CORREGIMIENTO 6 PASO ANCHO
29,046,99,A1,TOLIMA,ESPINAL,CHICORAL,CORREGIMIENTO 1 CHICORAL
29,046,99,A2,TOLIMA,ESPINAL,CHICORAL,CORREGIMIENTO 1 CHICORAL
29,049,00,00,TOLIMA,FALAN,PUESTO CABECERA MUNICIPAL,
29,049,99,01,TOLIMA,FALAN,,CORREGIMIENTO FRIAS                     10000060800000793000004
29,049,99,02,TOLIMA,FALAN,VEREDA PIEDECUESTA,
29,049,99,03,TOLIMA,FALAN,VEREDA HOYO NEGRO,
29,049,99,04,TOLIMA,FALAN,VEREDA ALTO DEL ROMPE,
29,049,99,05,TOLIMA,FALAN,VEREDA ALTO DEL OSO,
29,052,00,01,TOLIMA,FLANDES,IE JORGE ELIECER GAITAN,
29,052,00,02,TOLIMA,FLANDES,IE MANUELA OMAÑA,
29,052,99,30,TOLIMA,FLANDES,IE MARIA INMACULADA SD,
29,052,99,31,TOLIMA,FLANDES,CAMALA,
29,055,01,01,TOLIMA,FRESNO,IE TEC SAN JOSE,COMUNA 1
29,055,01,02,TOLIMA,FRESNO,IE LICEO MARIA AUXILIADORA,COMUNA 1
29,055,01,03,TOLIMA,FRESNO,IET MARIA AUXILIADORA SEDE SAN LUIS,COMUNA 1
29,055,02,01,TOLIMA,FRESNO,IE TEC NIÑA MARIA SEDE ESCUELA CENTRO,COMUNA 2
29,055,02,02,TOLIMA,FRESNO,IET NIÑA MARIA SEDE PRINCIPAL,COMUNA 2
29,055,02,03,TOLIMA,FRESNO,IET MARIA AUXILIADORA SEDE JUAN B CORTES,COMUNA 2
29,055,98,01,TOLIMA,FRESNO,CARCEL,
29,055,99,01,TOLIMA,FRESNO,BETANIA,CORREGIMIENTO BETANIA
29,055,99,02,TOLIMA,FRESNO,EL GUAYABO,CORREGIMIENTO BETANIA
29,055,99,03,TOLIMA,FRESNO,EL TABLAZO,CORREGIMIENTO EL TABLAZO
29,055,99,04,TOLIMA,FRESNO,PAVAS (LOS GUAYABOS),CORREGIMIENTO EL TABLAZO
29,055,99,05,TOLIMA,FRESNO,LA AGUADITA,CORREGIMIENTO LA AGUADITA
29,055,99,06,TOLIMA,FRESNO,LA DIVISA,CORREGIMIENTO LA AGUADITA
29,055,99,09,TOLIMA,FRESNO,CAMPEON,CORREGIMIENTO CAMPEON
29,055,99,15,TOLIMA,FRESNO,AGUAS CLARAS,CORREGIMIENTO AGUAS CLARAS
29,055,99,20,TOLIMA,FRESNO,PIEDRA GRANDE,CORREGIMIENTO PIEDRA GRANDE
29,055,99,35,TOLIMA,FRESNO,LAS MARIAS,CORREGIMIENTO PIEDRA GRANDE
29,055,99,36,TOLIMA,FRESNO,VEREDA LA PICOTA,CORREGIMIENTO LA AGUADITA
29,058,01,01,TOLIMA,GUAMO,COLEGIO CALDAS,
29,058,01,02,TOLIMA,GUAMO,ESCUELA EL CARMEN,
29,058,02,01,TOLIMA,GUAMO,COLEGIO INDUSTRIAL,
29,058,02,02,TOLIMA,GUAMO,COL. SOR JOSEFA DEL CASTILLO,
29,058,02,03,TOLIMA,GUAMO,ESCUELA IFA,
29,058,98,01,TOLIMA,GUAMO,CARCEL DEL CIRCUITO,
29,058,99,19,TOLIMA,GUAMO,CERROGORDO,
29,058,99,29,TOLIMA,GUAMO,EL JARDIN,
29,058,99,49,TOLIMA,GUAMO,LA CHAMBA,
29,058,99,69,TOLIMA,GUAMO,LAS MERCEDES,
29,058,99,79,TOLIMA,GUAMO,RINCON SANTO,
29,058,99,80,TOLIMA,GUAMO,SERREZUELA,
29,058,99,81,TOLIMA,GUAMO,GUAMAL,
29,061,00,00,TOLIMA,HERVEO,PUESTO CABECERA MUNICIPAL,
29,061,99,01,TOLIMA,HERVEO,BRASIL,
29,061,99,02,TOLIMA,HERVEO,ARENILLO,
29,061,99,03,TOLIMA,HERVEO,LA PICOTA,
29,061,99,05,TOLIMA,HERVEO,LETRAS,
29,061,99,09,TOLIMA,HERVEO,MESONES,
29,061,99,13,TOLIMA,HERVEO,PADUA,CORREGIMIENTO DE PADUA
29,064,01,01,TOLIMA,HONDA,COLEGIO GENERAL SANTANDER,
29,064,01,02,TOLIMA,HONDA,COLEGIO NACIONAL  INTEGRADO,
29,064,02,01,TOLIMA,HONDA,COLEGIO BARRIO LA SONRISA,
29,064,02,02,TOLIMA,HONDA,COL. ANTONIO HERRAN ZALDUA,
29,064,90,01,TOLIMA,HONDA,COLEGIO DEL ALTO ROSARIO,
29,064,98,01,TOLIMA,HONDA,CARCEL,
29,067,00,00,TOLIMA,ICONONZO,PUESTO CABECERA MUNICIPAL,
29,067,99,01,TOLIMA,ICONONZO,BALCONCITOS,
29,067,99,03,TOLIMA,ICONONZO,BOQUERON,
29,067,99,05,TOLIMA,ICONONZO,NUEVO MUNDO,
29,067,99,07,TOLIMA,ICONONZO,PATICUINDE,
29,067,99,09,TOLIMA,ICONONZO,YOPAL,
29,070,00,00,TOLIMA,LERIDA,PUESTO CABECERA MUNICIPAL,
29,070,99,01,TOLIMA,LERIDA,DELICIAS,
29,070,99,04,TOLIMA,LERIDA,IGUASITOS,
29,070,99,05,TOLIMA,LERIDA,LA SIERRA,
29,070,99,09,TOLIMA,LERIDA,PADILLA,
29,073,01,01,TOLIMA,LIBANO,COLISEO MULTIFUNCIONAL VILLA OLIMPICA,COMUNA 1
29,073,01,02,TOLIMA,LIBANO,SALON COMUNAL BARRIO JARAMILLO,COMUNA 1
29,073,01,03,TOLIMA,LIBANO,IE JORGE ELIECER GAITAN AYALA,COMUNA 1
29,073,01,04,TOLIMA,LIBANO,PUNTO VIVE DIGITAL,COMUNA 2
29,073,02,01,TOLIMA,LIBANO,ESCUELA HERACLIO LASTRA,COMUNA 3
29,073,02,02,TOLIMA,LIBANO,IE NRA SRA DE LOURDES,COMUNA 3
29,073,02,03,TOLIMA,LIBANO,ESCUELA BLANCA SAENZ,COMUNA 4
29,073,02,04,TOLIMA,LIBANO,IE MANUEL TIBERIO GALLEGO,COMUNA 4
29,073,90,01,TOLIMA,LIBANO,COLEGIO NOCTURNO ALICIA VELEZ,
29,073,98,01,TOLIMA,LIBANO,CARCEL MUNICIPAL,
29,073,99,05,TOLIMA,LIBANO,EL CONVENIO,CORREGIMIENTO EL CONVENIO
29,073,99,17,TOLIMA,LIBANO,TIERRADENTRO,CORREGIMIENTO TIERRADENTRO
29,073,99,21,TOLIMA,LIBANO,SANTA TERESA,CORREGIMIENTO SANTA TERESA
29,073,99,25,TOLIMA,LIBANO,SAN FERNANDO,CORREGIMIENTO SAN FERNANDO
29,073,99,26,TOLIMA,LIBANO,VEREDA CAMPOALEGRE,CORREGIMIENTO CAMPOALEGRE
29,073,99,27,TOLIMA,LIBANO,VEREDA EL TESORO,CORREGIMIENTO SAN JORGE
29,073,99,28,TOLIMA,LIBANO,VEREDA PATIO BONITO,CORREGIMIENTO EL CONVENIO
29,073,99,29,TOLIMA,LIBANO,VEREDA SAN JORGE,CORREGIMIENTO SAN JORGE
29,076,01,01,TOLIMA,MARIQUITA,I.E. GONZALO JIMENEZ DE QUESADA,
29,076,01,02,TOLIMA,MARIQUITA,I.E. MORENO Y ESCANDON,
29,076,01,03,TOLIMA,MARIQUITA,CASA COMUNAL VILLA DEL SOL,
29,076,02,01,TOLIMA,MARIQUITA,I.E. REINA ISABEL II,
29,076,02,02,TOLIMA,MARIQUITA,COLEGIO BILINGUE SAN SEBASTIAN,
29,076,02,03,TOLIMA,MARIQUITA,SANTA LUCIA,
29,076,99,01,TOLIMA,MARIQUITA,I.E LAS CAMELIAS SEDE EL HATILLO,
29,076,99,05,TOLIMA,MARIQUITA,I.E SANTA ANA SEDE LA CABAÑA,
29,079,01,01,TOLIMA,MELGAR,INST.EDUC.TEC.SUMAPAZ SED,
29,079,01,02,TOLIMA,MELGAR,IE SUMAPAZ SD GABRIELA MISTRAL,
29,079,01,03,TOLIMA,MELGAR,IE TEC SUMAPAZ SD SANTA CLARA,
29,079,02,01,TOLIMA,MELGAR,INST.EDUC.TEC.SUMAPAZ SED,
29,079,02,02,TOLIMA,MELGAR,INST.EDUC.TEC.SUMAPAZ SED IV,
29,079,98,01,TOLIMA,MELGAR,CARCEL DEL CIRCUITO,
29,079,99,08,TOLIMA,MELGAR,CUALAMANA,
29,079,99,30,TOLIMA,MELGAR,CHIMBI,
29,079,99,50,TOLIMA,MELGAR,INHALY,
29,079,99,51,TOLIMA,MELGAR,VEREDA GUACAMAYAS,
29,080,00,00,TOLIMA,MURILLO,PUESTO CABECERA MUNICIPAL,
29,080,99,24,TOLIMA,MURILLO,EL BOSQUE,
29,080,99,45,TOLIMA,MURILLO,LA ESPERANZA,
29,082,00,01,TOLIMA,NATAGAIMA,INST EDU TEC FRANCISCO JOSE DE CALDAS,
29,082,00,02,TOLIMA,NATAGAIMA,ESCUELA MARIA AUXILIADORA,
29,082,99,01,TOLIMA,NATAGAIMA,LA PALMITA,
29,082,99,03,TOLIMA,NATAGAIMA,MONTEFRIO,
29,082,99,04,TOLIMA,NATAGAIMA,TAMIRCO,
29,082,99,05,TOLIMA,NATAGAIMA,VELU,
29,082,99,06,TOLIMA,NATAGAIMA,VEREDA PUEBLO NUEVO,
29,082,99,07,TOLIMA,NATAGAIMA,VEREDA RINCON DE ANCHIQUE,
29,085,00,00,TOLIMA,ORTEGA,PUESTO CABECERA MUNICIPAL,
29,085,99,01,TOLIMA,ORTEGA,GUAIPA,
29,085,99,03,TOLIMA,ORTEGA,CHAPINERO (BUENOS AIRES),
29,085,99,04,TOLIMA,ORTEGA,EL VERGEL,
29,085,99,05,TOLIMA,ORTEGA,HORIZONTE,
29,085,99,06,TOLIMA,ORTEGA,LA BALSA,
29,085,99,07,TOLIMA,ORTEGA,HATO DE IGLESIA,
29,085,99,08,TOLIMA,ORTEGA,LA COLORADA,
29,085,99,09,TOLIMA,ORTEGA,MESA DE ORTEGA,
29,085,99,10,TOLIMA,ORTEGA,CANALI (CHICALA),
29,085,99,11,TOLIMA,ORTEGA,CEDRALES,
29,085,99,12,TOLIMA,ORTEGA,EL MACO,
29,085,99,13,TOLIMA,ORTEGA,OLAYA HERRERA,
29,085,99,19,TOLIMA,ORTEGA,CORAZON DE PERALONZO,
29,085,99,21,TOLIMA,ORTEGA,GUATAVITA TUA,
29,085,99,28,TOLIMA,ORTEGA,LOS GUAYABOS,
29,085,99,37,TOLIMA,ORTEGA,LA SORTIJA,
29,085,99,42,TOLIMA,ORTEGA,LOS ANDES,
29,085,99,75,TOLIMA,ORTEGA,PALOMA PERALONSO,
29,085,99,85,TOLIMA,ORTEGA,SANTUARIO,
29,085,99,86,TOLIMA,ORTEGA,SAN NICOLAS,
29,085,99,87,TOLIMA,ORTEGA,MESA DE CUCUANA,
29,087,00,00,TOLIMA,PALOCABILDO,PUESTO CABECERA MUNICIPAL,
29,087,99,01,TOLIMA,PALOCABILDO,SEDE EDUCATIVA ASTURIAS,
29,088,00,00,TOLIMA,PIEDRAS,PUESTO CABECERA MUNICIPAL,
29,088,99,01,TOLIMA,PIEDRAS,DOIMA,
29,088,99,15,TOLIMA,PIEDRAS,GUATAQUISITO,
29,088,99,23,TOLIMA,PIEDRAS,PARADERO CHIPALO,
29,089,00,00,TOLIMA,PLANADAS,PUESTO CABECERA MUNICIPAL,
29,089,99,30,TOLIMA,PLANADAS,BILBAO,CORREGIMIENTO BILBAO
29,089,99,40,TOLIMA,PLANADAS,LA ILUSION,CORREGIMIENTO BILBAO
29,089,99,60,TOLIMA,PLANADAS,GAITANIA,CORREGIMIENTO GAITANIA
29,089,99,70,TOLIMA,PLANADAS,RIO CLARO,CORREGIMIENTO GAITANIA
29,089,99,73,TOLIMA,PLANADAS,SAN MIGUEL,CORREGIMIENTO GAITANIA
29,089,99,75,TOLIMA,PLANADAS,BRUSELAS,
29,089,99,85,TOLIMA,PLANADAS,LA ESTRELLA,
29,089,99,86,TOLIMA,PLANADAS,RESGUARDO INDIGENA,CORREGIMIENTO GAITANIA
29,091,00,00,TOLIMA,PRADO,PUESTO CABECERA MUNICIPAL,
29,091,99,01,TOLIMA,PRADO,ACO,
29,091,99,13,TOLIMA,PRADO,MONTOSO,
29,091,99,15,TOLIMA,PRADO,ISLA DEL SOL,
29,091,99,20,TOLIMA,PRADO,MALTA,
29,094,00,00,TOLIMA,PURIFICACION,PUESTO CABECERA MUNICIPAL,
29,094,99,01,TOLIMA,PURIFICACION,CHENCHE ASOLEADO,
29,094,99,02,TOLIMA,PURIFICACION,CAIRO SOCORRO,
29,094,99,03,TOLIMA,PURIFICACION,TIGRE Y CONSUELO,
29,094,99,05,TOLIMA,PURIFICACION,LOZANIA,
29,094,99,07,TOLIMA,PURIFICACION,PEÑONES ALTOS,
29,094,99,15,TOLIMA,PURIFICACION,VILLA ESPERANZA,
29,097,00,01,TOLIMA,RIOBLANCO,COLEGIO GENERAL SANTADER,
29,097,00,02,TOLIMA,RIOBLANCO,I.E.T FRANCISCO JULIAN OLAYA,
29,097,99,01,TOLIMA,RIOBLANCO,,CORREGIMIENTO HERRERA                   1000016740000198100001101CORREG. LA HERRERA
29,097,99,02,TOLIMA,RIOBLANCO,VEREDA GAITAN,
29,097,99,03,TOLIMA,RIOBLANCO,VEREDA LA LINDOSA,
29,097,99,05,TOLIMA,RIOBLANCO,VDA MARACAIBO,
29,097,99,06,TOLIMA,RIOBLANCO,VDA PUERTO SALDAÑA,
29,097,99,09,TOLIMA,RIOBLANCO,VDA LAS JUNTAS,
29,097,99,13,TOLIMA,RIOBLANCO,VDA LA ALBANIA,
29,097,99,80,TOLIMA,RIOBLANCO,VEREDA URIBE,
29,097,99,81,TOLIMA,RIOBLANCO,VEREDA EL QUEBRADON,
29,097,99,82,TOLIMA,RIOBLANCO,VEREDA BARBACOAS,
29,097,99,83,TOLIMA,RIOBLANCO,VEREDA LAS MIRLAS,
29,097,99,84,TOLIMA,RIOBLANCO,VEREDA SANTA FE,
29,100,00,00,TOLIMA,RONCESVALLES,PUESTO CABECERA MUNICIPAL,
29,100,99,01,TOLIMA,RONCESVALLES,SANTA ELENA,
29,100,99,02,TOLIMA,RONCESVALLES,EL CEDRO,
29,103,00,00,TOLIMA,ROVIRA,PUESTO CABECERA MUNICIPAL,
29,103,99,01,TOLIMA,ROVIRA,EL CORAZON,
29,103,99,02,TOLIMA,ROVIRA,GUADUALITO,
29,103,99,03,TOLIMA,ROVIRA,HERVIDERO,
29,103,99,04,TOLIMA,ROVIRA,LA FLORIDA,
29,103,99,05,TOLIMA,ROVIRA,LOS ANDES,
29,103,99,06,TOLIMA,ROVIRA,LA LUISA,
29,103,99,07,TOLIMA,ROVIRA,LA LIBERTAD,
29,103,99,08,TOLIMA,ROVIRA,LA ESPERANZA,
29,103,99,09,TOLIMA,ROVIRA,RIOMANSO,
29,103,99,13,TOLIMA,ROVIRA,SAN PEDRO,
29,103,99,17,TOLIMA,ROVIRA,LA OSERA,
29,103,99,25,TOLIMA,ROVIRA,LA CHAPA,
29,103,99,55,TOLIMA,ROVIRA,SAN ROQUE,
29,103,99,63,TOLIMA,ROVIRA,SAN VICENTE GUADUAL,
29,103,99,79,TOLIMA,ROVIRA,LA SELVA,
29,103,99,80,TOLIMA,ROVIRA,VEREDA MARTINEZ,
29,103,99,81,TOLIMA,ROVIRA,HATO VIEJO,
29,103,99,82,TOLIMA,ROVIRA,SAN ELOY,
29,103,99,83,TOLIMA,ROVIRA,LA REFORMA,
29,105,00,00,TOLIMA,SALDAÑA,PUESTO CABECERA MUNICIPAL,
29,105,99,16,TOLIMA,SALDAÑA,PAPAGALA,
29,105,99,17,TOLIMA,SALDAÑA,VEREDA JABALCON,
29,105,99,18,TOLIMA,SALDAÑA,VEREDA SAN AGUSTIN,
29,105,99,19,TOLIMA,SALDAÑA,VEREDA PALMAR ARENOSA,
29,106,00,00,TOLIMA,SAN ANTONIO,PUESTO CABECERA MUNICIPAL,
29,106,99,01,TOLIMA,SAN ANTONIO,PLAYARRICA,
29,106,99,03,TOLIMA,SAN ANTONIO,LA FLORIDA,
29,106,99,08,TOLIMA,SAN ANTONIO,SANTA ROSA DE TETUAN,
29,106,99,09,TOLIMA,SAN ANTONIO,VILLAHERMOSA,
29,109,00,00,TOLIMA,SAN LUIS,PUESTO CABECERA MUNICIPAL,
29,109,99,05,TOLIMA,SAN LUIS,EL SALITRE,CORREGIMIENTO PAYANDE
29,109,99,06,TOLIMA,SAN LUIS,GUASIMITO,
29,109,99,08,TOLIMA,SAN LUIS,LUISA GARCIA,
29,109,99,09,TOLIMA,SAN LUIS,MALNOMBRE,
29,109,99,13,TOLIMA,SAN LUIS,COL. SAN MIGUEL DE PAYANDE,CORREGIMIENTO PAYANDE
29,109,99,20,TOLIMA,SAN LUIS,SANTA LUCIA,
29,109,99,22,TOLIMA,SAN LUIS,TOMOGO,
29,109,99,23,TOLIMA,SAN LUIS,CARACOLI,CORREGIMIENTO PAYANDE
29,109,99,24,TOLIMA,SAN LUIS,I.E LIMONAR,
29,109,99,25,TOLIMA,SAN LUIS,I.E PORVENIR,CORREGIMIENTO PAYANDE
29,112,00,00,TOLIMA,SANTA ISABEL,PUESTO CABECERA MUNICIPAL,
29,112,99,01,TOLIMA,SANTA ISABEL,COLON,
29,112,99,05,TOLIMA,SANTA ISABEL,LA ESTRELLA,
29,112,99,07,TOLIMA,SANTA ISABEL,LA CONGOJA,
29,112,99,09,TOLIMA,SANTA ISABEL,SAN RAFAEL,
29,112,99,10,TOLIMA,SANTA ISABEL,BOLIVAR,
29,112,99,11,TOLIMA,SANTA ISABEL,LA RICA,
29,112,99,12,TOLIMA,SANTA ISABEL,GUAIMARAL,
29,112,99,13,TOLIMA,SANTA ISABEL,BUENAVISTA,
29,112,99,14,TOLIMA,SANTA ISABEL,LA CANDELARIA,
29,115,00,00,TOLIMA,SUAREZ,PUESTO CABECERA MUNICIPAL,
29,115,99,03,TOLIMA,SUAREZ,CAÑAVERALES,
29,115,99,05,TOLIMA,SUAREZ,HATO VIEJO,
29,115,99,14,TOLIMA,SUAREZ,SAN CAYETANO Y CHIRILO,
29,115,99,15,TOLIMA,SUAREZ,VEREDA AGUA BLANCA,
29,118,00,00,TOLIMA,VALLE DE SAN JUAN,PUESTO CABECERA MUNICIPAL,
29,118,99,01,TOLIMA,VALLE DE SAN JUAN,VEREDA LA MANGA,
29,118,99,08,TOLIMA,VALLE DE SAN JUAN,VEREDA BUENAVISTA ALTA,
29,118,99,40,TOLIMA,VALLE DE SAN JUAN,VEREDA NEME,
29,118,99,80,TOLIMA,VALLE DE SAN JUAN,VEREDA VALLECITOS,
29,121,00,00,TOLIMA,VENADILLO,PUESTO CABECERA MUNICIPAL,
29,121,99,01,TOLIMA,VENADILLO,JUNIN,
29,121,99,03,TOLIMA,VENADILLO,LA SIERRITA,
29,121,99,09,TOLIMA,VENADILLO,MALABAR,
29,121,99,13,TOLIMA,VENADILLO,EL PALMAR LA ESPERANZA,
29,121,99,80,TOLIMA,VENADILLO,PALMAROSA,
29,121,99,81,TOLIMA,VENADILLO,VEREDA PUERTO BOY,
29,121,99,82,TOLIMA,VENADILLO,VEREDA VILE,
29,124,00,00,TOLIMA,VILLAHERMOSA,PUESTO CABECERA MUNICIPAL,
29,124,99,01,TOLIMA,VILLAHERMOSA,PAVAS,
29,124,99,02,TOLIMA,VILLAHERMOSA,LA ESMERALDA,
29,124,99,03,TOLIMA,VILLAHERMOSA,PATIBURRI,
29,124,99,04,TOLIMA,VILLAHERMOSA,PLATANILLAL,
29,124,99,05,TOLIMA,VILLAHERMOSA,PRIMAVERA,
29,124,99,06,TOLIMA,VILLAHERMOSA,SAMARIA,
29,124,99,07,TOLIMA,VILLAHERMOSA,LA COLORADA,
29,124,99,80,TOLIMA,VILLAHERMOSA,YARUMAL,
29,127,00,00,TOLIMA,VILLARRICA,PUESTO CABECERA MUNICIPAL,
29,127,99,03,TOLIMA,VILLARRICA,LA COLONIA,
29,127,99,05,TOLIMA,VILLARRICA,LOS ALPES,
29,127,99,10,TOLIMA,VILLARRICA,LA MERCADILLA,
29,127,99,12,TOLIMA,VILLARRICA,PUERTO LLERAS,
31,001,01,01,VALLE,CALI,ESC. JOSE ACEVEDO Y GOMEZ,COMUNA 1
31,001,01,02,VALLE,CALI,IE JOSE HOLGUIN GARCES,COMUNA 1
31,001,01,03,VALLE,CALI,IE JOSE CELESTINO MUTIS,COMUNA 1
31,001,01,04,VALLE,CALI,COLISEO BAJO AGUACATAL,COMUNA 1
31,001,01,05,VALLE,CALI,IE CECILIA CABALLERO,COMUNA 1
31,001,01,06,VALLE,CALI,SEDE MARICE SINISTERRA TERRON,COMUNA 1
31,001,01,07,VALLE,CALI,COL SANTA ISABEL DE HUNGRIA AGUACATAL,COMUNA 1
31,001,01,08,VALLE,CALI,IE ISAIAS GAMBOA,COMUNA 1
31,001,01,09,VALLE,CALI,IE LUIS FERNANDO CAICEDO,COMUNA 1
31,001,02,01,VALLE,CALI,INST UNIV ANTONIO JOSE CAMACHO,COMUNA 2
31,001,02,02,VALLE,CALI,EDIFICIO FERROCARRILES NACIONALES,COMUNA 2
31,001,02,03,VALLE,CALI,C.A.M.,COMUNA 2
31,001,02,04,VALLE,CALI,COLEGIO ODONTOLOGICO,COMUNA 2
31,001,02,05,VALLE,CALI,ACADEMIA DE DIBUJO PROFESIONAL,COMUNA 2
31,001,02,06,VALLE,CALI,COLEGIO HISPANOAMERICANO,COMUNA 2
31,001,03,01,VALLE,CALI,PARQUE DE LAS ORQUIDEAS,COMUNA 2
31,001,03,02,VALLE,CALI,IE SANTA CECILIA,COMUNA 2
31,001,03,03,VALLE,CALI,ESCUELA REPUBLICA DEL BRASIL,COMUNA 2
31,001,03,04,VALLE,CALI,ESCUELA BRISAS DE LOS ALAMOS,COMUNA 2
31,001,03,05,VALLE,CALI,COLEGIO LEONISTICO LA MERCED,COMUNA 2
31,001,03,06,VALLE,CALI,CORPORACION PARA LA TERCERA EDAD,COMUNA 2
31,001,04,01,VALLE,CALI,ASAMBLEA DEPARTAMENTAL,COMUNA 3
31,001,04,02,VALLE,CALI,ESCUELA CARLOS A SARDI,COMUNA 3
31,001,04,03,VALLE,CALI,IE SANTA LIBRADA,COMUNA 3
31,001,04,04,VALLE,CALI,IE NORMAL SUPERIOR LOS FARALLONES,COMUNA 3
31,001,04,05,VALLE,CALI,ESCUELA REPUBLICA DE MEXICO,COMUNA 3
31,001,04,06,VALLE,CALI,CENTRO COMERCIAL ARISTI,COMUNA 3
31,001,04,07,VALLE,CALI,CENTRO COMERCIAL GRAN COMERCIO,COMUNA 3
31,001,05,01,VALLE,CALI,SEDE MANUELA BELTRAN,COMUNA 4
31,001,05,02,VALLE,CALI,IE JOSE ANTONIO GALAN,COMUNA 4
31,001,05,03,VALLE,CALI,ESCUELA RAFAEL ZAMORANO,COMUNA 4
31,001,05,04,VALLE,CALI,COLEGIO INEM,COMUNA 4
31,001,05,05,VALLE,CALI,IE CASD SEDE SANTO TOMAS,COMUNA 4
31,001,05,06,VALLE,CALI,SEDE SAN VICENTE DE PAUL,COMUNA 4
31,001,05,07,VALLE,CALI,INSTITUTO COMERCIAL ARQUIDIOCESANO,COMUNA 4
31,001,05,08,VALLE,CALI,IE LA MERCED,COMUNA 4
31,001,06,01,VALLE,CALI,SENA,COMUNA 5
31,001,06,02,VALLE,CALI,IE CELMIRA BUENO DE OREJUELA,COMUNA 5
31,001,06,03,VALLE,CALI,ESCUELA MARIANO OSPINA PEREZ,COMUNA 5
31,001,06,04,VALLE,CALI,ESCUELA MARIA PANESSO,COMUNA 5
31,001,06,05,VALLE,CALI,ESCUELA MARIO LLOREDA,COMUNA 5
31,001,06,06,VALLE,CALI,IE SIMON RODRIGUEZ,COMUNA 5
31,001,07,01,VALLE,CALI,POLIDEPORTIVO LOS GUADUALES,COMUNA 6
31,001,07,02,VALLE,CALI,ESCUELA LAS AMERICAS,COMUNA 6
31,001,07,03,VALLE,CALI,ESCUELA PABLO EMILIO CAICEDO,COMUNA 6
31,001,07,04,VALLE,CALI,SANTA ISABEL DE HUNGRIA CALIMIO NORTE,COMUNA 6
31,001,07,05,VALLE,CALI,SEDE CECILIA MUÑOZ RICAURTE,COMUNA 6
31,001,08,01,VALLE,CALI,ESCUELA SAN JORGE,COMUNA 6
31,001,08,02,VALLE,CALI,IE PEDRO ANTONIO MOLINA,COMUNA 6
31,001,08,03,VALLE,CALI,ESCUELA TRES DE JULIO,COMUNA 6
31,001,08,04,VALLE,CALI,ESCUELA ATANASIO GIRARDOT,COMUNA 6
31,001,08,05,VALLE,CALI,UNIDAD DEPORTIVA PETECUY II,COMUNA 6
31,001,08,06,VALLE,CALI,SEDE LOS VENCEDORES,COMUNA 6
31,001,09,01,VALLE,CALI,COL STA ISABEL  HUNGRIA ALFONSO LOPEZ,COMUNA 7
31,001,09,02,VALLE,CALI,ESCUELA LOS FARALLONES,COMUNA 7
31,001,09,03,VALLE,CALI,IE VICENTE BORRERO COSTA,COMUNA 7
31,001,09,04,VALLE,CALI,ESCUELA MANUEL MARIA MALLARINO,COMUNA 7
31,001,09,05,VALLE,CALI,IE JUAN BAUTISTA DE LA SALLE,COMUNA 7
31,001,09,06,VALLE,CALI,IE ALFONSO LOPEZ PUMAREJO,COMUNA 7
31,001,09,07,VALLE,CALI,SEDE CENTRAL PROVIVIENDA,COMUNA 7
31,001,10,01,VALLE,CALI,IE MANUEL MARIA MALLARINO CEIBAS,COMUNA 7
31,001,10,02,VALLE,CALI,ESCUELA CARLOS HOLGUIN SARDI,COMUNA 7
31,001,10,03,VALLE,CALI,ESCUELA ANA MARIA VERNAZA,COMUNA 7
31,001,10,04,VALLE,CALI,IE SIETE DE AGOSTO,COMUNA 7
31,001,11,01,VALLE,CALI,ESCUELA MANUEL REBOLLEDO,COMUNA 8
31,001,11,02,VALLE,CALI,INST TEC COMERCIAL LAS AMERICAS,COMUNA 8
31,001,11,03,VALLE,CALI,IE SANTA FE,COMUNA 8
31,001,11,04,VALLE,CALI,IE BENJAMIN HERRERA,COMUNA 8
31,001,11,05,VALLE,CALI,IE EVARISTO GARCIA,COMUNA 8
31,001,12,01,VALLE,CALI,COLEGIO LEON DE GREIFF,COMUNA 8
31,001,12,02,VALLE,CALI,COLEGIO NUESTRA SRA DE LA ANUNCIACION,COMUNA 8
31,001,12,03,VALLE,CALI,COLEGIO SAN FRANCISCO DE ASIS,COMUNA 8
31,001,12,04,VALLE,CALI,IE ALBERTO CARVAJAL BORRERO,COMUNA 8
31,001,13,01,VALLE,CALI,ESCUELA MARCO FIDEL SUAREZ,COMUNA 9
31,001,13,02,VALLE,CALI,ESC NUESTRA SEÑORA DE LOS REMEDIOS,COMUNA 9
31,001,13,03,VALLE,CALI,IE REPUBLICA DE ARGENTINA,COMUNA 9
31,001,13,04,VALLE,CALI,ESCUELA OLGA LUCIA LLOREDA,COMUNA 9
31,001,13,05,VALLE,CALI,IE ANTONIO JOSE CAMACHO,COMUNA 9
31,001,13,06,VALLE,CALI,IE GENERAL ALFREDO VASQUEZ COBO,COMUNA 9
31,001,14,01,VALLE,CALI,SEDE REPUBLICA DE COSTA RICA,COMUNA 10
31,001,14,02,VALLE,CALI,ESCUELA FERNANDO VELASCO,COMUNA 10
31,001,14,03,VALLE,CALI,IE NORMAL SUPERIOR SANTIAGO,COMUNA 10
31,001,14,04,VALLE,CALI,IE CARLOS HOLGUIN LLOREDA,COMUNA 10
31,001,14,05,VALLE,CALI,IE JOSE MARIA VIVAS BALCAZAR,COMUNA 10
31,001,15,01,VALLE,CALI,CENTRO PARROQUIAL SAN JUAN BAUTISTA,COMUNA 10
31,001,15,02,VALLE,CALI,ESCUELA SAN ROQUE,COMUNA 10
31,001,15,03,VALLE,CALI,IE RAFAEL NAVIA VARON,COMUNA 10
31,001,15,04,VALLE,CALI,ESCUELA GENERAL CARLOS ALBAN,COMUNA 10
31,001,16,01,VALLE,CALI,IE AGUSTIN NIETO CABALLERO,COMUNA 11
31,001,16,02,VALLE,CALI,IE CIUDAD MODELO,COMUNA 11
31,001,16,03,VALLE,CALI,ESCUELA  MARINO RENGIFO SALCEDO,COMUNA 11
31,001,16,04,VALLE,CALI,ESCUELA SUSANA VINASCO DE QUINTANA,COMUNA 11
31,001,16,05,VALLE,CALI,IE VILLA DEL SUR,COMUNA 11
31,001,17,01,VALLE,CALI,ESCUELA JOSE VICENTE CONCHA,COMUNA 11
31,001,17,02,VALLE,CALI,IE CIUDAD DE CALI,COMUNA 11
31,001,17,03,VALLE,CALI,IE,COMUNA 11
31,001,17,04,VALLE,CALI,CDI MADRE ALBERTA FE Y ALEGRIA,COMUNA 11
31,001,18,01,VALLE,CALI,IE JUAN XXIII SEDE CIUDAD DE CALI,COMUNA 12
31,001,18,02,VALLE,CALI,IE MARICE SINISTERRA,COMUNA 12
31,001,18,03,VALLE,CALI,IE HERNANDO NAVIA VARON,COMUNA 12
31,001,18,04,VALLE,CALI,ESCUELA FENALCO ASTURIAS,COMUNA 12
31,001,18,05,VALLE,CALI,IE JULIO DE CAICEDO Y TELLEZ,COMUNA 12
31,001,18,06,VALLE,CALI,COLEGIO LA PRESENTACION EL PARAISO,COMUNA 12
31,001,19,01,VALLE,CALI,COL PARROQUIAL SEÑOR DE LOS MILAGROS,COMUNA 13
31,001,19,02,VALLE,CALI,IE EL DIAMANTE,COMUNA 13
31,001,19,03,VALLE,CALI,ESCUELA RODRIGO LLOREDA,COMUNA 13
31,001,19,04,VALLE,CALI,ESCUELA MIGUEL CAMACHO PEREA,COMUNA 13
31,001,19,05,VALLE,CALI,CENTRO DE CAPACITACION DON BOSCO,COMUNA 13
31,001,19,06,VALLE,CALI,COLEGIO COMFANDI CALIPSO,COMUNA 13
31,001,20,01,VALLE,CALI,IE SANTA ROSA,COMUNA 13
31,001,20,02,VALLE,CALI,COLEGIO PANAMERICANO LOS LAGOS,COMUNA 13
31,001,20,03,VALLE,CALI,IE BARTOLOME LOBOGUERRERO,COMUNA 13
31,001,20,04,VALLE,CALI,SENA CDTI,COMUNA 13
31,001,20,05,VALLE,CALI,IE JESUS VILLAFAÑE FRANCO,COMUNA 13
31,001,20,06,VALLE,CALI,SEDE ENRIQUE OLAYA HERRERA,COMUNA 13
31,001,20,07,VALLE,CALI,IE LUZ HAYDEE GUERRERO MOLINA,COMUNA 13
31,001,21,01,VALLE,CALI,IE LA ANUNCIACION,COMUNA 14
31,001,21,02,VALLE,CALI,SEDE PUERTA DEL SOL,COMUNA 14
31,001,21,03,VALLE,CALI,ESCUELA RAUL SILVA HOLGUIN,COMUNA 14
31,001,21,04,VALLE,CALI,IE MONSEÑOR RAMON ARCILA,COMUNA 14
31,001,21,05,VALLE,CALI,IE LLANO VERDE SEDE BARTOLOME MITRE,COMUNA 14
31,001,22,01,VALLE,CALI,COL FRAY LUIS AMIGO FE Y ALEGRIA,COMUNA 14
31,001,22,02,VALLE,CALI,IE GABRIELA MISTRAL,COMUNA 14
31,001,22,03,VALLE,CALI,COL PARROQUIAL SAN FRANCISCO JAVIER,COMUNA 14
31,001,22,04,VALLE,CALI,IE ELIAS SALAZAR GARCIA,COMUNA 14
31,001,22,05,VALLE,CALI,IE NUEVO LATIR,COMUNA 14
31,001,23,01,VALLE,CALI,IE CUDAD CORDOBA,COMUNA 15
31,001,23,02,VALLE,CALI,ESCUELA OLAYA HERRERA,COMUNA 15
31,001,23,03,VALLE,CALI,ESCUELA JOSE RAMON BEJARANO,COMUNA 15
31,001,23,04,VALLE,CALI,IE GABRIEL GARCIA MARQUEZ,COMUNA 15
31,001,23,05,VALLE,CALI,IE ISAIAS DUARTE CANCINO,COMUNA 15
31,001,23,06,VALLE,CALI,IE CARLOS HOLGUIN MALLARINO,COMUNA 15
31,001,23,07,VALLE,CALI,COLEGIO MADRE SIFFREDI FE Y ALEGRIA,COMUNA 15
31,001,23,08,VALLE,CALI,IE LLANO VERDE,COMUNA 15
31,001,24,01,VALLE,CALI,IE RODRIGO LLOREDA INTENALCO,COMUNA 16
31,001,24,02,VALLE,CALI,IE CRISTOBAL COLON,COMUNA 16
31,001,24,03,VALLE,CALI,IE CARLOS HOLMES TRUJILLO,COMUNA 16
31,001,24,04,VALLE,CALI,ESCUELA PABLO NERUDA,COMUNA 16
31,001,24,05,VALLE,CALI,SEDE CRISTO MAESTRO,COMUNA 16
31,001,24,06,VALLE,CALI,SANTA ISABEL DE HUNGRIA CIUDAD,COMUNA 16
31,001,24,07,VALLE,CALI,SEDE ANGELICA SIERRA,COMUNA 16
31,001,25,01,VALLE,CALI,COLEGIO LOS ANDES,COMUNA 17
31,001,25,02,VALLE,CALI,COLEGIO COMFANDI,COMUNA 17
31,001,25,03,VALLE,CALI,COLEGIO REYES CATOLICOS,COMUNA 17
31,001,25,04,VALLE,CALI,UNIVALLE SEDE MELENDEZ,COMUNA 17
31,001,26,01,VALLE,CALI,ESCUELA LUIS CARLOS ROJAS,COMUNA 17
31,001,26,02,VALLE,CALI,CVC,COMUNA 17
31,001,26,03,VALLE,CALI,CENTRO CULTURAL COLOMBO AMERICANO,COMUNA 17
31,001,26,04,VALLE,CALI,IETI,COMUNA 17                          1000052720000393500002717COMUNA 17
31,001,26,05,VALLE,CALI,COLEGIO NUESTRA SRA DE LA CONSOLACION,COMUNA 17
31,001,27,01,VALLE,CALI,ESCUELA ALVARO ESCOBAR NAVIA,COMUNA 18
31,001,27,02,VALLE,CALI,INSTITUTO CENTRAL DE COMERCIO,COMUNA 18
31,001,27,03,VALLE,CALI,IE JUAN PABLO II,COMUNA 18
31,001,27,04,VALLE,CALI,ESCUELA PORTETE DE TARQUI,COMUNA 18
31,001,27,05,VALLE,CALI,UNIVERSIDAD COOPERATIVA,COMUNA 18
31,001,27,06,VALLE,CALI,SEDE CELIMO RUEDA,COMUNA 18
31,001,27,07,VALLE,CALI,SEDE JHON F KENNEDY,COMUNA 18
31,001,28,01,VALLE,CALI,IE LA ESPERANZA,COMUNA 18
31,001,28,02,VALLE,CALI,COLEGIO AMERICANO,COMUNA 18
31,001,28,03,VALLE,CALI,ESC MAGDALENA ORTEGA DE NARIÑO,COMUNA 18
31,001,28,04,VALLE,CALI,ACADEMIA JOSE MARIA CABAL,COMUNA 18
31,001,28,05,VALLE,CALI,UNIVERSIDAD CATOLICA SEDE MELENDEZ,COMUNA 18
31,001,28,06,VALLE,CALI,SEDE EDUARDO RIASCOS GRUESO,COMUNA 18
31,001,29,01,VALLE,CALI,IE EUSTAQUIO PALACIOS,COMUNA 19
31,001,29,02,VALLE,CALI,INSTITUTO PARA NIÑOS CIEGOS Y SORDOS,COMUNA 19
31,001,29,03,VALLE,CALI,COL SANTA MARIA STELLA MARIS,COMUNA 19
31,001,29,04,VALLE,CALI,ESCUELA,COMUNA 19
31,001,29,05,VALLE,CALI,COLEGIO POLITECNICO,COMUNA 19
31,001,29,06,VALLE,CALI,IE MULTIPROPOSITO,COMUNA 19
31,001,30,01,VALLE,CALI,UNIVALLE SEDE SAN FERNANDO,COMUNA 19
31,001,30,02,VALLE,CALI,UNID DEP PANAM CANCHA DE TEJO,COMUNA 19
31,001,30,03,VALLE,CALI,IE LICEO DEPARTAMENTAL,COMUNA 19
31,001,30,04,VALLE,CALI,ESCUELA FRANCISCO JOSE DE CALDAS,COMUNA 19
31,001,30,05,VALLE,CALI,ESCUELA CAMILO TORRES,COMUNA 19
31,001,30,06,VALLE,CALI,ESCUELA GRAN COLOMBIA,COMUNA 19
31,001,30,07,VALLE,CALI,SEDE LOS CRISTALES,COMUNA 19
31,001,31,01,VALLE,CALI,COLEGIO ARQUIDIOCESANO JUAN PABLO II,COMUNA 20
31,001,31,02,VALLE,CALI,ESCUELA LUIS LOPEZ DE MESA,COMUNA 20
31,001,31,03,VALLE,CALI,IE JUANA DE CAICEDO Y CUERO,COMUNA 20
31,001,31,04,VALLE,CALI,SEDE SIMON BOLIVAR,COMUNA 20
31,001,31,05,VALLE,CALI,SEDE ANTONIA SANTOS,COMUNA 20
31,001,31,06,VALLE,CALI,ESCUELA SOFIA CAMARGO,COMUNA 20
31,001,32,01,VALLE,CALI,SEDE NUEVO AMANECER,COMUNA 21
31,001,32,02,VALLE,CALI,STA ISABEL DE HUNGRIA CALIMIO DECEPAZ,COMUNA 21
31,001,32,03,VALLE,CALI,SANTA ISABEL DE HUNGRIA SAN FELIPE,COMUNA 21
31,001,32,04,VALLE,CALI,COLEGIO FUNDACION COMPARTIR,COMUNA 21
31,001,32,05,VALLE,CALI,IE PROGRESANDO JUNTOS,COMUNA 21
31,001,32,06,VALLE,CALI,COLEGIO POTREROGRANDE,COMUNA 21
31,001,32,07,VALLE,CALI,IE LLANO VERDE SEDE INVICALI,COMUNA 21
31,001,33,01,VALLE,CALI,COLEGIO BENETT,COMUNA 22
31,001,33,02,VALLE,CALI,UNIVERSIDAD DE SAN BUENAVENTURA,COMUNA 22
31,001,33,03,VALLE,CALI,UNIVERSIDAD ICESI,COMUNA 22
31,001,90,01,VALLE,CALI,COLISEO DEL PUEBLO,
31,001,98,01,VALLE,CALI,CARCEL VILLANUEVA,
31,001,99,09,VALLE,CALI,FELIDIA,CORREGIMIENTO FELIDIA
31,001,99,13,VALLE,CALI,HORMIGUERO A,CORREGIMIENTO HORMIGUERO
31,001,99,14,VALLE,CALI,HORMIGUERO B (BOCHALEMA),CORREGIMIENTO HORMIGUERO
31,001,99,17,VALLE,CALI,LA BUITRERA,CORREGIMIENTO LA BUITRERA
31,001,99,19,VALLE,CALI,LA SIRENA,CORREGIMIENTO LA BUITRERA
31,001,99,21,VALLE,CALI,LA CASTILLA,CORREGIMIENTO LA CASTILLA
31,001,99,25,VALLE,CALI,LA ELVIRA,CORREGIMIENTO LA ELVIRA
31,001,99,26,VALLE,CALI,LA ELVIRA KILOMETRO,CORREGIMIENTO LA ELVIRA
31,001,99,29,VALLE,CALI,LA LEONERA,CORREGIMIENTO LA LEONERA
31,001,99,33,VALLE,CALI,LA PAZ,CORREGIMIENTO LA PAZ
31,001,99,37,VALLE,CALI,GOLONDRINAS,CORREGIMIENTO GOLONDRINAS
31,001,99,38,VALLE,CALI,GOLONDRINAS LOS MANGOS,CORREGIMIENTO GOLONDRINAS
31,001,99,41,VALLE,CALI,LOS ANDES,CORREGIMIENTO LOS ANDES
31,001,99,45,VALLE,CALI,VILLA CARMELO FONDA,
31,001,99,46,VALLE,CALI,VILLACARMELO CABECERA,
31,001,99,47,VALLE,CALI,MONTEBELLO,CORREGIMIENTO MONTEBELLO
31,001,99,48,VALLE,CALI,MONTEBELLO CAMPOALEGRE,CORREGIMIENTO MONTEBELLO
31,001,99,49,VALLE,CALI,NAVARRO,CORREGIMIENTO NAVARRO
31,001,99,53,VALLE,CALI,PANCE LA VORAGINE,CORREGIMIENTO PANCE
31,001,99,54,VALLE,CALI,PANCE LA VIGA,CORREGIMIENTO PANCE
31,001,99,57,VALLE,CALI,PICHINDE,CORREGIMIENTO PICHINDE
31,001,99,65,VALLE,CALI,EL SALADITO,CORREGIMIENTO EL SALADITO
31,004,00,00,VALLE,ALCALA,PUESTO CABECERA MUNICIPAL,
31,004,99,01,VALLE,ALCALA,MARAVELEZ,
31,004,99,06,VALLE,ALCALA,EL CONGAL,
31,004,99,08,VALLE,ALCALA,LA CUCHILLA,
31,004,99,30,VALLE,ALCALA,LA ESTRELLA,
31,007,00,00,VALLE,ANDALUCIA,PUESTO CABECERA MUNICIPAL,
31,007,99,01,VALLE,ANDALUCIA,ALTAFLOR,
31,007,99,05,VALLE,ANDALUCIA,CAMPOALEGRE,
31,007,99,09,VALLE,ANDALUCIA,EL SALTO,
31,007,99,13,VALLE,ANDALUCIA,PARDO,
31,007,99,17,VALLE,ANDALUCIA,POTRERILLO,
31,007,99,20,VALLE,ANDALUCIA,ZABALETAS,
31,010,00,00,VALLE,ANSERMANUEVO,PUESTO CABECERA MUNICIPAL,
31,010,99,01,VALLE,ANSERMANUEVO,EL BILLAR,
31,010,99,02,VALLE,ANSERMANUEVO,CALABAZAS,
31,010,99,04,VALLE,ANSERMANUEVO,ANACARO,
31,010,99,05,VALLE,ANSERMANUEVO,EL ROBLE,
31,010,99,06,VALLE,ANSERMANUEVO,ALTO TIGRE,
31,010,99,07,VALLE,ANSERMANUEVO,GRAMALOTE,
31,010,99,08,VALLE,ANSERMANUEVO,EL CAFE,
31,010,99,09,VALLE,ANSERMANUEVO,EL VERGEL,
31,010,99,13,VALLE,ANSERMANUEVO,LA CABAÑA,
31,010,99,15,VALLE,ANSERMANUEVO,LA HONDURA,
31,010,99,16,VALLE,ANSERMANUEVO,LA PUERTA,
31,010,99,17,VALLE,ANSERMANUEVO,LA RAIZ,
31,010,99,19,VALLE,ANSERMANUEVO,LA PEDRERA,
31,010,99,20,VALLE,ANSERMANUEVO,LA POPALITA,
31,010,99,21,VALLE,ANSERMANUEVO,LUSITANIA,
31,010,99,26,VALLE,ANSERMANUEVO,LA PRIMAVERA,
31,010,99,70,VALLE,ANSERMANUEVO,SAN AGUSTIN,
31,010,99,80,VALLE,ANSERMANUEVO,TRES ESQUINAS,
31,013,00,00,VALLE,ARGELIA,PUESTO CABECERA MUNICIPAL,
31,013,99,02,VALLE,ARGELIA,LA PALMA,
31,013,99,04,VALLE,ARGELIA,LA AURORA,
31,013,99,05,VALLE,ARGELIA,MARACAIBO,
31,013,99,06,VALLE,ARGELIA,LA PAZ,
31,013,99,07,VALLE,ARGELIA,LA CRISTALINA,
31,013,99,08,VALLE,ARGELIA,LA MARINA,
31,013,99,09,VALLE,ARGELIA,EL RAIZAL,
31,016,00,00,VALLE,BOLIVAR,PUESTO CABECERA MUNICIPAL,
31,016,99,01,VALLE,BOLIVAR,BETANIA,
31,016,99,03,VALLE,BOLIVAR,AGUAS LINDAS,
31,016,99,05,VALLE,BOLIVAR,EL CATRE,
31,016,99,18,VALLE,BOLIVAR,GUARE,
31,016,99,19,VALLE,BOLIVAR,LA HERRADURA,
31,016,99,21,VALLE,BOLIVAR,LA TULIA,
31,016,99,23,VALLE,BOLIVAR,LAS CABAÑAS,
31,016,99,25,VALLE,BOLIVAR,NARANJAL,
31,016,99,27,VALLE,BOLIVAR,POTOSI,
31,016,99,29,VALLE,BOLIVAR,PRIMAVERA,
31,016,99,33,VALLE,BOLIVAR,RICAURTE,
31,016,99,34,VALLE,BOLIVAR,RIO DOVIO,
31,016,99,35,VALLE,BOLIVAR,SAN FERNANDO,
31,016,99,37,VALLE,BOLIVAR,SANTA TERESA,
31,019,01,01,VALLE,BUENAVENTURA,IE SAN RAFAEL,
31,019,01,02,VALLE,BUENAVENTURA,IE PASCUAL DE ANDAGOYA,
31,019,01,03,VALLE,BUENAVENTURA,COLISEO CUBIIERTO ROBERTO LOZANO BATALLA,
31,019,02,01,VALLE,BUENAVENTURA,IE FRANCISCO JOSE DE CALDAS,
31,019,02,02,VALLE,BUENAVENTURA,FUND EDUC Y SOCIAL ANA VIC,
31,019,02,03,VALLE,BUENAVENTURA,INSTITUTO EDUCATIVO GREGORIANO,
31,019,02,04,VALLE,BUENAVENTURA,INSTITUTO SILVIA ZAYNAB,
31,019,02,05,VALLE,BUENAVENTURA,IE REPUBLICA DE VENEZUELA,
31,019,02,06,VALLE,BUENAVENTURA,CENTRO DOCENTE NELSON MANDELA,
31,019,02,07,VALLE,BUENAVENTURA,CAMINANTES DEL FUTURO,
31,019,02,08,VALLE,BUENAVENTURA,IE LA ANUNCIACION (IFA),
31,019,02,09,VALLE,BUENAVENTURA,POLIDEPORTIVO B/ ALBERTO LLERAS CAMARGO,
31,019,03,01,VALLE,BUENAVENTURA,IE JOSE RAMON BEJARANO,
31,019,03,02,VALLE,BUENAVENTURA,CASETA COMUNAL EL ORIENTE,
31,019,03,03,VALLE,BUENAVENTURA,IE JUAN JOSE RONDON,
31,019,03,04,VALLE,BUENAVENTURA,COLEGIO PATRICIO SYMES,
31,019,03,05,VALLE,BUENAVENTURA,ESCUELA SAN BUENAVENTURA,
31,019,03,06,VALLE,BUENAVENTURA,COLEGIO JHON F KENNEDY,
31,019,03,07,VALLE,BUENAVENTURA,IE JOSE RAMON BEJARANO SEDE LA,COMUNA   1000014600000128300000802LOCALIDAD 2 CONT. (EL PAILON)
31,019,04,01,VALLE,BUENAVENTURA,IE TEOFILO ROBERTO POTES,
31,019,04,02,VALLE,BUENAVENTURA,IE TERMARIT,
31,019,04,03,VALLE,BUENAVENTURA,IE LICEO DEL PACIFICO,
31,019,04,04,VALLE,BUENAVENTURA,IE SAN MARTIN DE PORRAS,
31,019,05,01,VALLE,BUENAVENTURA,IE JOSE MARIA CABAL,
31,019,05,02,VALLE,BUENAVENTURA,IE LAS AMERICAS,
31,019,05,03,VALLE,BUENAVENTURA,PARROQUIA CRISTO REDENTOR,
31,019,05,04,VALLE,BUENAVENTURA,COORPORACION EDUCATIVA CER,
31,019,06,01,VALLE,BUENAVENTURA,IE SIMON BOLIVAR,
31,019,06,02,VALLE,BUENAVENTURA,COLEG. ANTONIO NARIÑO,
31,019,06,03,VALLE,BUENAVENTURA,IE LOS GRANADINOS,
31,019,06,04,VALLE,BUENAVENTURA,CASETA COMUNAL UNION DE VIVIEN,
31,019,06,05,VALLE,BUENAVENTURA,IE EMILIO CARVAJAL,
31,019,06,06,VALLE,BUENAVENTURA,IE LA NUEVA ESPERANZA,
31,019,06,07,VALLE,BUENAVENTURA,CTRO EDUC. EUSEBIO ANGULO,
31,019,06,08,VALLE,BUENAVENTURA,INSTITUCION EDUCATIVA SAN ANTONIO,
31,019,06,09,VALLE,BUENAVENTURA,CASETA COMUNAL BARRIO CALDAS,
31,019,90,01,VALLE,BUENAVENTURA,INST.TEC.IND.GERARDO VALENCIA,
31,019,98,01,VALLE,BUENAVENTURA,CARCEL,
31,019,99,01,VALLE,BUENAVENTURA,BAJO CALIMA,CORREGIMIENTO 1 BAJO CALIMA
31,019,99,02,VALLE,BUENAVENTURA,LA TROJITA,CORREGIMIENTO 2
31,019,99,06,VALLE,BUENAVENTURA,BOCAS DEL SAN JUAN,
31,019,99,07,VALLE,BUENAVENTURA,LA PLATA,
31,019,99,10,VALLE,BUENAVENTURA,MALAGA,
31,019,99,13,VALLE,BUENAVENTURA,PUERTO ESPAÑA,
31,019,99,15,VALLE,BUENAVENTURA,LA BOCANA,CORREGIMIENTO 4 (PUNTA BAZAN)
31,019,99,16,VALLE,BUENAVENTURA,PUNTA SOLDADO,CORREGIMIENTO 5
31,019,99,19,VALLE,BUENAVENTURA,BOCAS DE CALIMA,CORREGIMIENTO 6
31,019,99,21,VALLE,BUENAVENTURA,CAMPO HERMOSO,CORREGIMIENTO  7
31,019,99,22,VALLE,BUENAVENTURA,GUADUALITO,CORREGIMIENTO  7
31,019,99,23,VALLE,BUENAVENTURA,ALTO POTEDO,CORREGIMIENTO  7
31,019,99,25,VALLE,BUENAVENTURA,AGUACLARA,
31,019,99,26,VALLE,BUENAVENTURA,LADRILLEROS,
31,019,99,27,VALLE,BUENAVENTURA,LLANOBAJO,
31,019,99,28,VALLE,BUENAVENTURA,SAN MARCOS,
31,019,99,30,VALLE,BUENAVENTURA,LIMONES,
31,019,99,31,VALLE,BUENAVENTURA,ZABALETAS,
31,019,99,32,VALLE,BUENAVENTURA,ZACARIAS,
31,019,99,34,VALLE,BUENAVENTURA,SAN JOSE (ANCHICAYA),CORREGIMIENTO 9 (RIO ANCHICAYA
31,019,99,35,VALLE,BUENAVENTURA,TAPARAL,CORREGIMIENTO 9 (RIO ANCHICAYA
31,019,99,37,VALLE,BUENAVENTURA,CARACOLI (CACOLI),
31,019,99,40,VALLE,BUENAVENTURA,EL TIGRE,
31,019,99,43,VALLE,BUENAVENTURA,CALLE HONDA,
31,019,99,46,VALLE,BUENAVENTURA,SAN FRANCISCO JAVIER,
31,019,99,49,VALLE,BUENAVENTURA,EL PITAL,CORREGIMIENTO 11 (RIO CAJAMBRE
31,019,99,51,VALLE,BUENAVENTURA,MAYORQUIN,CORREGIMIENTO 11 (RIO CAJAMBRE
31,019,99,52,VALLE,BUENAVENTURA,PAPAYAL,CORREGIMIENTO 11 (RIO CAJAMBRE
31,019,99,54,VALLE,BUENAVENTURA,BARCOS,CORREGIMIENTO 12
31,019,99,55,VALLE,BUENAVENTURA,SAN ISIDRO,CORREGIMIENTO 12
31,019,99,56,VALLE,BUENAVENTURA,SILVA,CORREGIMIENTO 12
31,019,99,58,VALLE,BUENAVENTURA,SAN ANTONIO (YURUMANGUI),
31,019,99,61,VALLE,BUENAVENTURA,VENERAL,
31,019,99,64,VALLE,BUENAVENTURA,SAN JOSE (YURUMANGUI),CORREGIMIENTO 14
31,019,99,67,VALLE,BUENAVENTURA,JUNTAS  (YURUMANGUI),CORREGIMIENTO 14
31,019,99,70,VALLE,BUENAVENTURA,EL PASTICO,
31,019,99,73,VALLE,BUENAVENTURA,PUERTO MERIZALDE,
31,019,99,74,VALLE,BUENAVENTURA,SAN PEDRO DE NAYA,
31,019,99,76,VALLE,BUENAVENTURA,EL CARMEN,
31,019,99,79,VALLE,BUENAVENTURA,SAN FRANCISCO DE NAYA,
31,019,99,80,VALLE,BUENAVENTURA,LA CONCEPCION,
31,019,99,81,VALLE,BUENAVENTURA,NICOLAS RAMOS HIDALGO,
31,019,99,82,VALLE,BUENAVENTURA,PUERTO NAYA,
31,019,99,85,VALLE,BUENAVENTURA,SAN LORENZO,
31,019,99,87,VALLE,BUENAVENTURA,CORDOBA,CORREGIMIENTO 18
31,019,99,88,VALLE,BUENAVENTURA,TRIANA,CORREGIMIENTO 18
31,019,99,89,VALLE,BUENAVENTURA,LA DELFINA,CORREGIMIENTO 18
31,019,99,91,VALLE,BUENAVENTURA,CISNEROS,CORREGIMIENTO 19
31,019,99,94,VALLE,BUENAVENTURA,CABECERAS DEL RIO SAN JUAN,CORREGIMIENTO 6
31,022,01,01,VALLE,BUGA,SEDE JULIAN MENDOZA GUERRERO,COMUNA 1
31,022,01,02,VALLE,BUGA,IE MANUEL ANTONIO SANCLEMENTE,COMUNA 1
31,022,01,03,VALLE,BUGA,ESCUELA JHON F. KENNEDY,COMUNA 1
31,022,02,01,VALLE,BUGA,IE JOSE MARIA VILLEGAS,COMUNA 2
31,022,02,02,VALLE,BUGA,SEDE GENERAL SANTANDER,COMUNA 2
31,022,02,03,VALLE,BUGA,SEDE JOAQUIN CAMILO TORRES,COMUNA 2
31,022,03,01,VALLE,BUGA,SEDE GUADALAJARA,COMUNA 3
31,022,03,02,VALLE,BUGA,SEDE TEOFILO DORRONSORO,COMUNA 3
31,022,03,03,VALLE,BUGA,IE GRAN COLOMBIA,COMUNA 3
31,022,04,01,VALLE,BUGA,IE SAN VICENTE,COMUNA 4
31,022,04,02,VALLE,BUGA,SEDE MARISCAL SUCRE,COMUNA 4
31,022,04,03,VALLE,BUGA,SEDE CARLOS ARTURO CABAL,COMUNA 4
31,022,04,04,VALLE,BUGA,SEDE MARIA AUXILIADORA,COMUNA 4
31,022,04,05,VALLE,BUGA,SEDE CARLOTA ARMERO,COMUNA 4
31,022,04,06,VALLE,BUGA,COLISEO DE DEPORTES ARMANDO MONCADA C,COMUNA 4
31,022,04,07,VALLE,BUGA,COL MAYOR CIUDAD DE BUGA,COMUNA 4
31,022,04,08,VALLE,BUGA,SEDE SAN JOSE,COMUNA 4
31,022,05,01,VALLE,BUGA,SEDE MARIA LUISA DE LA ESPADA,COMUNA 5
31,022,05,02,VALLE,BUGA,SEDE ABSALON FERNANDEZ DE SOTO,COMUNA 5
31,022,05,03,VALLE,BUGA,SEDE ANTONIO JOSE DE SUCRE,COMUNA 5
31,022,05,04,VALLE,BUGA,CDI MANITOS CON AMOR,COMUNA 5
31,022,05,05,VALLE,BUGA,UTEDE,COMUNA 5
31,022,05,06,VALLE,BUGA,ESCUELA OBRA SOCIAL EL MILAGRO,COMUNA 5
31,022,06,01,VALLE,BUGA,COLEGIO GIMNASIO CENTRAL DEL VALLE,COMUNA 6
31,022,06,02,VALLE,BUGA,IE ACADEMICO,COMUNA 6
31,022,06,03,VALLE,BUGA,IE NARCISO CABAL SALCEDO,COMUNA 6
31,022,06,04,VALLE,BUGA,COL SANTA MARIANA DE JESUS,COMUNA 6
31,022,06,05,VALLE,BUGA,COL LICEO DE LOS ANDES FUNED,COMUNA 6
31,022,98,01,VALLE,BUGA,CARCEL,
31,022,99,01,VALLE,BUGA,ZANJON HONDO,CORREGIMIENTO ZAJON HONDO
31,022,99,02,VALLE,BUGA,QUEBRADASECA  EL MANANTIAL,CORREGIMIENTO QUEBRADASECA
31,022,99,03,VALLE,BUGA,QUEBRADASECA,CORREGIMIENTO QUEBRADASECA
31,022,99,04,VALLE,BUGA,CRUCERO DE NOGALES,CORREGIMIENTO NOGALES
31,022,99,05,VALLE,BUGA,MONTERREY,CORREGIMIENTO MONTERREY
31,022,99,07,VALLE,BUGA,LOS BANCOS,CORREGIMIENTO LOS BANCOS
31,022,99,09,VALLE,BUGA,LA MARIA,CORREGIMIENTO LA MARIA
31,022,99,10,VALLE,BUGA,LA HABANA,CORREGIMIENTO LA HABANA
31,022,99,11,VALLE,BUGA,LA HABANA EL JANEIRO,CORREGIMIENTO LA HABANA
31,022,99,12,VALLE,BUGA,LA HABANA LA MAGDALENA,CORREGIMIENTO LA HABANA
31,022,99,13,VALLE,BUGA,FRISOLES,CORREGIMIENTO FRISOLES
31,022,99,14,VALLE,BUGA,EL VINCULO,CORREGIMIENTO EL VINCULO
31,022,99,15,VALLE,BUGA,EL ROSARIO,CORREGIMIENTO EL ROSARIO
31,022,99,16,VALLE,BUGA,EL PLACER,CORREGIMIENTO EL PLACER
31,022,99,17,VALLE,BUGA,EL SALADO,CORREGIMIENTO EL SALADO
31,022,99,19,VALLE,BUGA,PUEBLO NUEVO,CORREGIMIENTO PUEBLO NUEVO
31,022,99,20,VALLE,BUGA,CHAMBIMBAL CERRO RICO,CORREGIMIENTO CHAMBIMBAL
31,022,99,21,VALLE,BUGA,CHAMBIMBAL SAN ANTONIO,CORREGIMIENTO CHAMBIMBAL
31,022,99,22,VALLE,BUGA,CHAMBIMBAL LA CAMPIÑA,CORREGIMIENTO CHAMBIMBAL
31,022,99,23,VALLE,BUGA,MIRAFLORES,CORREGIMIENTO MIRAFLORES
31,022,99,29,VALLE,BUGA,LA PLAYA DEL BUEY,
31,022,99,33,VALLE,BUGA,RIO LORO,CORREGIMIENTO RIO LORO
31,025,00,00,VALLE,BUGALAGRANDE,PUESTO CABECERA MUNICIPAL,
31,025,99,01,VALLE,BUGALAGRANDE,CEILAN,
31,025,99,03,VALLE,BUGALAGRANDE,CHICORAL,
31,025,99,05,VALLE,BUGALAGRANDE,CHORRERAS,
31,025,99,09,VALLE,BUGALAGRANDE,EL GUAYABO,
31,025,99,11,VALLE,BUGALAGRANDE,MESTIZAL,
31,025,99,12,VALLE,BUGALAGRANDE,EL ROCIO,
31,025,99,13,VALLE,BUGALAGRANDE,EL OVERO,
31,025,99,15,VALLE,BUGALAGRANDE,EL PLACER,
31,025,99,19,VALLE,BUGALAGRANDE,EL RAICERO,
31,025,99,21,VALLE,BUGALAGRANDE,GALICIA,
31,025,99,24,VALLE,BUGALAGRANDE,URIBE,
31,025,99,25,VALLE,BUGALAGRANDE,LA MORENA,
31,025,99,29,VALLE,BUGALAGRANDE,PAILA ARRIBA,
31,025,99,33,VALLE,BUGALAGRANDE,SAN ANTONIO,
31,028,01,01,VALLE,CAICEDONIA,NORMAL SUPERIOR,
31,028,01,02,VALLE,CAICEDONIA,ESCUELA JOSE EUSEBIO CARO,
31,028,01,03,VALLE,CAICEDONIA,IE ANEXA,
31,028,02,01,VALLE,CAICEDONIA,SEDE UNIVALLE,
31,028,02,02,VALLE,CAICEDONIA,ESCUELA TRES DE AGOSTO,
31,028,02,03,VALLE,CAICEDONIA,ESCUELA GABRIELA MISTRAL,
31,028,02,04,VALLE,CAICEDONIA,CENTRO DE INTEGRACION CIUDADANA CIC,
31,028,02,05,VALLE,CAICEDONIA,SATELITE BOLIVARIANO,
31,028,98,01,VALLE,CAICEDONIA,CARCEL DEL CIRCUITO,
31,028,99,01,VALLE,CAICEDONIA,AURES,
31,028,99,03,VALLE,CAICEDONIA,BAJO BARRAGAN,
31,028,99,05,VALLE,CAICEDONIA,BURILA,
31,028,99,09,VALLE,CAICEDONIA,EL CRUCERO,
31,028,99,13,VALLE,CAICEDONIA,LA RIVERA,
31,028,99,17,VALLE,CAICEDONIA,MONTEGRANDE,
31,028,99,21,VALLE,CAICEDONIA,SAMARIA,
31,028,99,25,VALLE,CAICEDONIA,SAN GERARDO,
31,031,01,01,VALLE,CANDELARIA,ESCUELA ANTONIO NARIÑO,
31,031,01,02,VALLE,CANDELARIA,ESC. FCO DE PAULA SANTANDER,
31,031,02,01,VALLE,CANDELARIA,POLIDEPORTIVO MUNICIPAL,
31,031,02,02,VALLE,CANDELARIA,ESCUELA ALFONSO LOPEZ PUMAREJO,
31,031,02,03,VALLE,CANDELARIA,COLEGIO SAGRADA FAMILIA,
31,031,90,01,VALLE,CANDELARIA,COLEGIO GERMAN NIETO,
31,031,99,01,VALLE,CANDELARIA,BUCHITOLO,
31,031,99,03,VALLE,CANDELARIA,EL ARENAL,
31,031,99,05,VALLE,CANDELARIA,EL CABUYAL,
31,031,99,09,VALLE,CANDELARIA,EL CARMELO - JOSE ANTONIO GALAN,
31,031,99,10,VALLE,CANDELARIA,EL CARMELO - JUAN DE LA CRUZ HERRERA,
31,031,99,11,VALLE,CANDELARIA,EL CARMELO - ROSENDO MONDRAGON FEIJOO,
31,031,99,13,VALLE,CANDELARIA,EL LAURO,
31,031,99,17,VALLE,CANDELARIA,EL TIPLE,
31,031,99,21,VALLE,CANDELARIA,JUANCHITO - CAUCASECO,
31,031,99,22,VALLE,CANDELARIA,JUANCHITO - POBLADO CAMPESTRE,
31,031,99,23,VALLE,CANDELARIA,JUANCHITO CIUDAD DEL VALLE,
31,031,99,24,VALLE,CANDELARIA,JUANCHITO - DOMINGO LARGO,
31,031,99,25,VALLE,CANDELARIA,JUANCHITO - ATANASIO GIRARDOT COLEGIO,
31,031,99,29,VALLE,CANDELARIA,LA REGINA,
31,031,99,33,VALLE,CANDELARIA,MADREVIEJA,
31,031,99,37,VALLE,CANDELARIA,SAN JOAQUIN,
31,031,99,38,VALLE,CANDELARIA,VILLAGORGONA - SANTIAGO RENGIFO,
31,031,99,39,VALLE,CANDELARIA,VILLAGORGONA - JOSE EUSEBIO CARO,
31,031,99,40,VALLE,CANDELARIA,VILLAGORGONA - POLIDEPORTIVO LA ALDEA,
31,031,99,41,VALLE,CANDELARIA,VILLAGORGONA,
31,031,99,42,VALLE,CANDELARIA,VILLAGORGONA - CULTIVARTE,
31,034,01,01,VALLE,CARTAGO,COL RAMON MARTINEZ BENITEZ SED,COMUNA 1
31,034,01,02,VALLE,CARTAGO,ESC SAN JUAN BOSCO,COMUNA 1
31,034,01,03,VALLE,CARTAGO,COL TECNICO CIUDAD CARTAGO,COMUNA 1
31,034,01,04,VALLE,CARTAGO,COL JUAN XXIII,COMUNA 1
31,034,01,05,VALLE,CARTAGO,COL. RAMON MARTINEZ BENITEZ PRIMARIA,COMUNA 1
31,034,01,06,VALLE,CARTAGO,ESC EMPERATRIZ BUENO,COMUNA 2
31,034,01,07,VALLE,CARTAGO,ESC HELIODORO PEÑA,COMUNA 2
31,034,02,01,VALLE,CARTAGO,COLEGIO LAZARO DE GARDEA,COMUNA 3
31,034,02,02,VALLE,CARTAGO,UNIVERSIDAD DEL VALLE,COMUNA 3
31,034,02,03,VALLE,CARTAGO,COL MANUEL QUINTERO PENILLA,COMUNA 4
31,034,02,04,VALLE,CARTAGO,COL NACIONAL ACADEMICO,COMUNA 4
31,034,02,05,VALLE,CARTAGO,CENTRO COMERCIAL SANTIAGO PLAZA,COMUNA 4
31,034,03,01,VALLE,CARTAGO,COLISEO LA ISLETA,COMUNA 5
31,034,03,02,VALLE,CARTAGO,CORP DE ESTUDIOS TECNOLOGICOS,COMUNA 5
31,034,03,03,VALLE,CARTAGO,ESC. FRANCISCO DE PAULA SANTANDER,COMUNA 5
31,034,04,01,VALLE,CARTAGO,COL MARIA AUXILIADORA,COMUNA 6
31,034,04,02,VALLE,CARTAGO,SED ED MARIA INMACULADA,COMUNA 6
31,034,04,03,VALLE,CARTAGO,COL SOR MARIA JULIANA,COMUNA 6
31,034,04,04,VALLE,CARTAGO,I E LASTENIA DURAN VERNAZA,COMUNA 6
31,034,04,05,VALLE,CARTAGO,ESC. RIGOBERTO OROZCO,COMUNA 6
31,034,05,01,VALLE,CARTAGO,ESC ROBERTO DELGADO,COMUNA 7
31,034,05,02,VALLE,CARTAGO,COL HOLGUIN GARCES,COMUNA 7
31,034,05,03,VALLE,CARTAGO,COL ANTONIO NARIÑO,COMUNA 7
31,034,05,04,VALLE,CARTAGO,COMEDOR INF CLUB ROTARIO,COMUNA 7
31,034,05,05,VALLE,CARTAGO,I. TEC. INDUSTRIAL INDALECIO PENILLA,COMUNA 7
31,034,05,06,VALLE,CARTAGO,CASA DE JUSTICIA,COMUNA 7
31,034,05,07,VALLE,CARTAGO,HOGAR INFANTIL SAN PABLO,COMUNA 7
31,034,90,01,VALLE,CARTAGO,ESC. JHON F. KENNEDY,
31,034,98,01,VALLE,CARTAGO,CARCEL,
31,034,99,01,VALLE,CARTAGO,CAUCA,CORREGIMIENTO 1 CAUCA
31,034,99,05,VALLE,CARTAGO,COLORADAS,CORREGIMIENTO 6 COLORADAS
31,034,99,13,VALLE,CARTAGO,MODIN,CORREGIMIENTO 5 MODIN
31,034,99,17,VALLE,CARTAGO,PIEDRA DE MOLER,
31,034,99,33,VALLE,CARTAGO,ZARAGOZA,CORREGIMIENTO 2 ZARAGOZA
31,037,00,00,VALLE,DAGUA,PUESTO CABECERA MUNICIPAL,
31,037,99,01,VALLE,DAGUA,BORRERO AYERBE (OLAYA HERRERA,
31,037,99,03,VALLE,DAGUA,ATUNCELAS,
31,037,99,05,VALLE,DAGUA,CISNEROS JUNTAS,
31,037,99,09,VALLE,DAGUA,EL CARMEN,
31,037,99,13,VALLE,DAGUA,EL DANUBIO,
31,037,99,15,VALLE,DAGUA,EL PALMAR,
31,037,99,17,VALLE,DAGUA,EL PIÑAL,
31,037,99,19,VALLE,DAGUA,EL ROCIO,
31,037,99,21,VALLE,DAGUA,EL SALADO,
31,037,99,22,VALLE,DAGUA,JIGUALES,
31,037,99,23,VALLE,DAGUA,JUNTAS,
31,037,99,24,VALLE,DAGUA,KILOMETRO,
31,037,99,25,VALLE,DAGUA,LA CASCADA,
31,037,99,29,VALLE,DAGUA,LA ELSA,
31,037,99,33,VALLE,DAGUA,LA PROVIDENCIA,
31,037,99,37,VALLE,DAGUA,EL LIMONAR,
31,037,99,41,VALLE,DAGUA,LOBO GUERRERO,
31,037,99,45,VALLE,DAGUA,EL NARANJO,
31,037,99,53,VALLE,DAGUA,EL QUEREMAL,
31,037,99,54,VALLE,DAGUA,LOS ALPES,
31,037,99,57,VALLE,DAGUA,SAN BERNARDO,
31,037,99,61,VALLE,DAGUA,SANTA MARIA,
31,037,99,65,VALLE,DAGUA,SAN VICENTE (SAN JOAQUIN),
31,037,99,69,VALLE,DAGUA,VILLAHERMOSA,
31,037,99,73,VALLE,DAGUA,ZABALETAS,
31,037,99,77,VALLE,DAGUA,ZELANDIA,
31,040,00,00,VALLE,CALIMA (DARIEN),PUESTO CABECERA MUNICIPAL,
31,040,99,01,VALLE,CALIMA (DARIEN),EL BOLEO,
31,040,99,05,VALLE,CALIMA (DARIEN),EL DIAMANTE,
31,040,99,07,VALLE,CALIMA (DARIEN),EL MIRADOR,
31,040,99,09,VALLE,CALIMA (DARIEN),JIGUALES,
31,040,99,13,VALLE,CALIMA (DARIEN),LA CECILIA,
31,040,99,17,VALLE,CALIMA (DARIEN),LA CRISTALINA,
31,040,99,21,VALLE,CALIMA (DARIEN),LA FLORIDA,
31,040,99,25,VALLE,CALIMA (DARIEN),LA GAVIOTA,
31,040,99,29,VALLE,CALIMA (DARIEN),LA GUAIRA,
31,040,99,30,VALLE,CALIMA (DARIEN),LA ITALIA,
31,040,99,33,VALLE,CALIMA (DARIEN),LA RIBERA,
31,040,99,37,VALLE,CALIMA (DARIEN),LA SAMARIA,
31,040,99,41,VALLE,CALIMA (DARIEN),LA UNION,
31,040,99,43,VALLE,CALIMA (DARIEN),LLANITOS,
31,040,99,44,VALLE,CALIMA (DARIEN),PRIMAVERA,
31,040,99,45,VALLE,CALIMA (DARIEN),PUENTE TIERRA,
31,040,99,49,VALLE,CALIMA (DARIEN),RIO BRAVO,
31,040,99,53,VALLE,CALIMA (DARIEN),SAN JOSE,
31,043,00,00,VALLE,EL AGUILA,PUESTO CABECERA MUNICIPAL,
31,043,99,01,VALLE,EL AGUILA,LA ESPARTA,
31,043,99,02,VALLE,EL AGUILA,CAJONES,
31,043,99,03,VALLE,EL AGUILA,EL EMBAL,
31,043,99,04,VALLE,EL AGUILA,LA GALANA,
31,043,99,06,VALLE,EL AGUILA,CHORRITOS,
31,043,99,07,VALLE,EL AGUILA,LA LIBERTAD,
31,043,99,08,VALLE,EL AGUILA,EL COFRE,
31,043,99,09,VALLE,EL AGUILA,LA MARIA,
31,043,99,10,VALLE,EL AGUILA,EL RIO,
31,043,99,11,VALLE,EL AGUILA,LA BOCATOMA,
31,043,99,12,VALLE,EL AGUILA,CAJA DE ORO,
31,043,99,13,VALLE,EL AGUILA,SAN JOSE,
31,043,99,15,VALLE,EL AGUILA,LA JUDEA,
31,043,99,17,VALLE,EL AGUILA,LA QUIEBRA DE SAN PABLO,
31,043,99,18,VALLE,EL AGUILA,SANTA ELENA,
31,043,99,19,VALLE,EL AGUILA,SANTA MARTA,
31,043,99,21,VALLE,EL AGUILA,VILLANUEVA,
31,046,00,00,VALLE,EL CAIRO,PUESTO CABECERA MUNICIPAL,
31,046,99,01,VALLE,EL CAIRO,ALBAN,
31,046,99,02,VALLE,EL CAIRO,BOQUERON,
31,046,99,03,VALLE,EL CAIRO,BELLAVISTA,
31,046,99,04,VALLE,EL CAIRO,LA CARBONERA,
31,046,99,05,VALLE,EL CAIRO,LA GUARDIA,
31,046,99,06,VALLE,EL CAIRO,ALTO CIELO,
31,046,99,08,VALLE,EL CAIRO,PLAYA RICA,
31,046,99,10,VALLE,EL CAIRO,ALTO BONITO,
31,046,99,13,VALLE,EL CAIRO,SALMELIA,
31,046,99,17,VALLE,EL CAIRO,SAN JOSE,
31,049,01,01,VALLE,EL CERRITO,ESCUELA MARIA MONTESORI,
31,049,01,02,VALLE,EL CERRITO,ESC. JOSE CELESTINO MUTIS,
31,049,01,03,VALLE,EL CERRITO,ESCUELA JORGE ISAAC,
31,049,01,04,VALLE,EL CERRITO,COLEGIO JORGE ISAAC,
31,049,02,01,VALLE,EL CERRITO,COL. JOSE IGNACIO RENGIFO,
31,049,02,02,VALLE,EL CERRITO,COL. SAGRADO CORAZON,
31,049,99,01,VALLE,EL CERRITO,AUJI,
31,049,99,05,VALLE,EL CERRITO,CARRIZAL,
31,049,99,09,VALLE,EL CERRITO,EL CASTILLO,
31,049,99,11,VALLE,EL CERRITO,EL MORAL,
31,049,99,13,VALLE,EL CERRITO,EL PARAISO,
31,049,99,15,VALLE,EL CERRITO,EL PLACER,
31,049,99,17,VALLE,EL CERRITO,EL POMO,
31,049,99,19,VALLE,EL CERRITO,LOS ANDES,
31,049,99,25,VALLE,EL CERRITO,SAN ANTONIO,
31,049,99,29,VALLE,EL CERRITO,SANTA ELENA,
31,049,99,33,VALLE,EL CERRITO,SANTA LUISA,
31,049,99,37,VALLE,EL CERRITO,TENERIFE,
31,052,00,00,VALLE,EL DOVIO,PUESTO CABECERA MUNICIPAL,
31,052,99,01,VALLE,EL DOVIO,LA PRADERA,
31,052,99,06,VALLE,EL DOVIO,BITACO,
31,052,99,07,VALLE,EL DOVIO,EL GUACHAL,
31,052,99,08,VALLE,EL DOVIO,LA CABAÑA,
31,052,99,09,VALLE,EL DOVIO,LITUANIA,
31,052,99,10,VALLE,EL DOVIO,LA ESPERANZA,
31,052,99,11,VALLE,EL DOVIO,CIELITO,
31,052,99,12,VALLE,EL DOVIO,EL DUMAR,
31,052,99,13,VALLE,EL DOVIO,MONTEAZUL,
31,052,99,14,VALLE,EL DOVIO,PLAYA RICA,
31,052,99,15,VALLE,EL DOVIO,BATATAL,
31,052,99,17,VALLE,EL DOVIO,SIRIMUNDA,
31,052,99,25,VALLE,EL DOVIO,EL FILO,
31,055,01,01,VALLE,FLORIDA,COL. ABSALON TORRES,COMUNA 1
31,055,01,02,VALLE,FLORIDA,IE JULIO ARBOLEDA,COMUNA 1
31,055,01,03,VALLE,FLORIDA,CASA DE LA CULTURA,COMUNA 2
31,055,01,04,VALLE,FLORIDA,ESC. POLICARPA SALAVARRIETA,COMUNA 3
31,055,02,01,VALLE,FLORIDA,ESC. EMETERIO PIEDRAHITA,COMUNA 4
31,055,02,02,VALLE,FLORIDA,IE JULIO CASTAÑO,COMUNA 4
31,055,02,03,VALLE,FLORIDA,LICEO COMERCIAL FEMENINO,COMUNA 5
31,055,90,01,VALLE,FLORIDA,COL. INSTITUTO LAS AMERICAS,
31,055,98,01,VALLE,FLORIDA,CARCEL,
31,055,99,01,VALLE,FLORIDA,BETANIA,
31,055,99,03,VALLE,FLORIDA,CALEÑO,
31,055,99,05,VALLE,FLORIDA,CAÑAS ABAJO,
31,055,99,09,VALLE,FLORIDA,CAÑAS ARRIBA,CORREGIMIENTO SAN FRANCISCO
31,055,99,13,VALLE,FLORIDA,CHOCOCITO,CORREGIMIENTO CHOCOSITO
31,055,99,15,VALLE,FLORIDA,EL INGENIO,
31,055,99,17,VALLE,FLORIDA,EL LIBANO,
31,055,99,18,VALLE,FLORIDA,EL PEDREGAL,
31,055,99,20,VALLE,FLORIDA,LA ACEQUIA,CORREGIMIENTO CHOCOSITO
31,055,99,21,VALLE,FLORIDA,LA DIANA,
31,055,99,23,VALLE,FLORIDA,LA PALMERA,
31,055,99,25,VALLE,FLORIDA,LA RIBERA,
31,055,99,26,VALLE,FLORIDA,LA SAMARIA,
31,055,99,29,VALLE,FLORIDA,LA UNION,
31,055,99,31,VALLE,FLORIDA,LAS GUACAS,
31,055,99,32,VALLE,FLORIDA,PARRAGA,
31,055,99,33,VALLE,FLORIDA,PUEBLO NUEVO,
31,055,99,37,VALLE,FLORIDA,REMOLINO,
31,055,99,39,VALLE,FLORIDA,MIRAVALLES,
31,055,99,41,VALLE,FLORIDA,SAN ANTONIO,CORREGIMIENTO SAN ANTONIO
31,055,99,45,VALLE,FLORIDA,SAN FRANCISCO LLANITO,CORREGIMIENTO SAN FRANCISCO
31,055,99,49,VALLE,FLORIDA,SANTA ROSA,
31,055,99,51,VALLE,FLORIDA,SANTO DOMINGO,
31,055,99,53,VALLE,FLORIDA,TARRAGONA,CORREGIMIENTO TARRAGONA
31,058,00,00,VALLE,GINEBRA,PUESTO CABECERA MUNICIPAL,
31,058,99,01,VALLE,GINEBRA,COSTA RICA,
31,058,99,02,VALLE,GINEBRA,FLORESTA,
31,058,99,03,VALLE,GINEBRA,COCUYOS,
31,058,99,05,VALLE,GINEBRA,JUNTAS,
31,058,99,08,VALLE,GINEBRA,LA NOVILLERA,
31,058,99,09,VALLE,GINEBRA,LOS MEDIOS,
31,058,99,10,VALLE,GINEBRA,LA SELVA,
31,058,99,85,VALLE,GINEBRA,ZABALETAS,
31,061,00,01,VALLE,GUACARI,ESC NORMAL SUP. MIGUEL DE CERVANTES S.,
31,061,00,02,VALLE,GUACARI,CENTRO DE INTEGRACION CIUDADANA - CIC,
31,061,99,01,VALLE,GUACARI,ALTO DE LA JULIA,
31,061,99,03,VALLE,GUACARI,CANANGUA,
31,061,99,06,VALLE,GUACARI,EL PLACER,
31,061,99,07,VALLE,GUACARI,GUACAS,
31,061,99,09,VALLE,GUACARI,GUABAS,
31,061,99,13,VALLE,GUACARI,GUABITAS,
31,061,99,17,VALLE,GUACARI,LA MAGDALENA,
31,061,99,21,VALLE,GUACARI,PICHICHI,
31,061,99,23,VALLE,GUACARI,PUENTE ROJO,
31,061,99,25,VALLE,GUACARI,SANTA ROSA DE TAPIAS,
31,061,99,29,VALLE,GUACARI,SONSO,
31,064,01,01,VALLE,JAMUNDI,CIUDELA TERRANOVA COL. COMFANDI,
31,064,01,02,VALLE,JAMUNDI,IE ALFREDO BONILLA MONTAÑO,
31,064,01,03,VALLE,JAMUNDI,IE EL RODEO,
31,064,01,04,VALLE,JAMUNDI,INST. EDUCATIVA JUAN PABLO II,
31,064,01,05,VALLE,JAMUNDI,CENTRO COMERCIAL HERRERIA EL CASTILLO,
31,064,02,01,VALLE,JAMUNDI,ESC NUESTRA SEÑORA DEL PORTAL,
31,064,02,02,VALLE,JAMUNDI,"CENTRO EDUCATIVO TECNICO INTEGRAL ""CETI""",
31,064,02,03,VALLE,JAMUNDI,ESCUELA MANUEL MARIA VILLEGAS,
31,064,02,04,VALLE,JAMUNDI,ESCUELA ROSALIA MAFLA,
31,064,02,05,VALLE,JAMUNDI,ESCUELA ANGEL MARIA CAMACHO,
31,064,03,01,VALLE,JAMUNDI,IE CIRO VELASCO,
31,064,03,02,VALLE,JAMUNDI,IE ESPAÑA,
31,064,03,03,VALLE,JAMUNDI,IE MANUELA BELTRAN,
31,064,03,04,VALLE,JAMUNDI,ESCUELA SIMON BOLIVAR,
31,064,04,01,VALLE,JAMUNDI,CENTRO COMERCIAL ALFAGUARA,
31,064,04,02,VALLE,JAMUNDI,COLEGIO GIMNASIO MODERNO DEL V,
31,064,04,03,VALLE,JAMUNDI,IE NUESTRA SEÑORA DEL ROSARIO,
31,064,04,04,VALLE,JAMUNDI,LICEO TECNICO COMERCIAL LITECOM,
31,064,90,01,VALLE,JAMUNDI,COL. CENTRAL DE BACHILLERATO INTEGRADO,
31,064,98,01,VALLE,JAMUNDI,CARCEL COJAM JAMUNDI,
31,064,99,01,VALLE,JAMUNDI,BOCAS DEL PALO,
31,064,99,02,VALLE,JAMUNDI,AMPUDIA,
31,064,99,04,VALLE,JAMUNDI,CHAGRES,
31,064,99,05,VALLE,JAMUNDI,GUACHINTE,
31,064,99,09,VALLE,JAMUNDI,LA LIBERIA,
31,064,99,10,VALLE,JAMUNDI,LA MESETA,
31,064,99,11,VALLE,JAMUNDI,LA VENTURA,
31,064,99,13,VALLE,JAMUNDI,PASO DE LA BOLSA,
31,064,99,17,VALLE,JAMUNDI,POTRERITO,
31,064,99,21,VALLE,JAMUNDI,PUENTE VELEZ,
31,064,99,23,VALLE,JAMUNDI,QUINAMAYO,
31,064,99,25,VALLE,JAMUNDI,ROBLES,
31,064,99,29,VALLE,JAMUNDI,SAN ANTONIO,
31,064,99,31,VALLE,JAMUNDI,SAN ISIDRO,
31,064,99,33,VALLE,JAMUNDI,SAN VICENTE,
31,064,99,37,VALLE,JAMUNDI,TIMBA,
31,064,99,41,VALLE,JAMUNDI,VILLA COLOMBIA,
31,064,99,45,VALLE,JAMUNDI,VILLA PAZ,
31,067,00,01,VALLE,LA CUMBRE,PUESTO CABECERA MUNICIPAL,
31,067,00,02,VALLE,LA CUMBRE,CABECERA MUNICIPAL (LA VENTURA),
31,067,00,03,VALLE,LA CUMBRE,CABECERA MUNICIPAL (PAVITAS),
31,067,99,01,VALLE,LA CUMBRE,BITACO,
31,067,99,02,VALLE,LA CUMBRE,ARBOLEDAS,
31,067,99,05,VALLE,LA CUMBRE,LA MARIA,
31,067,99,09,VALLE,LA CUMBRE,LOMITAS,
31,067,99,11,VALLE,LA CUMBRE,JIGUALES,
31,067,99,13,VALLE,LA CUMBRE,PAVAS,
31,067,99,17,VALLE,LA CUMBRE,PUENTE PALO,
31,070,01,01,VALLE,LA UNION,INST.EDUC. MAGDALENA ORTEGA,
31,070,01,02,VALLE,LA UNION,INST.EDUC. SAN JOSE,
31,070,01,03,VALLE,LA UNION,I.E.SIMON BOLIVAR,
31,070,01,04,VALLE,LA UNION,INST. ED. ARGEMIRO ESCOBAR CARDONA,
31,070,02,01,VALLE,LA UNION,INST.EDUC. ANTONIO NARIÑO,
31,070,02,02,VALLE,LA UNION,CENTRO VIDA SAN PABLO,
31,070,02,03,VALLE,LA UNION,ID EDELMIRA RAMIREZ,
31,070,99,01,VALLE,LA UNION,EL LINDERO,
31,070,99,02,VALLE,LA UNION,CORCEGA,
31,070,99,03,VALLE,LA UNION,LA DESPENSA,
31,070,99,04,VALLE,LA UNION,LA AGUADA,
31,070,99,05,VALLE,LA UNION,QUEBRADAGRANDE,
31,070,99,09,VALLE,LA UNION,SAN LUIS,
31,073,00,00,VALLE,LA VICTORIA,PUESTO CABECERA MUNICIPAL,
31,073,99,09,VALLE,LA VICTORIA,HOLGUIN,CORREGIMIENTO HOLGUIN
31,073,99,13,VALLE,LA VICTORIA,MIRAVALLES,CORREGIMIENTO MIRAVALLES
31,073,99,17,VALLE,LA VICTORIA,RIVERALTA,CORREGIMIENTO RIVERALTA
31,073,99,19,VALLE,LA VICTORIA,SAN JOSE,CORREGIMIENTO SAN JOSE
31,073,99,23,VALLE,LA VICTORIA,SAN PEDRO,CORREGIMIENTO SAN PEDRO
31,073,99,36,VALLE,LA VICTORIA,TAGUALES,CORREGIMIENTO TAGUALES
31,076,00,00,VALLE,OBANDO,PUESTO CABECERA MUNICIPAL,
31,076,99,01,VALLE,OBANDO,CRUCES,
31,076,99,05,VALLE,OBANDO,EL CHUZO,
31,076,99,07,VALLE,OBANDO,JUAN DIAZ,
31,076,99,08,VALLE,OBANDO,LA ESMERALDA,
31,076,99,09,VALLE,OBANDO,MOLINA,
31,076,99,11,VALLE,OBANDO,PUERTO SAMARIA,
31,076,99,13,VALLE,OBANDO,SAN ISIDRO,
31,076,99,15,VALLE,OBANDO,SAN JOSE,
31,076,99,17,VALLE,OBANDO,VILLA RODAS,
31,079,01,01,VALLE,PALMIRA,ESC. JOSE MANUEL GROOT,COMUNA 1
31,079,01,02,VALLE,PALMIRA,ESC. HAROLD EDDER ZAMORANO,COMUNA 1
31,079,01,03,VALLE,PALMIRA,ESC. EDUARDO SANTOS,COMUNA 1
31,079,01,04,VALLE,PALMIRA,SALON COMUNAL BARRIO ALAMEDA,COMUNA 1
31,079,01,05,VALLE,PALMIRA,ESC. ROSA ZARATE DE PEÑA,COMUNA 1
31,079,01,06,VALLE,PALMIRA,ESC. ANTONIO LIZARAZO,COMUNA 1
31,079,01,07,VALLE,PALMIRA,CASA DE JUSTICIA,COMUNA 1
31,079,01,08,VALLE,PALMIRA,UNIV DEL VALLE SEDE PALMIRA,COMUNA 1
31,079,02,01,VALLE,PALMIRA,ESC. JUAN PABLO II,COMUNA 2
31,079,02,02,VALLE,PALMIRA,ESC. CARLOS ARTURO RODRIGUEZ,COMUNA 2
31,079,02,03,VALLE,PALMIRA,ESC. ROSA VIRGINIA,COMUNA 2
31,079,02,04,VALLE,PALMIRA,COLEGIO CARDENAS MIRRIÑAO,COMUNA 2
31,079,02,05,VALLE,PALMIRA,I.E. HUMBERTO RAFFO RIVERA,COMUNA 2
31,079,02,06,VALLE,PALMIRA,ESC. TERESA CALDERON DE LASSO,COMUNA 2
31,079,02,07,VALLE,PALMIRA,ESC RICARDO NIETO,COMUNA 2
31,079,03,01,VALLE,PALMIRA,ESC. MIGUEL ANGEL MERCADO,COMUNA 3
31,079,03,02,VALLE,PALMIRA,ESC. ANTONIA SANTOS,COMUNA 3
31,079,03,03,VALLE,PALMIRA,ESC. JORGE ELIECER GAITAN,COMUNA 3
31,079,03,04,VALLE,PALMIRA,ESC. TULIO RAFFO,COMUNA 3
31,079,03,05,VALLE,PALMIRA,ESC. SANTA BARBARA,COMUNA 3
31,079,03,06,VALLE,PALMIRA,ESC. ENELIA RIVERA,COMUNA 3
31,079,03,07,VALLE,PALMIRA,COLISEO CUBIERTO,COMUNA 3
31,079,04,01,VALLE,PALMIRA,COLEGIO CARDENAS CENTRO,COMUNA 4
31,079,04,02,VALLE,PALMIRA,I.E. LA MILAGROSA,COMUNA 4
31,079,04,03,VALLE,PALMIRA,UNIV. SANTIAGO CALI SEDE PALM,COMUNA 4
31,079,04,04,VALLE,PALMIRA,ESC. JULIO CESAR ARCE,COMUNA 4
31,079,04,05,VALLE,PALMIRA,ESC. GREGORIO HERNANDEZ,COMUNA 4
31,079,04,06,VALLE,PALMIRA,ESC.LA NIÑA MARIA,COMUNA 4
31,079,05,01,VALLE,PALMIRA,ESC. JOSE MARIA CALVACHE,COMUNA 5
31,079,05,02,VALLE,PALMIRA,ESC. PRAXEDES ESPINOSA,COMUNA 5
31,079,05,03,VALLE,PALMIRA,ESC POPULAR MODELO,COMUNA 5
31,079,05,04,VALLE,PALMIRA,ESC. LUIS FERNANDO VALLEJO,COMUNA 5
31,079,05,05,VALLE,PALMIRA,ESC. LAS PALMERAS,COMUNA 5
31,079,06,01,VALLE,PALMIRA,ESC. ALFONSO CABAL MADRIÑAN,COMUNA 5
31,079,06,02,VALLE,PALMIRA,ESC. SOR MARIA LUISA MOLINA,COMUNA 5
31,079,06,03,VALLE,PALMIRA,ESC. PAULO VI,COMUNA 5
31,079,06,04,VALLE,PALMIRA,ESC. MERCEDES ABREGO,COMUNA 5
31,079,06,05,VALLE,PALMIRA,ESC. ALFONSO LOPEZ PUMAREJO,COMUNA 5
31,079,07,01,VALLE,PALMIRA,I.E. SAN VICENTE DE PAUL,COMUNA 6
31,079,07,02,VALLE,PALMIRA,CASA DE LA CULTURA,COMUNA 6
31,079,07,03,VALLE,PALMIRA,I.E. SAGRADA FAMILIA,COMUNA 6
31,079,07,04,VALLE,PALMIRA,I.E. MATER DEI,COMUNA 6
31,079,08,01,VALLE,PALMIRA,ESC. MARIA MONTESORI,COMUNA 6
31,079,08,02,VALLE,PALMIRA,ESC. EL PARAISO,COMUNA 6
31,079,09,02,VALLE,PALMIRA,ESC. DOMINGO IRURITA,COMUNA 7
31,079,09,03,VALLE,PALMIRA,CENTRO ALFONSO LOPEZ,COMUNA 7
31,079,09,04,VALLE,PALMIRA,SALON COMUNAL BARRIO INDEPENDENCIA,COMUNA 7
31,079,09,05,VALLE,PALMIRA,ESC. MARIA ANTONIA PENAGOS,COMUNA 7
31,079,10,01,VALLE,PALMIRA,ESC. SUSANA LOPEZ DE VALENCIA,COMUNA 7
31,079,10,02,VALLE,PALMIRA,COLISEO DE FERIAS,COMUNA 7
31,079,10,03,VALLE,PALMIRA,UNIVERSIDAD NAL. SEDE PALMIRA,COMUNA 7
31,079,10,04,VALLE,PALMIRA,MEGACOLEGIO DEL SUR,COMUNA 7
31,079,90,01,VALLE,PALMIRA,UNIVERSIDAD ANTONIO NARIÑO,
31,079,98,01,VALLE,PALMIRA,CARCEL,
31,079,99,01,VALLE,PALMIRA,LA ACEQUIA,COMUNA 8
31,079,99,04,VALLE,PALMIRA,LA TORRE,COMUNA 8
31,079,99,07,VALLE,PALMIRA,ROZO ROGELIO VASQUEZ NIEVA,COMUNA 8
31,079,99,08,VALLE,PALMIRA,ROZO CARDENAS DE ROZO,COMUNA 8
31,079,99,10,VALLE,PALMIRA,LA HERRADURA,COMUNA 9
31,079,99,13,VALLE,PALMIRA,MATAPALO,COMUNA 9
31,079,99,16,VALLE,PALMIRA,OBANDO,COMUNA 9
31,079,99,19,VALLE,PALMIRA,PALMASECA,COMUNA 9
31,079,99,22,VALLE,PALMIRA,CAUCASECO,COMUNA 10
31,079,99,25,VALLE,PALMIRA,GUANABANAL,COMUNA 10
31,079,99,31,VALLE,PALMIRA,LA DOLORES,COMUNA 10
31,079,99,36,VALLE,PALMIRA,BOLO ALIZAL,COMUNA 11
31,079,99,37,VALLE,PALMIRA,BOLO LA ITALIA,COMUNA 11
31,079,99,40,VALLE,PALMIRA,BOLO SAN ISIDRO,COMUNA 11
31,079,99,41,VALLE,PALMIRA,AMAIME,COMUNA 12
31,079,99,42,VALLE,PALMIRA,BOYACA,COMUNA 12
31,079,99,43,VALLE,PALMIRA,LA PAMPA,COMUNA 12
31,079,99,44,VALLE,PALMIRA,BARRANCAS,COMUNA 13
31,079,99,45,VALLE,PALMIRA,GUAYABAL,COMUNA 13
31,079,99,46,VALLE,PALMIRA,TABLONES,COMUNA 13
31,079,99,47,VALLE,PALMIRA,TIENDANUEVA,COMUNA 13
31,079,99,49,VALLE,PALMIRA,AGUACLARA,COMUNA 14
31,079,99,50,VALLE,PALMIRA,AYACUCHO (LA BUITRERA),COMUNA 14
31,079,99,55,VALLE,PALMIRA,CHONTADURO,COMUNA 14
31,079,99,58,VALLE,PALMIRA,LA ZAPATA,COMUNA 14
31,079,99,61,VALLE,PALMIRA,COMBIA,COMUNA 15
31,079,99,64,VALLE,PALMIRA,TOCHE,COMUNA 15
31,079,99,67,VALLE,PALMIRA,CALUCE,COMUNA 16
31,079,99,70,VALLE,PALMIRA,LA QUISQUINA,COMUNA 16
31,079,99,73,VALLE,PALMIRA,POTRERILLO,COMUNA 16
31,079,99,76,VALLE,PALMIRA,TENJO,COMUNA 16
31,079,99,77,VALLE,PALMIRA,JUANCHITO JULIA SAAVEDRA DE VILLAFANE,COMUNA 10
31,079,99,78,VALLE,PALMIRA,JUANCHITO - CIUDAD DEL CAMPO,COMUNA 10
31,082,01,01,VALLE,PRADERA,COLEGIO ATENEO SEDE PRINCIPAL,
31,082,01,02,VALLE,PRADERA,ESCUELA BENJAMIN VALENCIA,
31,082,01,03,VALLE,PRADERA,SEDE IMDER PRADERA,
31,082,01,04,VALLE,PRADERA,ESCUELA SAN JUAN BOSCO,
31,082,02,01,VALLE,PRADERA,ESCUELA SANTA ISABEL,
31,082,02,02,VALLE,PRADERA,COLEGIO FRANCISCO ANTONIO ZEA,
31,082,02,03,VALLE,PRADERA,ESCUELA LEONIDAS MOSQUERA,
31,082,02,04,VALLE,PRADERA,ESCUELA BELLO HORIZONTE,
31,082,90,01,VALLE,PRADERA,COLEGIO ANTONIO RICAURTE,
31,082,99,01,VALLE,PRADERA,BOLIVAR,
31,082,99,05,VALLE,PRADERA,BOLO AZUL,
31,082,99,07,VALLE,PRADERA,BOLO BLANCO,
31,082,99,09,VALLE,PRADERA,BOLO NEGRO (LA FERIA),
31,082,99,10,VALLE,PRADERA,EL ARENILLO,
31,082,99,13,VALLE,PRADERA,EL HARTONAL,
31,082,99,19,VALLE,PRADERA,EL LIBANO,
31,082,99,21,VALLE,PRADERA,EL NOGAL,
31,082,99,23,VALLE,PRADERA,EL RECREO,
31,082,99,25,VALLE,PRADERA,EL RETIRO,
31,082,99,27,VALLE,PRADERA,LA FLORESTA,
31,082,99,28,VALLE,PRADERA,LA FRIA,
31,082,99,29,VALLE,PRADERA,LA GRANJA,
31,082,99,33,VALLE,PRADERA,LA RUIZA,
31,082,99,37,VALLE,PRADERA,LA TUPIA,
31,082,99,39,VALLE,PRADERA,LA CARBONERA,
31,082,99,41,VALLE,PRADERA,LOMITAS,
31,082,99,44,VALLE,PRADERA,LOS PINOS,
31,082,99,49,VALLE,PRADERA,PARRAGA,
31,082,99,53,VALLE,PRADERA,POTRERITO,
31,082,99,55,VALLE,PRADERA,SAN ANTONIO,
31,082,99,57,VALLE,PRADERA,SAN ISIDRO,
31,082,99,67,VALLE,PRADERA,VALLECITO,
31,085,00,00,VALLE,RESTREPO,PUESTO CABECERA MUNICIPAL,
31,085,99,01,VALLE,RESTREPO,BAJO ZABALETAS,
31,085,99,03,VALLE,RESTREPO,EL DIAMANTE,
31,085,99,05,VALLE,RESTREPO,ILAMA,
31,085,99,06,VALLE,RESTREPO,AGUA MONA,
31,085,99,07,VALLE,RESTREPO,LA PALMA,
31,085,99,08,VALLE,RESTREPO,MADROÑAL,
31,085,99,09,VALLE,RESTREPO,RIOBRAVO,
31,085,99,10,VALLE,RESTREPO,RIOGRANDE,
31,085,99,11,VALLE,RESTREPO,ROMAN,
31,085,99,13,VALLE,RESTREPO,SAN SALVADOR,
31,085,99,15,VALLE,RESTREPO,LOS HISPANOS,
31,085,99,17,VALLE,RESTREPO,TRAGEDIAS,
31,085,99,50,VALLE,RESTREPO,TRES PUERTAS,
31,088,00,00,VALLE,RIOFRIO,PUESTO CABECERA MUNICIPAL,
31,088,99,01,VALLE,RIOFRIO,EL RUBI,
31,088,99,05,VALLE,RIOFRIO,FENICIA,
31,088,99,06,VALLE,RIOFRIO,LA CUCHILLA,
31,088,99,08,VALLE,RIOFRIO,LA ZULIA,
31,088,99,09,VALLE,RIOFRIO,MADRIGAL,
31,088,99,13,VALLE,RIOFRIO,PIEDRAS,
31,088,99,15,VALLE,RIOFRIO,PORTUGAL,
31,088,99,17,VALLE,RIOFRIO,SALONICA,
31,091,01,01,VALLE,ROLDANILLO,IE BELISARIO PEÑA PIÑEIRO,
31,091,01,02,VALLE,ROLDANILLO,I.E.B.P.P. SEDE DIVINO NIÑO,
31,091,01,03,VALLE,ROLDANILLO,IE NORMAL SUPERIOR JORGE ISAAC,
31,091,01,04,VALLE,ROLDANILLO,THOMAS IGNACIO ESQUIVEL,
31,091,02,01,VALLE,ROLDANILLO,IE NUESTRA SEÑORA DE CHINQUINQUIRA,
31,091,02,02,VALLE,ROLDANILLO,IE JOHN F KENEDDY,
31,091,02,03,VALLE,ROLDANILLO,ESC NOR. SUP. JORGE ISAAC SD L.MADRID,
31,091,98,01,VALLE,ROLDANILLO,CARCEL,
31,091,99,01,VALLE,ROLDANILLO,CAJAMARCA,
31,091,99,02,VALLE,ROLDANILLO,BELGICA,
31,091,99,03,VALLE,ROLDANILLO,EL AGUACATE,
31,091,99,04,VALLE,ROLDANILLO,EL HOBO,
31,091,99,05,VALLE,ROLDANILLO,EL RETIRO,
31,091,99,06,VALLE,ROLDANILLO,BUENAVISTA,
31,091,99,07,VALLE,ROLDANILLO,HIGUERONCITO,
31,091,99,08,VALLE,ROLDANILLO,ISUGU,
31,091,99,09,VALLE,ROLDANILLO,LA CANDELARIA,
31,091,99,10,VALLE,ROLDANILLO,LA MONTAÑUELA,
31,091,99,12,VALLE,ROLDANILLO,MATADEGUADUA,
31,091,99,13,VALLE,ROLDANILLO,MORELIA,
31,091,99,14,VALLE,ROLDANILLO,EL CASCARILLO,
31,091,99,15,VALLE,ROLDANILLO,EL CIRUELO,
31,091,99,16,VALLE,ROLDANILLO,EL PIE,
31,091,99,17,VALLE,ROLDANILLO,PUERTO QUINTERO,
31,091,99,19,VALLE,ROLDANILLO,EL SILENCIO,
31,091,99,20,VALLE,ROLDANILLO,SANTA RITA,
31,091,99,22,VALLE,ROLDANILLO,EL CASTILLO,
31,091,99,25,VALLE,ROLDANILLO,GUAYABAL,
31,091,99,30,VALLE,ROLDANILLO,LA ARMENIA,
31,091,99,35,VALLE,ROLDANILLO,REMOLINO,
31,091,99,40,VALLE,ROLDANILLO,TIERRABLANCA,
31,094,00,01,VALLE,SAN PEDRO,COLISEO LUIS MARIO LOPEDA,
31,094,00,02,VALLE,SAN PEDRO,IE JOSE ANTONIO AGUILERA,
31,094,99,01,VALLE,SAN PEDRO,BUENOS AIRES,
31,094,99,03,VALLE,SAN PEDRO,ANGOSTURAS,
31,094,99,04,VALLE,SAN PEDRO,GUAQUEROS,
31,094,99,05,VALLE,SAN PEDRO,LA ESMERALDA (ESMERALDAS),
31,094,99,06,VALLE,SAN PEDRO,GUAYABAL,
31,094,99,08,VALLE,SAN PEDRO,LA SIRIA,
31,094,99,09,VALLE,SAN PEDRO,LOS CHANCOS,
31,094,99,13,VALLE,SAN PEDRO,NARANJAL,
31,094,99,15,VALLE,SAN PEDRO,PAVAS,
31,094,99,17,VALLE,SAN PEDRO,PLATANARES,
31,094,99,21,VALLE,SAN PEDRO,PRESIDENTE,
31,094,99,25,VALLE,SAN PEDRO,SAN JOSE,
31,094,99,29,VALLE,SAN PEDRO,TODOS SANTOS,
31,097,01,01,VALLE,SEVILLA,COLEG. LICEO MIXTO,
31,097,01,02,VALLE,SEVILLA,ESC. MARIA INMACULADA,
31,097,01,03,VALLE,SEVILLA,ESCUELA HUGO TORO ECHEVERRY,
31,097,02,01,VALLE,SEVILLA,ESC. ARMANDO ROMERO,
31,097,02,02,VALLE,SEVILLA,IE SEVILLA - SEDE ANTONIA SANTOS,
31,097,90,01,VALLE,SEVILLA,COLISEO DEP. MUNICIPAL OSCAR JARAM,
31,097,98,01,VALLE,SEVILLA,CARCEL,
31,097,99,01,VALLE,SEVILLA,ALEGRIAS,
31,097,99,02,VALLE,SEVILLA,CANOAS,
31,097,99,04,VALLE,SEVILLA,BAJO CONGAL,
31,097,99,05,VALLE,SEVILLA,CEBOLLAL,
31,097,99,09,VALLE,SEVILLA,COLORADAS,
31,097,99,11,VALLE,SEVILLA,COMINALES,
31,097,99,13,VALLE,SEVILLA,COROZAL,
31,097,99,15,VALLE,SEVILLA,CRISTALES,
31,097,99,17,VALLE,SEVILLA,CUMBARCO,
31,097,99,21,VALLE,SEVILLA,EL VENADO,
31,097,99,23,VALLE,SEVILLA,ESTACION CAICEDONIA,
31,097,99,25,VALLE,SEVILLA,LA ASTELIA,
31,097,99,29,VALLE,SEVILLA,LA CUCHILLA,
31,097,99,33,VALLE,SEVILLA,LA ESTRELLA (LA MONEDA),
31,097,99,35,VALLE,SEVILLA,LA MELBA,
31,097,99,36,VALLE,SEVILLA,LA RAQUELITA,
31,097,99,38,VALLE,SEVILLA,LAS BRISAS,
31,097,99,41,VALLE,SEVILLA,MANZANILLO,
31,097,99,46,VALLE,SEVILLA,MORRO AZUL,
31,097,99,49,VALLE,SEVILLA,PALOMINO,
31,097,99,50,VALLE,SEVILLA,QUEBRADA NUEVA,
31,097,99,52,VALLE,SEVILLA,PALMICHAL,
31,097,99,53,VALLE,SEVILLA,SAN ANTONIO,
31,097,99,55,VALLE,SEVILLA,SAN MARCOS,
31,097,99,56,VALLE,SEVILLA,TOTORO,
31,097,99,57,VALLE,SEVILLA,TRES ESQUINAS,
31,100,00,00,VALLE,TORO,PUESTO CABECERA MUNICIPAL,
31,100,99,01,VALLE,TORO,SAN FRANCISCO,
31,100,99,02,VALLE,TORO,LA PRADERA,
31,100,99,03,VALLE,TORO,SAN ANTONIO,
31,100,99,04,VALLE,TORO,EL CEDRO,
31,100,99,05,VALLE,TORO,VENTAQUEMADA,
31,100,99,06,VALLE,TORO,LA CONSOLIDA,
31,100,99,07,VALLE,TORO,LA QUIEBRA,
31,100,99,08,VALLE,TORO,BOHIO,
31,100,99,09,VALLE,TORO,LA ROBLEDA,
31,100,99,60,VALLE,TORO,PATIO BONITO,
31,100,99,80,VALLE,TORO,SAN JOSE,
31,103,00,01,VALLE,TRUJILLO,PUESTO CABECERA MUNICIPAL,
31,103,00,02,VALLE,TRUJILLO,CABECERA MUNICIPAL (PUEBLO NUEVO),
31,103,00,03,VALLE,TRUJILLO,CABECERA MUNICIPAL (LA CUCHILLA),
31,103,99,01,VALLE,TRUJILLO,ALTO DE PAEZ,
31,103,99,05,VALLE,TRUJILLO,ANDINAPOLIS,
31,103,99,07,VALLE,TRUJILLO,BAJO CACERES,
31,103,99,09,VALLE,TRUJILLO,CRISTALES,
31,103,99,10,VALLE,TRUJILLO,DOS QUEBRADAS,
31,103,99,11,VALLE,TRUJILLO,EL TABOR,
31,103,99,12,VALLE,TRUJILLO,LA BOHEMIA,
31,103,99,13,VALLE,TRUJILLO,HUASANO,
31,103,99,14,VALLE,TRUJILLO,LA SONORA,
31,103,99,17,VALLE,TRUJILLO,ROBLEDO,
31,103,99,18,VALLE,TRUJILLO,LA SOLEDAD,
31,103,99,19,VALLE,TRUJILLO,LA MARINA,
31,103,99,21,VALLE,TRUJILLO,SAN ISIDRO,
31,103,99,29,VALLE,TRUJILLO,VENECIA,
31,106,01,01,VALLE,TULUA,IE GIMNASIO DEL PACIFICO SD PRINCIPAL,
31,106,01,02,VALLE,TULUA,IE MARIA ANTONIA RUIZ S.PRINCIPAL,
31,106,01,03,VALLE,TULUA,ESC. DEBORA GUERRERO LOZANO,
31,106,01,04,VALLE,TULUA,I.E.G.P SEDE  JOSE JOAQUIN JARAMILLO,
31,106,01,05,VALLE,TULUA,I.E.M.A.R SEDE EL JAZMIN,
31,106,01,06,VALLE,TULUA,I.E.J.R SEDE MARIA LUISA ROMAN,
31,106,02,01,VALLE,TULUA,IE JULIA RESTREPO S.PRINCIPAL,
31,106,02,02,VALLE,TULUA,I.E.J.R SEDE SANTA CLARA,
31,106,02,03,VALLE,TULUA,I.E.C.V SEDE GUILLERMO E MARTINEZ,
31,106,02,04,VALLE,TULUA,ESCUELA MERCANTIL,
31,106,02,05,VALLE,TULUA,I.E.C.V. SEDE SAN ANTONIO,
31,106,02,06,VALLE,TULUA,I.E.C.V SEDE SAN JUDAS TADEO,
31,106,03,01,VALLE,TULUA,COL SAGRADO CORAZON DE JESUS,
31,106,03,02,VALLE,TULUA,"CASA DE CULTURA ""ENRRIQUE URIBE WHITE""",
31,106,03,03,VALLE,TULUA,IE CORAZON DEL VALLE TOMAS URIBE URIBE,
31,106,03,04,VALLE,TULUA,I.E.C.V.S JOSE ANTONIO GALAN,
31,106,03,05,VALLE,TULUA,I.E.C.V SEDE MARIA INMACULADA,
31,106,04,01,VALLE,TULUA,I.E.G.P SEDE JULIA BECERRA,
31,106,04,02,VALLE,TULUA,U.VALLE SEDE PRINCIPE,
31,106,04,03,VALLE,TULUA,I.E.M.A.R SEDE FRANCISCO JOSE DE CALDAS,
31,106,04,04,VALLE,TULUA,I.E.M.A.R. SD FORM. DEPOR OSMIRO COLONIA,
31,106,04,05,VALLE,TULUA,COLEGIO COMFANDI TULUA,
31,106,05,01,VALLE,TULUA,I.E.A.L.P SINDICAL ANTONIO NARIÑO,
31,106,05,02,VALLE,TULUA,I.E.A.L.P MARIA JOSEFA HORMAZA,
31,106,05,03,VALLE,TULUA,I.E.A.L.P SEDE JUAN DEL CORRAL,
31,106,05,04,VALLE,TULUA,I.E.M.A.R  SEDE ATANASIO GIRARDOT,
31,106,06,01,VALLE,TULUA,IE MODERNA DE TULUA SD PPAL LIC. MODERNO,
31,106,06,02,VALLE,TULUA,I.E.A.L.P SEDE RUBEN CRUZ VELEZ,
31,106,06,03,VALLE,TULUA,I.E.J.M.C SEDE FRAY MARTIN DE PORRES,
31,106,07,01,VALLE,TULUA,I.E.J.M.C SEDE JHON F KENNEDY,
31,106,07,02,VALLE,TULUA,COL OCCIDENTE SEDE PRINCIPAL,
31,106,07,03,VALLE,TULUA,I.E.M.T. SEDE MARINO DAVALOS GRISALES,
31,106,08,01,VALLE,TULUA,IE JUAN MARIA CESPEDES SEDE PRINCIPAL,
31,106,08,02,VALLE,TULUA,I.E.M.T SEDE URBANA MARIA GORETTY,
31,106,08,03,VALLE,TULUA,I.E.J.M.C SD MONS. MIGUEL ANGEL ZUÑIGA,
31,106,08,04,VALLE,TULUA,I.E.A.L.P SEDE MARCELINO GILIBERT,
31,106,08,05,VALLE,TULUA,IE. ALFONSO LOPEZ PUMAREJO,
31,106,90,01,VALLE,TULUA,PUESTO CENSO,
31,106,98,01,VALLE,TULUA,CARCEL,
31,106,99,01,VALLE,TULUA,CAMPOALEGRE,
31,106,99,02,VALLE,TULUA,NARIÑO,
31,106,99,03,VALLE,TULUA,SAN CARLOS,
31,106,99,04,VALLE,TULUA,BOCAS DE TULUA,
31,106,99,05,VALLE,TULUA,LA PALMERA,
31,106,99,06,VALLE,TULUA,TRES ESQUINAS,
31,106,99,08,VALLE,TULUA,LOS CAIMOS,
31,106,99,09,VALLE,TULUA,EL PICACHO,
31,106,99,10,VALLE,TULUA,LA IBERIA,
31,106,99,11,VALLE,TULUA,LA MARINA,
31,106,99,12,VALLE,TULUA,MATEGUADUA,
31,106,99,13,VALLE,TULUA,SAN LORENZO,
31,106,99,14,VALLE,TULUA,LA MORALIA,
31,106,99,15,VALLE,TULUA,VENUS,
31,106,99,16,VALLE,TULUA,FRAZADAS,
31,106,99,17,VALLE,TULUA,SAN RAFAEL,
31,106,99,18,VALLE,TULUA,LA DIADEMA,
31,106,99,19,VALLE,TULUA,MONTELORO,
31,106,99,20,VALLE,TULUA,JICARAMATA,
31,106,99,21,VALLE,TULUA,EL RETIRO,
31,106,99,22,VALLE,TULUA,QUEBRADAGRANDE,
31,106,99,23,VALLE,TULUA,TOCHECITO,
31,106,99,24,VALLE,TULUA,BARRAGAN,
31,106,99,25,VALLE,TULUA,SANTA LUCIA,
31,106,99,26,VALLE,TULUA,AGUACLARA,
31,106,99,27,VALLE,TULUA,AGUACLARA NUESTRA SEÑORA DEL CARMEN,
31,109,00,00,VALLE,ULLOA,PUESTO CABECERA MUNICIPAL,
31,109,99,01,VALLE,ULLOA,CHAPINERO,
31,109,99,03,VALLE,ULLOA,CALAMONTE,
31,109,99,04,VALLE,ULLOA,DINAMARCA,
31,109,99,05,VALLE,ULLOA,MONTEZUMA,
31,109,99,30,VALLE,ULLOA,EL PLACER,
31,112,00,00,VALLE,VERSALLES,PUESTO CABECERA MUNICIPAL,
31,112,99,01,VALLE,VERSALLES,CAMPOALEGRE,
31,112,99,03,VALLE,VERSALLES,COCONUCO,
31,112,99,05,VALLE,VERSALLES,EL BALSAL,
31,112,99,09,VALLE,VERSALLES,EL CEDRO,
31,112,99,10,VALLE,VERSALLES,EL DIAMANTE,
31,112,99,12,VALLE,VERSALLES,EL TULCAN,
31,112,99,13,VALLE,VERSALLES,EL VERGEL,
31,112,99,15,VALLE,VERSALLES,COSTARICA,
31,112,99,17,VALLE,VERSALLES,LA FLORIDA,
31,112,99,18,VALLE,VERSALLES,LA GUAIRA,
31,112,99,19,VALLE,VERSALLES,MORROÑATO (PINARES),
31,112,99,21,VALLE,VERSALLES,MURRAPAL,
31,112,99,22,VALLE,VERSALLES,LA BALSORA,
31,112,99,25,VALLE,VERSALLES,PUENTETIERRA,
31,112,99,50,VALLE,VERSALLES,PUERTO NUEVO,
31,115,00,00,VALLE,VIJES,PUESTO CABECERA MUNICIPAL,
31,115,99,01,VALLE,VIJES,CACHIMBAL,
31,115,99,05,VALLE,VIJES,CARBONERO,
31,115,99,07,VALLE,VIJES,EL PORVENIR,
31,115,99,08,VALLE,VIJES,EL TAMBOR,
31,115,99,09,VALLE,VIJES,LA FRESNEDA,
31,115,99,11,VALLE,VIJES,LA RIVERA,
31,115,99,12,VALLE,VIJES,MOZAMBIQUE,
31,115,99,13,VALLE,VIJES,OCACHE,
31,115,99,17,VALLE,VIJES,VILLAMARIA,
31,118,00,00,VALLE,YOTOCO,PUESTO CABECERA MUNICIPAL,
31,118,99,01,VALLE,YOTOCO,EL CANEY,
31,118,99,02,VALLE,YOTOCO,CAMPOALEGRE,
31,118,99,03,VALLE,YOTOCO,EL BOSQUE,
31,118,99,05,VALLE,YOTOCO,EL DORADO,
31,118,99,07,VALLE,YOTOCO,DOPO,
31,118,99,09,VALLE,YOTOCO,JIGUALES,
31,118,99,13,VALLE,YOTOCO,LA NEGRA,
31,118,99,17,VALLE,YOTOCO,LAS DELICIAS,
31,118,99,21,VALLE,YOTOCO,MEDIACANOA,
31,118,99,23,VALLE,YOTOCO,MIRAVALLE,
31,118,99,25,VALLE,YOTOCO,PUENTE TIERRA,
31,118,99,29,VALLE,YOTOCO,SAN ANTONIO DE PIEDRAS,
31,121,01,01,VALLE,YUMBO,I.E. MANUEL MARIA SANCHEZ,COMUNA 1
31,121,01,02,VALLE,YUMBO,I.E. LAS AMERICAS,COMUNA 1
31,121,01,03,VALLE,YUMBO,I.E. JUAN XXIII,COMUNA 1
31,121,01,04,VALLE,YUMBO,I.E. PANORAMA,COMUNA 1
31,121,01,05,VALLE,YUMBO,CENTRO DE DESARROLLO COMUNITARIO,COMUNA 1
31,121,01,06,VALLE,YUMBO,IE IRENE FERREROSA,COMUNA 1
31,121,02,01,VALLE,YUMBO,I.E. ANTONIA SANTOS,COMUNA 2
31,121,02,02,VALLE,YUMBO,I.E. FRANCISCO JAVIER,COMUNA 2
31,121,02,03,VALLE,YUMBO,I.E. JOSE MARIA CORDOBA,COMUNA 2
31,121,02,04,VALLE,YUMBO,I.E. MANUELA BELTRAN,COMUNA 2
31,121,02,05,VALLE,YUMBO,COL COOP TECNICO IND JOSE ANTONIO GALAN,COMUNA 2
31,121,03,01,VALLE,YUMBO,I.E. PEDRO SANCHEZ TELLO,COMUNA 3
31,121,03,02,VALLE,YUMBO,I.E. MIGUEL ANTONIO CARO SEDE,COMUNA 3
31,121,03,03,VALLE,YUMBO,I.E. HECTOR A. SAAVEDRA,COMUNA 3
31,121,03,04,VALLE,YUMBO,I.E. LA TRINIDAD,COMUNA 3
31,121,04,01,VALLE,YUMBO,I.E. JHON F. KENNEDY,COMUNA 4
31,121,04,02,VALLE,YUMBO,I.E. TITAN,COMUNA 4
31,121,04,03,VALLE,YUMBO,UNIVERSIDAD DEL VALLE SD YUMBO,COMUNA 4
31,121,04,04,VALLE,YUMBO,I.E. CEAT GENERAL,COMUNA 4
31,121,04,05,VALLE,YUMBO,HOGAR INF INQUIETUDES ICBF,COMUNA 4
31,121,04,06,VALLE,YUMBO,I.E. FRANCISO JOSE DE CALDAS,COMUNA 4
31,121,04,07,VALLE,YUMBO,CENTRO DEPORTIVO JAIRO LLANTEN,COMUNA 4
31,121,04,08,VALLE,YUMBO,CASETA COMUNAL DIONISIO HERNAN CALDERON,COMUNA 4
31,121,90,01,VALLE,YUMBO,IE ALBERTO MENDOZA MAYOR,
31,121,99,01,VALLE,YUMBO,ARROYOHONDO,CORREGIMIENTO ARROYOHONDO
31,121,99,04,VALLE,YUMBO,RINCON DAPA,CORREGIMIENTO DAPA
31,121,99,05,VALLE,YUMBO,DAPA,CORREGIMIENTO DAPA
31,121,99,06,VALLE,YUMBO,EL PEDREGAL,CORREGIMIENTO EL PEDREGAL
31,121,99,07,VALLE,YUMBO,MULALO,CORREGIMIENTO MULALO
31,121,99,09,VALLE,YUMBO,SAN MARCOS,CORREGIMIENTO SAN MARCOS
31,121,99,12,VALLE,YUMBO,MIRAVALLE NORTE,CORREGIMIENTO SAN MARCOS
31,121,99,13,VALLE,YUMBO,IE JOSE MARIA GARCIA DE TOLEDO,CORREGIMIENTO SANTA INES
31,121,99,17,VALLE,YUMBO,YUMBILLO,CORREGIMIENTO YUMBILLO
31,121,99,25,VALLE,YUMBO,LA BUITRERA,CORREGIMIENTO LA BUITRERA
31,121,99,29,VALLE,YUMBO,LA OLGA,CORREGIMIENTO LA OLGA
31,121,99,33,VALLE,YUMBO,MONTAÑITAS,CORREGIMIENTO MONTAÑITAS
31,121,99,37,VALLE,YUMBO,IE SAN JOSE,
31,124,01,01,VALLE,ZARZAL,COLISEO JOSE DOLORES GUTIERREZ,
31,124,01,02,VALLE,ZARZAL,ESC. FRANCISCO JOSE DE CALDAS,
31,124,01,03,VALLE,ZARZAL,ESC. SAGRADO CORAZON DE JESUS,
31,124,02,01,VALLE,ZARZAL,ESC. NORMAL SUPERIOR,
31,124,02,02,VALLE,ZARZAL,ESC. EFRAIN VARELA VACA,
31,124,02,03,VALLE,ZARZAL,ESC.POLICARPA SALAVARRIETA,
31,124,02,04,VALLE,ZARZAL,ESC. FRANCISCO DE PAULA SANTANDER,
31,124,99,01,VALLE,ZARZAL,LA PAILA,
31,124,99,02,VALLE,ZARZAL,LIMONES,
31,124,99,03,VALLE,ZARZAL,GUASIMAL,
31,124,99,04,VALLE,ZARZAL,EL VERGEL,
31,124,99,05,VALLE,ZARZAL,QUEBRADANUEVA,
31,124,99,09,VALLE,ZARZAL,VALLEJUELO,
31,124,99,15,VALLE,ZARZAL,EL ALISAL,
40,001,01,01,ARAUCA,ARAUCA,COLEGIO SIMON BOLIVAR,COMUNA 1 RAIMUNDO CISNEROS O.
40,001,01,02,ARAUCA,ARAUCA,CONCENTRACION CAMILO TORRES,COMUNA 2 JOSEFA CANELONES
40,001,01,03,ARAUCA,ARAUCA,ESCUELA LOS LIBERTADORES,COMUNA 1 RAIMUNDO CISNEROS O.
40,001,01,04,ARAUCA,ARAUCA,ESCUELA JOSE MARIA CORDOBA,COMUNA 2 JOSEFA CANELONES
40,001,02,01,ARAUCA,ARAUCA,NORMAL MARIA INMACULADA,COMUNA 4 JOSE LAURENCIO OSIO
40,001,02,02,ARAUCA,ARAUCA,COLEGIO TEC. CRISTO REY,COMUNA 4 JOSE LAURENCIO OSIO
40,001,02,03,ARAUCA,ARAUCA,ESCUELA FLOR DE MI LLANO,COMUNA 5 JUAN JOSE RONDON
40,001,02,04,ARAUCA,ARAUCA,UNIDAD DE SALUD MENTAL ARAUCA,COMUNA 4 JOSE LAURENCIO OSIO
40,001,02,05,ARAUCA,ARAUCA,IE JUAN ISIDRO DABOIN,COMUNA 5 JUAN JOSE RONDON
40,001,02,06,ARAUCA,ARAUCA,IE SEDE LUIS CARLOS GALAN,COMUNA 5 JUAN JOSE RONDON
40,001,03,01,ARAUCA,ARAUCA,COLEGIO SANTANDER PRIMARIA,COMUNA 3 JOSE ANTONIO BENITEZ
40,001,03,02,ARAUCA,ARAUCA,CONC.ESCOLAR LAS COROCORAS,COMUNA 3 JOSE ANTONIO BENITEZ
40,001,03,03,ARAUCA,ARAUCA,CONC.ESCOLAR DIVINO NIÑO,COMUNA 3 JOSE ANTONIO BENITEZ
40,001,03,04,ARAUCA,ARAUCA,COL TEC SANTA TERESITA,COMUNA 3 JOSE ANTONIO BENITEZ
40,001,98,01,ARAUCA,ARAUCA,CARCEL,
40,001,99,03,ARAUCA,ARAUCA,CAÑAS BRAVAS,CORREGIMIENTO CAÑAS BRAVAS
40,001,99,19,ARAUCA,ARAUCA,MAPORILLAL,CORREGIMIENTO MAPORILLAL
40,001,99,24,ARAUCA,ARAUCA,SANTA BARBARA,CORREGIMIENTO SANTA BARBARA
40,001,99,28,ARAUCA,ARAUCA,CARACOL,CORREGIMIENTO CARACOL
40,001,99,40,ARAUCA,ARAUCA,TODOS LOS SANTOS,CORREGIMIENTO TODOS LOS SANTOS
40,001,99,41,ARAUCA,ARAUCA,LAS NUBES,CORREGIMIENTO TODOS LOS SANTOS
40,001,99,42,ARAUCA,ARAUCA,FELICIANO,CORREGIMIENTO CARACOL
40,001,99,43,ARAUCA,ARAUCA,CLARINETERO,CORREGIMIENTO SANTA BARBARA
40,005,01,01,ARAUCA,TAME,COL. INST. ORIENTAL FEMENINO,
40,005,01,02,ARAUCA,TAME,ESCUELA SAN ANTONIO,
40,005,01,03,ARAUCA,TAME,COLISEO CUBIERTO LOS LIBERTADORES,
40,005,02,01,ARAUCA,TAME,COLEGIO FROILAN FARIAS,
40,005,02,02,ARAUCA,TAME,CIUDADELA UNIVERSITARIA,
40,005,02,03,ARAUCA,TAME,IE SAN LUIS,
40,005,99,02,ARAUCA,TAME,BETOYES,
40,005,99,06,ARAUCA,TAME,PUERTO GAITAN,
40,005,99,12,ARAUCA,TAME,PUERTO SAN SALVADOR,
40,005,99,25,ARAUCA,TAME,LA HOLANDA,
40,005,99,27,ARAUCA,TAME,LA ARENOSA,
40,005,99,29,ARAUCA,TAME,LAS MALVINAS,
40,005,99,46,ARAUCA,TAME,PUERTO JORDAN,
40,005,99,50,ARAUCA,TAME,CACHAMA,
40,005,99,60,ARAUCA,TAME,EL BOTALON,
40,005,99,70,ARAUCA,TAME,EL TABLON,
40,005,99,71,ARAUCA,TAME,CENTRO POBLADO  COROCITO,
40,005,99,72,ARAUCA,TAME,SANTO DOMINGO,
40,010,01,01,ARAUCA,ARAUQUITA,IE LICEO DEL LLANO,
40,010,01,02,ARAUCA,ARAUQUITA,IE LICEO DEL LLANO SEDE SIMON BOLIVAR,
40,010,02,01,ARAUCA,ARAUQUITA,IE GABRIEL GARCIA MARQUEZ SEC PRIMARIA,
40,010,02,02,ARAUCA,ARAUQUITA,IE GABRIEL GARCIA MARQUEZ SEC SECUNDARIA,
40,010,99,02,ARAUCA,ARAUQUITA,AGUACHICA,
40,010,99,05,ARAUCA,ARAUQUITA,LA ESMERALDA,
40,010,99,06,ARAUCA,ARAUQUITA,LA PAZ,
40,010,99,07,ARAUCA,ARAUQUITA,REINERA,
40,010,99,16,ARAUCA,ARAUQUITA,LA PESQUERA,
40,010,99,26,ARAUCA,ARAUQUITA,BRISAS DEL CARANAL,
40,010,99,27,ARAUCA,ARAUQUITA,RESGUARDO INDIGENA EL VIGIA,
40,010,99,28,ARAUCA,ARAUQUITA,RESGUARDO INDIGENA SAN JOSE DE LIPA,
40,010,99,30,ARAUCA,ARAUQUITA,RESGUARDO INDIGENA IGUANITOS,
40,010,99,31,ARAUCA,ARAUQUITA,VEREDA FILIPINAS,
40,010,99,32,ARAUCA,ARAUQUITA,VEREDA SAN LORENZO,
40,010,99,33,ARAUCA,ARAUQUITA,VEREDA EL TRONCAL,
40,010,99,45,ARAUCA,ARAUQUITA,PANAMA DE ARAUCA,
40,015,00,00,ARAUCA,CRAVO NORTE,PUESTO CABECERA MUNICIPAL,
40,017,00,01,ARAUCA,FORTUL,POLIDEPORTIVO MUNICIPAL,
40,017,00,02,ARAUCA,FORTUL,CONCENTRACION ELVIRA WALTEROS,
40,017,99,08,ARAUCA,FORTUL,CAÑO FLOREZ,
40,017,99,10,ARAUCA,FORTUL,NUEVO CARANAL,
40,017,99,35,ARAUCA,FORTUL,MATECAÑA,
40,020,00,00,ARAUCA,PUERTO RONDON,PUESTO CABECERA MUNICIPAL,
40,025,01,01,ARAUCA,SARAVENA,CENTRO CULT Y DEPORTIVO SIMON,
40,025,01,02,ARAUCA,SARAVENA,IE LA FRONTERA,
40,025,01,03,ARAUCA,SARAVENA,SEDE EDUCATIVA SEIS DE OCTUBRE,
40,025,01,04,ARAUCA,SARAVENA,SEDE EDUCATIVA LAS VILLAS,
40,025,02,01,ARAUCA,SARAVENA,SEDE EDUCATIVA GENERAL SANTANDER,
40,025,02,02,ARAUCA,SARAVENA,IE TEC.IND.RAFAEL POMBO BTO,
40,025,02,03,ARAUCA,SARAVENA,SEDE EDUCATIVA MANUELA BELTRAN,
40,025,99,60,ARAUCA,SARAVENA,PUERTO NARIÑO,
40,025,99,61,ARAUCA,SARAVENA,RESGUARDO INDIGENAS DE PLAYAS DE BOJABA,
40,025,99,62,ARAUCA,SARAVENA,VEREDA VIAS,
44,001,01,01,CAQUETA,FLORENCIA,I.E. JUAN BAUTISTA LA SALLE,COMUNA 1 OCCIDENTAL
44,001,01,02,CAQUETA,FLORENCIA,I.E. JUAN BAUTISTA MIGANI,COMUNA 1 OCCIDENTAL
44,001,01,03,CAQUETA,FLORENCIA,I.E. SAN FRANCISCO DE ASIS,COMUNA 1 OCCIDENTAL
44,001,01,04,CAQUETA,FLORENCIA,I.E. SAGRADOS CORAZONES,COMUNA 1 OCCIDENTAL
44,001,01,05,CAQUETA,FLORENCIA,IE JUAN BAUTISTA LA SALLE SD,COMUNA 1 OCCIDENTAL
44,001,01,06,CAQUETA,FLORENCIA,I.E. SAN FRANCISCO DE ASIS SD CIRCACIA,COMUNA 1 OCCIDENTAL
44,001,01,07,CAQUETA,FLORENCIA,I.E.BUINAIMA,COMUNA 1 OCCIDENTAL
44,001,01,08,CAQUETA,FLORENCIA,IE LA ESPERANZA,COMUNA 1 OCCIDENTAL
44,001,01,09,CAQUETA,FLORENCIA,SEMINARIO MAYOR ARQUIDIOCESANO SAN JOSE,COMUNA 1 OCCIDENTAL
44,001,02,01,CAQUETA,FLORENCIA,I.E. ANTONIO RICAURTE SD JUAN XXIII,COMUNA 2 SUR
44,001,02,02,CAQUETA,FLORENCIA,I.E. ANTONIO RICAURTE,COMUNA 2 SUR
44,001,02,03,CAQUETA,FLORENCIA,I.E. BARRIOS UNIDOS DEL SUR,COMUNA 2 SUR
44,001,02,04,CAQUETA,FLORENCIA,INS TEC AGROINDUSTRIAL  DE LA AMAZONIA,COMUNA 2 SUR
44,001,02,05,CAQUETA,FLORENCIA,UNIVERSIDAD DE LA AMAZONIA SEDE CENTRO,COMUNA 2 SUR
44,001,02,06,CAQUETA,FLORENCIA,I.E. NORMAL SUPERIOR,COMUNA 2 SUR
44,001,03,01,CAQUETA,FLORENCIA,I.E.LOS PINOS SEDE LA PAZ,COMUNA 3 NORTE
44,001,03,02,CAQUETA,FLORENCIA,UNIVERSIDAD UNAD,COMUNA 3 NORTE
44,001,03,03,CAQUETA,FLORENCIA,INSTITUTO TECNICO INDUSTRIAL,COMUNA 3 NORTE
44,001,03,04,CAQUETA,FLORENCIA,I.E.LA SALLE,COMUNA 3 NORTE
44,001,03,05,CAQUETA,FLORENCIA,I.E. LOS PINOS,COMUNA 3 NORTE
44,001,03,06,CAQUETA,FLORENCIA,I.E. LOS ANDES,COMUNA 3 NORTE
44,001,04,01,CAQUETA,FLORENCIA,I.E.BUS SD PUEBLO NUEVO,COMUNA 4 ORIENTAL
44,001,04,02,CAQUETA,FLORENCIA,I.E.BUS SD SANTA INES,COMUNA 4 ORIENTAL
44,001,04,03,CAQUETA,FLORENCIA,I.E. CIUDADELA SIGLO XXI SD EL TRIUNFO,COMUNA 4 ORIENTAL
44,001,04,04,CAQUETA,FLORENCIA,I.E.DIV.NIÑO SEDE LAS PALMERAS,COMUNA 4 ORIENTAL
44,001,04,05,CAQUETA,FLORENCIA,I.E. CIUDADELA SIGLO XXI,COMUNA 4 ORIENTAL
44,001,04,06,CAQUETA,FLORENCIA,I.E.BELLO HORIZONTE,COMUNA 4 ORIENTAL
44,001,04,07,CAQUETA,FLORENCIA,IE JORGE ELIECER GAITAN,COMUNA 4 ORIENTAL
44,001,04,08,CAQUETA,FLORENCIA,I.E. JORGE E. GAITAN SD SIMON BOLIVAR,COMUNA 4 ORIENTAL
44,001,90,01,CAQUETA,FLORENCIA,UNIVERSIDAD DE LA AMAZONIA,
44,001,98,01,CAQUETA,FLORENCIA,CARCEL SEDE UNO- EL CUNDUY,
44,001,98,02,CAQUETA,FLORENCIA,CARCEL SEDE DOS-HELICONIAS,
44,001,99,04,CAQUETA,FLORENCIA,SAN PEDRO - NORCASIA,CORREGIMIENTO SAN PEDRO
44,001,99,05,CAQUETA,FLORENCIA,ORTEGUAZA - SANTANA LAS HERMOSAS,CORREGIMIENTO ORTEGUAZA
44,001,99,06,CAQUETA,FLORENCIA,ORTEGUAZA - SAN ANTONIO DE ATENAS.,CORREGIMIENTO ORTEGUAZA
44,001,99,07,CAQUETA,FLORENCIA,ORTEGUAZA - REMOLINO ALTO ORTEGUAZA,CORREGIMIENTO ORTEGUAZA
44,001,99,08,CAQUETA,FLORENCIA,EL DANUBIO - REMOLINO,CORREGIMIENTO EL DANUBIO
44,001,99,09,CAQUETA,FLORENCIA,EL DANUBIO - SAN GUILLERMO,CORREGIMIENTO EL DANUBIO
44,001,99,65,CAQUETA,FLORENCIA,EL CARAÑO - AVENIDA EL CARAÑO,CORREGIMIENTO EL CARANO
44,001,99,66,CAQUETA,FLORENCIA,EL CARAÑO - NUEVA JERUSALÉN,CORREGIMIENTO EL CARANO
44,001,99,67,CAQUETA,FLORENCIA,EL CARAÑO - BAJO CALDAS,CORREGIMIENTO EL CARANO
44,001,99,68,CAQUETA,FLORENCIA,EL CARAÑO-BELLO HORIZONTE SD LA FLORIDA,CORREGIMIENTO EL CARANO
44,001,99,70,CAQUETA,FLORENCIA,SANTO DOMINGO - COFEMA,CORREGIMIENTO SANTO DOMINGO
44,001,99,71,CAQUETA,FLORENCIA,SANTO DOMINGO - VILLA HERMOSA DOS.,CORREGIMIENTO SANTO DOMINGO
44,001,99,72,CAQUETA,FLORENCIA,SANTO DOMINGO - I.E. RURAL SANTANDER,CORREGIMIENTO SANTO DOMINGO
44,001,99,75,CAQUETA,FLORENCIA,SAN MARTIN - I.E. ALTOS DE COPOAZU,CORREGIMIENTO SAN MARTIN
44,001,99,76,CAQUETA,FLORENCIA,SAN MARTIN-ASENT. HUMANO VILLA DE DIOS,CORREGIMIENTO SAN MARTIN
44,001,99,90,CAQUETA,FLORENCIA,VENECIA - PUERTO ARANGO,CORREGIMIENTO VENECIA
44,001,99,91,CAQUETA,FLORENCIA,VENECIA - LA LIBERTAD.,CORREGIMIENTO VENECIA
44,001,99,92,CAQUETA,FLORENCIA,SAN PEDRO - VICTORIA BAJA SEDE EL PARA.,CORREGIMIENTO SAN PEDRO
44,001,99,93,CAQUETA,FLORENCIA,SAN PEDRO-VICTORIA BAJA SD VICTORIA BAJA,CORREGIMIENTO SAN PEDRO
44,002,00,00,CAQUETA,ALBANIA,IE ALBANIA - SD PEREGRINO LOZANO,
44,002,99,25,CAQUETA,ALBANIA,DORADO,
44,003,00,00,CAQUETA,CARTAGENA DEL CHAIRA,IE. EL CHAIRA JOSE MARIA CORDOBA,
44,003,99,70,CAQUETA,CARTAGENA DEL CHAIRA,RISARALDA,
44,003,99,75,CAQUETA,CARTAGENA DEL CHAIRA,REMOLINO DEL CAGUAN,
44,003,99,80,CAQUETA,CARTAGENA DEL CHAIRA,SANTA FE DEL CAGUAN,
44,003,99,81,CAQUETA,CARTAGENA DEL CHAIRA,MONSERRATE,
44,003,99,82,CAQUETA,CARTAGENA DEL CHAIRA,LA SARDINATA,
44,003,99,83,CAQUETA,CARTAGENA DEL CHAIRA,SANTO DOMINGO,
44,003,99,84,CAQUETA,CARTAGENA DEL CHAIRA,DOCE DE OCTUBRE,
44,004,00,00,CAQUETA,BELEN DE LOS ANDAQUIES,PUESTO CABECERA MUNICIPAL,
44,004,99,01,CAQUETA,BELEN DE LOS ANDAQUIES,EL PORTAL,
44,004,99,02,CAQUETA,BELEN DE LOS ANDAQUIES,VEREDA SAN  LUIS,
44,005,00,00,CAQUETA,EL DONCELLO,PUESTO CABECERA MUNICIPAL,
44,005,99,01,CAQUETA,EL DONCELLO,MAGUARE,
44,005,99,03,CAQUETA,EL DONCELLO,PUERTO HUNGRIA,
44,005,99,05,CAQUETA,EL DONCELLO,BERLIN,
44,005,99,06,CAQUETA,EL DONCELLO,URIAS RONDON,
44,005,99,10,CAQUETA,EL DONCELLO,PEÑAS NEGRAS,
44,005,99,60,CAQUETA,EL DONCELLO,PUERTO MANRIQUE,
44,006,00,00,CAQUETA,EL PAUJIL,PUESTO CABECERA MUNICIPAL,
44,006,99,04,CAQUETA,EL PAUJIL,BOLIVIA,
44,006,99,70,CAQUETA,EL PAUJIL,VERSALLES,
44,007,00,00,CAQUETA,LA MONTAÑITA,PUESTO CABECERA MUNICIPAL,
44,007,99,03,CAQUETA,LA MONTAÑITA,EL TRIUNFO,
44,007,99,05,CAQUETA,LA MONTAÑITA,SANTUARIO,
44,007,99,45,CAQUETA,LA MONTAÑITA,LA UNION PENEYA,
44,007,99,50,CAQUETA,LA MONTAÑITA,MATEGUADUA,
44,009,00,01,CAQUETA,PUERTO RICO,IE SAGRADOS CORAZONES,
44,009,00,02,CAQUETA,PUERTO RICO,IE ACEVEDO Y GOMEZ,
44,009,99,20,CAQUETA,PUERTO RICO,LA AGUILILLA,CORREGIMIENTO LA AGUILILLA
44,009,99,26,CAQUETA,PUERTO RICO,LA ESMERALDA,CORREGIMIENTO LA ESMERALDA
44,009,99,28,CAQUETA,PUERTO RICO,LUSITANIA,CORREGIMIENTO LUSITANIA
44,009,99,29,CAQUETA,PUERTO RICO,RIO NEGRO,CORREGIMIENTO RIO NEGRO
44,009,99,30,CAQUETA,PUERTO RICO,LA CHIPA,CORREGIMIENTO RIO NEGRO
44,009,99,40,CAQUETA,PUERTO RICO,SANTANA RAMOS,CORREGIMIENTO SANTANA RAMOS
44,009,99,60,CAQUETA,PUERTO RICO,LA PAZ,CORREGIMIENTO LA PAZ
44,010,01,01,CAQUETA,SAN VICENTE DEL CAGUAN,I.E. INST. NAL. PROMOCION SOCIAL,
44,010,01,02,CAQUETA,SAN VICENTE DEL CAGUAN,I.E. DANTE ALIGHIERI SEDE DIEGO OMAR,
44,010,01,03,CAQUETA,SAN VICENTE DEL CAGUAN,LICEO MODERNO NELLY PERDOMO DE FALLA,
44,010,01,04,CAQUETA,SAN VICENTE DEL CAGUAN,I.E. DANTE ALIGHIERI SEDE ANTONIO NARIÑO,
44,010,02,01,CAQUETA,SAN VICENTE DEL CAGUAN,I.E.VERDE AMAZONICO,
44,010,02,02,CAQUETA,SAN VICENTE DEL CAGUAN,IE INST NAL DE PROM SOCIAL SD C. JARDIN,
44,010,02,03,CAQUETA,SAN VICENTE DEL CAGUAN,I E VERDE AMAZONICO SD SANTA  ISABEL,
44,010,99,01,CAQUETA,SAN VICENTE DEL CAGUAN,GUACAMAYAS,
44,010,99,02,CAQUETA,SAN VICENTE DEL CAGUAN,PLAYA RICA,
44,010,99,03,CAQUETA,SAN VICENTE DEL CAGUAN,SANTA ROSA,
44,010,99,04,CAQUETA,SAN VICENTE DEL CAGUAN,CAMPO HERMOSO,
44,010,99,05,CAQUETA,SAN VICENTE DEL CAGUAN,BALSILLAS,
44,010,99,07,CAQUETA,SAN VICENTE DEL CAGUAN,PUERTO AMOR,
44,010,99,08,CAQUETA,SAN VICENTE DEL CAGUAN,GUAYABAL,
44,010,99,30,CAQUETA,SAN VICENTE DEL CAGUAN,LOS POZOS,
44,010,99,40,CAQUETA,SAN VICENTE DEL CAGUAN,PUERTO BETANIA,
44,010,99,50,CAQUETA,SAN VICENTE DEL CAGUAN,SAN JUAN DEL LOZADA,
44,010,99,85,CAQUETA,SAN VICENTE DEL CAGUAN,TRES ESQUINAS,
44,010,99,88,CAQUETA,SAN VICENTE DEL CAGUAN,TRONCALES,
44,010,99,89,CAQUETA,SAN VICENTE DEL CAGUAN,CENTRO POBLADO LA NOVIA,
44,010,99,90,CAQUETA,SAN VICENTE DEL CAGUAN,CIUDAD YARI,
44,010,99,91,CAQUETA,SAN VICENTE DEL CAGUAN,VILLA CARMONA,
44,010,99,92,CAQUETA,SAN VICENTE DEL CAGUAN,VILLA LOBOS,
44,010,99,93,CAQUETA,SAN VICENTE DEL CAGUAN,LAS DAMAS,
44,010,99,94,CAQUETA,SAN VICENTE DEL CAGUAN,LA CRISTALINA DEL LOZADA,
44,010,99,95,CAQUETA,SAN VICENTE DEL CAGUAN,LA ESMERALDA DEL LOBO,
44,012,00,00,CAQUETA,CURILLO,PUESTO CABECERA MUNICIPAL,
44,012,99,40,CAQUETA,CURILLO,PUERTO VALDIVIA,
44,012,99,80,CAQUETA,CURILLO,SALAMINA,
44,016,00,00,CAQUETA,MILAN,PUESTO CABECERA MUNICIPAL,
44,016,99,10,CAQUETA,MILAN,LA ILUSION MATICURU,
44,016,99,25,CAQUETA,MILAN,GETUCHA (SAN ANTONIO),
44,016,99,26,CAQUETA,MILAN,AGUA BLANCA,
44,016,99,50,CAQUETA,MILAN,MATICURU (GRANARIO),
44,016,99,51,CAQUETA,MILAN,RESGUARDO INDIGENA AGUA NEGRA,
44,016,99,70,CAQUETA,MILAN,REMOLINO DE ARICUNTI,
44,017,00,00,CAQUETA,MORELIA,PUESTO CABECERA MUNICIPAL,
44,017,99,01,CAQUETA,MORELIA,VEREDA BOLIVIA,
44,017,99,02,CAQUETA,MORELIA,VEREDA EL SILENCIO,
44,017,99,03,CAQUETA,MORELIA,VEREDA SAN MARCOS,
44,020,00,01,CAQUETA,SAN JOSE DEL FRAGUA,INSTITUCION EDUCATIVA PARROQUIAL,
44,020,00,02,CAQUETA,SAN JOSE DEL FRAGUA,SEDE,
44,020,99,30,CAQUETA,SAN JOSE DEL FRAGUA,FRAGUITA,
44,020,99,50,CAQUETA,SAN JOSE DEL FRAGUA,PUERTO BELLO,
44,020,99,55,CAQUETA,SAN JOSE DEL FRAGUA,PUERTO NUEVO,
44,020,99,80,CAQUETA,SAN JOSE DEL FRAGUA,YURAYACO,
44,022,00,00,CAQUETA,SOLANO,PUESTO CABECERA MUNICIPAL,
44,022,99,25,CAQUETA,SOLANO,ARARACUARA,
44,022,99,30,CAQUETA,SOLANO,CUEMANI,
44,022,99,40,CAQUETA,SOLANO,LA MANA,
44,022,99,45,CAQUETA,SOLANO,DANUBIO (CAMPO ALEGRE),
44,022,99,50,CAQUETA,SOLANO,MONONGUETE,
44,022,99,55,CAQUETA,SOLANO,PEÑAS BLANCAS,
44,022,99,70,CAQUETA,SOLANO,PUERTO TEJADA,
44,022,99,71,CAQUETA,SOLANO,VEREDA PUERTO HERICHA,
44,022,99,72,CAQUETA,SOLANO,VEREDA PUERTO MERCEDES,
44,022,99,73,CAQUETA,SOLANO,VEREDA CURI PLAYA,
44,022,99,75,CAQUETA,SOLANO,VEREDA EL SABALO,
44,024,00,00,CAQUETA,SOLITA,PUESTO CABECERA MUNICIPAL,
44,024,99,01,CAQUETA,SOLITA,VEREDA CAMPOLEJANO,
44,040,00,00,CAQUETA,VALPARAISO,PUESTO CABECERA MUNICIPAL,
44,040,99,57,CAQUETA,VALPARAISO,PLAYA RICA,
44,040,99,58,CAQUETA,VALPARAISO,CAMPO ALEGRE KM,
44,040,99,60,CAQUETA,VALPARAISO,SANTIAGO DE LA SELVA,
46,001,01,01,CASANARE,YOPAL,I.E. LUIS HERNANDEZ VARGAS,COMUNA 1 CIRO REINA
46,001,01,02,CASANARE,YOPAL,C.E. MARCO FIDEL SUAREZ,COMUNA 1 CIRO REINA
46,001,01,03,CASANARE,YOPAL,IE CENTRO SOCIAL,COMUNA 1 CIRO REINA
46,001,01,04,CASANARE,YOPAL,COLEGIO DE LA PRESENTACION YOPAL,COMUNA 1 CIRO REINA
46,001,01,05,CASANARE,YOPAL,IE SALVADOR CAMACHO ROLDAN,COMUNA 1 CIRO REINA
46,001,02,01,CASANARE,YOPAL,IE CARLOS LLERAS RESTREPO,COMUNA 2 CALIXTO ZAMBRANO
46,001,02,02,CASANARE,YOPAL,IE BRAULIO GONZALEZ SD SIMON BOLIVAR,COMUNA 2 CALIXTO ZAMBRANO
46,001,02,03,CASANARE,YOPAL,IE BRAULIO GONZALEZ SD CENTRO,COMUNA 2 CALIXTO ZAMBRANO
46,001,02,04,CASANARE,YOPAL,IE GABRIEL GARCIA MARQUEZ,COMUNA 2 CALIXTO ZAMBRANO
46,001,02,05,CASANARE,YOPAL,I.E MANUELA BELTRAN SEDE GAVAN,COMUNA 3 CLELIA RIVEROS DE PRI
46,001,03,01,CASANARE,YOPAL,I TEC EMPRESARIAL YOPAL ITEY,COMUNA 3 CLELIA RIVEROS DE PRI
46,001,03,02,CASANARE,YOPAL,IE MANUELA BELTRAN,COMUNA 3 CLELIA RIVEROS DE PRI
46,001,03,03,CASANARE,YOPAL,LA CAMPIÑA,COMUNA 4 CIUDAD CAMPIÑA
46,001,03,04,CASANARE,YOPAL,IE EL PARAISO,COMUNA 4 CIUDAD CAMPIÑA
46,001,03,05,CASANARE,YOPAL,IE JORGE ELIECER GAITAN,COMUNA 4 CIUDAD CAMPIÑA
46,001,04,01,CASANARE,YOPAL,I TEC AMBIENTAL SAN MATEO,COMUNA 5 JAVIER MANUEL VARGAS
46,001,04,02,CASANARE,YOPAL,MEGACOLEGIO EL PROGRESO COMUNA CINCO,COMUNA 5 JAVIER MANUEL VARGAS
46,001,04,03,CASANARE,YOPAL,IE EMP LLANO LINDO SD A,
46,001,04,04,CASANARE,YOPAL,IE EMP LLANO LINDO SD B,
46,001,04,05,CASANARE,YOPAL,IE TERESA DE CALCUTA,COMUNA 7 JUAN NEPOMUCENO MOREN
46,001,04,06,CASANARE,YOPAL,I E BRAULIO GONZALEZ SD CAMPESTRE,COMUNA 7 JUAN NEPOMUCENO MOREN
46,001,98,01,CASANARE,YOPAL,CARCEL MUNICIPAL,
46,001,99,03,CASANARE,YOPAL,ALCARAVAN LA NIATA,
46,001,99,08,CASANARE,YOPAL,PUNTO NUEVO,
46,001,99,16,CASANARE,YOPAL,PALO BAJITO,
46,001,99,17,CASANARE,YOPAL,MATA DE LIMON,
46,001,99,18,CASANARE,YOPAL,CHARTE,
46,001,99,19,CASANARE,YOPAL,GUAFILLA,
46,001,99,20,CASANARE,YOPAL,EL MORRO,
46,001,99,25,CASANARE,YOPAL,EL TALADRO,
46,001,99,40,CASANARE,YOPAL,LA CHAPARRERA,
46,001,99,50,CASANARE,YOPAL,MORICHAL,
46,001,99,55,CASANARE,YOPAL,SAN RAFAEL,
46,001,99,60,CASANARE,YOPAL,TACARIMENA,
46,001,99,80,CASANARE,YOPAL,TILODIRAN,
46,001,99,85,CASANARE,YOPAL,QUEBRADASECA,
46,040,01,01,CASANARE,AGUAZUL,INST. EDUC. CAMILO TORRES REST,
46,040,01,02,CASANARE,AGUAZUL,INST. EDUC. JORGE ELIECER GAIT,
46,040,02,01,CASANARE,AGUAZUL,INST. EDUC. ANTONIO NARIÑO,
46,040,02,02,CASANARE,AGUAZUL,INST. EDUC. SAN AGUSTIN(NUEVA,
46,040,99,06,CASANARE,AGUAZUL,BELLAVISTA,
46,040,99,12,CASANARE,AGUAZUL,PLAN BRISAS,
46,040,99,15,CASANARE,AGUAZUL,CUPIAGUA,
46,040,99,20,CASANARE,AGUAZUL,GUADALCANAL,
46,040,99,35,CASANARE,AGUAZUL,LA TURUA,
46,040,99,50,CASANARE,AGUAZUL,MONTERRALO,
46,040,99,53,CASANARE,AGUAZUL,SAN JOSE DEL BUBUY,
46,040,99,56,CASANARE,AGUAZUL,SAN MIGUEL DE FARALLONES,
46,040,99,90,CASANARE,AGUAZUL,UNETE,
46,120,00,00,CASANARE,CHAMEZA,PUESTO CABECERA MUNICIPAL,
46,320,00,00,CASANARE,HATO COROZAL,PUESTO CABECERA MUNICIPAL,
46,320,99,06,CASANARE,HATO COROZAL,BERLIN,
46,320,99,10,CASANARE,HATO COROZAL,CHIRE,
46,320,99,15,CASANARE,HATO COROZAL,CORRALITO,
46,320,99,30,CASANARE,HATO COROZAL,EL GUAFAL,
46,320,99,45,CASANARE,HATO COROZAL,LA FRONTERA (LA CHAPA),
46,320,99,48,CASANARE,HATO COROZAL,LAS CAMELIAS,
46,320,99,50,CASANARE,HATO COROZAL,LAS TAPIAS,
46,320,99,55,CASANARE,HATO COROZAL,MANARE,
46,320,99,70,CASANARE,HATO COROZAL,PASO REAL DE ARIPORO,
46,320,99,73,CASANARE,HATO COROZAL,PUERTO COLOMBIA,
46,320,99,74,CASANARE,HATO COROZAL,RESGUARDO CAÑO MOCHUELO,
46,320,99,75,CASANARE,HATO COROZAL,SAN JOSE DE ARIPORO,
46,320,99,80,CASANARE,HATO COROZAL,SAN NICOLAS,
46,320,99,85,CASANARE,HATO COROZAL,SAN SALVADOR,
46,320,99,87,CASANARE,HATO COROZAL,SANTA BARBARA,
46,320,99,88,CASANARE,HATO COROZAL,SANTA RITA,
46,480,00,00,CASANARE,LA SALINA,PUESTO CABECERA MUNICIPAL,
46,520,00,01,CASANARE,MANI,JESUS BERNAL PINZON,
46,520,00,02,CASANARE,MANI,LUIS ENRIQUE BARON LEAL,
46,520,99,20,CASANARE,MANI,CHAVINABE,
46,520,99,25,CASANARE,MANI,SANTA MARIA DE PALMARITO,
46,520,99,30,CASANARE,MANI,GUAFALPINTADO,
46,520,99,36,CASANARE,MANI,LA POYATA,
46,520,99,40,CASANARE,MANI,LA ARMENIA,
46,520,99,50,CASANARE,MANI,LAS GAVIOTAS,
46,520,99,57,CASANARE,MANI,PASO REAL DE GUARIAMENA,
46,520,99,75,CASANARE,MANI,SAN JOAQUIN DE GARIBAY,
46,520,99,80,CASANARE,MANI,STA ELENA DE CUSIVA,
46,540,00,00,CASANARE,MONTERREY,PUESTO CABECERA MUNICIPAL,
46,540,99,10,CASANARE,MONTERREY,BRISAS DEL LLANO,
46,540,99,20,CASANARE,MONTERREY,EL PORVENIR,
46,540,99,25,CASANARE,MONTERREY,LA ORQUETA,
46,540,99,28,CASANARE,MONTERREY,PALO NEGRO,
46,540,99,95,CASANARE,MONTERREY,VILLA CAROLA,
46,560,00,00,CASANARE,NUNCHIA,PUESTO CABECERA MUNICIPAL,
46,560,99,10,CASANARE,NUNCHIA,BARBACOAS,
46,560,99,12,CASANARE,NUNCHIA,BARRANQUILLA,
46,560,99,15,CASANARE,NUNCHIA,COREA,
46,560,99,18,CASANARE,NUNCHIA,EL CAUCHO,
46,560,99,19,CASANARE,NUNCHIA,EL CONCHAL,
46,560,99,20,CASANARE,NUNCHIA,EL CAZADERO,
46,560,99,21,CASANARE,NUNCHIA,EL PRETEXTO,
46,560,99,30,CASANARE,NUNCHIA,GUANAPALO,
46,560,99,33,CASANARE,NUNCHIA,PALMIRA,
46,560,99,35,CASANARE,NUNCHIA,PEDREGAL,
46,560,99,36,CASANARE,NUNCHIA,PUERTO TOCARIA,
46,560,99,76,CASANARE,NUNCHIA,SIRIVANA,
46,560,99,85,CASANARE,NUNCHIA,VIZERTA,
46,640,00,00,CASANARE,OROCUE,CABECERA MUNICIPAL,
46,640,99,03,CASANARE,OROCUE,BANCO LARGO,
46,640,99,10,CASANARE,OROCUE,BOCAS DEL CRAVO,
46,640,99,20,CASANARE,OROCUE,CHURRUBAY,
46,640,99,25,CASANARE,OROCUE,EL ALGARROBO (CRAVOSUR),
46,640,99,35,CASANARE,OROCUE,EL DUYA,
46,640,99,67,CASANARE,OROCUE,TUJUA,
46,680,01,01,CASANARE,PAZ DE ARIPORO (MORENO),IE JUAN JOSE RONDON,
46,680,01,02,CASANARE,PAZ DE ARIPORO (MORENO),IE SAGRADO CORAZON,
46,680,02,01,CASANARE,PAZ DE ARIPORO (MORENO),INST TEC IND EL PALMAR ITEIPA,
46,680,02,02,CASANARE,PAZ DE ARIPORO (MORENO),IE FRANCISCO JOSE DE CALDAS,
46,680,98,01,CASANARE,PAZ DE ARIPORO (MORENO),CARCEL,
46,680,99,10,CASANARE,PAZ DE ARIPORO (MORENO),BOCAS DE LA HERMOSA,
46,680,99,12,CASANARE,PAZ DE ARIPORO (MORENO),CAÑO CHIQUITO,
46,680,99,53,CASANARE,PAZ DE ARIPORO (MORENO),LAS GUAMAS,
46,680,99,54,CASANARE,PAZ DE ARIPORO (MORENO),LA BARRANCA,
46,680,99,55,CASANARE,PAZ DE ARIPORO (MORENO),MONTAÑAS DEL TOTUMO,
46,680,99,60,CASANARE,PAZ DE ARIPORO (MORENO),RESGUARDO CAÑO MOCHUELO COM. SAN JOSE,
46,700,00,00,CASANARE,PORE,PUESTO CABECERA MUNICIPAL,
46,700,99,13,CASANARE,PORE,EL BANCO,
46,700,99,50,CASANARE,PORE,LA PLATA,
46,760,00,00,CASANARE,RECETOR,PUESTO CABECERA MUNICIPAL,
46,760,99,08,CASANARE,RECETOR,LOS ALPES,
46,760,99,15,CASANARE,RECETOR,PUEBLO NUEVO,
46,800,00,00,CASANARE,SABANALARGA,PUESTO CABECERA MUNICIPAL,
46,800,99,05,CASANARE,SABANALARGA,AGUACLARA,
46,800,99,20,CASANARE,SABANALARGA,EL SECRETO,
46,815,00,00,CASANARE,SACAMA,PUESTO CABECERA MUNICIPAL,
46,815,99,01,CASANARE,SACAMA,CHAPARRAL Y BARRO NEGRO,
46,830,00,00,CASANARE,SAN LUIS DE PALENQUE,PUESTO CABECERA MUNICIPAL,
46,830,99,15,CASANARE,SAN LUIS DE PALENQUE,MIRAMAR DE GUANAPALO (BOCAS D,
46,830,99,23,CASANARE,SAN LUIS DE PALENQUE,GAVIOTAS QUITEVE,
46,830,99,30,CASANARE,SAN LUIS DE PALENQUE,JAGUEYES,
46,830,99,50,CASANARE,SAN LUIS DE PALENQUE,LA VENTUROSA,
46,830,99,60,CASANARE,SAN LUIS DE PALENQUE,RIVERITA,
46,830,99,70,CASANARE,SAN LUIS DE PALENQUE,SAN FRANCISCO,
46,830,99,80,CASANARE,SAN LUIS DE PALENQUE,SAN RAFAEL DE GUANAPALO,
46,830,99,90,CASANARE,SAN LUIS DE PALENQUE,SIRIVANA ALGODONALE,
46,840,00,00,CASANARE,TAMARA,PUESTO CABECERA MUNICIPAL,
46,840,99,23,CASANARE,TAMARA,EL ARIPORO,
46,840,99,84,CASANARE,TAMARA,TABLON DE TAMARA,
46,840,99,85,CASANARE,TAMARA,TABLONCITO,
46,840,99,87,CASANARE,TAMARA,TEN (TEISLANDIA),
46,840,99,88,CASANARE,TAMARA,ECCE HOMO,
46,840,99,89,CASANARE,TAMARA,GUARAQUE,
46,840,99,90,CASANARE,TAMARA,SANTO DOMINGO,
46,850,00,01,CASANARE,TAURAMENA,INSTITUCION EDUCATIVA JOSE MARIA CORDOBA,
46,850,00,02,CASANARE,TAURAMENA,IE TECNICA EMPRESARIAL DEL LLANO,
46,850,99,15,CASANARE,TAURAMENA,CARUPANA,
46,850,99,20,CASANARE,TAURAMENA,COROCITO,
46,850,99,30,CASANARE,TAURAMENA,PASO CUSIANA,CORREGIMIENTO EL CUSIANA
46,850,99,32,CASANARE,TAURAMENA,EL RAIZAL,
46,850,99,35,CASANARE,TAURAMENA,ESC. RURAL LA URAMA,
46,865,00,01,CASANARE,TRINIDAD,INS.TEC.INTREGRADO B,
46,865,00,02,CASANARE,TRINIDAD,INS. TEC. INTEGRADO A,
46,865,99,10,CASANARE,TRINIDAD,BELGICA,
46,865,99,15,CASANARE,TRINIDAD,BOCAS DEL PAUTO,
46,865,99,20,CASANARE,TRINIDAD,CAIMAN,
46,865,99,25,CASANARE,TRINIDAD,SANTA MARTA,
46,865,99,30,CASANARE,TRINIDAD,GUAMAL,
46,865,99,40,CASANARE,TRINIDAD,PASO REAL DE LA SOLEDAD,
46,865,99,50,CASANARE,TRINIDAD,EL CONVENTO,
46,865,99,54,CASANARE,TRINIDAD,LOS CHOCHOS,
46,865,99,70,CASANARE,TRINIDAD,SANTA IRENE,
46,865,99,80,CASANARE,TRINIDAD,SAN VICENTE,
46,880,01,01,CASANARE,VILLANUEVA,I.E. FABIO RIVEROS,
46,880,01,02,CASANARE,VILLANUEVA,I.E. EZEQUIEL MORENO Y DIAZ SD MORICHAL,
46,880,02,01,CASANARE,VILLANUEVA,IE NUESTRA SEÑORA DE LOS DOLORES DE MANA,
46,880,02,02,CASANARE,VILLANUEVA,IE EZEQUIEL MORENO Y DIAZ SD BELLO HORIZ,
46,880,99,30,CASANARE,VILLANUEVA,CARIBAYONA,
46,880,99,60,CASANARE,VILLANUEVA,SAN AGUSTIN,
46,880,99,80,CASANARE,VILLANUEVA,SANTA HELENA DE UPIA,
48,001,01,01,LA GUAJIRA,RIOHACHA,INST. EDUC. DIVINA PASTORA,COMUNA 1 CENTRO HISTORICO
48,001,01,02,LA GUAJIRA,RIOHACHA,I.E. EUSEBIO SEPTIMIO MARY,COMUNA 2 NUEVO CENTRO
48,001,01,03,LA GUAJIRA,RIOHACHA,I.E. LICEO ALMIRANTE PADILLA,COMUNA 2 NUEVO CENTRO
48,001,01,04,LA GUAJIRA,RIOHACHA,I.E.LIVIO REGINALDO FISCHIONE,COMUNA 3 COQUIVACOA
48,001,01,05,LA GUAJIRA,RIOHACHA,INST. EDUC. JOSE ANTONIO GALAN,COMUNA 3 COQUIVACOA
48,001,01,06,LA GUAJIRA,RIOHACHA,INST EDUCATIVA CHON - KAY,COMUNA 1 CENTRO HISTORICO
48,001,01,07,LA GUAJIRA,RIOHACHA,IE ALMIRANTE PADILLA SD FIDELIA NAVAS S,COMUNA 2 NUEVO CENTRO
48,001,02,01,LA GUAJIRA,RIOHACHA,CTRO EDUCATIVO NVO HORIZONTE,COMUNA 4 COOPERATIVO
48,001,02,02,LA GUAJIRA,RIOHACHA,IE JOSE A GALAN SD COOPERATIVO,COMUNA 4 COOPERATIVO
48,001,02,03,LA GUAJIRA,RIOHACHA,INSTITUCION EDUCATIVA  IPC,COMUNA 5 AER. ALMIRANTE PADILL
48,001,02,04,LA GUAJIRA,RIOHACHA,I.E. ISABEL MARIA CUESTA,COMUNA 6 NTRA SRA DE LOS REMED
48,001,02,05,LA GUAJIRA,RIOHACHA,I.E.JOSE ARNOLDO MARIN,COMUNA 6 NTRA SRA DE LOS REMED
48,001,02,06,LA GUAJIRA,RIOHACHA,LAS DELICIAS,COMUNA 4 COOPERATIVO
48,001,02,07,LA GUAJIRA,RIOHACHA,INST. EDUC. DISTRITAL FAMILIA DE NAZARET,COMUNA 4 COOPERATIVO
48,001,02,08,LA GUAJIRA,RIOHACHA,IE LIVIO REGINALDO FISCHIONE SD,COMUNA 5 AER. ALMIRANTE PADILL
48,001,02,09,LA GUAJIRA,RIOHACHA,COLISEO SENA COMERCIO Y SERVICIO,COMUNA 5 AER. ALMIRANTE PADILL
48,001,03,01,LA GUAJIRA,RIOHACHA,IE ECOLOGICA EL CARMEN SD RAQUEL BALL.,COMUNA 6 NTRA SRA DE LOS REMED
48,001,03,02,LA GUAJIRA,RIOHACHA,IE ECOLOGICA EL CARMEN SD PPAL,COMUNA 7 BOCAGRANDE
48,001,03,03,LA GUAJIRA,RIOHACHA,IE MARIA DORALIZA LOPEZ DE MEJIA,COMUNA 8 ECO. LAG.SALADA Y PAT
48,001,03,04,LA GUAJIRA,RIOHACHA,IE HELION PINEDO RIOS,COMUNA 8 ECO. LAG.SALADA Y PAT
48,001,03,05,LA GUAJIRA,RIOHACHA,IE NTRA STA DE FATIMA,COMUNA 9 ECOTUR.RIO RANCHERIA
48,001,03,06,LA GUAJIRA,RIOHACHA,IE DENZIL ESCOLAR SD PPAL,COMUNA 10 EL DIVIDIVI
48,001,03,07,LA GUAJIRA,RIOHACHA,INSTITUCION ETNOEDUCATIVA No,COMUNA 10 EL DIVIDIVI
48,001,03,08,LA GUAJIRA,RIOHACHA,IE HELION PINEDO RIOS SD LOS CEREZOS,COMUNA 8 ECO. LAG.SALADA Y PAT
48,001,03,09,LA GUAJIRA,RIOHACHA,IE DENZIL ESCOLAR SD TAWAIRA,COMUNA 10 EL DIVIDIVI
48,001,03,10,LA GUAJIRA,RIOHACHA,IE DENZIL ESCOLAR SD DIVI DIVI,COMUNA 10 EL DIVIDIVI
48,001,98,01,LA GUAJIRA,RIOHACHA,CARCEL,
48,001,99,02,LA GUAJIRA,RIOHACHA,CAMARONES,CORREGIMIENTO  CAMARONES
48,001,99,03,LA GUAJIRA,RIOHACHA,CAMARONES EL PRINCIPIO,CORREGIMIENTO  CAMARONES
48,001,99,04,LA GUAJIRA,RIOHACHA,BOCA DE CAMARONES,CORREGIMIENTO  CAMARONES
48,001,99,05,LA GUAJIRA,RIOHACHA,PERICO,CORREGIMIENTO  CAMARONES
48,001,99,07,LA GUAJIRA,RIOHACHA,BARBACOAS,CORREGIMIENTO BARBACOAS
48,001,99,10,LA GUAJIRA,RIOHACHA,MATITAS,CORREGIMIENTO MATITAS
48,001,99,12,LA GUAJIRA,RIOHACHA,TOMARRAZON,CORREGIMIENTO TOMARRAZON
48,001,99,13,LA GUAJIRA,RIOHACHA,LA GLORIA,CORREGIMIENTO TOMARRAZON
48,001,99,14,LA GUAJIRA,RIOHACHA,CASCAJALITO,CORREGIMIENTO TOMARRAZON
48,001,99,15,LA GUAJIRA,RIOHACHA,MONGUI JULIAKAT,CORREGIMIENTO MONGUI
48,001,99,16,LA GUAJIRA,RIOHACHA,MONGUI,CORREGIMIENTO MONGUI
48,001,99,17,LA GUAJIRA,RIOHACHA,MONGUI  PULICHAMANA,CORREGIMIENTO MONGUI
48,001,99,18,LA GUAJIRA,RIOHACHA,CUCURUMANA,CORREGIMIENTO MONGUI
48,001,99,19,LA GUAJIRA,RIOHACHA,COTOPRIX,CORREGIMIENTO COTOPRIX
48,001,99,20,LA GUAJIRA,RIOHACHA,GALAN,CORREGIMIENTO GALAN
48,001,99,21,LA GUAJIRA,RIOHACHA,VILLA MARTIN (MACHOBAYO),
48,001,99,22,LA GUAJIRA,RIOHACHA,VILLA MARTIN COPOYOMANA,
48,001,99,23,LA GUAJIRA,RIOHACHA,VILLA MARTIN UNA APUTCHON,
48,001,99,24,LA GUAJIRA,RIOHACHA,MONGUI KAITINMANA,CORREGIMIENTO MONGUI
48,001,99,25,LA GUAJIRA,RIOHACHA,JUAN Y MEDIO,CORREGIMIENTO JUAN Y MEDIO
48,001,99,26,LA GUAJIRA,RIOHACHA,JUAN Y MEDIO NARANJAL,CORREGIMIENTO JUAN Y MEDIO
48,001,99,30,LA GUAJIRA,RIOHACHA,LOS MORENEROS,CORREGIMIENTO JUAN Y MEDIO
48,001,99,31,LA GUAJIRA,RIOHACHA,ARROYO ARENA,CORREGIMIENTO ARROYO ARENA
48,001,99,34,LA GUAJIRA,RIOHACHA,EL ABRA,CORREGIMIENTO ARROYO ARENA
48,001,99,37,LA GUAJIRA,RIOHACHA,CERRILLO,CORREGIMIENTO CERRILLO
48,001,99,45,LA GUAJIRA,RIOHACHA,CHOLES,CORREGIMIENTO CHOLES
48,001,99,46,LA GUAJIRA,RIOHACHA,ESCUELA RURAL MIXTA LOS COMEJENES,CORREGIMIENTO CHOLES
48,001,99,47,LA GUAJIRA,RIOHACHA,TIGRERAS,CORREGIMIENTO TIGRERAS
48,001,99,50,LA GUAJIRA,RIOHACHA,PELECHUA,CORREGIMIENTO TIGRERAS
48,001,99,A1,LA GUAJIRA,RIOHACHA,LAS PALMAS A,CORREGIMIENTO LAS PALMAS
48,001,99,A2,LA GUAJIRA,RIOHACHA,LAS PALMAS A,CORREGIMIENTO LAS PALMAS
48,001,99,A3,LA GUAJIRA,RIOHACHA,LAS PALMAS LA LAGUNA,CORREGIMIENTO LAS PALMAS
48,002,00,00,LA GUAJIRA,ALBANIA,PUESTO CABECERA MUNICIPAL,
48,002,99,10,LA GUAJIRA,ALBANIA,CUESTECITA,
48,002,99,20,LA GUAJIRA,ALBANIA,HUARE HUAREN,
48,002,99,30,LA GUAJIRA,ALBANIA,LOS REMEDIOS,
48,002,99,40,LA GUAJIRA,ALBANIA,PORCIOSA,
48,004,00,01,LA GUAJIRA,BARRANCAS,PAULO VI,
48,004,00,02,LA GUAJIRA,BARRANCAS,IE REMEDIO SOLANO SD VILLA LUZ,
48,004,99,03,LA GUAJIRA,BARRANCAS,CARRETALITO,
48,004,99,04,LA GUAJIRA,BARRANCAS,GUAYACANAL,
48,004,99,09,LA GUAJIRA,BARRANCAS,LAGUNITA,
48,004,99,18,LA GUAJIRA,BARRANCAS,OREGANAL,
48,004,99,23,LA GUAJIRA,BARRANCAS,PAPAYAL,
48,004,99,25,LA GUAJIRA,BARRANCAS,POZOHONDO,
48,004,99,28,LA GUAJIRA,BARRANCAS,ROCHE,
48,004,99,32,LA GUAJIRA,BARRANCAS,SAN PEDRO,
48,005,00,00,LA GUAJIRA,DIBULLA,PUESTO CABECERA MUNICIPAL,
48,005,99,08,LA GUAJIRA,DIBULLA,CAMPANA NUEVO,
48,005,99,17,LA GUAJIRA,DIBULLA,EL MINGUEO SEDE INETRAM,
48,005,99,18,LA GUAJIRA,DIBULLA,EL MINGUEO SEDE SAN MARTIN,
48,005,99,22,LA GUAJIRA,DIBULLA,LA PUNTA DE LAS REMEDIOS,
48,005,99,28,LA GUAJIRA,DIBULLA,LAS FLORES,
48,005,99,41,LA GUAJIRA,DIBULLA,PALOMINO,
48,005,99,42,LA GUAJIRA,DIBULLA,RIO ANCHO,
48,005,99,44,LA GUAJIRA,DIBULLA,SIERRA DE SAN ANTONIO,
48,005,99,45,LA GUAJIRA,DIBULLA,DOMINGUEKA,
48,006,00,00,LA GUAJIRA,EL MOLINO,PUESTO CABECERA MUNICIPAL,
48,007,01,01,LA GUAJIRA,FONSECA,IE ROIG Y VILLALBA,
48,007,01,02,LA GUAJIRA,FONSECA,IE MARIA INMACULADA,
48,007,02,01,LA GUAJIRA,FONSECA,IE JUAN JACOBO ARAGON,
48,007,02,02,LA GUAJIRA,FONSECA,IE CALIXTO MAESTRE,
48,007,99,01,LA GUAJIRA,FONSECA,BAGAÑITA,
48,007,99,04,LA GUAJIRA,FONSECA,CARDONAL,
48,007,99,05,LA GUAJIRA,FONSECA,CONEJO,
48,007,99,19,LA GUAJIRA,FONSECA,EL CONFUSO,
48,007,99,20,LA GUAJIRA,FONSECA,EL HATICO,
48,007,99,24,LA GUAJIRA,FONSECA,LOS ALTOS,
48,007,99,25,LA GUAJIRA,FONSECA,SITIO NUEVO,
48,007,99,26,LA GUAJIRA,FONSECA,QUEBRACHAL,
48,007,99,27,LA GUAJIRA,FONSECA,PONDORES,
48,007,99,28,LA GUAJIRA,FONSECA,GUAMACHAL,
48,008,00,00,LA GUAJIRA,DISTRACCION,PUESTO CABECERA MUNICIPAL,
48,008,99,03,LA GUAJIRA,DISTRACCION,BUENAVISTA,
48,008,99,10,LA GUAJIRA,DISTRACCION,CHORRERAS,
48,008,99,17,LA GUAJIRA,DISTRACCION,DOS CAMINOS,
48,008,99,21,LA GUAJIRA,DISTRACCION,LA CEIBA,
48,008,99,25,LA GUAJIRA,DISTRACCION,LA DUDA,
48,008,99,32,LA GUAJIRA,DISTRACCION,LOS HORNITOS,
48,009,00,00,LA GUAJIRA,HATONUEVO,PUESTO CABECERA MUNICIPAL,
48,009,99,01,LA GUAJIRA,HATONUEVO,EL CERRO,
48,009,99,02,LA GUAJIRA,HATONUEVO,GUAMACHITO,
48,009,99,03,LA GUAJIRA,HATONUEVO,LA CRUZ,
48,010,01,01,LA GUAJIRA,MAICAO,ESC. JOSE DOMINGO BOSCAN,COMUNA 1
48,010,01,02,LA GUAJIRA,MAICAO,ESCUELA LA INMACULADA,COMUNA 1
48,010,01,03,LA GUAJIRA,MAICAO,ESCUELA EL CARMEN,COMUNA 2
48,010,01,04,LA GUAJIRA,MAICAO,S. PRINCIPAL ELFA ELINA VIENCO DE CUELLO,COMUNA 2
48,010,01,05,LA GUAJIRA,MAICAO,SEDE YANET MARULANDA NIEVES,COMUNA 2
48,010,02,01,LA GUAJIRA,MAICAO,UNIVERSIDAD LA GUAJIRA,COMUNA 3
48,010,02,02,LA GUAJIRA,MAICAO,ESCUELA MIXTA SAN MARTIN,COMUNA 3
48,010,02,03,LA GUAJIRA,MAICAO,SEDE PRINCIPAL ROSA MARIA PARODI,COMUNA 3
48,010,03,01,LA GUAJIRA,MAICAO,COLEGIO STA CATALINA DE SIENA,COMUNA 4
48,010,03,02,LA GUAJIRA,MAICAO,COLEGIO,COMUNA 5
48,010,03,03,LA GUAJIRA,MAICAO,CTRO DE DESARROLLO INFANTIL IC,COMUNA 5
48,010,03,04,LA GUAJIRA,MAICAO,COL. LEYDA GARRIDO DE GUERRERO,COMUNA 4
48,010,90,01,LA GUAJIRA,MAICAO,COLEGIO RODOLFO MORALES,
48,010,99,10,LA GUAJIRA,MAICAO,CARRAIPIA,CORREGIMIENTO DE CARRAIPIA
48,010,99,18,LA GUAJIRA,MAICAO,MAJAYURA,CORREGIMIENTO DE MAJAYURA
48,010,99,20,LA GUAJIRA,MAICAO,EL LIMONCITO,CORREGIMIENTO DE LIMONCITO
48,010,99,22,LA GUAJIRA,MAICAO,IPAPURE,CORREGIMIENTO DE LIMONCITO
48,010,99,25,LA GUAJIRA,MAICAO,PARAGUACHON,CORREGIMIENTO DE PARAGUACHON
48,010,99,27,LA GUAJIRA,MAICAO,LA PAZ,CORREGIMIENTO DE CARRAIPIA
48,010,99,30,LA GUAJIRA,MAICAO,YOTOJOROY,CORREGIMIENTO YOTOJOROY
48,010,99,31,LA GUAJIRA,MAICAO,YOTOJOROY PASIPAMANA,CORREGIMIENTO YOTOJOROY
48,010,99,35,LA GUAJIRA,MAICAO,MAKU,
48,010,99,36,LA GUAJIRA,MAICAO,MAKU ORROKO,
48,010,99,50,LA GUAJIRA,MAICAO,SANTA CRUZ,
48,011,01,01,LA GUAJIRA,MANAURE,INST. EDUC. URBANA MIXTA,
48,011,01,02,LA GUAJIRA,MANAURE,CENTRO EDUC. SAGRADO CORAZON,
48,011,02,01,LA GUAJIRA,MANAURE,INST.EDUC.EUSEBIO SEPTIMO MAR,
48,011,02,02,LA GUAJIRA,MANAURE,CTRO EDUC.SANTA RITA DE CASSIA,
48,011,99,15,LA GUAJIRA,MANAURE,AREMASAIN,
48,011,99,16,LA GUAJIRA,MANAURE,AREMASAIN WIMPIRAREN,
48,011,99,17,LA GUAJIRA,MANAURE,AREMASAIN JAMUCHECHON,
48,011,99,18,LA GUAJIRA,MANAURE,AREMASAIN KALANTASUMANA,
48,011,99,30,LA GUAJIRA,MANAURE,EL PAJARO,
48,011,99,33,LA GUAJIRA,MANAURE,LA GLORIA,
48,011,99,35,LA GUAJIRA,MANAURE,LA PAZ,
48,011,99,36,LA GUAJIRA,MANAURE,MANZANA,
48,011,99,40,LA GUAJIRA,MANAURE,MAYAPO,
48,011,99,50,LA GUAJIRA,MANAURE,MUSICHY,
48,011,99,80,LA GUAJIRA,MANAURE,SAN ANTONIO,
48,011,99,90,LA GUAJIRA,MANAURE,SHIRURIA,
48,011,99,91,LA GUAJIRA,MANAURE,SHIRURIA URIUNAKAT,
48,012,00,00,LA GUAJIRA,LA JAGUA DEL PILAR,PUESTO CABECERA MUNICIPAL,
48,012,99,12,LA GUAJIRA,LA JAGUA DEL PILAR,EL PLAN,
48,013,01,01,LA GUAJIRA,SAN JUAN DEL CESAR,I.E MARIA AUXILIADORA,
48,013,01,02,LA GUAJIRA,SAN JUAN DEL CESAR,I.E JOSE EDUARDO GUERRA,
48,013,02,01,LA GUAJIRA,SAN JUAN DEL CESAR,I.E EDUC NORMAL SUPERIOR,
48,013,02,02,LA GUAJIRA,SAN JUAN DEL CESAR,I.E MARIA EMMA MENDOZA,
48,013,99,05,LA GUAJIRA,SAN JUAN DEL CESAR,CAÑAVERALES,
48,013,99,10,LA GUAJIRA,SAN JUAN DEL CESAR,CARACOLI,
48,013,99,15,LA GUAJIRA,SAN JUAN DEL CESAR,CORRAL DE PIEDRAS,
48,013,99,18,LA GUAJIRA,SAN JUAN DEL CESAR,CORRALEJA,
48,013,99,19,LA GUAJIRA,SAN JUAN DEL CESAR,CURAZAO,
48,013,99,20,LA GUAJIRA,SAN JUAN DEL CESAR,EL HATICO DE LOS INDIOS,
48,013,99,25,LA GUAJIRA,SAN JUAN DEL CESAR,EL TABLAZO,
48,013,99,26,LA GUAJIRA,SAN JUAN DEL CESAR,EL TOTUMO,
48,013,99,27,LA GUAJIRA,SAN JUAN DEL CESAR,GUAYACANAL,
48,013,99,28,LA GUAJIRA,SAN JUAN DEL CESAR,GUAMACHAL,
48,013,99,30,LA GUAJIRA,SAN JUAN DEL CESAR,LA JUNTA,
48,013,99,35,LA GUAJIRA,SAN JUAN DEL CESAR,LA PEÑA,
48,013,99,37,LA GUAJIRA,SAN JUAN DEL CESAR,LA PEÑA DE LOS INDIOS,
48,013,99,40,LA GUAJIRA,SAN JUAN DEL CESAR,LA SIERRITA,
48,013,99,43,LA GUAJIRA,SAN JUAN DEL CESAR,LAGUNITA - TOCAPALMA,
48,013,99,44,LA GUAJIRA,SAN JUAN DEL CESAR,LOS CARDONES,
48,013,99,45,LA GUAJIRA,SAN JUAN DEL CESAR,LOS HATICOS,
48,013,99,50,LA GUAJIRA,SAN JUAN DEL CESAR,LOS PONDORES,
48,013,99,51,LA GUAJIRA,SAN JUAN DEL CESAR,LOS POZOS,
48,013,99,52,LA GUAJIRA,SAN JUAN DEL CESAR,PONDORITO,
48,013,99,53,LA GUAJIRA,SAN JUAN DEL CESAR,VILLA DEL RIO,
48,013,99,55,LA GUAJIRA,SAN JUAN DEL CESAR,ZAMBRANO,
48,013,99,58,LA GUAJIRA,SAN JUAN DEL CESAR,POTRERITO,
48,013,99,70,LA GUAJIRA,SAN JUAN DEL CESAR,VERACRUZ,
48,016,01,01,LA GUAJIRA,URIBIA,I ETNOEDUCATIVA JULIA SIERRA,
48,016,01,02,LA GUAJIRA,URIBIA,SEDE SAN JOSE,
48,016,01,03,LA GUAJIRA,URIBIA,IE JULIA SIERRA SD COLOMBIA PREESCOLAR,
48,016,02,01,LA GUAJIRA,URIBIA,COL. ALFONSO LOPEZ PUMAREJO,
48,016,02,02,LA GUAJIRA,URIBIA,ESCUELA NORMAL,
48,016,02,03,LA GUAJIRA,URIBIA,ALFONSO LOPEZ PUMAREJO SD COL JUYASIRAIN,
48,016,02,04,LA GUAJIRA,URIBIA,COLISEO POLIDEPORTIVO AIPIAMANA,
48,016,99,10,LA GUAJIRA,URIBIA,BAHIA HONDA,
48,016,99,15,LA GUAJIRA,URIBIA,CABO DE LA VELA,
48,016,99,18,LA GUAJIRA,URIBIA,CABO DE LA VELA (EL EDEN),
48,016,99,20,LA GUAJIRA,URIBIA,EL CARDON,
48,016,99,23,LA GUAJIRA,URIBIA,EL CARDON (MALEIWAMANA),
48,016,99,25,LA GUAJIRA,URIBIA,CARRIZAL,
48,016,99,30,LA GUAJIRA,URIBIA,CASTILLETES,
48,016,99,33,LA GUAJIRA,URIBIA,CASUSO,
48,016,99,34,LA GUAJIRA,URIBIA,EL PARAISO,
48,016,99,36,LA GUAJIRA,URIBIA,GUARERPA,
48,016,99,37,LA GUAJIRA,URIBIA,IRRAIPA,
48,016,99,39,LA GUAJIRA,URIBIA,JONJONCITO,
48,016,99,45,LA GUAJIRA,URIBIA,NAZARETH,
48,016,99,47,LA GUAJIRA,URIBIA,PORSHINA,
48,016,99,50,LA GUAJIRA,URIBIA,PUERTO ESTRELLA,
48,016,99,55,LA GUAJIRA,URIBIA,PUERTO LOPEZ,
48,016,99,57,LA GUAJIRA,URIBIA,PUNTA ESPADA,
48,016,99,60,LA GUAJIRA,URIBIA,GUIMPESI,
48,016,99,69,LA GUAJIRA,URIBIA,SIAPANA,
48,016,99,72,LA GUAJIRA,URIBIA,TAGUAIRA,
48,016,99,73,LA GUAJIRA,URIBIA,TAPARAJIN,
48,016,99,75,LA GUAJIRA,URIBIA,TAROA,
48,016,99,85,LA GUAJIRA,URIBIA,URU,
48,018,00,01,LA GUAJIRA,URUMITA,IE INMACULADA LIÑAN,
48,018,00,02,LA GUAJIRA,URUMITA,IE TECNICA AGROPECUARIA,
48,018,99,05,LA GUAJIRA,URUMITA,LA ESPERANZA,
48,020,01,01,LA GUAJIRA,VILLANUEVA,COLEGIO ROQUE DE ALBA,
48,020,01,02,LA GUAJIRA,VILLANUEVA,COLEGIO  EL GOL,
48,020,02,01,LA GUAJIRA,VILLANUEVA,COLEGIO LOS FUNDADORES,
48,020,02,02,LA GUAJIRA,VILLANUEVA,COLEGIO SILVESTRE DANGOND DAZA,
50,001,01,01,GUAINIA,INIRIDA,IE LUIS CARLOS GALAN SARMIENTO,
50,001,01,02,GUAINIA,INIRIDA,IE LIBERTADORES,
50,001,02,01,GUAINIA,INIRIDA,I.E. LA PRIMAVERA,
50,001,02,02,GUAINIA,INIRIDA,I.E. FRANCISCO DE MIRANDA,
50,001,98,01,GUAINIA,INIRIDA,CARCEL,
50,001,99,08,GUAINIA,INIRIDA,BARRANCO TIGRE (YURI),
50,001,99,15,GUAINIA,INIRIDA,CHORROBOCON,
50,001,99,20,GUAINIA,INIRIDA,COM INDIGENA ZANCUDO-RESGUARDO CMARI,
50,001,99,25,GUAINIA,INIRIDA,COMUNIDAD INDIGENA PUERTO ESPERANZA,
50,070,00,00,GUAINIA,BARRANCOMINAS,PUESTO CABECERA MUNICIPAL,
50,070,99,03,GUAINIA,BARRANCOMINAS,COMUNIDAD LAGUNA COLORADA,
50,070,99,05,GUAINIA,BARRANCOMINAS,MAPIRIPANA,
50,070,99,10,GUAINIA,BARRANCOMINAS,ARRECIFAL,
50,070,99,15,GUAINIA,BARRANCOMINAS,LA UNION,
50,070,99,20,GUAINIA,BARRANCOMINAS,SAPUARA,
50,073,00,00,GUAINIA,CACAHUAL,,CORREGIMIENTO DEPARTAMENTAL             10000011700000148000001
50,078,00,00,GUAINIA,LA GUADALUPE,Corregimiento Departamental,
50,083,00,00,GUAINIA,MORICHAL (MORICHAL NUEVO),Corregimiento Departamental,
50,087,00,00,GUAINIA,PANA PANA (CAMPO ALEGRE),Corregimiento Departamental,
50,087,99,08,GUAINIA,PANA PANA (CAMPO ALEGRE),BOCAS DEL YARI,
50,087,99,80,GUAINIA,PANA PANA (CAMPO ALEGRE),VENADO ISANA,
50,090,00,00,GUAINIA,PUERTO COLOMBIA,,CORREGIMIENTO DEPARTAMENTAL             10000025400000296000002
50,090,99,20,GUAINIA,PUERTO COLOMBIA,COMUNIDAD INDIGENA SAN JOSE,
50,090,99,50,GUAINIA,PUERTO COLOMBIA,INSP. DE CAÑO COLORADO,
50,092,00,00,GUAINIA,SAN FELIPE,Corregimiento Departamental,
52,001,01,01,META,VILLAVICENCIO,IE,COMUNA 1
52,001,01,02,META,VILLAVICENCIO,IE FRANCISCO DE PAULA SANTANDER,COMUNA 1
52,001,01,03,META,VILLAVICENCIO,IE POLICARPA SALAVARRIETA,COMUNA 1
52,001,01,04,META,VILLAVICENCIO,IE ANTONIO NARIÑO,COMUNA 1
52,001,01,05,META,VILLAVICENCIO,IE JUAN PABLO II SEDE CHAPINERO BAJO,COMUNA 1
52,001,02,01,META,VILLAVICENCIO,IE COLEGIO LA SALLE,COMUNA 2
52,001,02,02,META,VILLAVICENCIO,I. E. S. UNILLANOS SEDE SAN ANTONIO,COMUNA 2
52,001,02,03,META,VILLAVICENCIO,FUNDETEC ANTIGUA SABIDURIA,COMUNA 2
52,001,03,01,META,VILLAVICENCIO,IE FRANCISCO ARANGO SEDE MESETAS,COMUNA 2
52,001,03,02,META,VILLAVICENCIO,IE FRANCISCO ARANGO,COMUNA 2
52,001,03,03,META,VILLAVICENCIO,IE SIETE DE AGOSTO,COMUNA 2
52,001,03,04,META,VILLAVICENCIO,IE COLEGIO DON BOSCO,COMUNA 2
52,001,03,05,META,VILLAVICENCIO,IE FRANCISCO MIRANDA,COMUNA 2
52,001,04,01,META,VILLAVICENCIO,IE ANTONIO RICAURTE CASD,COMUNA 3
52,001,04,02,META,VILLAVICENCIO,IE INEM SEDE PIO XII,COMUNA 3
52,001,04,03,META,VILLAVICENCIO,IE SANTA INES,COMUNA 3
52,001,04,04,META,VILLAVICENCIO,IE  COLEGIO COFREM,COMUNA 3
52,001,04,05,META,VILLAVICENCIO,IE ABRAHAN LINCOLN SEDE LA VAINILLA,COMUNA 3
52,001,05,01,META,VILLAVICENCIO,IE EDUARDO CARRANZA SEDE CEIBA,COMUNA 4
52,001,05,02,META,VILLAVICENCIO,IE NARCISO MATUS TORRES,COMUNA 4
52,001,05,03,META,VILLAVICENCIO,CENTRO EDUCATIVO MAFALDA,COMUNA 4
52,001,05,04,META,VILLAVICENCIO,IE NARCISO MATUS SEDE MANANTIAL,COMUNA 4
52,001,06,01,META,VILLAVICENCIO,IE UNIDAD SEIS DE ABRIL,COMUNA 4
52,001,06,02,META,VILLAVICENCIO,IE ATANASIO GIRARDOT,COMUNA 4
52,001,06,03,META,VILLAVICENCIO,IE JORGE ELIECER GAITAN AYALA,COMUNA 4
52,001,06,04,META,VILLAVICENCIO,IE MARCO ANTONIO FRANCO,COMUNA 4
52,001,07,01,META,VILLAVICENCIO,VILLA OLIMPICA,COMUNA 5
52,001,07,02,META,VILLAVICENCIO,C D I   POPULAR,COMUNA 5
52,001,07,03,META,VILLAVICENCIO,IE EDUARDO CARRANZA,COMUNA 5
52,001,07,04,META,VILLAVICENCIO,IE MANUELA BELTRAN,COMUNA 5
52,001,08,01,META,VILLAVICENCIO,IE LAS CAMELIAS,COMUNA 5
52,001,08,02,META,VILLAVICENCIO,IE GUILLERMO NIÑO MEDINA,COMUNA 5
52,001,08,03,META,VILLAVICENCIO,IE ALBERTO LLERAS CAMARGO,COMUNA 5
52,001,08,04,META,VILLAVICENCIO,TERMINAL DE TRANSPORTES,COMUNA 5
52,001,09,01,META,VILLAVICENCIO,IE RAFAEL NUÑEZ,COMUNA 5
52,001,09,02,META,VILLAVICENCIO,IE MARCO ANTONIO PINILLA,COMUNA 5
52,001,09,03,META,VILLAVICENCIO,IE SILVIA APONTE,COMUNA 5
52,001,10,01,META,VILLAVICENCIO,IE ANTHONY A. PHIPPS,COMUNA 6
52,001,10,02,META,VILLAVICENCIO,IE ABRAHAM LINCOLN,COMUNA 6
52,001,10,03,META,VILLAVICENCIO,IE MIGUEL ANGEL MARTIN,COMUNA 6
52,001,10,04,META,VILLAVICENCIO,IE COLEGIO GUATIQUIA,COMUNA 6
52,001,11,01,META,VILLAVICENCIO,IE COLEGIO DEPARTAMENTAL LA ESPERANZA,COMUNA 7
52,001,11,02,META,VILLAVICENCIO,IE GERMAN ARCINIEGAS,COMUNA 7
52,001,11,03,META,VILLAVICENCIO,IE JHON F. KENNEDY,COMUNA 7
52,001,11,04,META,VILLAVICENCIO,IE COLEGIO NEIL ARMSTRONG,COMUNA 7
52,001,11,05,META,VILLAVICENCIO,IE DPTAL LA ESPERANZA SEDE ICCE,COMUNA 7
52,001,12,01,META,VILLAVICENCIO,IE SAN FRANCISCO ASIS SEDE ALBORADA,COMUNA 7
52,001,12,02,META,VILLAVICENCIO,IE GILBERTO ALZATE AVENDAÑO,COMUNA 7
52,001,12,03,META,VILLAVICENCIO,IE DPTAL SAN FRANCISCO DE ASIS,COMUNA 7
52,001,12,04,META,VILLAVICENCIO,IE SAN FRANCISCO ASIS SD COMUNEROS,COMUNA 7
52,001,13,01,META,VILLAVICENCIO,IE LOS CENTAUROS,COMUNA 7
52,001,13,02,META,VILLAVICENCIO,I. E. S. UNIMINUTO,COMUNA 7
52,001,13,03,META,VILLAVICENCIO,IE LOS CENTUAROS SEDE EL AMOR,COMUNA 7
52,001,14,01,META,VILLAVICENCIO,IE CATUMARE SEDE LA ROCHEL,COMUNA 8
52,001,14,02,META,VILLAVICENCIO,ACADEMIA MILITAR JOSE ANTONIO PAEZ,COMUNA 8
52,001,14,03,META,VILLAVICENCIO,IE CATUMARE SEDE SAN JORGE,COMUNA 8
52,001,14,04,META,VILLAVICENCIO,IE CATUMARE SEDE CAMPESTRE,COMUNA 8
52,001,14,05,META,VILLAVICENCIO,IE NTRA SRA DE LA PAZ SD NUEVO AMANECER,COMUNA 8
52,001,15,01,META,VILLAVICENCIO,IE JUAN B. CABALLERO,COMUNA 8
52,001,15,02,META,VILLAVICENCIO,IE UNIDAD PLAYA RICA,COMUNA 8
52,001,15,03,META,VILLAVICENCIO,IE TECNICO CATUMARE,COMUNA 8
52,001,15,04,META,VILLAVICENCIO,IE ESCUELA VILLA LORENA,COMUNA 8
52,001,16,01,META,VILLAVICENCIO,IE SIMON BOLIVAR SEDE BENPOSTA,COMUNA 9
52,001,16,02,META,VILLAVICENCIO,IE NUESTRA SEÑORA DE LA PAZ,COMUNA 9
52,001,16,03,META,VILLAVICENCIO,IE LUIS CARLOS GALAN SARMIENTO,COMUNA 9
52,001,16,04,META,VILLAVICENCIO,MEGACOLEGIO LUIS CARLOS GALAN SARMIENTO,COMUNA 9
52,001,17,01,META,VILLAVICENCIO,IE LAS PALMAS,COMUNA 9
52,001,17,02,META,VILLAVICENCIO,IE MALALA YOUSAFZAI,COMUNA 9
52,001,17,03,META,VILLAVICENCIO,IE LA MADRID,COMUNA 9
52,001,18,01,META,VILLAVICENCIO,IE LICEO MAYOR JAIME TRIANA RESTREPO,COMUNA 10
52,001,18,02,META,VILLAVICENCIO,IE ALFREDO MOLANO BRAVO,COMUNA 10
52,001,18,03,META,VILLAVICENCIO,IE ISAAC TACHA SEDE RELIQUIA,COMUNA 10
52,001,18,04,META,VILLAVICENCIO,IE MARIA MERCEDES MENDEZ DE GARCIA,COMUNA 10
52,001,90,01,META,VILLAVICENCIO,IE COLEGIO FEMENINO DE BACHILLERATO,
52,001,98,01,META,VILLAVICENCIO,CARCEL,
52,001,99,01,META,VILLAVICENCIO,LA CONCEPCION,CORREGIMIENTO 1
52,001,99,02,META,VILLAVICENCIO,LAS MERCEDES,CORREGIMIENTO 1
52,001,99,20,META,VILLAVICENCIO,BUENAVISTA,CORREGIMIENTO 2
52,001,99,21,META,VILLAVICENCIO,PIPIRAL,CORREGIMIENTO 2
52,001,99,30,META,VILLAVICENCIO,SANTA MARIA LA BAJA,CORREGIMIENTO 3
52,001,99,40,META,VILLAVICENCIO,ALTO DE POMPEYA,CORREGIMIENTO 4
52,001,99,41,META,VILLAVICENCIO,PUERTO COLOMBIA,CORREGIMIENTO 4
52,001,99,42,META,VILLAVICENCIO,RINCON DE POMPEYA,CORREGIMIENTO 4
52,001,99,50,META,VILLAVICENCIO,VANGUARDIA,CORREGIMIENTO 5
52,001,99,51,META,VILLAVICENCIO,EL CAIRO ALTO,CORREGIMIENTO 5
52,001,99,52,META,VILLAVICENCIO,LA POYATA,CORREGIMIENTO 5
52,001,99,60,META,VILLAVICENCIO,SANTA TERESA,CORREGIMIENTO 6
52,001,99,61,META,VILLAVICENCIO,SAN JOSE ALTO,CORREGIMIENTO 6
52,001,99,70,META,VILLAVICENCIO,COCUY,CORREGIMIENTO 7
52,001,99,71,META,VILLAVICENCIO,APIAY,CORREGIMIENTO 7
52,001,99,72,META,VILLAVICENCIO,BELLA SUIZA,CORREGIMIENTO 7
52,001,99,73,META,VILLAVICENCIO,SANTA ROSA,CORREGIMIENTO 7
52,001,99,74,META,VILLAVICENCIO,EL GUAMO,CORREGIMIENTO 7
52,001,99,75,META,VILLAVICENCIO,LA CECILIA,CORREGIMIENTO 7
52,001,99,76,META,VILLAVICENCIO,BARCELONA,CORREGIMIENTO 7
52,005,01,01,META,ACACIAS,CONC. ESCOLAR GABRIELA MISTRAL,
52,005,01,02,META,ACACIAS,I.E. ENRIQUE DANIELS,
52,005,01,03,META,ACACIAS,COL MPAL LUIS CARLOS GALAN SARMIENTO,
52,005,01,04,META,ACACIAS,COLEGIO  MARIA MONTESSORI,
52,005,01,05,META,ACACIAS,I. E. PABLO SEXTO,
52,005,01,06,META,ACACIAS,CONC ESC RAFAEL POMBO,
52,005,02,01,META,ACACIAS,IE JUAN HUMBERTO BAQUERO SOLER,
52,005,02,02,META,ACACIAS,IE,
52,005,02,03,META,ACACIAS,IE LILIA CASTRO DE PARRADO,
52,005,02,04,META,ACACIAS,COLEGIO COFREM,
52,005,02,05,META,ACACIAS,ESC NORMAL SUP DE ACACIAS,
52,005,02,06,META,ACACIAS,COL. NACIONALIZADO PABLO EMILIO RIVEROS,
52,005,90,01,META,ACACIAS,IE ANTONIO NARIÑO,
52,005,98,01,META,ACACIAS,CARCEL,
52,005,99,04,META,ACACIAS,DINAMARCA,
52,005,99,06,META,ACACIAS,LA LOMA DE SAN JUAN,
52,005,99,08,META,ACACIAS,MANZANARES,
52,005,99,50,META,ACACIAS,SAN CRISTOBAL,
52,005,99,60,META,ACACIAS,SAN ISIDRO DE CHICHIMENE,
52,005,99,65,META,ACACIAS,SAN JOSE DE LAS PALOMAS,
52,005,99,66,META,ACACIAS,SANTA TERESITA,
52,006,00,00,META,BARRANCA DE UPIA,PUESTO CABECERA MUNICIPAL,
52,006,99,10,META,BARRANCA DE UPIA,EL HIJOA,
52,006,99,20,META,BARRANCA DE UPIA,GUAICARAMO,
52,006,99,70,META,BARRANCA DE UPIA,SAN IGNACIO (CARUTAL),
52,008,00,00,META,CABUYARO,PUESTO CABECERA MUNICIPAL,
52,008,99,60,META,CABUYARO,GUAYABAL,
52,008,99,75,META,CABUYARO,LOS MANGOS,
52,008,99,80,META,CABUYARO,VISO DE UPIA,
52,010,00,00,META,CASTILLA LA NUEVA,PUESTO CABECERA MUNICIPAL,
52,010,99,01,META,CASTILLA LA NUEVA,SAN LORENZO,
52,010,99,05,META,CASTILLA LA NUEVA,ARENALES,
52,010,99,20,META,CASTILLA LA NUEVA,EL TORO,
52,015,00,00,META,CUBARRAL,PUESTO CABECERA MUNICIPAL,
52,020,00,01,META,CUMARAL,IE SD JOSE MARIA CORDOBA,
52,020,00,02,META,CUMARAL,IE TENIENTE CRUZ PAREDES,
52,020,99,05,META,CUMARAL,CANEY MEDIO,
52,020,99,06,META,CUMARAL,EL CAIBE,
52,020,99,08,META,CUMARAL,GUACAVIA,
52,020,99,10,META,CUMARAL,MONTEBELLO,
52,020,99,11,META,CUMARAL,PRESENTADO,
52,020,99,12,META,CUMARAL,PUERTO PECUCA (VERACRUZ),
52,020,99,19,META,CUMARAL,SAN NICOLAS,
52,020,99,80,META,CUMARAL,IE JOSE M.GUIOTH SD EL CARMEN DE VARS.,
52,025,00,00,META,EL CALVARIO,PUESTO CABECERA MUNICIPAL,
52,025,99,04,META,EL CALVARIO,MONTFORT,
52,025,99,12,META,EL CALVARIO,SAN FRANCISCO,
52,025,99,15,META,EL CALVARIO,SAN PEDRO,
52,025,99,17,META,EL CALVARIO,SAN RAFAEL,
52,027,00,00,META,EL CASTILLO,PUESTO CABECERA MUNICIPAL,
52,027,99,50,META,EL CASTILLO,MEDELLIN DEL ARIARI,
52,027,99,51,META,EL CASTILLO,PUERTO ESPERANZA,
52,027,99,55,META,EL CASTILLO,MIRAVALLES,
52,028,00,00,META,EL DORADO,PUESTO CABECERA MUNICIPAL,
52,028,99,50,META,EL DORADO,PUEBLO SANCHEZ,
52,028,99,60,META,EL DORADO,SAN ISIDRO,
52,030,00,00,META,FUENTE DE ORO,PUESTO CABECERA MUNICIPAL,
52,030,99,01,META,FUENTE DE ORO,UNION DEL ARIARI (CAÑO BLANCO,
52,030,99,02,META,FUENTE DE ORO,PUERTO ALJURE,
52,030,99,04,META,FUENTE DE ORO,PUERTO LIMON,
52,030,99,09,META,FUENTE DE ORO,PUERTO SANTANDER,
52,030,99,14,META,FUENTE DE ORO,LA COOPERATIVA,
52,035,01,01,META,GRANADA,INSTITUCION EDUCATIVA VALENTIN,
52,035,01,02,META,GRANADA,ESCUELA CLUB DE LEONES,
52,035,01,03,META,GRANADA,INSTITUCION EDUCATIVA GENERAL,
52,035,01,04,META,GRANADA,SEDE ESCUELA ANTONIO RICAURTE,
52,035,01,05,META,GRANADA,ESCUELA EL BOSQUE,
52,035,01,06,META,GRANADA,COMPLEJO DEPORTIVO VILLA OLIMPICA,
52,035,01,07,META,GRANADA,MEGA COLEGIO BRISAS DE IRIQUE,
52,035,02,01,META,GRANADA,I.E. ESCUELA NORMAL SUPERIOR MARIA AUXIL,
52,035,02,02,META,GRANADA,ESCUELA ALFONSO MONTOYA PAVA,
52,035,02,03,META,GRANADA,INSTITUCION EDUCATIVA LUIS CAR,
52,035,90,01,META,GRANADA,COLEGIO CAMILO TORRES,
52,035,98,01,META,GRANADA,CARCEL MUNICIPAL,
52,035,99,02,META,GRANADA,AGUAS CLARAS,
52,035,99,04,META,GRANADA,CANAGUARO,
52,035,99,07,META,GRANADA,DOS QUEBRADAS,
52,035,99,12,META,GRANADA,LA PLAYA,
52,035,99,15,META,GRANADA,PUERTO CALDAS,
52,040,00,00,META,GUAMAL,PUESTO CABECERA MUNICIPAL,
52,040,99,04,META,GUAMAL,HUMADEA,
52,040,99,45,META,GUAMAL,OROTOY,
52,041,00,00,META,LA MACARENA,PUESTO CABECERA MUNICIPAL,
52,041,99,20,META,LA MACARENA,YARI,
52,041,99,35,META,LA MACARENA,LA CATALINA,
52,041,99,60,META,LA MACARENA,SAN JUAN DE LOZADA,
52,041,99,61,META,LA MACARENA,CRISTALINA DEL LOSADA,
52,041,99,62,META,LA MACARENA,PLAYA RICA LA Y,
52,041,99,63,META,LA MACARENA,PUERTO LOZADA,
52,041,99,64,META,LA MACARENA,SAN FRANCISCO DE LA SOMBRA,
52,042,00,00,META,LEJANIAS,PUESTO CABECERA MUNICIPAL,
52,042,99,05,META,LEJANIAS,ANGOSTURAS DEL GUAPE,
52,042,99,09,META,LEJANIAS,CACAYAL,CORREGIMIENTO CACAYAL
52,042,99,15,META,LEJANIAS,LA VEINTICUATRO,CORREGIMIENTO LA VENTICUATRO
52,043,01,01,META,PUERTO GAITAN,I.E. EDUCATIVA JORGE ELIECER GAITAN,
52,043,01,02,META,PUERTO GAITAN,I.E. J. ELIECER GAITAN SD CAMILO TORRES,
52,043,01,03,META,PUERTO GAITAN,BATEAS,
52,043,02,01,META,PUERTO GAITAN,ESC NORMAL SUP. LUIS CARLOS GALAN S.,
52,043,02,02,META,PUERTO GAITAN,ESC NORM. SUP LUIS CARLOS GALAN-LA PEREZ,
52,043,99,30,META,PUERTO GAITAN,EL PORVENIR,
52,043,99,40,META,PUERTO GAITAN,LA CRISTALINA,
52,043,99,50,META,PUERTO GAITAN,PLANAS,
52,043,99,55,META,PUERTO GAITAN,PUENTE ARIMENA,
52,043,99,56,META,PUERTO GAITAN,PUERTO TRUJILLO,
52,043,99,58,META,PUERTO GAITAN,RUBIALES PUERTO TRIUNFO,
52,043,99,60,META,PUERTO GAITAN,SAN MIGUEL O PESCADERO,
52,043,99,70,META,PUERTO GAITAN,SAN PEDRO DE ARIMENA,
52,043,99,80,META,PUERTO GAITAN,TILLAVA,
52,043,99,81,META,PUERTO GAITAN,CARIMAGUA,
52,043,99,82,META,PUERTO GAITAN,PUERTO TRIUNFO - EL OASIS,
52,043,99,83,META,PUERTO GAITAN,ALTO UNUMA,
52,043,99,84,META,PUERTO GAITAN,DOMO PLANAS,
52,043,99,85,META,PUERTO GAITAN,EL TIGRE,
52,043,99,86,META,PUERTO GAITAN,WACOYO,
52,043,99,87,META,PUERTO GAITAN,VENCEDOR PIRIRI,
52,043,99,88,META,PUERTO GAITAN,AWALIBA,
52,044,00,00,META,MESETAS,PUESTO CABECERA MUNICIPAL,
52,044,99,05,META,MESETAS,BRISAS DEL DUDA,
52,044,99,08,META,MESETAS,EL MIRADOR,
52,044,99,12,META,MESETAS,JARDIN DE LAS PEÑAS,
52,045,00,00,META,PUERTO LOPEZ,PUESTO CABECERA MUNICIPAL,
52,045,99,02,META,PUERTO LOPEZ,BOCAS DEL GUAYURIBA,
52,045,99,03,META,PUERTO LOPEZ,ALTAMIRA,
52,045,99,04,META,PUERTO LOPEZ,CHAVIVA,
52,045,99,05,META,PUERTO LOPEZ,EL TIGRE,
52,045,99,06,META,PUERTO LOPEZ,PUERTO GUADALUPE (CUMARALITO),
52,045,99,09,META,PUERTO LOPEZ,LA BALSA,
52,045,99,14,META,PUERTO LOPEZ,MELUA,
52,045,99,15,META,PUERTO LOPEZ,UNION DE SAN JUAN - LAS DELICIAS,
52,045,99,16,META,PUERTO LOPEZ,PACHAQUIARO,
52,045,99,20,META,PUERTO LOPEZ,PUERTO PORFIA,
52,045,99,22,META,PUERTO LOPEZ,REMOLINO,
52,046,00,00,META,MAPIRIPAN,PUESTO CABECERA MUNICIPAL,
52,046,99,06,META,MAPIRIPAN,BUENOS AIRES,
52,046,99,12,META,MAPIRIPAN,EL ANZUELO,
52,046,99,15,META,MAPIRIPAN,EL MIELON,
52,046,99,40,META,MAPIRIPAN,LA COOPERATIVA,
52,046,99,45,META,MAPIRIPAN,LAS GUACAMAYAS,
52,046,99,50,META,MAPIRIPAN,PUERTO ALVIRA,
52,046,99,53,META,MAPIRIPAN,PUERTO SIARE,
52,047,00,00,META,PUERTO CONCORDIA,PUESTO CABECERA MUNICIPAL,
52,047,99,20,META,PUERTO CONCORDIA,CRUCE DE PORORIO,
52,047,99,21,META,PUERTO CONCORDIA,SAN FERNANDO,
52,047,99,40,META,PUERTO CONCORDIA,LINDENAL,
52,048,00,00,META,PUERTO LLERAS,PUESTO CABECERA MUNICIPAL,
52,048,99,15,META,PUERTO LLERAS,CASIBARE,
52,048,99,50,META,PUERTO LLERAS,LA UNION,
52,048,99,60,META,PUERTO LLERAS,TIERRA GRATA,
52,048,99,90,META,PUERTO LLERAS,VILLA DE LA PAZ,
52,049,00,00,META,PUERTO RICO,PUESTO CABECERA MUNICIPAL,
52,049,99,10,META,PUERTO RICO,BARRANCO COLORADO,
52,049,99,30,META,PUERTO RICO,LINDOSA,
52,049,99,40,META,PUERTO RICO,PUERTO CHISPAS,
52,049,99,60,META,PUERTO RICO,PUERTO TOLEDO,
52,050,00,00,META,RESTREPO,PUESTO CABECERA MUNICIPAL,
52,055,00,00,META,SAN CARLOS DE GUAROA,PUESTO CABECERA MUNICIPAL,
52,055,99,01,META,SAN CARLOS DE GUAROA,RINCON DE PAJURE,
52,055,99,02,META,SAN CARLOS DE GUAROA,LA PALMERA,
52,055,99,05,META,SAN CARLOS DE GUAROA,SURIMENA,
52,058,00,00,META,SAN JUAN DE ARAMA,PUESTO CABECERA MUNICIPAL,
52,058,99,15,META,SAN JUAN DE ARAMA,CERRITOS,
52,058,99,20,META,SAN JUAN DE ARAMA,NUEVO PROGRESO,
52,058,99,30,META,SAN JUAN DE ARAMA,EL VERGEL,
52,058,99,55,META,SAN JUAN DE ARAMA,MESA DE FERNANDEZ,
52,058,99,58,META,SAN JUAN DE ARAMA,MIRAFLORES,
52,058,99,70,META,SAN JUAN DE ARAMA,PEÑAS BLANCAS,
52,059,00,00,META,SAN JUANITO,PUESTO CABECERA MUNICIPAL,
52,059,99,40,META,SAN JUANITO,ESCUELA CANDELARIA,
52,059,99,60,META,SAN JUANITO,SAN JOSE,
52,059,99,70,META,SAN JUANITO,SAN LUIS DEL PLAN,
52,060,00,01,META,SAN MARTIN DE LOS LLANOS,PUESTO CABECERA MUNICIPAL,
52,060,00,02,META,SAN MARTIN DE LOS LLANOS,INSTITUCION EDUCATIVA MANUELA BELTRAN,
52,060,00,03,META,SAN MARTIN DE LOS LLANOS,IE INTEGRADO DE SAN MARTIN,
52,060,99,01,META,SAN MARTIN DE LOS LLANOS,ALTO DE IRACA,
52,060,99,02,META,SAN MARTIN DE LOS LLANOS,BAJO CAMOA,
52,060,99,03,META,SAN MARTIN DE LOS LLANOS,BRISAS DEL MANACACIAS,
52,060,99,04,META,SAN MARTIN DE LOS LLANOS,EL MEREY,
52,060,99,05,META,SAN MARTIN DE LOS LLANOS,GUALAS,
52,060,99,12,META,SAN MARTIN DE LOS LLANOS,RINCON DE BOLIVAR,
52,074,00,00,META,URIBE,PUESTO CABECERA MUNICIPAL,
52,074,99,20,META,URIBE,DIVISO,
52,074,99,21,META,URIBE,EL PARAISO,
52,074,99,40,META,URIBE,LA JULIA,
52,080,00,00,META,VISTA HERMOSA,PUESTO CABECERA MUNICIPAL,
52,080,99,40,META,VISTA HERMOSA,CAMPO ALEGRE,
52,080,99,45,META,VISTA HERMOSA,CAÑO AMARILLO,
52,080,99,53,META,VISTA HERMOSA,MARACAIBO,
52,080,99,60,META,VISTA HERMOSA,PIÑALITO,
52,080,99,70,META,VISTA HERMOSA,PUERTO ESPERANZA,
52,080,99,80,META,VISTA HERMOSA,PUERTO LUCAS,
52,080,99,90,META,VISTA HERMOSA,LA COOPERATIVA,
52,080,99,91,META,VISTA HERMOSA,SANTO DOMINGO,
52,080,99,92,META,VISTA HERMOSA,COSTA RICA,
52,080,99,93,META,VISTA HERMOSA,NUEVA COLOMBIA,
54,001,01,01,GUAVIARE,SAN JOSE DEL GUAVIARE,IE ALFONSO LOPEZ PUMAREJO PRINCIPAL,
54,001,01,02,GUAVIARE,SAN JOSE DEL GUAVIARE,IE SANTANDER PRINCIPAL,
54,001,01,03,GUAVIARE,SAN JOSE DEL GUAVIARE,IE SANTANDER SD DIVINO NIÑO,
54,001,01,04,GUAVIARE,SAN JOSE DEL GUAVIARE,IE SANTANDER SD,
54,001,01,05,GUAVIARE,SAN JOSE DEL GUAVIARE,IE ALFONSO LOPEZ PUMAREJO SD LA PAZ,
54,001,01,06,GUAVIARE,SAN JOSE DEL GUAVIARE,IE JOSE CELESTINO MUTIS SD SAN JORGE,
54,001,02,01,GUAVIARE,SAN JOSE DEL GUAVIARE,IE JOSE CELESTINO MUTIS PRINCIPAL,
54,001,02,02,GUAVIARE,SAN JOSE DEL GUAVIARE,IE C.D.R. PRINCIPAL,
54,001,02,03,GUAVIARE,SAN JOSE DEL GUAVIARE,IE MANUELA BELTRAN PRINCIPAL,
54,001,02,04,GUAVIARE,SAN JOSE DEL GUAVIARE,IE CDR SD MI PRIMERA ESCUELITA,
54,001,02,05,GUAVIARE,SAN JOSE DEL GUAVIARE,IE JOSE CELESTINO M. SD RAFAEL POMBO,
54,001,02,06,GUAVIARE,SAN JOSE DEL GUAVIARE,CENTRO INTEGRAL ADULTO MAYOR ARAZA,
54,001,98,01,GUAVIARE,SAN JOSE DEL GUAVIARE,CARCEL,
54,001,99,05,GUAVIARE,SAN JOSE DEL GUAVIARE,IE JOSE M. LOPEZ CLL PPAL -EL CAPRICHO,CORREGIMIENTO 1 EL CAPRICHO
54,001,99,06,GUAVIARE,SAN JOSE DEL GUAVIARE,IE SANTA ELENA -   PUERTO CACHICAMO,CORREGIMIENTO 1 EL CAPRICHO
54,001,99,07,GUAVIARE,SAN JOSE DEL GUAVIARE,IE LA CARPA PRINCIPAL,CORREGIMIENTO 1 EL CAPRICHO
54,001,99,08,GUAVIARE,SAN JOSE DEL GUAVIARE,IE EL CRISTAL SD CHUAPAL,CORREGIMIENTO 1 EL CAPRICHO
54,001,99,10,GUAVIARE,SAN JOSE DEL GUAVIARE,IE CAÑO BLANCO II SD EL BOQUERON,CORREGIMIENTO CHARRAS-BOQUERON
54,001,99,11,GUAVIARE,SAN JOSE DEL GUAVIARE,IE CHARRAS PRINCIPAL,CORREGIMIENTO CHARRAS-BOQUERON
54,001,99,15,GUAVIARE,SAN JOSE DEL GUAVIARE,IE TOMACHIPAN PRINCIPAL,
54,001,99,20,GUAVIARE,SAN JOSE DEL GUAVIARE,IE AGUA BONITA-SD BOCAS-STO DOMINGO,
54,001,99,21,GUAVIARE,SAN JOSE DEL GUAVIARE,IE AGUA BONITA SD RAFAEL POMBO PPAL,
54,001,99,22,GUAVIARE,SAN JOSE DEL GUAVIARE,IE EL RESBALON PRINCIPAL,
54,001,99,26,GUAVIARE,SAN JOSE DEL GUAVIARE,IE GUACAMAYAS SD PRINCIPAL,
54,001,99,31,GUAVIARE,SAN JOSE DEL GUAVIARE,IE EL RETIRO SD PUERTO ARTURO,
54,001,99,36,GUAVIARE,SAN JOSE DEL GUAVIARE,IE TRIUNFO II SEDE EL CARACOL,
54,003,00,01,GUAVIARE,CALAMAR,IE CARLOS MAURO HOYOS SEDE PRIMARIA,
54,003,00,02,GUAVIARE,CALAMAR,IE CARLOS MAURO HOYOS SEDE BACHILLERATO,
54,003,99,05,GUAVIARE,CALAMAR,VEREDA LA UNION,
54,003,99,10,GUAVIARE,CALAMAR,VEREDA LA CRISTALINA,
54,003,99,15,GUAVIARE,CALAMAR,VEREDA EL TRIUNFO,
54,003,99,20,GUAVIARE,CALAMAR,VEREDA LAS DAMAS,
54,007,00,00,GUAVIARE,EL RETORNO,PUESTO CABECERA MUNICIPAL,
54,007,99,05,GUAVIARE,EL RETORNO,TIERRA ALTA,
54,007,99,06,GUAVIARE,EL RETORNO,SAN ISIDRO UNO,
54,007,99,07,GUAVIARE,EL RETORNO,CERRITOS,
54,007,99,17,GUAVIARE,EL RETORNO,LA LIBERTAD,
54,007,99,20,GUAVIARE,EL RETORNO,EL UNILLA,
54,007,99,25,GUAVIARE,EL RETORNO,MORICHAL VIEJO,
54,007,99,30,GUAVIARE,EL RETORNO,LA PAZ,
54,012,00,00,GUAVIARE,MIRAFLORES,PUESTO CABECERA MUNICIPAL,
54,012,99,04,GUAVIARE,MIRAFLORES,BARRANQUILLITA,
54,012,99,06,GUAVIARE,MIRAFLORES,LAS PAVAS CAÑO TIGRE,
54,012,99,08,GUAVIARE,MIRAFLORES,BUENOS AIRES,
54,012,99,12,GUAVIARE,MIRAFLORES,LAGOS DEL DORADO,
54,012,99,20,GUAVIARE,MIRAFLORES,LA VUELTA DEL ALIVIO,
54,012,99,21,GUAVIARE,MIRAFLORES,PUERTO SANTANDER,
56,001,01,01,SAN ANDRES,SAN ANDRES,INSTITUTO BOLIVARIANO,
56,001,01,02,SAN ANDRES,SAN ANDRES,COLEGIO NATANIA,
56,001,01,03,SAN ANDRES,SAN ANDRES,INS.NAC.DE FORMACION TEC. PROF.-INFOTEP,
56,001,02,01,SAN ANDRES,SAN ANDRES,COLEGIO BROOKS HILL,
56,001,02,02,SAN ANDRES,SAN ANDRES,COLEGIO RUBEN DARIO,
56,001,02,03,SAN ANDRES,SAN ANDRES,IE TECNICO INDUSTRIAL,
56,001,98,01,SAN ANDRES,SAN ANDRES,CARCEL,
56,004,00,00,SAN ANDRES,PROVIDENCIA,PUESTO CABECERA MUNICIPAL,
60,001,01,01,AMAZONAS,LETICIA,IE INEM JOSE EUSTACIO RIVERA,
60,001,01,02,AMAZONAS,LETICIA,JORGE ELIECER GAITAN,
60,001,01,03,AMAZONAS,LETICIA,IE FRANCISCO DEL ROSARIO VELA,
60,001,02,01,AMAZONAS,LETICIA,IE MARCELIANO E. CANYES,
60,001,02,02,AMAZONAS,LETICIA,IE NORMAL SUPERIOR M.E.C.,
60,001,02,03,AMAZONAS,LETICIA,IE SAGRADO CORAZON DE JESUS,
60,001,98,01,AMAZONAS,LETICIA,CARCEL,
60,001,99,70,AMAZONAS,LETICIA,SANTA SOFIA,
60,001,99,71,AMAZONAS,LETICIA,SAN MARTIN DE AMACAYACU,
60,001,99,72,AMAZONAS,LETICIA,MACEDONIA,
60,001,99,73,AMAZONAS,LETICIA,NAZARETH,
60,001,99,74,AMAZONAS,LETICIA,ARARA,
60,001,99,75,AMAZONAS,LETICIA,SAN JOSE KM,
60,001,99,76,AMAZONAS,LETICIA,IE SAN JUAN BOSCO,
60,001,99,77,AMAZONAS,LETICIA,KILOMETRO,
60,007,00,00,AMAZONAS,PUERTO NARIÑO,PUESTO CABECERA MUNICIPAL,
60,007,99,20,AMAZONAS,PUERTO NARIÑO,ATACUARI,
60,007,99,21,AMAZONAS,PUERTO NARIÑO,COMUNIDAD DOCE DE OCTUBRE,
60,007,99,22,AMAZONAS,PUERTO NARIÑO,COMUNIDAD DE NARANJALES,
60,010,00,00,AMAZONAS,EL ENCANTO,,CORREGIMIENTO DEPARTAMENTAL             10000033600000424000003
60,013,00,00,AMAZONAS,LA CHORRERA,,CORREGIMIENTO DEPARTAMENTAL             10000051500000617000004
60,016,00,00,AMAZONAS,LA PEDRERA,,CORREGIMIENTO DEPARTAMENTAL             10000061300000735000004
60,017,00,00,AMAZONAS,LA VICTORIA,,CORREGIMIENTO DEPARTAMENTAL             10000003200000043000001
60,019,00,00,AMAZONAS,MIRITI PARANA,PUESTO CABECERA MUNICIPAL,
60,019,99,70,AMAZONAS,MIRITI PARANA,SANTA ISABEL,
60,021,00,00,AMAZONAS,PUERTO SANTANDER,,CORREGIMIENTO DEPARTAMENTAL             10000023400000338000002
60,022,00,00,AMAZONAS,TARAPACA,,CORREGIMIENTO DEPARTAMENTAL             10000061600000756000004
60,022,99,01,AMAZONAS,TARAPACA,PUERTO EZEQUIEL,
60,030,00,00,AMAZONAS,PUERTO ALEGRIA,,CORREGIMIENTO DEPARTAMENTAL             10000011900000170000001
60,040,00,00,AMAZONAS,PUERTO ARICA,,CORREGIMIENTO DEPARTAMENTAL             10000023700000298000002
64,001,01,01,PUTUMAYO,MOCOA,COLEGIO NACIONAL PIO XII,
64,001,01,02,PUTUMAYO,MOCOA,INST.EDUC. CIUDAD MOCOA,
64,001,01,03,PUTUMAYO,MOCOA,INS. EDUC. FIDEL MONCLART,
64,001,01,04,PUTUMAYO,MOCOA,COLISEO OLIMPICO MOCOA PUTUMAYO,
64,001,02,01,PUTUMAYO,MOCOA,INST.EDUC.SANTA MARIA GORETTI,
64,001,02,02,PUTUMAYO,MOCOA,INST.EDUC. SAN AGUSTIN,
64,001,02,03,PUTUMAYO,MOCOA,I.E. FRAY PLACIDO SEDE LOS SAUCES,
64,001,02,04,PUTUMAYO,MOCOA,C. INTEGRA CIUDAD SUROCCIDENTE DE MOCOA,
64,001,02,05,PUTUMAYO,MOCOA,IE FRAY PLACIDO SEDE CENTRAL,
64,001,02,06,PUTUMAYO,MOCOA,SENA SEDE MOCOA,
64,001,98,01,PUTUMAYO,MOCOA,CARCEL - CASA DE JUSTICIA,
64,001,99,01,PUTUMAYO,MOCOA,CONDAGUA,
64,001,99,05,PUTUMAYO,MOCOA,EL PEPINO,
64,001,99,06,PUTUMAYO,MOCOA,LAS PLANADAS,
64,001,99,08,PUTUMAYO,MOCOA,LA TEBAIDA,
64,001,99,10,PUTUMAYO,MOCOA,LA FRONTERIZA EL PAISAJE,
64,001,99,13,PUTUMAYO,MOCOA,PUERTO LIMON,
64,001,99,37,PUTUMAYO,MOCOA,YUNGUILLO,
64,001,99,38,PUTUMAYO,MOCOA,VEREDA SAN JOSE DEL PEPINO,
64,001,99,39,PUTUMAYO,MOCOA,VEREDA RUMIYACO,
64,001,99,40,PUTUMAYO,MOCOA,VEREDA ALTO AFAN,
64,001,99,41,PUTUMAYO,MOCOA,VEREDA PUEBLO VIEJO,
64,001,99,42,PUTUMAYO,MOCOA,VEREDA SAN ANTONIO,
64,001,99,43,PUTUMAYO,MOCOA,VEREDA EL LIBANO,
64,002,01,01,PUTUMAYO,PUERTO ASIS,INST. ED. CIUDAD DE ASIS,COMUNA 2  SUR
64,002,01,02,PUTUMAYO,PUERTO ASIS,I.E.ALVERNIA,COMUNA 2  SUR
64,002,01,03,PUTUMAYO,PUERTO ASIS,ESCUELA SANTA TERESA,COMUNA 3 ORIENTE
64,002,01,04,PUTUMAYO,PUERTO ASIS,COLEGIO SAN FERNANDO,COMUNA 1 NORTE
64,002,02,01,PUTUMAYO,PUERTO ASIS,ESCUELA SAN NICOLAS,COMUNA 1 NORTE
64,002,02,02,PUTUMAYO,PUERTO ASIS,ESCUELA EL PRADO,COMUNA 1 NORTE
64,002,02,03,PUTUMAYO,PUERTO ASIS,ESCUELA EL JARDIN,COMUNA 1 NORTE
64,002,02,04,PUTUMAYO,PUERTO ASIS,ESC URBANA MIXTA,COMUNA 1 NORTE
64,002,98,01,PUTUMAYO,PUERTO ASIS,CARCEL MUNICIPAL,
64,002,99,03,PUTUMAYO,PUERTO ASIS,PIÑUÑA BLANCO (PUERTO HACHA),
64,002,99,15,PUTUMAYO,PUERTO ASIS,LA CARMELITA (CUEMBI),
64,002,99,20,PUTUMAYO,PUERTO ASIS,LA PERLA AMAZONICA (SALON COMUNAL),
64,002,99,30,PUTUMAYO,PUERTO ASIS,ESCUELA LA LIBERTAD,
64,002,99,35,PUTUMAYO,PUERTO ASIS,SANTANA,CORREGIMIENTO SANTANA
64,002,99,45,PUTUMAYO,PUERTO ASIS,BANDERAS ALTO DANUBIO,
64,002,99,50,PUTUMAYO,PUERTO ASIS,CAÑA BRAVA,
64,002,99,55,PUTUMAYO,PUERTO ASIS,TETEYE,CORREGIMIENTO  TETEYE
64,002,99,60,PUTUMAYO,PUERTO ASIS,VILLA VICTORIA,
64,002,99,65,PUTUMAYO,PUERTO ASIS,PENEYA,
64,004,00,00,PUTUMAYO,PUERTO LEGUIZAMO,PUESTO CABECERA MUNICIPAL,
64,004,99,01,PUTUMAYO,PUERTO LEGUIZAMO,LA TAGUA,CORREGIMIENTO LA TAGUA
64,004,99,02,PUTUMAYO,PUERTO LEGUIZAMO,EL MECAYA,CORREGIMIENTO  EL MECAYA
64,004,99,05,PUTUMAYO,PUERTO LEGUIZAMO,PUERTO OSPINA,CORREGIMIENTO PUERTO OSPINA
64,004,99,06,PUTUMAYO,PUERTO LEGUIZAMO,LA PAYA,
64,004,99,10,PUTUMAYO,PUERTO LEGUIZAMO,EL SENCELLA,
64,004,99,20,PUTUMAYO,PUERTO LEGUIZAMO,PIÑUÑA NEGRO,
64,004,99,25,PUTUMAYO,PUERTO LEGUIZAMO,YURILLA,
64,004,99,30,PUTUMAYO,PUERTO LEGUIZAMO,PUERTO NARIÑO,
64,007,00,00,PUTUMAYO,COLON,INS. EDUCATIVA SUCRE - SD LIBERTAD,
64,007,99,05,PUTUMAYO,COLON,SAN PEDRO,CORREGIMIENTO SAN PEDRO
64,013,00,00,PUTUMAYO,SAN FRANCISCO,PUESTO CABECERA MUNICIPAL,
64,013,99,60,PUTUMAYO,SAN FRANCISCO,SAN ANTONIO DEL POROTOYACO,
64,016,00,00,PUTUMAYO,SANTIAGO,PUESTO CABECERA MUNICIPAL,
64,016,99,05,PUTUMAYO,SANTIAGO,SAN ANDRES,
64,018,00,01,PUTUMAYO,SAN MIGUEL (LA DORADA),PUESTO CABECERA MUNICIPAL,
64,018,00,02,PUTUMAYO,SAN MIGUEL (LA DORADA),CENTRO DE INTEGRACION CIUDADANA CIC,
64,018,99,40,PUTUMAYO,SAN MIGUEL (LA DORADA),PUERTO COLON SAN MIGUEL,
64,018,99,41,PUTUMAYO,SAN MIGUEL (LA DORADA),IER EL SABALO,
64,018,99,42,PUTUMAYO,SAN MIGUEL (LA DORADA),IER SAN CARLOS,
64,018,99,43,PUTUMAYO,SAN MIGUEL (LA DORADA),IER AFILADOR,
64,018,99,44,PUTUMAYO,SAN MIGUEL (LA DORADA),IER SAN MARCELINO,
64,018,99,45,PUTUMAYO,SAN MIGUEL (LA DORADA),IER AGUA BLANCA,
64,018,99,46,PUTUMAYO,SAN MIGUEL (LA DORADA),IER JORDAN ORTIZ,
64,019,00,00,PUTUMAYO,SIBUNDOY,PUESTO CABECERA MUNICIPAL,
64,023,01,01,PUTUMAYO,ORITO,I.E.S.J.O SD NUEVA COLOMBIA,
64,023,01,02,PUTUMAYO,ORITO,I.E.S.J.O SD LUIS CARLOS GALAN,
64,023,02,01,PUTUMAYO,ORITO,IE SAN JOSE DE ORITO PRINCIPAL,
64,023,02,02,PUTUMAYO,ORITO,IE JORGE ELIECER GAITAN,
64,023,99,06,PUTUMAYO,ORITO,BUENOS AIRES,
64,023,99,08,PUTUMAYO,ORITO,CHURUYACO,
64,023,99,11,PUTUMAYO,ORITO,JARDINES DE SUCUMBIOS,
64,023,99,13,PUTUMAYO,ORITO,PORTUGAL,
64,023,99,15,PUTUMAYO,ORITO,SAN JUAN VIDES,
64,023,99,18,PUTUMAYO,ORITO,SIBERIA,
64,023,99,20,PUTUMAYO,ORITO,TESALIA,
64,023,99,30,PUTUMAYO,ORITO,SAN VICENTE DEL LUZON,
64,023,99,70,PUTUMAYO,ORITO,SIMON BOLIVAR,
64,025,00,00,PUTUMAYO,PUERTO GUZMAN,PUESTO CABECERA MUNICIPAL,
64,025,99,10,PUTUMAYO,PUERTO GUZMAN,EL GALLINAZO,
64,025,99,13,PUTUMAYO,PUERTO GUZMAN,EL JAUNO,
64,025,99,15,PUTUMAYO,PUERTO GUZMAN,EL RECREO,
64,025,99,20,PUTUMAYO,PUERTO GUZMAN,GALILEA,
64,025,99,40,PUTUMAYO,PUERTO GUZMAN,MANGALPA,
64,025,99,45,PUTUMAYO,PUERTO GUZMAN,MAYOYOQUE,
64,025,99,50,PUTUMAYO,PUERTO GUZMAN,QUINORO (JOSE MARIA),
64,025,99,60,PUTUMAYO,PUERTO GUZMAN,SAN ROQUE,
64,025,99,65,PUTUMAYO,PUERTO GUZMAN,SANTA LUCIA,
64,025,99,70,PUTUMAYO,PUERTO GUZMAN,CABILDO NASA JUAN TAMA,
64,025,99,71,PUTUMAYO,PUERTO GUZMAN,VEREDA SACHAMATE,
64,025,99,72,PUTUMAYO,PUERTO GUZMAN,CASETA COMUNAL VEREDA BAJO BARANDAS,
64,025,99,73,PUTUMAYO,PUERTO GUZMAN,VEREDA LAS PERLAS,
64,026,00,00,PUTUMAYO,PUERTO CAICEDO,PUESTO CABECERA MUNICIPAL,
64,026,99,02,PUTUMAYO,PUERTO CAICEDO,ARIZONA,
64,026,99,05,PUTUMAYO,PUERTO CAICEDO,DAMASCO VIDES,
64,026,99,10,PUTUMAYO,PUERTO CAICEDO,EL CEDRAL,
64,026,99,30,PUTUMAYO,PUERTO CAICEDO,GUASIMALES,
64,026,99,40,PUTUMAYO,PUERTO CAICEDO,SAN PEDRO,
64,026,99,60,PUTUMAYO,PUERTO CAICEDO,VILLAFLOR,
64,028,01,01,PUTUMAYO,VALLE DEL GUAMUEZ (LA HORMIGA),I.E. CIUDAD LA HORMIGA SD S. FRANCISCO,
64,028,01,02,PUTUMAYO,VALLE DEL GUAMUEZ (LA HORMIGA),COLISEO CUBIERTO COL. AGROPECUARIO,
64,028,02,01,PUTUMAYO,VALLE DEL GUAMUEZ (LA HORMIGA),INSTITUCION EDUCATIVA LA LIBERTAD,
64,028,02,02,PUTUMAYO,VALLE DEL GUAMUEZ (LA HORMIGA),I.E. VALLE DEL GUAMUEZ SEDE CENTRAL,
64,028,99,10,PUTUMAYO,VALLE DEL GUAMUEZ (LA HORMIGA),EL PLACER,
64,028,99,14,PUTUMAYO,VALLE DEL GUAMUEZ (LA HORMIGA),EL TIGRE,
64,028,99,22,PUTUMAYO,VALLE DEL GUAMUEZ (LA HORMIGA),JORDAN DE GUISIA,
64,028,99,35,PUTUMAYO,VALLE DEL GUAMUEZ (LA HORMIGA),GUADUALITO,
64,028,99,50,PUTUMAYO,VALLE DEL GUAMUEZ (LA HORMIGA),SAN ANTONIO DEL GUAMUEZ,
64,028,99,65,PUTUMAYO,VALLE DEL GUAMUEZ (LA HORMIGA),SANTA ROSA DE SUCUMBIOS,
64,028,99,70,PUTUMAYO,VALLE DEL GUAMUEZ (LA HORMIGA),INSTITUCION EDUCATIVA RURAL EL VENADO,
64,028,99,75,PUTUMAYO,VALLE DEL GUAMUEZ (LA HORMIGA),IE RURAL EL CAIRO,
64,030,00,01,PUTUMAYO,VILLAGARZON,PUESTO CABECERA MUNICIPAL,
64,030,00,02,PUTUMAYO,VILLAGARZON,COLEGIO NUESTRA SEÑORA DEL PILAR,
64,030,99,01,PUTUMAYO,VILLAGARZON,BAJO CORAZON,
64,030,99,05,PUTUMAYO,VILLAGARZON,LA CASTELLANA,
64,030,99,09,PUTUMAYO,VILLAGARZON,I.E.R. PUERTO UMBRIA,
64,030,99,10,PUTUMAYO,VILLAGARZON,I.E.R. ALBANIA,
64,030,99,20,PUTUMAYO,VILLAGARZON,I.E.R. SANTA ROSA DE JUANAMBU,
68,001,00,01,VAUPES,MITU,PUESTO CABECERA MUNICIPAL,
68,001,00,02,VAUPES,MITU,CONCHA ACUSTICA,
68,001,98,01,VAUPES,MITU,ERON MITU,
68,001,99,01,VAUPES,MITU,MANDI,
68,001,99,02,VAUPES,MITU,ACARICUARA,
68,001,99,03,VAUPES,MITU,CAMANAOS,
68,001,99,04,VAUPES,MITU,CEIMA CACHIVERA,
68,001,99,05,VAUPES,MITU,QUERARI,
68,001,99,13,VAUPES,MITU,MACUANA (TAPURUCUARA),
68,001,99,15,VAUPES,MITU,SAN JAVIER CAÑO CUDUYARI,
68,001,99,19,VAUPES,MITU,TIQUIE,
68,001,99,80,VAUPES,MITU,VILLAFATIMA,
68,001,99,90,VAUPES,MITU,YAPU,
68,001,99,95,VAUPES,MITU,YURUPARI,
68,001,99,96,VAUPES,MITU,SAN GABRIEL CAÑO COLORADO,
68,001,99,97,VAUPES,MITU,SAN PABLO DE WIBA,
68,004,00,00,VAUPES,CARURU,PUESTO CABECERA MUNICIPAL,
68,004,99,01,VAUPES,CARURU,BOCAS DE ARARA,
68,010,00,00,VAUPES,MORICHAL (PAPUNAGUA),PUERTO SOLANO,
68,010,99,01,VAUPES,MORICHAL (PAPUNAGUA),BOCOA,
68,013,00,00,VAUPES,BUENOS AIRES (PACOA),BUENOS AIRES,
68,013,99,01,VAUPES,BUENOS AIRES (PACOA),SAN MIGUEL,
68,013,99,50,VAUPES,BUENOS AIRES (PACOA),PIEDRA ÑI,
68,013,99,60,VAUPES,BUENOS AIRES (PACOA),SAN JUAN DE CACHIPORRO,
68,017,00,00,VAUPES,TARAIRA,PUESTO CABECERA MUNICIPAL,
68,017,99,01,VAUPES,TARAIRA,COMUNIDAD VISTA HERMOSA,
68,017,99,50,VAUPES,TARAIRA,COMUNIDAD BOCAS DE TARAIRA,
68,022,00,00,VAUPES,YAVARATE,YAVARATE,
68,022,99,05,VAUPES,YAVARATE,PAPURI (MONFORT),
68,022,99,50,VAUPES,YAVARATE,PIRACUARA,
68,022,99,70,VAUPES,YAVARATE,TERESITA,
72,001,00,01,VICHADA,PUERTO CARREÑO,PUESTO CABECERA MUNICIPAL,
72,001,00,02,VICHADA,PUERTO CARREÑO,IE MARIA INMACULADA,
72,001,98,01,VICHADA,PUERTO CARREÑO,CARCEL,
72,001,99,05,VICHADA,PUERTO CARREÑO,ACEITICO,
72,001,99,10,VICHADA,PUERTO CARREÑO,CASUARITO,
72,001,99,30,VICHADA,PUERTO CARREÑO,LA VENTUROSA,
72,001,99,40,VICHADA,PUERTO CARREÑO,GARCITAS,
72,001,99,45,VICHADA,PUERTO CARREÑO,GUARIPA,
72,001,99,50,VICHADA,PUERTO CARREÑO,PUERTO MURILLO,
72,001,99,51,VICHADA,PUERTO CARREÑO,LA ESMERALDA,
72,002,00,00,VICHADA,SANTA ROSALIA,PUESTO CABECERA MUNICIPAL,
72,002,99,10,VICHADA,SANTA ROSALIA,GUACACIAS,
72,002,99,12,VICHADA,SANTA ROSALIA,FLOR AMARILLO,
72,002,99,14,VICHADA,SANTA ROSALIA,VEREDA NAZARETH,
72,006,00,00,VICHADA,CUMARIBO,PUESTO CABECERA MUNICIPAL,
72,006,99,10,VICHADA,CUMARIBO,AMANAVEN,
72,006,99,11,VICHADA,CUMARIBO,"COM. SAN JUAN DEL MORRO RESG, UNUMA",
72,006,99,12,VICHADA,CUMARIBO,COMUNIDAD MACOCOBA RESGUARDO CAWASI,
72,006,99,13,VICHADA,CUMARIBO,COM PUEBLO ESCONDIDO RESG BERROCAL AJOTA,
72,006,99,14,VICHADA,CUMARIBO,COM. BARRANCO COLORADO RESG. ATANA P.,
72,006,99,15,VICHADA,CUMARIBO,COM. B/QUILLA RESG. CALI B/QUILLA,
72,006,99,16,VICHADA,CUMARIBO,COM. CAMUNIANAE RESG. BAJO RIO VICHADA,
72,006,99,17,VICHADA,CUMARIBO,COM. LLANO LINDO RESG. SAN LUIS DEL TOMO,
72,006,99,18,VICHADA,CUMARIBO,COM. LAG. NEGRA RESG. LAG. NEGRA Y CACAO,
72,006,99,20,VICHADA,CUMARIBO,CHUPAVE,
72,006,99,40,VICHADA,CUMARIBO,EL CEJAL,
72,006,99,42,VICHADA,CUMARIBO,EL VIENTO,
72,006,99,44,VICHADA,CUMARIBO,GUANAPE,
72,006,99,45,VICHADA,CUMARIBO,GUERIMA,
72,006,99,47,VICHADA,CUMARIBO,GUACO,
72,006,99,50,VICHADA,CUMARIBO,MATAVEN,
72,006,99,52,VICHADA,CUMARIBO,MANAJUARE,
72,006,99,55,VICHADA,CUMARIBO,PALMARITO,
72,006,99,57,VICHADA,CUMARIBO,PUERTO PRINCIPE,
72,006,99,60,VICHADA,CUMARIBO,SANTA RITA,
72,006,99,65,VICHADA,CUMARIBO,SAN JOSE DE OCUNE,
72,006,99,70,VICHADA,CUMARIBO,PUERTO NARIÑO,
72,006,99,75,VICHADA,CUMARIBO,SHIARE,
72,006,99,80,VICHADA,CUMARIBO,TRES MATAS,
72,006,99,85,VICHADA,CUMARIBO,EL TUPARRO,
72,006,99,86,VICHADA,CUMARIBO,CHAPARRAL,
72,006,99,87,VICHADA,CUMARIBO,LA CATORCE,
72,006,99,88,VICHADA,CUMARIBO,PUERTO ORIENTE,
72,006,99,89,VICHADA,CUMARIBO,COM. BRISAS RESG. AIWAKUNA TSEPAJIBO,
72,006,99,90,VICHADA,CUMARIBO,COM. LA FLORIDA RESG. SARACURE CADA,
72,006,99,91,VICHADA,CUMARIBO,COM. RAYA RESG. BAJO RIO VICHADA,
72,006,99,93,VICHADA,CUMARIBO,COM PROG INTEG RESG BAJO RIO VICHADA DOS,
72,006,99,94,VICHADA,CUMARIBO,COM. SUCUARA RESG. BAJO RIO VICHADA,
72,006,99,96,VICHADA,CUMARIBO,COM PALO GDE RESG STA TERESITA DEL TUP,
72,006,99,97,VICHADA,CUMARIBO,COM. CHAPARRAL RESG. MUCO GUARROJO,
72,006,99,98,VICHADA,CUMARIBO,COM. MAMIYARE RESG. GUACAMAYAS MAMIYARE,
72,008,00,00,VICHADA,LA PRIMAVERA,PUESTO CABECERA MUNICIPAL,
72,008,99,50,VICHADA,LA PRIMAVERA,MATIYURE,
72,008,99,70,VICHADA,LA PRIMAVERA,NUEVA ANTIOQUIA,
72,008,99,80,VICHADA,LA PRIMAVERA,SAN TEODORO,
72,008,99,82,VICHADA,LA PRIMAVERA,SANTA CECILIA,
72,008,99,90,VICHADA,LA PRIMAVERA,SANTA BARBARA,
72,008,99,92,VICHADA,LA PRIMAVERA,BUENAVISTA,
72,008,99,93,VICHADA,LA PRIMAVERA,RESGUARDO LA LLANURA,
88,115,05,02,CONSULADOS,GHANA,Accra Consulado,
88,115,05,04,CONSULADOS,GHANA,Dakar,
88,120,05,02,CONSULADOS,ALEMANIA,Berlin Consulado,
88,120,05,04,CONSULADOS,ALEMANIA,Hamburgo,
88,120,05,06,CONSULADOS,ALEMANIA,Bremen,
88,120,15,02,CONSULADOS,ALEMANIA,Frankfurt Consulado,
88,120,15,04,CONSULADOS,ALEMANIA,Stuttgart,
88,130,05,02,CONSULADOS,ARGELIA,Argel Consulado,
88,135,05,02,CONSULADOS,AZERBAIYAN,Baku Consulado,
88,140,10,02,CONSULADOS,CURAZAO,Willemstad Consulado,
88,155,05,02,CONSULADOS,ARGENTINA,Buenos Aires Consulado,
88,155,05,04,CONSULADOS,ARGENTINA,Mendoza,
88,155,05,05,CONSULADOS,ARGENTINA,Córdoba,
88,160,05,02,CONSULADOS,ARUBA,Oranjestad Consulado,
88,165,03,02,CONSULADOS,AUSTRALIA,Canberra Consulado,
88,165,03,04,CONSULADOS,AUSTRALIA,Melbourne,
88,165,03,05,CONSULADOS,AUSTRALIA,Perth,
88,165,10,02,CONSULADOS,AUSTRALIA,Sydney Consulado,
88,165,10,04,CONSULADOS,AUSTRALIA,Brisbane,
88,170,05,02,CONSULADOS,AUSTRIA,Viena Consulado,
88,170,05,04,CONSULADOS,AUSTRIA,Praga,
88,170,05,05,CONSULADOS,AUSTRIA,Graz,
88,190,05,02,CONSULADOS,BELGICA,Bruselas Consulado,
88,190,05,04,CONSULADOS,BELGICA,Luxemburgo,
88,215,05,02,CONSULADOS,BOLIVIA,La Paz Consulado,
88,215,05,04,CONSULADOS,BOLIVIA,Santa Cruz de la Sierra,
88,220,05,02,CONSULADOS,BRASIL,Brasilia Consulado,
88,220,15,02,CONSULADOS,BRASIL,Manaos - Consulado,
88,220,35,02,CONSULADOS,BRASIL,Sao Paulo Consulado,
88,220,35,04,CONSULADOS,BRASIL,Belo Horizonte,
88,220,35,05,CONSULADOS,BRASIL,Florianopolis,
88,220,35,06,CONSULADOS,BRASIL,Porto Alegre,
88,220,35,08,CONSULADOS,BRASIL,Curitiba,
88,220,35,09,CONSULADOS,BRASIL,Foz de Iguazu,
88,220,40,02,CONSULADOS,BRASIL,Tabatinga Consulado,
88,220,42,02,CONSULADOS,BRASIL,Río de Janeiro - Consulado,
88,220,42,04,CONSULADOS,BRASIL,Fortaleza,
88,220,42,05,CONSULADOS,BRASIL,Recife,
88,250,02,02,CONSULADOS,CANADA,Calgary Consulado,
88,250,03,02,CONSULADOS,CANADA,Montreal Consulado,
88,250,05,02,CONSULADOS,CANADA,Ottawa Consulado,
88,250,10,02,CONSULADOS,CANADA,Toronto Consulado,
88,250,10,03,CONSULADOS,CANADA,London,
88,250,20,02,CONSULADOS,CANADA,Vancouver Consulado,
88,275,05,02,CONSULADOS,COREA DEL SUR,Seul - Consulado,
88,285,05,02,CONSULADOS,COSTA RICA,San José - Consulado,
88,290,05,02,CONSULADOS,CUBA,La Habana - Consulado,
88,305,02,02,CONSULADOS,CHILE,Antofagasta Consulado,
88,305,02,04,CONSULADOS,CHILE,Iquique,
88,305,05,02,CONSULADOS,CHILE,Santiago Consulado,
88,315,05,02,CONSULADOS,CHINA REPUBLICA POPULAR,Beijing - Consulado,
88,315,10,02,CONSULADOS,CHINA REPUBLICA POPULAR,Guangzhou Consulado,
88,315,50,02,CONSULADOS,CHINA REPUBLICA POPULAR,Hong Kong - Consulado,
88,315,55,02,CONSULADOS,CHINA REPUBLICA POPULAR,Shanghai Consulado,
88,325,05,02,CONSULADOS,DINAMARCA,Copenhague Consulado,
88,330,05,02,CONSULADOS,ECUADOR,Quito - Consulado,
88,330,10,02,CONSULADOS,ECUADOR,Esmeraldas - Consulado,
88,330,15,02,CONSULADOS,ECUADOR,Guayaquil - Consulado,
88,330,15,04,CONSULADOS,ECUADOR,Cuenca,
88,330,15,06,CONSULADOS,ECUADOR,Manta,
88,330,20,02,CONSULADOS,ECUADOR,Nueva Loja - Consulado,
88,330,35,02,CONSULADOS,ECUADOR,Santo Domingo Tsachilas - Consulado,
88,330,40,02,CONSULADOS,ECUADOR,Tulcán - Consulado,
88,335,05,02,CONSULADOS,EGIPTO,El Cairo - Consulado,
88,335,05,04,CONSULADOS,EGIPTO,Riad,
88,340,05,02,CONSULADOS,EL SALVADOR,San Salvador - Consulado,
88,340,05,04,CONSULADOS,EL SALVADOR,Belmopán,
88,350,05,02,CONSULADOS,EMIRATOS ARABES UNIDOS,Abu Dhabi - Consulado,
88,350,05,04,CONSULADOS,EMIRATOS ARABES UNIDOS,Doha,
88,355,03,02,CONSULADOS,ESPAÑA,Barcelona - Consulado,
88,355,03,04,CONSULADOS,ESPAÑA,Zaragoza,
88,355,03,06,CONSULADOS,ESPAÑA,Tarragona,
88,355,03,08,CONSULADOS,ESPAÑA,Barcelona - Girona,
88,355,03,10,CONSULADOS,ESPAÑA,Barcelona - Lleida,
88,355,04,02,CONSULADOS,ESPAÑA,Bilbao - Consulado,
88,355,04,03,CONSULADOS,ESPAÑA,Pamplona,
88,355,04,04,CONSULADOS,ESPAÑA,Logroño,
88,355,04,05,CONSULADOS,ESPAÑA,Oviedo - Bilbao,
88,355,05,02,CONSULADOS,ESPAÑA,Madrid - Consulado,
88,355,05,04,CONSULADOS,ESPAÑA,Lugo,
88,355,05,05,CONSULADOS,ESPAÑA,Albacete,
88,355,05,06,CONSULADOS,ESPAÑA,Valladolid,
88,355,50,02,CONSULADOS,ESPAÑA,Sevilla - Consulado,
88,355,50,04,CONSULADOS,ESPAÑA,Málaga,
88,355,50,05,CONSULADOS,ESPAÑA,Almería,
88,355,60,02,CONSULADOS,ESPAÑA,Palma de Mallorca - Consulado,
88,355,60,04,CONSULADOS,ESPAÑA,Ibiza,
88,355,65,02,CONSULADOS,ESPAÑA,Valencia - Consulado,
88,355,65,04,CONSULADOS,ESPAÑA,Murcia,
88,355,65,06,CONSULADOS,ESPAÑA,Alicante,
88,355,70,02,CONSULADOS,ESPAÑA,Palmas de Gran Canaria - Consulado,
88,355,70,04,CONSULADOS,ESPAÑA,Santa Cruz de Tenerife,
88,355,70,05,CONSULADOS,ESPAÑA,Lanzarote,
88,360,01,02,CONSULADOS,ESTADOS UNIDOS,Atlanta - Consulado,
88,360,01,04,CONSULADOS,ESTADOS UNIDOS,Atlanta - Charlotte,
88,360,01,05,CONSULADOS,ESTADOS UNIDOS,Atlanta - Greenville,
88,360,05,02,CONSULADOS,ESTADOS UNIDOS,Washington - Consulado,
88,360,10,02,CONSULADOS,ESTADOS UNIDOS,Boston - Consulado,
88,360,10,04,CONSULADOS,ESTADOS UNIDOS,Boston - Central Falls,
88,360,15,02,CONSULADOS,ESTADOS UNIDOS,Chicago - Consulado,
88,360,15,03,CONSULADOS,ESTADOS UNIDOS,"Columbus, Ohio",
88,360,15,04,CONSULADOS,ESTADOS UNIDOS,Kansas City,
88,360,15,05,CONSULADOS,ESTADOS UNIDOS,Michigan,
88,360,15,06,CONSULADOS,ESTADOS UNIDOS,Missouri,
88,360,15,07,CONSULADOS,ESTADOS UNIDOS,Minnesota,
88,360,30,02,CONSULADOS,ESTADOS UNIDOS,Houston - Consulado,
88,360,30,04,CONSULADOS,ESTADOS UNIDOS,Houston - Austin,
88,360,30,05,CONSULADOS,ESTADOS UNIDOS,Houston - Dallas,
88,360,30,06,CONSULADOS,ESTADOS UNIDOS,Houston - Nueva Orleans,
88,360,30,07,CONSULADOS,ESTADOS UNIDOS,Houston - Oklahoma City,
88,360,30,08,CONSULADOS,ESTADOS UNIDOS,Houston - San Antonio,
88,360,35,02,CONSULADOS,ESTADOS UNIDOS,Los Angeles - Consulado,
88,360,35,04,CONSULADOS,ESTADOS UNIDOS,Los Angeles - Albuquerque,
88,360,35,05,CONSULADOS,ESTADOS UNIDOS,Los Angeles - Phoenix,
88,360,35,06,CONSULADOS,ESTADOS UNIDOS,Los Angeles - San Diego,
88,360,40,02,CONSULADOS,ESTADOS UNIDOS,Miami - Consulado,
88,360,40,04,CONSULADOS,ESTADOS UNIDOS,Miami - Hialeah,
88,360,40,05,CONSULADOS,ESTADOS UNIDOS,Miami - Kendall,
88,360,40,06,CONSULADOS,ESTADOS UNIDOS,Miami - Coral Springs,
88,360,40,07,CONSULADOS,ESTADOS UNIDOS,Miami - Sarasota,
88,360,40,08,CONSULADOS,ESTADOS UNIDOS,Miami - Weston,
88,360,40,09,CONSULADOS,ESTADOS UNIDOS,Miami - West Palm Beach,
88,360,55,02,CONSULADOS,ESTADOS UNIDOS,Nueva York - Consulado,
88,360,55,04,CONSULADOS,ESTADOS UNIDOS,Nueva York - Brentwood,
88,360,55,05,CONSULADOS,ESTADOS UNIDOS,Nueva York - Connecticut - Bridge,
88,360,55,06,CONSULADOS,ESTADOS UNIDOS,Nueva York - Port Chester,
88,360,55,07,CONSULADOS,ESTADOS UNIDOS,Nueva York - Queens,
88,360,55,08,CONSULADOS,ESTADOS UNIDOS,Nueva York - White Plains,
88,360,55,10,CONSULADOS,ESTADOS UNIDOS,Nueva York - Los Hampton,
88,360,57,02,CONSULADOS,ESTADOS UNIDOS,Newark - Consulado,
88,360,57,04,CONSULADOS,ESTADOS UNIDOS,Newark - Atlantic City,
88,360,57,05,CONSULADOS,ESTADOS UNIDOS,Newark - Dover,
88,360,57,06,CONSULADOS,ESTADOS UNIDOS,Newark  - Elizabeth,
88,360,57,07,CONSULADOS,ESTADOS UNIDOS,Newark - Hackensack,
88,360,57,08,CONSULADOS,ESTADOS UNIDOS,Newark  - Morristown,
88,360,57,09,CONSULADOS,ESTADOS UNIDOS,Newark - Paterson,
88,360,57,10,CONSULADOS,ESTADOS UNIDOS,Newark - Philadelphia,
88,360,57,11,CONSULADOS,ESTADOS UNIDOS,Newark  - Trenton,
88,360,57,12,CONSULADOS,ESTADOS UNIDOS,Newark - Union City,
88,360,57,13,CONSULADOS,ESTADOS UNIDOS,Newark - Pittsburgh,
88,360,59,02,CONSULADOS,ESTADOS UNIDOS,Orlando - Consulado,
88,360,59,04,CONSULADOS,ESTADOS UNIDOS,Orlando - Jacksonville,
88,360,59,05,CONSULADOS,ESTADOS UNIDOS,Orlando - Tampa,
88,360,60,02,CONSULADOS,ESTADOS UNIDOS,San Francisco - Consulado,
88,360,60,04,CONSULADOS,ESTADOS UNIDOS,San Francisco - Denver,
88,360,60,05,CONSULADOS,ESTADOS UNIDOS,San Francisco - Seattle,
88,360,60,06,CONSULADOS,ESTADOS UNIDOS,Salt Lake City,
88,360,60,09,CONSULADOS,ESTADOS UNIDOS,San Francisco - Las Vegas Nevada,
88,360,60,10,CONSULADOS,ESTADOS UNIDOS,San Francisco - Alaska,
88,360,60,11,CONSULADOS,ESTADOS UNIDOS,Hawaii,
88,370,05,02,CONSULADOS,REPUBLICA DE FILIPINAS,Manila Consulado,
88,375,05,02,CONSULADOS,FINLANDIA,Helsinki - Consulado,
88,380,05,02,CONSULADOS,FRANCIA,Paris - Consulado,
88,380,05,04,CONSULADOS,FRANCIA,Paris - Estrasburgo,
88,380,05,05,CONSULADOS,FRANCIA,Paris - Lyon,
88,380,05,06,CONSULADOS,FRANCIA,Paris - Montpellier,
88,380,05,08,CONSULADOS,FRANCIA,Paris - Nantes,
88,380,05,10,CONSULADOS,FRANCIA,Paris - Toulouse,
88,410,05,02,CONSULADOS,GUATEMALA,Guatemala - Consulado,
88,430,05,02,CONSULADOS,HAITI,Puerto Principe - Consulado,
88,435,05,02,CONSULADOS,PAISES BAJOS,Amsterdam Consulado,
88,435,05,04,CONSULADOS,PAISES BAJOS,La Haya,
88,440,05,02,CONSULADOS,HONDURAS,Tegucigalpa - Consulado,
88,445,05,02,CONSULADOS,HUNGRIA,Budapest Consulado,
88,455,05,02,CONSULADOS,INDIA,Nueva Delhi - Consulado,
88,460,05,02,CONSULADOS,INDONESIA,Jakarta Consulado,
88,465,05,02,CONSULADOS,INGLATERRA,Londres - Consulado,
88,465,05,03,CONSULADOS,INGLATERRA,Londres - Edimburgo,
88,470,05,02,CONSULADOS,IRLANDA,Dublín Consulado,
88,490,05,02,CONSULADOS,ISRAEL,Tel Aviv - Consulado,
88,490,05,04,CONSULADOS,ISRAEL,Ramallah - Palestina,
88,495,05,02,CONSULADOS,ITALIA,Milán Consulado,
88,495,05,04,CONSULADOS,ITALIA,Turín,
88,495,05,05,CONSULADOS,ITALIA,Génova,
88,495,10,02,CONSULADOS,ITALIA,Roma - Consulado,
88,495,10,04,CONSULADOS,ITALIA,Malta - La Valeta,
88,495,10,05,CONSULADOS,ITALIA,Limassol - Chipre,
88,495,10,06,CONSULADOS,ITALIA,Atenas - Grecia,
88,495,10,07,CONSULADOS,ITALIA,Florencia,
88,495,10,08,CONSULADOS,ITALIA,Nápoles,
88,500,05,02,CONSULADOS,JAMAICA,Kingston - Consulado,
88,500,05,04,CONSULADOS,JAMAICA,Islas Caimán,
88,505,10,02,CONSULADOS,JAPON,Tokio - Consulado,
88,505,10,04,CONSULADOS,JAPON,Nagoya,
88,505,10,05,CONSULADOS,JAPON,Osaka,
88,515,05,02,CONSULADOS,KENIA,Nairobi - Consulado,
88,535,05,02,CONSULADOS,LIBANO,Beirut - Consulado,
88,560,05,02,CONSULADOS,MALASIA,Kualalumpur - Consulado,
88,580,05,02,CONSULADOS,MARRUECOS,Rabat Consulado,
88,590,05,02,CONSULADOS,MEXICO,Ciudad de México - Consulado,
88,590,10,02,CONSULADOS,MEXICO,Cancún Consulado,
88,590,10,04,CONSULADOS,MEXICO,Mérida,
88,590,10,05,CONSULADOS,MEXICO,Villahermosa,
88,590,15,02,CONSULADOS,MEXICO,Monterrey Consulado,
88,590,20,02,CONSULADOS,MEXICO,Guadalajara Consulado,
88,620,05,02,CONSULADOS,NICARAGUA,Managua - Consulado,
88,625,02,02,CONSULADOS,NUEVA ZELANDIA,Auckland - Consulado,
88,625,02,04,CONSULADOS,NUEVA ZELANDIA,Wellington,
88,635,05,02,CONSULADOS,NORUEGA,Oslo - Consulado,
88,655,05,02,CONSULADOS,PANAMA,Panama - Consulado,
88,655,05,05,CONSULADOS,PANAMA,Panama - David,
88,655,07,02,CONSULADOS,PANAMA,Colón - Consulado,
88,655,12,02,CONSULADOS,PANAMA,Jaqué Consulado,
88,655,20,02,CONSULADOS,PANAMA,Puerto Obaldía - Consulado,
88,665,05,02,CONSULADOS,PARAGUAY,Asunción - Consulado,
88,670,05,02,CONSULADOS,PERU,Lima - Consulado,
88,670,15,02,CONSULADOS,PERU,Iquitos - Consulado,
88,675,05,02,CONSULADOS,POLONIA,Varsovia - Consulado,
88,675,05,04,CONSULADOS,POLONIA,Bucarest,
88,680,05,02,CONSULADOS,PORTUGAL,Lisboa - Consulado,
88,680,05,04,CONSULADOS,PORTUGAL,Oporto,
88,683,05,02,CONSULADOS,PUERTO RICO,San Juan de Puerto Rico - Consulado,
88,685,05,02,CONSULADOS,REPUBLICA DOMINICANA,Santo Domingo - Consulado,
88,688,11,02,CONSULADOS,REPUBLICA DE SINGAPUR,Singapur - Consulado,
88,690,05,02,CONSULADOS,REPUBLICA SOCIALISTA DE VIETNA,Hanoi Consulado,
88,700,05,02,CONSULADOS,RUSIA,Moscú - Consulado,
88,745,05,02,CONSULADOS,SUDAFRICA,Pretoria - Consulado,
88,745,05,04,CONSULADOS,SUDAFRICA,Ciudad del Cabo,
88,755,05,02,CONSULADOS,SUECIA,Estocolmo - Consulado,
88,760,05,02,CONSULADOS,SUIZA,Berna - Consulado,
88,760,05,04,CONSULADOS,SUIZA,Ginebra,
88,760,05,05,CONSULADOS,SUIZA,Lugano,
88,760,05,06,CONSULADOS,SUIZA,Zurich,
88,765,02,02,CONSULADOS,TAILANDIA,Bangkok Consulado,
88,770,02,02,CONSULADOS,TURQUIA,Ankara Consulado,
88,770,03,02,CONSULADOS,TURQUIA,Estambul Consulado,
88,785,05,02,CONSULADOS,TRINIDAD Y TOBAGO,Puerto España - Consulado,
88,785,05,04,CONSULADOS,TRINIDAD Y TOBAGO,Bridgetown,
88,785,05,06,CONSULADOS,TRINIDAD Y TOBAGO,Georgetown,
88,805,05,02,CONSULADOS,URUGUAY,Montevideo - Consulado,
88,815,05,02,CONSULADOS,VENEZUELA,Caracas - Consulado,
88,815,05,04,CONSULADOS,VENEZUELA,Valencia,
88,815,05,05,CONSULADOS,VENEZUELA,Puerto La Cruz,
88,815,10,02,CONSULADOS,VENEZUELA,Barquisimeto - Consulado,
88,815,35,02,CONSULADOS,VENEZUELA,Maracaibo - Consulado,
88,815,35,04,CONSULADOS,VENEZUELA,Maracaibo - Machiques,
88,815,35,06,CONSULADOS,VENEZUELA,Maracaibo - San Carlos del Zulia,
88,815,52,02,CONSULADOS,VENEZUELA,Puerto Ordaz - Consulado,
88,815,52,04,CONSULADOS,VENEZUELA,Puerto Ordaz - Bolívar,
88,815,55,02,CONSULADOS,VENEZUELA,San Antonio del Táchira - Consulado,
88,815,55,03,CONSULADOS,VENEZUELA,Guasdualito,
88,815,55,04,CONSULADOS,VENEZUELA,San Antonio del Táchira - Rubio,
88,815,55,05,CONSULADOS,VENEZUELA,Guasdualito - El Amparo,
88,815,55,06,CONSULADOS,VENEZUELA,Guasdualito - Barinas,
88,815,55,07,CONSULADOS,VENEZUELA,Guasdualito - Ezequiel Mora,
88,815,55,08,CONSULADOS,VENEZUELA,Guasdualito - San Fernando de Apure,
88,815,65,02,CONSULADOS,VENEZUELA,San Cristóbal - Consulado,
88,815,65,03,CONSULADOS,VENEZUELA,Puerto Ayacucho,
88,815,65,05,CONSULADOS,VENEZUELA,San Cristóbal - Fernández Feo,
88,815,65,06,CONSULADOS,VENEZUELA,San Cristóbal - García de Hevia,
88,815,65,07,CONSULADOS,VENEZUELA,San Cristóbal - Jauregui,
88,815,65,08,CONSULADOS,VENEZUELA,San Cristóbal - Mérida,
88,815,65,09,CONSULADOS,VENEZUELA,San Fernando de Atabapo,
88,115,05,81,CONSULADOS,GHANA,LUNES ACCRA CONSULADO,
88,115,05,82,CONSULADOS,GHANA,MARTES ACCRA CONSULADO,
88,115,05,83,CONSULADOS,GHANA,MIERCOLES ACCRA CONSULADO,
88,115,05,84,CONSULADOS,GHANA,JUEVES ACCRA CONSULADO,
88,115,05,85,CONSULADOS,GHANA,VIERNES ACCRA CONSULADO,
88,115,05,86,CONSULADOS,GHANA,SABADO ACCRA CONSULADO,
88,120,05,81,CONSULADOS,ALEMANIA,LUNES BERLIN CONSULADO,
88,120,05,82,CONSULADOS,ALEMANIA,MARTES BERLIN CONSULADO,
88,120,05,83,CONSULADOS,ALEMANIA,MIERCOLES BERLIN CONSULADO,
88,120,05,84,CONSULADOS,ALEMANIA,JUEVES BERLIN CONSULADO,
88,120,05,85,CONSULADOS,ALEMANIA,VIERNES BERLIN CONSULADO,
88,120,05,86,CONSULADOS,ALEMANIA,SABADO BERLIN CONSULADO,
88,120,15,81,CONSULADOS,ALEMANIA,LUNES FRANKFURT CONSULADO,
88,120,15,82,CONSULADOS,ALEMANIA,MARTES FRANKFURT CONSULADO,
88,120,15,83,CONSULADOS,ALEMANIA,MIERCOLES FRANKFURT CONSULADO,
88,120,15,84,CONSULADOS,ALEMANIA,JUEVES FRANKFURT CONSULADO,
88,120,15,85,CONSULADOS,ALEMANIA,VIERNES FRANKFURT CONSULADO,
88,120,15,86,CONSULADOS,ALEMANIA,SABADO FRANKFURT CONSULADO,
88,130,05,81,CONSULADOS,ARGELIA,LUNES ARGEL CONSULADO,
88,130,05,82,CONSULADOS,ARGELIA,MARTES ARGEL CONSULADO,
88,130,05,83,CONSULADOS,ARGELIA,MIERCOLES ARGEL CONSULADO,
88,130,05,84,CONSULADOS,ARGELIA,JUEVES ARGEL CONSULADO,
88,130,05,85,CONSULADOS,ARGELIA,VIERNES ARGEL CONSULADO,
88,130,05,86,CONSULADOS,ARGELIA,SABADO ARGEL CONSULADO,
88,135,05,81,CONSULADOS,AZERBAIYAN,LUNES BAKU CONSULADO,
88,135,05,82,CONSULADOS,AZERBAIYAN,MARTES BAKU CONSULADO,
88,135,05,83,CONSULADOS,AZERBAIYAN,MIERCOLES BAKU CONSULADO,
88,135,05,84,CONSULADOS,AZERBAIYAN,JUEVES BAKU CONSULADO,
88,135,05,85,CONSULADOS,AZERBAIYAN,VIERNES BAKU CONSULADO,
88,135,05,86,CONSULADOS,AZERBAIYAN,SABADO BAKU CONSULADO,
88,140,10,81,CONSULADOS,CURAZAO,LUNES WILLEMSTAD CONSULADO,
88,140,10,82,CONSULADOS,CURAZAO,MARTES WILLEMSTAD CONSULADO,
88,140,10,83,CONSULADOS,CURAZAO,MIERCOLES WILLEMSTAD CONSULADO,
88,140,10,84,CONSULADOS,CURAZAO,JUEVES WILLEMSTAD CONSULADO,
88,140,10,85,CONSULADOS,CURAZAO,VIERNES WILLEMSTAD CONSULADO,
88,140,10,86,CONSULADOS,CURAZAO,SABADO WILLEMSTAD CONSULADO,
88,155,05,81,CONSULADOS,ARGENTINA,LUNES BUENOS AIRES CONSULADO,
88,155,05,82,CONSULADOS,ARGENTINA,MARTES BUENOS AIRES CONSULADO,
88,155,05,83,CONSULADOS,ARGENTINA,MIERCOLES BUENOS AIRES CONSULADO,
88,155,05,84,CONSULADOS,ARGENTINA,JUEVES BUENOS AIRES CONSULADO,
88,155,05,85,CONSULADOS,ARGENTINA,VIERNES BUENOS AIRES CONSULADO,
88,155,05,86,CONSULADOS,ARGENTINA,SABADO BUENOS AIRES CONSULADO,
88,160,05,81,CONSULADOS,ARUBA,LUNES ORANJESTAD CONSULADO,
88,160,05,82,CONSULADOS,ARUBA,MARTES ORANJESTAD CONSULADO,
88,160,05,83,CONSULADOS,ARUBA,MIERCOLES ORANJESTAD CONSULADO,
88,160,05,84,CONSULADOS,ARUBA,JUEVES ORANJESTAD CONSULADO,
88,160,05,85,CONSULADOS,ARUBA,VIERNES ORANJESTAD CONSULADO,
88,160,05,86,CONSULADOS,ARUBA,SABADO ORANJESTAD CONSULADO,
88,165,03,81,CONSULADOS,AUSTRALIA,LUNES CANBERRA CONSULADO,
88,165,03,82,CONSULADOS,AUSTRALIA,MARTES CANBERRA CONSULADO,
88,165,03,83,CONSULADOS,AUSTRALIA,MIERCOLES CANBERRA CONSULADO,
88,165,03,84,CONSULADOS,AUSTRALIA,JUEVES CANBERRA CONSULADO,
88,165,03,85,CONSULADOS,AUSTRALIA,VIERNES CANBERRA CONSULADO,
88,165,03,86,CONSULADOS,AUSTRALIA,SABADO CANBERRA CONSULADO,
88,165,10,81,CONSULADOS,AUSTRALIA,LUNES SYDNEY CONSULADO,
88,165,10,82,CONSULADOS,AUSTRALIA,MARTES SYDNEY CONSULADO,
88,165,10,83,CONSULADOS,AUSTRALIA,MIERCOLES SYDNEY CONSULADO,
88,165,10,84,CONSULADOS,AUSTRALIA,JUEVES SYDNEY CONSULADO,
88,165,10,85,CONSULADOS,AUSTRALIA,VIERNES SYDNEY CONSULADO,
88,165,10,86,CONSULADOS,AUSTRALIA,SABADO SYDNEY CONSULADO,
88,170,05,81,CONSULADOS,AUSTRIA,LUNES VIENA CONSULADO,
88,170,05,82,CONSULADOS,AUSTRIA,MARTES VIENA CONSULADO,
88,170,05,83,CONSULADOS,AUSTRIA,MIERCOLES VIENA CONSULADO,
88,170,05,84,CONSULADOS,AUSTRIA,JUEVES VIENA CONSULADO,
88,170,05,85,CONSULADOS,AUSTRIA,VIERNES VIENA CONSULADO,
88,170,05,86,CONSULADOS,AUSTRIA,SABADO VIENA CONSULADO,
88,190,05,81,CONSULADOS,BELGICA,LUNES BRUSELAS CONSULADO,
88,190,05,82,CONSULADOS,BELGICA,MARTES BRUSELAS CONSULADO,
88,190,05,83,CONSULADOS,BELGICA,MIERCOLES BRUSELAS CONSULADO,
88,190,05,84,CONSULADOS,BELGICA,JUEVES BRUSELAS CONSULADO,
88,190,05,85,CONSULADOS,BELGICA,VIERNES BRUSELAS CONSULADO,
88,190,05,86,CONSULADOS,BELGICA,SABADO BRUSELAS CONSULADO,
88,215,05,81,CONSULADOS,BOLIVIA,LUNES LA PAZ CONSULADO,
88,215,05,82,CONSULADOS,BOLIVIA,MARTES LA PAZ CONSULADO,
88,215,05,83,CONSULADOS,BOLIVIA,MIERCOLES LA PAZ CONSULADO,
88,215,05,84,CONSULADOS,BOLIVIA,JUEVES LA PAZ CONSULADO,
88,215,05,85,CONSULADOS,BOLIVIA,VIERNES LA PAZ CONSULADO,
88,215,05,86,CONSULADOS,BOLIVIA,SABADO LA PAZ CONSULADO,
88,220,05,81,CONSULADOS,BRASIL,LUNES BRASILIA CONSULADO,
88,220,05,82,CONSULADOS,BRASIL,MARTES BRASILIA CONSULADO,
88,220,05,83,CONSULADOS,BRASIL,MIERCOLES BRASILIA CONSULADO,
88,220,05,84,CONSULADOS,BRASIL,JUEVES BRASILIA CONSULADO,
88,220,05,85,CONSULADOS,BRASIL,VIERNES BRASILIA CONSULADO,
88,220,05,86,CONSULADOS,BRASIL,SABADO BRASILIA CONSULADO,
88,220,15,81,CONSULADOS,BRASIL,LUNES MANAOS - CONSULADO,
88,220,15,82,CONSULADOS,BRASIL,MARTES MANAOS - CONSULADO,
88,220,15,83,CONSULADOS,BRASIL,MIERCOLES MANAOS - CONSULADO,
88,220,15,84,CONSULADOS,BRASIL,JUEVES MANAOS - CONSULADO,
88,220,15,85,CONSULADOS,BRASIL,VIERNES MANAOS - CONSULADO,
88,220,15,86,CONSULADOS,BRASIL,SABADO MANAOS - CONSULADO,
88,220,35,81,CONSULADOS,BRASIL,LUNES SAO PAULO CONSULADO,
88,220,35,82,CONSULADOS,BRASIL,MARTES SAO PAULO CONSULADO,
88,220,35,83,CONSULADOS,BRASIL,MIERCOLES SAO PAULO CONSULADO,
88,220,35,84,CONSULADOS,BRASIL,JUEVES SAO PAULO CONSULADO,
88,220,35,85,CONSULADOS,BRASIL,VIERNES SAO PAULO CONSULADO,
88,220,35,86,CONSULADOS,BRASIL,SABADO SAO PAULO CONSULADO,
88,220,40,81,CONSULADOS,BRASIL,LUNES TABATINGA CONSULADO,
88,220,40,82,CONSULADOS,BRASIL,MARTES TABATINGA CONSULADO,
88,220,40,83,CONSULADOS,BRASIL,MIERCOLES TABATINGA CONSULADO,
88,220,40,84,CONSULADOS,BRASIL,JUEVES TABATINGA CONSULADO,
88,220,40,85,CONSULADOS,BRASIL,VIERNES TABATINGA CONSULADO,
88,220,40,86,CONSULADOS,BRASIL,SABADO TABATINGA CONSULADO,
88,220,42,81,CONSULADOS,BRASIL,LUNES RÍO DE JANEIRO - CONSULADO,
88,220,42,82,CONSULADOS,BRASIL,MARTES RÍO DE JANEIRO - CONSULADO,
88,220,42,83,CONSULADOS,BRASIL,MIERCOLES RÍO DE JANEIRO - CONSULADO,
88,220,42,84,CONSULADOS,BRASIL,JUEVES RÍO DE JANEIRO - CONSULADO,
88,220,42,85,CONSULADOS,BRASIL,VIERNES RÍO DE JANEIRO - CONSULADO,
88,220,42,86,CONSULADOS,BRASIL,SABADO RÍO DE JANEIRO - CONSULADO,
88,250,02,81,CONSULADOS,CANADA,LUNES CALGARY CONSULADO,
88,250,02,82,CONSULADOS,CANADA,MARTES CALGARY CONSULADO,
88,250,02,83,CONSULADOS,CANADA,MIERCOLES CALGARY CONSULADO,
88,250,02,84,CONSULADOS,CANADA,JUEVES CALGARY CONSULADO,
88,250,02,85,CONSULADOS,CANADA,VIERNES CALGARY CONSULADO,
88,250,02,86,CONSULADOS,CANADA,SABADO CALGARY CONSULADO,
88,250,03,81,CONSULADOS,CANADA,LUNES MONTREAL CONSULADO,
88,250,03,82,CONSULADOS,CANADA,MARTES MONTREAL CONSULADO,
88,250,03,83,CONSULADOS,CANADA,MIERCOLES MONTREAL CONSULADO,
88,250,03,84,CONSULADOS,CANADA,JUEVES MONTREAL CONSULADO,
88,250,03,85,CONSULADOS,CANADA,VIERNES MONTREAL CONSULADO,
88,250,03,86,CONSULADOS,CANADA,SABADO MONTREAL CONSULADO,
88,250,05,81,CONSULADOS,CANADA,LUNES OTTAWA CONSULADO,
88,250,05,82,CONSULADOS,CANADA,MARTES OTTAWA CONSULADO,
88,250,05,83,CONSULADOS,CANADA,MIERCOLES OTTAWA CONSULADO,
88,250,05,84,CONSULADOS,CANADA,JUEVES OTTAWA CONSULADO,
88,250,05,85,CONSULADOS,CANADA,VIERNES OTTAWA CONSULADO,
88,250,05,86,CONSULADOS,CANADA,SABADO OTTAWA CONSULADO,
88,250,10,81,CONSULADOS,CANADA,LUNES TORONTO CONSULADO,
88,250,10,82,CONSULADOS,CANADA,MARTES TORONTO CONSULADO,
88,250,10,83,CONSULADOS,CANADA,MIERCOLES TORONTO CONSULADO,
88,250,10,84,CONSULADOS,CANADA,JUEVES TORONTO CONSULADO,
88,250,10,85,CONSULADOS,CANADA,VIERNES TORONTO CONSULADO,
88,250,10,86,CONSULADOS,CANADA,SABADO TORONTO CONSULADO,
88,250,20,81,CONSULADOS,CANADA,LUNES VANCOUVER CONSULADO,
88,250,20,82,CONSULADOS,CANADA,MARTES VANCOUVER CONSULADO,
88,250,20,83,CONSULADOS,CANADA,MIERCOLES VANCOUVER CONSULADO,
88,250,20,84,CONSULADOS,CANADA,JUEVES VANCOUVER CONSULADO,
88,250,20,85,CONSULADOS,CANADA,VIERNES VANCOUVER CONSULADO,
88,250,20,86,CONSULADOS,CANADA,SABADO VANCOUVER CONSULADO,
88,275,05,81,CONSULADOS,COREA DEL SUR,LUNES SEUL - CONSULADO,
88,275,05,82,CONSULADOS,COREA DEL SUR,MARTES SEUL - CONSULADO,
88,275,05,83,CONSULADOS,COREA DEL SUR,MIERCOLES SEUL - CONSULADO,
88,275,05,84,CONSULADOS,COREA DEL SUR,JUEVES SEUL - CONSULADO,
88,275,05,85,CONSULADOS,COREA DEL SUR,VIERNES SEUL - CONSULADO,
88,275,05,86,CONSULADOS,COREA DEL SUR,SABADO SEUL - CONSULADO,
88,285,05,81,CONSULADOS,COSTA RICA,LUNES SAN JOSÉ - CONSULADO,
88,285,05,82,CONSULADOS,COSTA RICA,MARTES SAN JOSÉ - CONSULADO,
88,285,05,83,CONSULADOS,COSTA RICA,MIERCOLES SAN JOSÉ - CONSULADO,
88,285,05,84,CONSULADOS,COSTA RICA,JUEVES SAN JOSÉ - CONSULADO,
88,285,05,85,CONSULADOS,COSTA RICA,VIERNES SAN JOSÉ - CONSULADO,
88,285,05,86,CONSULADOS,COSTA RICA,SABADO SAN JOSÉ - CONSULADO,
88,290,05,81,CONSULADOS,CUBA,LUNES LA HABANA - CONSULADO,
88,290,05,82,CONSULADOS,CUBA,MARTES LA HABANA - CONSULADO,
88,290,05,83,CONSULADOS,CUBA,MIERCOLES LA HABANA - CONSULADO,
88,290,05,84,CONSULADOS,CUBA,JUEVES LA HABANA - CONSULADO,
88,290,05,85,CONSULADOS,CUBA,VIERNES LA HABANA - CONSULADO,
88,290,05,86,CONSULADOS,CUBA,SABADO LA HABANA - CONSULADO,
88,305,02,81,CONSULADOS,CHILE,LUNES ANTOFAGASTA CONSULADO,
88,305,02,82,CONSULADOS,CHILE,MARTES ANTOFAGASTA CONSULADO,
88,305,02,83,CONSULADOS,CHILE,MIERCOLES ANTOFAGASTA CONSULADO,
88,305,02,84,CONSULADOS,CHILE,JUEVES ANTOFAGASTA CONSULADO,
88,305,02,85,CONSULADOS,CHILE,VIERNES ANTOFAGASTA CONSULADO,
88,305,02,86,CONSULADOS,CHILE,SABADO ANTOFAGASTA CONSULADO,
88,305,05,81,CONSULADOS,CHILE,LUNES SANTIAGO CONSULADO,
88,305,05,82,CONSULADOS,CHILE,MARTES SANTIAGO CONSULADO,
88,305,05,83,CONSULADOS,CHILE,MIERCOLES SANTIAGO CONSULADO,
88,305,05,84,CONSULADOS,CHILE,JUEVES SANTIAGO CONSULADO,
88,305,05,85,CONSULADOS,CHILE,VIERNES SANTIAGO CONSULADO,
88,305,05,86,CONSULADOS,CHILE,SABADO SANTIAGO CONSULADO,
88,315,05,81,CONSULADOS,CHINA REPUBLICA POPULAR,LUNES BEIJING - CONSULADO,
88,315,05,82,CONSULADOS,CHINA REPUBLICA POPULAR,MARTES BEIJING - CONSULADO,
88,315,05,83,CONSULADOS,CHINA REPUBLICA POPULAR,MIERCOLES BEIJING - CONSULADO,
88,315,05,84,CONSULADOS,CHINA REPUBLICA POPULAR,JUEVES BEIJING - CONSULADO,
88,315,05,85,CONSULADOS,CHINA REPUBLICA POPULAR,VIERNES BEIJING - CONSULADO,
88,315,05,86,CONSULADOS,CHINA REPUBLICA POPULAR,SABADO BEIJING - CONSULADO,
88,315,10,81,CONSULADOS,CHINA REPUBLICA POPULAR,LUNES GUANGZHOU CONSULADO,
88,315,10,82,CONSULADOS,CHINA REPUBLICA POPULAR,MARTES GUANGZHOU CONSULADO,
88,315,10,83,CONSULADOS,CHINA REPUBLICA POPULAR,MIERCOLES GUANGZHOU CONSULADO,
88,315,10,84,CONSULADOS,CHINA REPUBLICA POPULAR,JUEVES GUANGZHOU CONSULADO,
88,315,10,85,CONSULADOS,CHINA REPUBLICA POPULAR,VIERNES GUANGZHOU CONSULADO,
88,315,10,86,CONSULADOS,CHINA REPUBLICA POPULAR,SABADO GUANGZHOU CONSULADO,
88,315,50,81,CONSULADOS,CHINA REPUBLICA POPULAR,LUNES HONG KONG - CONSULADO,
88,315,50,82,CONSULADOS,CHINA REPUBLICA POPULAR,MARTES HONG KONG - CONSULADO,
88,315,50,83,CONSULADOS,CHINA REPUBLICA POPULAR,MIERCOLES HONG KONG - CONSULADO,
88,315,50,84,CONSULADOS,CHINA REPUBLICA POPULAR,JUEVES HONG KONG - CONSULADO,
88,315,50,85,CONSULADOS,CHINA REPUBLICA POPULAR,VIERNES HONG KONG - CONSULADO,
88,315,50,86,CONSULADOS,CHINA REPUBLICA POPULAR,SABADO HONG KONG - CONSULADO,
88,315,55,81,CONSULADOS,CHINA REPUBLICA POPULAR,LUNES SHANGHAI CONSULADO,
88,315,55,82,CONSULADOS,CHINA REPUBLICA POPULAR,MARTES SHANGHAI CONSULADO,
88,315,55,83,CONSULADOS,CHINA REPUBLICA POPULAR,MIERCOLES SHANGHAI CONSULADO,
88,315,55,84,CONSULADOS,CHINA REPUBLICA POPULAR,JUEVES SHANGHAI CONSULADO,
88,315,55,85,CONSULADOS,CHINA REPUBLICA POPULAR,VIERNES SHANGHAI CONSULADO,
88,315,55,86,CONSULADOS,CHINA REPUBLICA POPULAR,SABADO SHANGHAI CONSULADO,
88,325,05,81,CONSULADOS,DINAMARCA,LUNES COPENHAGUE CONSULADO,
88,325,05,82,CONSULADOS,DINAMARCA,MARTES COPENHAGUE CONSULADO,
88,325,05,83,CONSULADOS,DINAMARCA,MIERCOLES COPENHAGUE CONSULADO,
88,325,05,84,CONSULADOS,DINAMARCA,JUEVES COPENHAGUE CONSULADO,
88,325,05,85,CONSULADOS,DINAMARCA,VIERNES COPENHAGUE CONSULADO,
88,325,05,86,CONSULADOS,DINAMARCA,SABADO COPENHAGUE CONSULADO,
88,330,05,81,CONSULADOS,ECUADOR,LUNES QUITO - CONSULADO,
88,330,05,82,CONSULADOS,ECUADOR,MARTES QUITO - CONSULADO,
88,330,05,83,CONSULADOS,ECUADOR,MIERCOLES QUITO - CONSULADO,
88,330,05,84,CONSULADOS,ECUADOR,JUEVES QUITO - CONSULADO,
88,330,05,85,CONSULADOS,ECUADOR,VIERNES QUITO - CONSULADO,
88,330,05,86,CONSULADOS,ECUADOR,SABADO QUITO - CONSULADO,
88,330,10,81,CONSULADOS,ECUADOR,LUNES ESMERALDAS - CONSULADO,
88,330,10,82,CONSULADOS,ECUADOR,MARTES ESMERALDAS - CONSULADO,
88,330,10,83,CONSULADOS,ECUADOR,MIERCOLES ESMERALDAS - CONSULADO,
88,330,10,84,CONSULADOS,ECUADOR,JUEVES ESMERALDAS - CONSULADO,
88,330,10,85,CONSULADOS,ECUADOR,VIERNES ESMERALDAS - CONSULADO,
88,330,10,86,CONSULADOS,ECUADOR,SABADO ESMERALDAS - CONSULADO,
88,330,15,81,CONSULADOS,ECUADOR,LUNES GUAYAQUIL - CONSULADO,
88,330,15,82,CONSULADOS,ECUADOR,MARTES GUAYAQUIL - CONSULADO,
88,330,15,83,CONSULADOS,ECUADOR,MIERCOLES GUAYAQUIL - CONSULADO,
88,330,15,84,CONSULADOS,ECUADOR,JUEVES GUAYAQUIL - CONSULADO,
88,330,15,85,CONSULADOS,ECUADOR,VIERNES GUAYAQUIL - CONSULADO,
88,330,15,86,CONSULADOS,ECUADOR,SABADO GUAYAQUIL - CONSULADO,
88,330,20,81,CONSULADOS,ECUADOR,LUNES NUEVA LOJA - CONSULADO,
88,330,20,82,CONSULADOS,ECUADOR,MARTES NUEVA LOJA - CONSULADO,
88,330,20,83,CONSULADOS,ECUADOR,MIERCOLES NUEVA LOJA - CONSULADO,
88,330,20,84,CONSULADOS,ECUADOR,JUEVES NUEVA LOJA - CONSULADO,
88,330,20,85,CONSULADOS,ECUADOR,VIERNES NUEVA LOJA - CONSULADO,
88,330,20,86,CONSULADOS,ECUADOR,SABADO NUEVA LOJA - CONSULADO,
88,330,35,81,CONSULADOS,ECUADOR,LUNES SANTO DOMINGO TSACHILAS - CONSULAD,
88,330,35,82,CONSULADOS,ECUADOR,MARTES SANTO DOMINGO TSACHILAS - CONSULA,
88,330,35,83,CONSULADOS,ECUADOR,MIERCOLES SANTO DOMINGO TSACHILAS - CONS,
88,330,35,84,CONSULADOS,ECUADOR,JUEVES SANTO DOMINGO TSACHILAS - CONSULA,
88,330,35,85,CONSULADOS,ECUADOR,VIERNES SANTO DOMINGO TSACHILAS - CONSUL,
88,330,35,86,CONSULADOS,ECUADOR,SABADO SANTO DOMINGO TSACHILAS - CONSULA,
88,330,40,81,CONSULADOS,ECUADOR,LUNES TULCÁN - CONSULADO,
88,330,40,82,CONSULADOS,ECUADOR,MARTES TULCÁN - CONSULADO,
88,330,40,83,CONSULADOS,ECUADOR,MIERCOLES TULCÁN - CONSULADO,
88,330,40,84,CONSULADOS,ECUADOR,JUEVES TULCÁN - CONSULADO,
88,330,40,85,CONSULADOS,ECUADOR,VIERNES TULCÁN - CONSULADO,
88,330,40,86,CONSULADOS,ECUADOR,SABADO TULCÁN - CONSULADO,
88,335,05,81,CONSULADOS,EGIPTO,LUNES EL CAIRO - CONSULADO,
88,335,05,82,CONSULADOS,EGIPTO,MARTES EL CAIRO - CONSULADO,
88,335,05,83,CONSULADOS,EGIPTO,MIERCOLES EL CAIRO - CONSULADO,
88,335,05,84,CONSULADOS,EGIPTO,JUEVES EL CAIRO - CONSULADO,
88,335,05,85,CONSULADOS,EGIPTO,VIERNES EL CAIRO - CONSULADO,
88,335,05,86,CONSULADOS,EGIPTO,SABADO EL CAIRO - CONSULADO,
88,340,05,81,CONSULADOS,EL SALVADOR,LUNES SAN SALVADOR - CONSULADO,
88,340,05,82,CONSULADOS,EL SALVADOR,MARTES SAN SALVADOR - CONSULADO,
88,340,05,83,CONSULADOS,EL SALVADOR,MIERCOLES SAN SALVADOR - CONSULADO,
88,340,05,84,CONSULADOS,EL SALVADOR,JUEVES SAN SALVADOR - CONSULADO,
88,340,05,85,CONSULADOS,EL SALVADOR,VIERNES SAN SALVADOR - CONSULADO,
88,340,05,86,CONSULADOS,EL SALVADOR,SABADO SAN SALVADOR - CONSULADO,
88,350,05,81,CONSULADOS,EMIRATOS ARABES UNIDOS,LUNES ABU DHABI - CONSULADO,
88,350,05,82,CONSULADOS,EMIRATOS ARABES UNIDOS,MARTES ABU DHABI - CONSULADO,
88,350,05,83,CONSULADOS,EMIRATOS ARABES UNIDOS,MIERCOLES ABU DHABI - CONSULADO,
88,350,05,84,CONSULADOS,EMIRATOS ARABES UNIDOS,JUEVES ABU DHABI - CONSULADO,
88,350,05,85,CONSULADOS,EMIRATOS ARABES UNIDOS,VIERNES ABU DHABI - CONSULADO,
88,350,05,86,CONSULADOS,EMIRATOS ARABES UNIDOS,SABADO ABU DHABI - CONSULADO,
88,355,03,81,CONSULADOS,ESPAÑA,LUNES BARCELONA - CONSULADO,
88,355,03,82,CONSULADOS,ESPAÑA,MARTES BARCELONA - CONSULADO,
88,355,03,83,CONSULADOS,ESPAÑA,MIERCOLES BARCELONA - CONSULADO,
88,355,03,84,CONSULADOS,ESPAÑA,JUEVES BARCELONA - CONSULADO,
88,355,03,85,CONSULADOS,ESPAÑA,VIERNES BARCELONA - CONSULADO,
88,355,03,86,CONSULADOS,ESPAÑA,SABADO BARCELONA - CONSULADO,
88,355,04,81,CONSULADOS,ESPAÑA,LUNES BILBAO - CONSULADO,
88,355,04,82,CONSULADOS,ESPAÑA,MARTES BILBAO - CONSULADO,
88,355,04,83,CONSULADOS,ESPAÑA,MIERCOLES BILBAO - CONSULADO,
88,355,04,84,CONSULADOS,ESPAÑA,JUEVES BILBAO - CONSULADO,
88,355,04,85,CONSULADOS,ESPAÑA,VIERNES BILBAO - CONSULADO,
88,355,04,86,CONSULADOS,ESPAÑA,SABADO BILBAO - CONSULADO,
88,355,05,81,CONSULADOS,ESPAÑA,LUNES MADRID - CONSULADO,
88,355,05,82,CONSULADOS,ESPAÑA,MARTES MADRID - CONSULADO,
88,355,05,83,CONSULADOS,ESPAÑA,MIERCOLES MADRID - CONSULADO,
88,355,05,84,CONSULADOS,ESPAÑA,JUEVES MADRID - CONSULADO,
88,355,05,85,CONSULADOS,ESPAÑA,VIERNES MADRID - CONSULADO,
88,355,05,86,CONSULADOS,ESPAÑA,SABADO MADRID - CONSULADO,
88,355,50,81,CONSULADOS,ESPAÑA,LUNES SEVILLA - CONSULADO,
88,355,50,82,CONSULADOS,ESPAÑA,MARTES SEVILLA - CONSULADO,
88,355,50,83,CONSULADOS,ESPAÑA,MIERCOLES SEVILLA - CONSULADO,
88,355,50,84,CONSULADOS,ESPAÑA,JUEVES SEVILLA - CONSULADO,
88,355,50,85,CONSULADOS,ESPAÑA,VIERNES SEVILLA - CONSULADO,
88,355,50,86,CONSULADOS,ESPAÑA,SABADO SEVILLA - CONSULADO,
88,355,60,81,CONSULADOS,ESPAÑA,LUNES PALMA DE MALLORCA - CONSULADO,
88,355,60,82,CONSULADOS,ESPAÑA,MARTES PALMA DE MALLORCA - CONSULADO,
88,355,60,83,CONSULADOS,ESPAÑA,MIERCOLES PALMA DE MALLORCA - CONSULADO,
88,355,60,84,CONSULADOS,ESPAÑA,JUEVES PALMA DE MALLORCA - CONSULADO,
88,355,60,85,CONSULADOS,ESPAÑA,VIERNES PALMA DE MALLORCA - CONSULADO,
88,355,60,86,CONSULADOS,ESPAÑA,SABADO PALMA DE MALLORCA - CONSULADO,
88,355,65,81,CONSULADOS,ESPAÑA,LUNES VALENCIA - CONSULADO,
88,355,65,82,CONSULADOS,ESPAÑA,MARTES VALENCIA - CONSULADO,
88,355,65,83,CONSULADOS,ESPAÑA,MIERCOLES VALENCIA - CONSULADO,
88,355,65,84,CONSULADOS,ESPAÑA,JUEVES VALENCIA - CONSULADO,
88,355,65,85,CONSULADOS,ESPAÑA,VIERNES VALENCIA - CONSULADO,
88,355,65,86,CONSULADOS,ESPAÑA,SABADO VALENCIA - CONSULADO,
88,355,70,81,CONSULADOS,ESPAÑA,LUNES PALMAS DE GRAN CANARIA - CONSULADO,
88,355,70,82,CONSULADOS,ESPAÑA,MARTES PALMAS DE GRAN CANARIA - CONSULAD,
88,355,70,83,CONSULADOS,ESPAÑA,MIERCOLES PALMAS DE GRAN CANARIA - CONSU,
88,355,70,84,CONSULADOS,ESPAÑA,JUEVES PALMAS DE GRAN CANARIA - CONSULAD,
88,355,70,85,CONSULADOS,ESPAÑA,VIERNES PALMAS DE GRAN CANARIA - CONSULA,
88,355,70,86,CONSULADOS,ESPAÑA,SABADO PALMAS DE GRAN CANARIA - CONSULAD,
88,360,01,81,CONSULADOS,ESTADOS UNIDOS,LUNES ATLANTA - CONSULADO,
88,360,01,82,CONSULADOS,ESTADOS UNIDOS,MARTES ATLANTA - CONSULADO,
88,360,01,83,CONSULADOS,ESTADOS UNIDOS,MIERCOLES ATLANTA - CONSULADO,
88,360,01,84,CONSULADOS,ESTADOS UNIDOS,JUEVES ATLANTA - CONSULADO,
88,360,01,85,CONSULADOS,ESTADOS UNIDOS,VIERNES ATLANTA - CONSULADO,
88,360,01,86,CONSULADOS,ESTADOS UNIDOS,SABADO ATLANTA - CONSULADO,
88,360,05,81,CONSULADOS,ESTADOS UNIDOS,LUNES WASHINGTON - CONSULADO,
88,360,05,82,CONSULADOS,ESTADOS UNIDOS,MARTES WASHINGTON - CONSULADO,
88,360,05,83,CONSULADOS,ESTADOS UNIDOS,MIERCOLES WASHINGTON - CONSULADO,
88,360,05,84,CONSULADOS,ESTADOS UNIDOS,JUEVES WASHINGTON - CONSULADO,
88,360,05,85,CONSULADOS,ESTADOS UNIDOS,VIERNES WASHINGTON - CONSULADO,
88,360,05,86,CONSULADOS,ESTADOS UNIDOS,SABADO WASHINGTON - CONSULADO,
88,360,10,81,CONSULADOS,ESTADOS UNIDOS,LUNES BOSTON - CONSULADO,
88,360,10,82,CONSULADOS,ESTADOS UNIDOS,MARTES BOSTON - CONSULADO,
88,360,10,83,CONSULADOS,ESTADOS UNIDOS,MIERCOLES BOSTON - CONSULADO,
88,360,10,84,CONSULADOS,ESTADOS UNIDOS,JUEVES BOSTON - CONSULADO,
88,360,10,85,CONSULADOS,ESTADOS UNIDOS,VIERNES BOSTON - CONSULADO,
88,360,10,86,CONSULADOS,ESTADOS UNIDOS,SABADO BOSTON - CONSULADO,
88,360,15,81,CONSULADOS,ESTADOS UNIDOS,LUNES CHICAGO - CONSULADO,
88,360,15,82,CONSULADOS,ESTADOS UNIDOS,MARTES CHICAGO - CONSULADO,
88,360,15,83,CONSULADOS,ESTADOS UNIDOS,MIERCOLES CHICAGO - CONSULADO,
88,360,15,84,CONSULADOS,ESTADOS UNIDOS,JUEVES CHICAGO - CONSULADO,
88,360,15,85,CONSULADOS,ESTADOS UNIDOS,VIERNES CHICAGO - CONSULADO,
88,360,15,86,CONSULADOS,ESTADOS UNIDOS,SABADO CHICAGO - CONSULADO,
88,360,30,81,CONSULADOS,ESTADOS UNIDOS,LUNES HOUSTON - CONSULADO,
88,360,30,82,CONSULADOS,ESTADOS UNIDOS,MARTES HOUSTON - CONSULADO,
88,360,30,83,CONSULADOS,ESTADOS UNIDOS,MIERCOLES HOUSTON - CONSULADO,
88,360,30,84,CONSULADOS,ESTADOS UNIDOS,JUEVES HOUSTON - CONSULADO,
88,360,30,85,CONSULADOS,ESTADOS UNIDOS,VIERNES HOUSTON - CONSULADO,
88,360,30,86,CONSULADOS,ESTADOS UNIDOS,SABADO HOUSTON - CONSULADO,
88,360,35,81,CONSULADOS,ESTADOS UNIDOS,LUNES LOS ANGELES - CONSULADO,
88,360,35,82,CONSULADOS,ESTADOS UNIDOS,MARTES LOS ANGELES - CONSULADO,
88,360,35,83,CONSULADOS,ESTADOS UNIDOS,MIERCOLES LOS ANGELES - CONSULADO,
88,360,35,84,CONSULADOS,ESTADOS UNIDOS,JUEVES LOS ANGELES - CONSULADO,
88,360,35,85,CONSULADOS,ESTADOS UNIDOS,VIERNES LOS ANGELES - CONSULADO,
88,360,35,86,CONSULADOS,ESTADOS UNIDOS,SABADO LOS ANGELES - CONSULADO,
88,360,40,81,CONSULADOS,ESTADOS UNIDOS,LUNES MIAMI - CONSULADO,
88,360,40,82,CONSULADOS,ESTADOS UNIDOS,MARTES MIAMI - CONSULADO,
88,360,40,83,CONSULADOS,ESTADOS UNIDOS,MIERCOLES MIAMI - CONSULADO,
88,360,40,84,CONSULADOS,ESTADOS UNIDOS,JUEVES MIAMI - CONSULADO,
88,360,40,85,CONSULADOS,ESTADOS UNIDOS,VIERNES MIAMI - CONSULADO,
88,360,40,86,CONSULADOS,ESTADOS UNIDOS,SABADO MIAMI - CONSULADO,
88,360,55,81,CONSULADOS,ESTADOS UNIDOS,LUNES NUEVA YORK - CONSULADO,
88,360,55,82,CONSULADOS,ESTADOS UNIDOS,MARTES NUEVA YORK - CONSULADO,
88,360,55,83,CONSULADOS,ESTADOS UNIDOS,MIERCOLES NUEVA YORK - CONSULADO,
88,360,55,84,CONSULADOS,ESTADOS UNIDOS,JUEVES NUEVA YORK - CONSULADO,
88,360,55,85,CONSULADOS,ESTADOS UNIDOS,VIERNES NUEVA YORK - CONSULADO,
88,360,55,86,CONSULADOS,ESTADOS UNIDOS,SABADO NUEVA YORK - CONSULADO,
88,360,57,81,CONSULADOS,ESTADOS UNIDOS,LUNES NEWARK - CONSULADO,
88,360,57,82,CONSULADOS,ESTADOS UNIDOS,MARTES NEWARK - CONSULADO,
88,360,57,83,CONSULADOS,ESTADOS UNIDOS,MIERCOLES NEWARK - CONSULADO,
88,360,57,84,CONSULADOS,ESTADOS UNIDOS,JUEVES NEWARK - CONSULADO,
88,360,57,85,CONSULADOS,ESTADOS UNIDOS,VIERNES NEWARK - CONSULADO,
88,360,57,86,CONSULADOS,ESTADOS UNIDOS,SABADO NEWARK - CONSULADO,
88,360,59,81,CONSULADOS,ESTADOS UNIDOS,LUNES ORLANDO - CONSULADO,
88,360,59,82,CONSULADOS,ESTADOS UNIDOS,MARTES ORLANDO - CONSULADO,
88,360,59,83,CONSULADOS,ESTADOS UNIDOS,MIERCOLES ORLANDO - CONSULADO,
88,360,59,84,CONSULADOS,ESTADOS UNIDOS,JUEVES ORLANDO - CONSULADO,
88,360,59,85,CONSULADOS,ESTADOS UNIDOS,VIERNES ORLANDO - CONSULADO,
88,360,59,86,CONSULADOS,ESTADOS UNIDOS,SABADO ORLANDO - CONSULADO,
88,360,60,81,CONSULADOS,ESTADOS UNIDOS,LUNES SAN FRANCISCO - CONSULADO,
88,360,60,82,CONSULADOS,ESTADOS UNIDOS,MARTES SAN FRANCISCO - CONSULADO,
88,360,60,83,CONSULADOS,ESTADOS UNIDOS,MIERCOLES SAN FRANCISCO - CONSULADO,
88,360,60,84,CONSULADOS,ESTADOS UNIDOS,JUEVES SAN FRANCISCO - CONSULADO,
88,360,60,85,CONSULADOS,ESTADOS UNIDOS,VIERNES SAN FRANCISCO - CONSULADO,
88,360,60,86,CONSULADOS,ESTADOS UNIDOS,SABADO SAN FRANCISCO - CONSULADO,
88,370,05,81,CONSULADOS,REPUBLICA DE FILIPINAS,LUNES MANILA CONSULADO,
88,370,05,82,CONSULADOS,REPUBLICA DE FILIPINAS,MARTES MANILA CONSULADO,
88,370,05,83,CONSULADOS,REPUBLICA DE FILIPINAS,MIERCOLES MANILA CONSULADO,
88,370,05,84,CONSULADOS,REPUBLICA DE FILIPINAS,JUEVES MANILA CONSULADO,
88,370,05,85,CONSULADOS,REPUBLICA DE FILIPINAS,VIERNES MANILA CONSULADO,
88,370,05,86,CONSULADOS,REPUBLICA DE FILIPINAS,SABADO MANILA CONSULADO,
88,375,05,81,CONSULADOS,FINLANDIA,LUNES HELSINKI - CONSULADO,
88,375,05,82,CONSULADOS,FINLANDIA,MARTES HELSINKI - CONSULADO,
88,375,05,83,CONSULADOS,FINLANDIA,MIERCOLES HELSINKI - CONSULADO,
88,375,05,84,CONSULADOS,FINLANDIA,JUEVES HELSINKI - CONSULADO,
88,375,05,85,CONSULADOS,FINLANDIA,VIERNES HELSINKI - CONSULADO,
88,375,05,86,CONSULADOS,FINLANDIA,SABADO HELSINKI - CONSULADO,
88,380,05,81,CONSULADOS,FRANCIA,LUNES PARIS - CONSULADO,
88,380,05,82,CONSULADOS,FRANCIA,MARTES PARIS - CONSULADO,
88,380,05,83,CONSULADOS,FRANCIA,MIERCOLES PARIS - CONSULADO,
88,380,05,84,CONSULADOS,FRANCIA,JUEVES PARIS - CONSULADO,
88,380,05,85,CONSULADOS,FRANCIA,VIERNES PARIS - CONSULADO,
88,380,05,86,CONSULADOS,FRANCIA,SABADO PARIS - CONSULADO,
88,410,05,81,CONSULADOS,GUATEMALA,LUNES GUATEMALA - CONSULADO,
88,410,05,82,CONSULADOS,GUATEMALA,MARTES GUATEMALA - CONSULADO,
88,410,05,83,CONSULADOS,GUATEMALA,MIERCOLES GUATEMALA - CONSULADO,
88,410,05,84,CONSULADOS,GUATEMALA,JUEVES GUATEMALA - CONSULADO,
88,410,05,85,CONSULADOS,GUATEMALA,VIERNES GUATEMALA - CONSULADO,
88,410,05,86,CONSULADOS,GUATEMALA,SABADO GUATEMALA - CONSULADO,
88,430,05,81,CONSULADOS,HAITI,LUNES PUERTO PRINCIPE - CONSULADO,
88,430,05,82,CONSULADOS,HAITI,MARTES PUERTO PRINCIPE - CONSULADO,
88,430,05,83,CONSULADOS,HAITI,MIERCOLES PUERTO PRINCIPE - CONSULADO,
88,430,05,84,CONSULADOS,HAITI,JUEVES PUERTO PRINCIPE - CONSULADO,
88,430,05,85,CONSULADOS,HAITI,VIERNES PUERTO PRINCIPE - CONSULADO,
88,430,05,86,CONSULADOS,HAITI,SABADO PUERTO PRINCIPE - CONSULADO,
88,435,05,81,CONSULADOS,PAISES BAJOS,LUNES AMSTERDAM CONSULADO,
88,435,05,82,CONSULADOS,PAISES BAJOS,MARTES AMSTERDAM CONSULADO,
88,435,05,83,CONSULADOS,PAISES BAJOS,MIERCOLES AMSTERDAM CONSULADO,
88,435,05,84,CONSULADOS,PAISES BAJOS,JUEVES AMSTERDAM CONSULADO,
88,435,05,85,CONSULADOS,PAISES BAJOS,VIERNES AMSTERDAM CONSULADO,
88,435,05,86,CONSULADOS,PAISES BAJOS,SABADO AMSTERDAM CONSULADO,
88,440,05,81,CONSULADOS,HONDURAS,LUNES TEGUCIGALPA - CONSULADO,
88,440,05,82,CONSULADOS,HONDURAS,MARTES TEGUCIGALPA - CONSULADO,
88,440,05,83,CONSULADOS,HONDURAS,MIERCOLES TEGUCIGALPA - CONSULADO,
88,440,05,84,CONSULADOS,HONDURAS,JUEVES TEGUCIGALPA - CONSULADO,
88,440,05,85,CONSULADOS,HONDURAS,VIERNES TEGUCIGALPA - CONSULADO,
88,440,05,86,CONSULADOS,HONDURAS,SABADO TEGUCIGALPA - CONSULADO,
88,445,05,81,CONSULADOS,HUNGRIA,LUNES BUDAPEST CONSULADO,
88,445,05,82,CONSULADOS,HUNGRIA,MARTES BUDAPEST CONSULADO,
88,445,05,83,CONSULADOS,HUNGRIA,MIERCOLES BUDAPEST CONSULADO,
88,445,05,84,CONSULADOS,HUNGRIA,JUEVES BUDAPEST CONSULADO,
88,445,05,85,CONSULADOS,HUNGRIA,VIERNES BUDAPEST CONSULADO,
88,445,05,86,CONSULADOS,HUNGRIA,SABADO BUDAPEST CONSULADO,
88,455,05,81,CONSULADOS,INDIA,LUNES NUEVA DELHI - CONSULADO,
88,455,05,82,CONSULADOS,INDIA,MARTES NUEVA DELHI - CONSULADO,
88,455,05,83,CONSULADOS,INDIA,MIERCOLES NUEVA DELHI - CONSULADO,
88,455,05,84,CONSULADOS,INDIA,JUEVES NUEVA DELHI - CONSULADO,
88,455,05,85,CONSULADOS,INDIA,VIERNES NUEVA DELHI - CONSULADO,
88,455,05,86,CONSULADOS,INDIA,SABADO NUEVA DELHI - CONSULADO,
88,460,05,81,CONSULADOS,INDONESIA,LUNES JAKARTA CONSULADO,
88,460,05,82,CONSULADOS,INDONESIA,MARTES JAKARTA CONSULADO,
88,460,05,83,CONSULADOS,INDONESIA,MIERCOLES JAKARTA CONSULADO,
88,460,05,84,CONSULADOS,INDONESIA,JUEVES JAKARTA CONSULADO,
88,460,05,85,CONSULADOS,INDONESIA,VIERNES JAKARTA CONSULADO,
88,460,05,86,CONSULADOS,INDONESIA,SABADO JAKARTA CONSULADO,
88,465,05,81,CONSULADOS,INGLATERRA,LUNES LONDRES - CONSULADO,
88,465,05,82,CONSULADOS,INGLATERRA,MARTES LONDRES - CONSULADO,
88,465,05,83,CONSULADOS,INGLATERRA,MIERCOLES LONDRES - CONSULADO,
88,465,05,84,CONSULADOS,INGLATERRA,JUEVES LONDRES - CONSULADO,
88,465,05,85,CONSULADOS,INGLATERRA,VIERNES LONDRES - CONSULADO,
88,465,05,86,CONSULADOS,INGLATERRA,SABADO LONDRES - CONSULADO,
88,470,05,81,CONSULADOS,IRLANDA,LUNES DUBLÍN CONSULADO,
88,470,05,82,CONSULADOS,IRLANDA,MARTES DUBLÍN CONSULADO,
88,470,05,83,CONSULADOS,IRLANDA,MIERCOLES DUBLÍN CONSULADO,
88,470,05,84,CONSULADOS,IRLANDA,JUEVES DUBLÍN CONSULADO,
88,470,05,85,CONSULADOS,IRLANDA,VIERNES DUBLÍN CONSULADO,
88,470,05,86,CONSULADOS,IRLANDA,SABADO DUBLÍN CONSULADO,
88,490,05,81,CONSULADOS,ISRAEL,LUNES TEL AVIV - CONSULADO,
88,490,05,82,CONSULADOS,ISRAEL,MARTES TEL AVIV - CONSULADO,
88,490,05,83,CONSULADOS,ISRAEL,MIERCOLES TEL AVIV - CONSULADO,
88,490,05,84,CONSULADOS,ISRAEL,JUEVES TEL AVIV - CONSULADO,
88,490,05,85,CONSULADOS,ISRAEL,VIERNES TEL AVIV - CONSULADO,
88,490,05,86,CONSULADOS,ISRAEL,SABADO TEL AVIV - CONSULADO,
88,495,05,81,CONSULADOS,ITALIA,LUNES MILÁN CONSULADO,
88,495,05,82,CONSULADOS,ITALIA,MARTES MILÁN CONSULADO,
88,495,05,83,CONSULADOS,ITALIA,MIERCOLES MILÁN CONSULADO,
88,495,05,84,CONSULADOS,ITALIA,JUEVES MILÁN CONSULADO,
88,495,05,85,CONSULADOS,ITALIA,VIERNES MILÁN CONSULADO,
88,495,05,86,CONSULADOS,ITALIA,SABADO MILÁN CONSULADO,
88,495,10,81,CONSULADOS,ITALIA,LUNES ROMA - CONSULADO,
88,495,10,82,CONSULADOS,ITALIA,MARTES ROMA - CONSULADO,
88,495,10,83,CONSULADOS,ITALIA,MIERCOLES ROMA - CONSULADO,
88,495,10,84,CONSULADOS,ITALIA,JUEVES ROMA - CONSULADO,
88,495,10,85,CONSULADOS,ITALIA,VIERNES ROMA - CONSULADO,
88,495,10,86,CONSULADOS,ITALIA,SABADO ROMA - CONSULADO,
88,500,05,81,CONSULADOS,JAMAICA,LUNES KINGSTON - CONSULADO,
88,500,05,82,CONSULADOS,JAMAICA,MARTES KINGSTON - CONSULADO,
88,500,05,83,CONSULADOS,JAMAICA,MIERCOLES KINGSTON - CONSULADO,
88,500,05,84,CONSULADOS,JAMAICA,JUEVES KINGSTON - CONSULADO,
88,500,05,85,CONSULADOS,JAMAICA,VIERNES KINGSTON - CONSULADO,
88,500,05,86,CONSULADOS,JAMAICA,SABADO KINGSTON - CONSULADO,
88,505,10,81,CONSULADOS,JAPON,LUNES TOKIO - CONSULADO,
88,505,10,82,CONSULADOS,JAPON,MARTES TOKIO - CONSULADO,
88,505,10,83,CONSULADOS,JAPON,MIERCOLES TOKIO - CONSULADO,
88,505,10,84,CONSULADOS,JAPON,JUEVES TOKIO - CONSULADO,
88,505,10,85,CONSULADOS,JAPON,VIERNES TOKIO - CONSULADO,
88,505,10,86,CONSULADOS,JAPON,SABADO TOKIO - CONSULADO,
88,515,05,81,CONSULADOS,KENIA,LUNES NAIROBI - CONSULADO,
88,515,05,82,CONSULADOS,KENIA,MARTES NAIROBI - CONSULADO,
88,515,05,83,CONSULADOS,KENIA,MIERCOLES NAIROBI - CONSULADO,
88,515,05,84,CONSULADOS,KENIA,JUEVES NAIROBI - CONSULADO,
88,515,05,85,CONSULADOS,KENIA,VIERNES NAIROBI - CONSULADO,
88,515,05,86,CONSULADOS,KENIA,SABADO NAIROBI - CONSULADO,
88,535,05,81,CONSULADOS,LIBANO,LUNES BEIRUT - CONSULADO,
88,535,05,82,CONSULADOS,LIBANO,MARTES BEIRUT - CONSULADO,
88,535,05,83,CONSULADOS,LIBANO,MIERCOLES BEIRUT - CONSULADO,
88,535,05,84,CONSULADOS,LIBANO,JUEVES BEIRUT - CONSULADO,
88,535,05,85,CONSULADOS,LIBANO,VIERNES BEIRUT - CONSULADO,
88,535,05,86,CONSULADOS,LIBANO,SABADO BEIRUT - CONSULADO,
88,560,05,81,CONSULADOS,MALASIA,LUNES KUALALUMPUR - CONSULADO,
88,560,05,82,CONSULADOS,MALASIA,MARTES KUALALUMPUR - CONSULADO,
88,560,05,83,CONSULADOS,MALASIA,MIERCOLES KUALALUMPUR - CONSULADO,
88,560,05,84,CONSULADOS,MALASIA,JUEVES KUALALUMPUR - CONSULADO,
88,560,05,85,CONSULADOS,MALASIA,VIERNES KUALALUMPUR - CONSULADO,
88,560,05,86,CONSULADOS,MALASIA,SABADO KUALALUMPUR - CONSULADO,
88,580,05,81,CONSULADOS,MARRUECOS,LUNES RABAT CONSULADO,
88,580,05,82,CONSULADOS,MARRUECOS,MARTES RABAT CONSULADO,
88,580,05,83,CONSULADOS,MARRUECOS,MIERCOLES RABAT CONSULADO,
88,580,05,84,CONSULADOS,MARRUECOS,JUEVES RABAT CONSULADO,
88,580,05,85,CONSULADOS,MARRUECOS,VIERNES RABAT CONSULADO,
88,580,05,86,CONSULADOS,MARRUECOS,SABADO RABAT CONSULADO,
88,590,05,81,CONSULADOS,MEXICO,LUNES CIUDAD DE MÉXICO - CONSULADO,
88,590,05,82,CONSULADOS,MEXICO,MARTES CIUDAD DE MÉXICO - CONSULADO,
88,590,05,83,CONSULADOS,MEXICO,MIERCOLES CIUDAD DE MÉXICO - CONSULADO,
88,590,05,84,CONSULADOS,MEXICO,JUEVES CIUDAD DE MÉXICO - CONSULADO,
88,590,05,85,CONSULADOS,MEXICO,VIERNES CIUDAD DE MÉXICO - CONSULADO,
88,590,05,86,CONSULADOS,MEXICO,SABADO CIUDAD DE MÉXICO - CONSULADO,
88,590,10,81,CONSULADOS,MEXICO,LUNES CANCÚN CONSULADO,
88,590,10,82,CONSULADOS,MEXICO,MARTES CANCÚN CONSULADO,
88,590,10,83,CONSULADOS,MEXICO,MIERCOLES CANCÚN CONSULADO,
88,590,10,84,CONSULADOS,MEXICO,JUEVES CANCÚN CONSULADO,
88,590,10,85,CONSULADOS,MEXICO,VIERNES CANCÚN CONSULADO,
88,590,10,86,CONSULADOS,MEXICO,SABADO CANCÚN CONSULADO,
88,590,15,81,CONSULADOS,MEXICO,LUNES MONTERREY CONSULADO,
88,590,15,82,CONSULADOS,MEXICO,MARTES MONTERREY CONSULADO,
88,590,15,83,CONSULADOS,MEXICO,MIERCOLES MONTERREY CONSULADO,
88,590,15,84,CONSULADOS,MEXICO,JUEVES MONTERREY CONSULADO,
88,590,15,85,CONSULADOS,MEXICO,VIERNES MONTERREY CONSULADO,
88,590,15,86,CONSULADOS,MEXICO,SABADO MONTERREY CONSULADO,
88,590,20,81,CONSULADOS,MEXICO,LUNES GUADALAJARA CONSULADO,
88,590,20,82,CONSULADOS,MEXICO,MARTES GUADALAJARA CONSULADO,
88,590,20,83,CONSULADOS,MEXICO,MIERCOLES GUADALAJARA CONSULADO,
88,590,20,84,CONSULADOS,MEXICO,JUEVES GUADALAJARA CONSULADO,
88,590,20,85,CONSULADOS,MEXICO,VIERNES GUADALAJARA CONSULADO,
88,590,20,86,CONSULADOS,MEXICO,SABADO GUADALAJARA CONSULADO,
88,620,05,81,CONSULADOS,NICARAGUA,LUNES MANAGUA - CONSULADO,
88,620,05,82,CONSULADOS,NICARAGUA,MARTES MANAGUA - CONSULADO,
88,620,05,83,CONSULADOS,NICARAGUA,MIERCOLES MANAGUA - CONSULADO,
88,620,05,84,CONSULADOS,NICARAGUA,JUEVES MANAGUA - CONSULADO,
88,620,05,85,CONSULADOS,NICARAGUA,VIERNES MANAGUA - CONSULADO,
88,620,05,86,CONSULADOS,NICARAGUA,SABADO MANAGUA - CONSULADO,
88,625,02,81,CONSULADOS,NUEVA ZELANDIA,LUNES AUCKLAND - CONSULADO,
88,625,02,82,CONSULADOS,NUEVA ZELANDIA,MARTES AUCKLAND - CONSULADO,
88,625,02,83,CONSULADOS,NUEVA ZELANDIA,MIERCOLES AUCKLAND - CONSULADO,
88,625,02,84,CONSULADOS,NUEVA ZELANDIA,JUEVES AUCKLAND - CONSULADO,
88,625,02,85,CONSULADOS,NUEVA ZELANDIA,VIERNES AUCKLAND - CONSULADO,
88,625,02,86,CONSULADOS,NUEVA ZELANDIA,SABADO AUCKLAND - CONSULADO,
88,635,05,81,CONSULADOS,NORUEGA,LUNES OSLO - CONSULADO,
88,635,05,82,CONSULADOS,NORUEGA,MARTES OSLO - CONSULADO,
88,635,05,83,CONSULADOS,NORUEGA,MIERCOLES OSLO - CONSULADO,
88,635,05,84,CONSULADOS,NORUEGA,JUEVES OSLO - CONSULADO,
88,635,05,85,CONSULADOS,NORUEGA,VIERNES OSLO - CONSULADO,
88,635,05,86,CONSULADOS,NORUEGA,SABADO OSLO - CONSULADO,
88,655,05,81,CONSULADOS,PANAMA,LUNES PANAMA - CONSULADO,
88,655,05,82,CONSULADOS,PANAMA,MARTES PANAMA - CONSULADO,
88,655,05,83,CONSULADOS,PANAMA,MIERCOLES PANAMA - CONSULADO,
88,655,05,84,CONSULADOS,PANAMA,JUEVES PANAMA - CONSULADO,
88,655,05,85,CONSULADOS,PANAMA,VIERNES PANAMA - CONSULADO,
88,655,05,86,CONSULADOS,PANAMA,SABADO PANAMA - CONSULADO,
88,655,07,81,CONSULADOS,PANAMA,LUNES COLÓN - CONSULADO,
88,655,07,82,CONSULADOS,PANAMA,MARTES COLÓN - CONSULADO,
88,655,07,83,CONSULADOS,PANAMA,MIERCOLES COLÓN - CONSULADO,
88,655,07,84,CONSULADOS,PANAMA,JUEVES COLÓN - CONSULADO,
88,655,07,85,CONSULADOS,PANAMA,VIERNES COLÓN - CONSULADO,
88,655,07,86,CONSULADOS,PANAMA,SABADO COLÓN - CONSULADO,
88,655,12,81,CONSULADOS,PANAMA,LUNES JAQUÉ CONSULADO,
88,655,12,82,CONSULADOS,PANAMA,MARTES JAQUÉ CONSULADO,
88,655,12,83,CONSULADOS,PANAMA,MIERCOLES JAQUÉ CONSULADO,
88,655,12,84,CONSULADOS,PANAMA,JUEVES JAQUÉ CONSULADO,
88,655,12,85,CONSULADOS,PANAMA,VIERNES JAQUÉ CONSULADO,
88,655,12,86,CONSULADOS,PANAMA,SABADO JAQUÉ CONSULADO,
88,655,20,81,CONSULADOS,PANAMA,LUNES PUERTO OBALDÍA - CONSULADO,
88,655,20,82,CONSULADOS,PANAMA,MARTES PUERTO OBALDÍA - CONSULADO,
88,655,20,83,CONSULADOS,PANAMA,MIERCOLES PUERTO OBALDÍA - CONSULADO,
88,655,20,84,CONSULADOS,PANAMA,JUEVES PUERTO OBALDÍA - CONSULADO,
88,655,20,85,CONSULADOS,PANAMA,VIERNES PUERTO OBALDÍA - CONSULADO,
88,655,20,86,CONSULADOS,PANAMA,SABADO PUERTO OBALDÍA - CONSULADO,
88,665,05,81,CONSULADOS,PARAGUAY,LUNES ASUNCIÓN - CONSULADO,
88,665,05,82,CONSULADOS,PARAGUAY,MARTES ASUNCIÓN - CONSULADO,
88,665,05,83,CONSULADOS,PARAGUAY,MIERCOLES ASUNCIÓN - CONSULADO,
88,665,05,84,CONSULADOS,PARAGUAY,JUEVES ASUNCIÓN - CONSULADO,
88,665,05,85,CONSULADOS,PARAGUAY,VIERNES ASUNCIÓN - CONSULADO,
88,665,05,86,CONSULADOS,PARAGUAY,SABADO ASUNCIÓN - CONSULADO,
88,670,05,81,CONSULADOS,PERU,LUNES LIMA - CONSULADO,
88,670,05,82,CONSULADOS,PERU,MARTES LIMA - CONSULADO,
88,670,05,83,CONSULADOS,PERU,MIERCOLES LIMA - CONSULADO,
88,670,05,84,CONSULADOS,PERU,JUEVES LIMA - CONSULADO,
88,670,05,85,CONSULADOS,PERU,VIERNES LIMA - CONSULADO,
88,670,05,86,CONSULADOS,PERU,SABADO LIMA - CONSULADO,
88,670,15,81,CONSULADOS,PERU,LUNES IQUITOS - CONSULADO,
88,670,15,82,CONSULADOS,PERU,MARTES IQUITOS - CONSULADO,
88,670,15,83,CONSULADOS,PERU,MIERCOLES IQUITOS - CONSULADO,
88,670,15,84,CONSULADOS,PERU,JUEVES IQUITOS - CONSULADO,
88,670,15,85,CONSULADOS,PERU,VIERNES IQUITOS - CONSULADO,
88,670,15,86,CONSULADOS,PERU,SABADO IQUITOS - CONSULADO,
88,675,05,81,CONSULADOS,POLONIA,LUNES VARSOVIA - CONSULADO,
88,675,05,82,CONSULADOS,POLONIA,MARTES VARSOVIA - CONSULADO,
88,675,05,83,CONSULADOS,POLONIA,MIERCOLES VARSOVIA - CONSULADO,
88,675,05,84,CONSULADOS,POLONIA,JUEVES VARSOVIA - CONSULADO,
88,675,05,85,CONSULADOS,POLONIA,VIERNES VARSOVIA - CONSULADO,
88,675,05,86,CONSULADOS,POLONIA,SABADO VARSOVIA - CONSULADO,
88,680,05,81,CONSULADOS,PORTUGAL,LUNES LISBOA - CONSULADO,
88,680,05,82,CONSULADOS,PORTUGAL,MARTES LISBOA - CONSULADO,
88,680,05,83,CONSULADOS,PORTUGAL,MIERCOLES LISBOA - CONSULADO,
88,680,05,84,CONSULADOS,PORTUGAL,JUEVES LISBOA - CONSULADO,
88,680,05,85,CONSULADOS,PORTUGAL,VIERNES LISBOA - CONSULADO,
88,680,05,86,CONSULADOS,PORTUGAL,SABADO LISBOA - CONSULADO,
88,683,05,81,CONSULADOS,PUERTO RICO,LUNES SAN JUAN DE PUERTO RICO - CONSULAD,
88,683,05,82,CONSULADOS,PUERTO RICO,MARTES SAN JUAN DE PUERTO RICO - CONSULA,
88,683,05,83,CONSULADOS,PUERTO RICO,MIERCOLES SAN JUAN DE PUERTO RICO - CONS,
88,683,05,84,CONSULADOS,PUERTO RICO,JUEVES SAN JUAN DE PUERTO RICO - CONSULA,
88,683,05,85,CONSULADOS,PUERTO RICO,VIERNES SAN JUAN DE PUERTO RICO - CONSUL,
88,683,05,86,CONSULADOS,PUERTO RICO,SABADO SAN JUAN DE PUERTO RICO - CONSULA,
88,685,05,81,CONSULADOS,REPUBLICA DOMINICANA,LUNES SANTO DOMINGO - CONSULADO,
88,685,05,82,CONSULADOS,REPUBLICA DOMINICANA,MARTES SANTO DOMINGO - CONSULADO,
88,685,05,83,CONSULADOS,REPUBLICA DOMINICANA,MIERCOLES SANTO DOMINGO - CONSULADO,
88,685,05,84,CONSULADOS,REPUBLICA DOMINICANA,JUEVES SANTO DOMINGO - CONSULADO,
88,685,05,85,CONSULADOS,REPUBLICA DOMINICANA,VIERNES SANTO DOMINGO - CONSULADO,
88,685,05,86,CONSULADOS,REPUBLICA DOMINICANA,SABADO SANTO DOMINGO - CONSULADO,
88,688,11,81,CONSULADOS,REPUBLICA DE SINGAPUR,LUNES SINGAPUR - CONSULADO,
88,688,11,82,CONSULADOS,REPUBLICA DE SINGAPUR,MARTES SINGAPUR - CONSULADO,
88,688,11,83,CONSULADOS,REPUBLICA DE SINGAPUR,MIERCOLES SINGAPUR - CONSULADO,
88,688,11,84,CONSULADOS,REPUBLICA DE SINGAPUR,JUEVES SINGAPUR - CONSULADO,
88,688,11,85,CONSULADOS,REPUBLICA DE SINGAPUR,VIERNES SINGAPUR - CONSULADO,
88,688,11,86,CONSULADOS,REPUBLICA DE SINGAPUR,SABADO SINGAPUR - CONSULADO,
88,690,05,81,CONSULADOS,REPUBLICA SOCIALISTA DE VIETNA,LUNES HANOI CONSULADO,
88,690,05,82,CONSULADOS,REPUBLICA SOCIALISTA DE VIETNA,MARTES HANOI CONSULADO,
88,690,05,83,CONSULADOS,REPUBLICA SOCIALISTA DE VIETNA,MIERCOLES HANOI CONSULADO,
88,690,05,84,CONSULADOS,REPUBLICA SOCIALISTA DE VIETNA,JUEVES HANOI CONSULADO,
88,690,05,85,CONSULADOS,REPUBLICA SOCIALISTA DE VIETNA,VIERNES HANOI CONSULADO,
88,690,05,86,CONSULADOS,REPUBLICA SOCIALISTA DE VIETNA,SABADO HANOI CONSULADO,
88,700,05,81,CONSULADOS,RUSIA,LUNES MOSCÚ - CONSULADO,
88,700,05,82,CONSULADOS,RUSIA,MARTES MOSCÚ - CONSULADO,
88,700,05,83,CONSULADOS,RUSIA,MIERCOLES MOSCÚ - CONSULADO,
88,700,05,84,CONSULADOS,RUSIA,JUEVES MOSCÚ - CONSULADO,
88,700,05,85,CONSULADOS,RUSIA,VIERNES MOSCÚ - CONSULADO,
88,700,05,86,CONSULADOS,RUSIA,SABADO MOSCÚ - CONSULADO,
88,745,05,81,CONSULADOS,SUDAFRICA,LUNES PRETORIA - CONSULADO,
88,745,05,82,CONSULADOS,SUDAFRICA,MARTES PRETORIA - CONSULADO,
88,745,05,83,CONSULADOS,SUDAFRICA,MIERCOLES PRETORIA - CONSULADO,
88,745,05,84,CONSULADOS,SUDAFRICA,JUEVES PRETORIA - CONSULADO,
88,745,05,85,CONSULADOS,SUDAFRICA,VIERNES PRETORIA - CONSULADO,
88,745,05,86,CONSULADOS,SUDAFRICA,SABADO PRETORIA - CONSULADO,
88,755,05,81,CONSULADOS,SUECIA,LUNES ESTOCOLMO - CONSULADO,
88,755,05,82,CONSULADOS,SUECIA,MARTES ESTOCOLMO - CONSULADO,
88,755,05,83,CONSULADOS,SUECIA,MIERCOLES ESTOCOLMO - CONSULADO,
88,755,05,84,CONSULADOS,SUECIA,JUEVES ESTOCOLMO - CONSULADO,
88,755,05,85,CONSULADOS,SUECIA,VIERNES ESTOCOLMO - CONSULADO,
88,755,05,86,CONSULADOS,SUECIA,SABADO ESTOCOLMO - CONSULADO,
88,760,05,81,CONSULADOS,SUIZA,LUNES BERNA - CONSULADO,
88,760,05,82,CONSULADOS,SUIZA,MARTES BERNA - CONSULADO,
88,760,05,83,CONSULADOS,SUIZA,MIERCOLES BERNA - CONSULADO,
88,760,05,84,CONSULADOS,SUIZA,JUEVES BERNA - CONSULADO,
88,760,05,85,CONSULADOS,SUIZA,VIERNES BERNA - CONSULADO,
88,760,05,86,CONSULADOS,SUIZA,SABADO BERNA - CONSULADO,
88,765,02,81,CONSULADOS,TAILANDIA,LUNES BANGKOK CONSULADO,
88,765,02,82,CONSULADOS,TAILANDIA,MARTES BANGKOK CONSULADO,
88,765,02,83,CONSULADOS,TAILANDIA,MIERCOLES BANGKOK CONSULADO,
88,765,02,84,CONSULADOS,TAILANDIA,JUEVES BANGKOK CONSULADO,
88,765,02,85,CONSULADOS,TAILANDIA,VIERNES BANGKOK CONSULADO,
88,765,02,86,CONSULADOS,TAILANDIA,SABADO BANGKOK CONSULADO,
88,770,02,81,CONSULADOS,TURQUIA,LUNES ANKARA CONSULADO,
88,770,02,82,CONSULADOS,TURQUIA,MARTES ANKARA CONSULADO,
88,770,02,83,CONSULADOS,TURQUIA,MIERCOLES ANKARA CONSULADO,
88,770,02,84,CONSULADOS,TURQUIA,JUEVES ANKARA CONSULADO,
88,770,02,85,CONSULADOS,TURQUIA,VIERNES ANKARA CONSULADO,
88,770,02,86,CONSULADOS,TURQUIA,SABADO ANKARA CONSULADO,
88,770,03,81,CONSULADOS,TURQUIA,LUNES ESTAMBUL CONSULADO,
88,770,03,82,CONSULADOS,TURQUIA,MARTES ESTAMBUL CONSULADO,
88,770,03,83,CONSULADOS,TURQUIA,MIERCOLES ESTAMBUL CONSULADO,
88,770,03,84,CONSULADOS,TURQUIA,JUEVES ESTAMBUL CONSULADO,
88,770,03,85,CONSULADOS,TURQUIA,VIERNES ESTAMBUL CONSULADO,
88,770,03,86,CONSULADOS,TURQUIA,SABADO ESTAMBUL CONSULADO,
88,785,05,81,CONSULADOS,TRINIDAD Y TOBAGO,LUNES PUERTO ESPAÑA - CONSULADO,
88,785,05,82,CONSULADOS,TRINIDAD Y TOBAGO,MARTES PUERTO ESPAÑA - CONSULADO,
88,785,05,83,CONSULADOS,TRINIDAD Y TOBAGO,MIERCOLES PUERTO ESPAÑA - CONSULADO,
88,785,05,84,CONSULADOS,TRINIDAD Y TOBAGO,JUEVES PUERTO ESPAÑA - CONSULADO,
88,785,05,85,CONSULADOS,TRINIDAD Y TOBAGO,VIERNES PUERTO ESPAÑA - CONSULADO,
88,785,05,86,CONSULADOS,TRINIDAD Y TOBAGO,SABADO PUERTO ESPAÑA - CONSULADO,
88,805,05,81,CONSULADOS,URUGUAY,LUNES MONTEVIDEO - CONSULADO,
88,805,05,82,CONSULADOS,URUGUAY,MARTES MONTEVIDEO - CONSULADO,
88,805,05,83,CONSULADOS,URUGUAY,MIERCOLES MONTEVIDEO - CONSULADO,
88,805,05,84,CONSULADOS,URUGUAY,JUEVES MONTEVIDEO - CONSULADO,
88,805,05,85,CONSULADOS,URUGUAY,VIERNES MONTEVIDEO - CONSULADO,
88,805,05,86,CONSULADOS,URUGUAY,SABADO MONTEVIDEO - CONSULADO,
88,815,05,81,CONSULADOS,VENEZUELA,LUNES CARACAS - CONSULADO,
88,815,05,82,CONSULADOS,VENEZUELA,MARTES CARACAS - CONSULADO,
88,815,05,83,CONSULADOS,VENEZUELA,MIERCOLES CARACAS - CONSULADO,
88,815,05,84,CONSULADOS,VENEZUELA,JUEVES CARACAS - CONSULADO,
88,815,05,85,CONSULADOS,VENEZUELA,VIERNES CARACAS - CONSULADO,
88,815,05,86,CONSULADOS,VENEZUELA,SABADO CARACAS - CONSULADO,
88,815,10,81,CONSULADOS,VENEZUELA,LUNES BARQUISIMETO - CONSULADO,
88,815,10,82,CONSULADOS,VENEZUELA,MARTES BARQUISIMETO - CONSULADO,
88,815,10,83,CONSULADOS,VENEZUELA,MIERCOLES BARQUISIMETO - CONSULADO,
88,815,10,84,CONSULADOS,VENEZUELA,JUEVES BARQUISIMETO - CONSULADO,
88,815,10,85,CONSULADOS,VENEZUELA,VIERNES BARQUISIMETO - CONSULADO,
88,815,10,86,CONSULADOS,VENEZUELA,SABADO BARQUISIMETO - CONSULADO,
88,815,35,81,CONSULADOS,VENEZUELA,LUNES MARACAIBO - CONSULADO,
88,815,35,82,CONSULADOS,VENEZUELA,MARTES MARACAIBO - CONSULADO,
88,815,35,83,CONSULADOS,VENEZUELA,MIERCOLES MARACAIBO - CONSULADO,
88,815,35,84,CONSULADOS,VENEZUELA,JUEVES MARACAIBO - CONSULADO,
88,815,35,85,CONSULADOS,VENEZUELA,VIERNES MARACAIBO - CONSULADO,
88,815,35,86,CONSULADOS,VENEZUELA,SABADO MARACAIBO - CONSULADO,
88,815,52,81,CONSULADOS,VENEZUELA,LUNES PUERTO ORDAZ - CONSULADO,
88,815,52,82,CONSULADOS,VENEZUELA,MARTES PUERTO ORDAZ - CONSULADO,
88,815,52,83,CONSULADOS,VENEZUELA,MIERCOLES PUERTO ORDAZ - CONSULADO,
88,815,52,84,CONSULADOS,VENEZUELA,JUEVES PUERTO ORDAZ - CONSULADO,
88,815,52,85,CONSULADOS,VENEZUELA,VIERNES PUERTO ORDAZ - CONSULADO,
88,815,52,86,CONSULADOS,VENEZUELA,SABADO PUERTO ORDAZ - CONSULADO,
88,815,55,81,CONSULADOS,VENEZUELA,LUNES SAN ANTONIO DEL TÁCHIRA - CONSULAD,
88,815,55,82,CONSULADOS,VENEZUELA,MARTES SAN ANTONIO DEL TÁCHIRA - CONSULA,
88,815,55,83,CONSULADOS,VENEZUELA,MIERCOLES SAN ANTONIO DEL TÁCHIRA - CONS,
88,815,55,84,CONSULADOS,VENEZUELA,JUEVES SAN ANTONIO DEL TÁCHIRA - CONSULA,
88,815,55,85,CONSULADOS,VENEZUELA,VIERNES SAN ANTONIO DEL TÁCHIRA - CONSUL,
88,815,55,86,CONSULADOS,VENEZUELA,SABADO SAN ANTONIO DEL TÁCHIRA - CONSULA,
88,815,65,81,CONSULADOS,VENEZUELA,LUNES SAN CRISTÓBAL - CONSULADO,
88,815,65,82,CONSULADOS,VENEZUELA,MARTES SAN CRISTÓBAL - CONSULADO,
88,815,65,83,CONSULADOS,VENEZUELA,MIERCOLES SAN CRISTÓBAL - CONSULADO,
88,815,65,84,CONSULADOS,VENEZUELA,JUEVES SAN CRISTÓBAL - CONSULADO,
88,815,65,85,CONSULADOS,VENEZUELA,VIERNES SAN CRISTÓBAL - CONSULADO,
88,815,65,86,CONSULADOS,VENEZUELA,SABADO SAN CRISTÓBAL - CONSULADO,
