{"type":"FeatureCollection", "features": [
{"type":"Feature","geometry":{"type":"Polygon","coordinates":[[[-75.6687,6.3729],[-75.7177,6.3605],[-75.7104,6.2589],[-75.6944,6.1944],[-75.6797,6.1634],[-75.6479,6.1721],[-75.583,6.1895],[-75.4851,6.1907],[-75.4863,6.2056],[-75.501,6.2973],[-75.5218,6.2886],[-75.6687,6.3729]]]},"properties":{"cod_dep":"01","cod_mun":"001","nombre":"MEDELLIN"}},
{"type":"Feature","geometry":{"type":"Polygon","coordinates":[[[-75.4153,5.9019],[-75.4814,5.9341],[-75.5341,5.8598],[-75.5561,5.7247],[-75.4239,5.6962],[-75.2684,5.8536],[-75.2843,5.8734],[-75.4153,5.9019]]]},"properties":{"cod_dep":"01","cod_mun":"004","nombre":"ABEJORRAL"}},
{"type":"Feature","geometry":{"type":"Polygon","coordinates":[[[-76.0115,6.6468],[-76.0874,6.7547],[-76.1621,6.5923],[-76.058,6.5068],[-76.0384,6.5043],[-76.0078,6.6344],[-76.0115,6.6468]]]},"properties":{"cod_dep":"01","cod_mun":"007","nombre":"ABRIAQUI"}},
{"type":"Feature","geometry":{"type":"Polygon","coordinates":[[[-74.9869,6.3853],[-75.0334,6.4175],[-75.1448,6.4113],[-75.1705,6.2973],[-75.1166,6.3022],[-74.9869,6.3853]]]},"properties":{"cod_dep":"01","cod_mun":"010","nombre":"ALEJANDRIA"}},
{"type":"Feature","geometry":{"type":"Polygon","coordinates":[[[-75.67,5.9986],[-75.6773,6.0878],[-75.7471,6.0692],[-75.7667,5.9998],[-75.6993,5.9812],[-75.67,5.9986]]]},"properties":{"cod_dep":"01","cod_mun":"013","nombre":"AMAGA"}},
{"type":"Feature","geometry":{"type":"Polygon","coordinates":[[[-74.9134,7.2876],[-75.1705,6.9059],[-75.1815,6.8464],[-75.1093,6.7819],[-74.9208,6.7509],[-74.8375,6.9914],[-74.8424,7.1339],[-74.9159,7.2641],[-74.9134,7.2876]]]},"properties":{"cod_dep":"01","cod_mun":"016","nombre":"AMALFI"}},
{"type":"Feature","geometry":{"type":"Polygon","coordinates":[[[-75.8364,5.7296],[-75.8732,5.7755],[-75.8928,5.7544],[-76.0739,5.6776],[-76.009,5.5672],[-75.9062,5.4817],[-75.8095,5.6552],[-75.8364,5.7296]]]},"properties":{"cod_dep":"01","cod_mun":"019","nombre":"ANDES"}},
{"type":"Feature","geometry":{"type":"Polygon","coordinates":[[[-75.6797,6.1634],[-75.6944,6.1944],[-75.7471,6.1461],[-75.7667,6.1349],[-75.7471,6.0692],[-75.6773,6.0878],[-75.6724,6.1188],[-75.6797,6.1634]]]},"properties":{"cod_dep":"01","cod_mun":"022","nombre":"ANGELOPOLIS"}},
{"type":"Feature","geometry":{"type":"Polygon","coordinates":[[[-75.2427,6.9269],[-75.3358,6.9455],[-75.49,6.7732],[-75.3786,6.7732],[-75.288,6.8216],[-75.2427,6.9269]]]},"properties":{"cod_dep":"01","cod_mun":"025","nombre":"ANGOSTURA"}},
{"type":"Feature","geometry":{"type":"Polygon","coordinates":[[[-74.9134,7.2876],[-74.9942,7.3942],[-75.1656,7.3558],[-75.2966,7.2294],[-75.3015,7.2269],[-75.3174,7.2133],[-75.2244,7.0373],[-75.2244,6.9331],[-75.1705,6.9059],[-74.9134,7.2876]]]},"properties":{"cod_dep":"01","cod_mun":"028","nombre":"ANORI"}},
{"type":"Feature","geometry":{"type":"Polygon","coordinates":[[[-75.823,6.6419],[-75.8328,6.6803],[-75.8805,6.6456],[-76.0078,6.6344],[-76.0384,6.5043],[-75.905,6.3964],[-75.8315,6.3977],[-75.8193,6.4101],[-75.8009,6.5377],[-75.823,6.6419]]]},"properties":{"cod_dep":"01","cod_mun":"031","nombre":"ANTIOQUIA"}},
{"type":"Feature","geometry":{"type":"Polygon","coordinates":[[[-75.8315,6.3977],[-75.905,6.3964],[-75.9882,6.3444],[-76.0041,6.2849],[-75.8548,6.2465],[-75.8524,6.2489],[-75.8315,6.3977]]]},"properties":{"cod_dep":"01","cod_mun":"034","nombre":"ANZA"}},
{"type":"Feature","geometry":{"type":"Polygon","coordinates":[[[-76.4253,8.0734],[-76.7533,7.8789],[-76.4644,7.8702],[-76.4118,8.0065],[-76.4253,8.0734]]]},"properties":{"cod_dep":"01","cod_mun":"035","nombre":"APARTADO"}},
{"type":"Feature","geometry":{"type":"Polygon","coordinates":[[[-76.364,8.7093],[-76.413,8.8742],[-76.4865,8.8184],[-76.566,8.6114],[-76.4338,8.4503],[-76.4032,8.4639],[-76.2551,8.594],[-76.2514,8.6114],[-76.364,8.7093]]]},"properties":{"cod_dep":"01","cod_mun":"037","nombre":"ARBOLETES"}},
{"type":"Feature","geometry":{"type":"Polygon","coordinates":[[[-74.8804,5.7457],[-75.2354,5.6763],[-75.0689,5.6627],[-74.8804,5.7457]]]},"properties":{"cod_dep":"01","cod_mun":"039","nombre":"ARGELIA"}},
{"type":"Feature","geometry":{"type":"Polygon","coordinates":[[[-75.8169,6.2254],[-75.8524,6.2489],[-75.8548,6.2465],[-75.8413,6.1659],[-75.8548,6.1002],[-75.7667,6.1349],[-75.7471,6.1461],[-75.8169,6.2254]]]},"properties":{"cod_dep":"01","cod_mun":"040","nombre":"ARMENIA"}},
{"type":"Feature","geometry":{"type":"Polygon","coordinates":[[[-75.2635,6.508],[-75.4484,6.4361],[-75.4043,6.3655],[-75.3064,6.3915],[-75.2415,6.4473],[-75.2635,6.508]]]},"properties":{"cod_dep":"01","cod_mun":"043","nombre":"BARBOSA"}},
{"type":"Feature","geometry":{"type":"Polygon","coordinates":[[[-75.6271,6.7857],[-75.7263,6.798],[-75.7201,6.6518],[-75.7177,6.6357],[-75.6504,6.5018],[-75.6455,6.4944],[-75.5647,6.5303],[-75.5855,6.6753],[-75.6271,6.7857]]]},"properties":{"cod_dep":"01","cod_mun":"046","nombre":"BELMIRA"}},
{"type":"Feature","geometry":{"type":"Polygon","coordinates":[[[-75.5328,6.389],[-75.6626,6.4051],[-75.6687,6.3729],[-75.5218,6.2886],[-75.5328,6.389]]]},"properties":{"cod_dep":"01","cod_mun":"049","nombre":"BELLO"}},
{"type":"Feature","geometry":{"type":"Polygon","coordinates":[[[-75.8928,5.7544],[-75.9552,5.7978],[-76.0653,5.7643],[-76.0874,5.6887],[-76.0739,5.6776],[-75.8928,5.7544]]]},"properties":{"cod_dep":"01","cod_mun":"052","nombre":"BETANIA"}},
{"type":"Feature","geometry":{"type":"Polygon","coordinates":[[[-75.8548,6.2465],[-76.0041,6.2849],[-75.9968,6.0779],[-75.8413,6.1659],[-75.8548,6.2465]]]},"properties":{"cod_dep":"01","cod_mun":"055","nombre":"BETULIA"}},
{"type":"Feature","geometry":{"type":"Polygon","coordinates":[[[-75.9148,5.8635],[-76.0543,5.9317],[-76.0653,5.7643],[-75.9552,5.7978],[-75.9148,5.8474],[-75.9148,5.8635]]]},"properties":{"cod_dep":"01","cod_mun":"058","nombre":"BOLIVAR"}},
{"type":"Feature","geometry":{"type":"Polygon","coordinates":[[[-75.845,6.8712],[-75.954,6.9666],[-75.9588,6.7261],[-75.8805,6.6456],[-75.8328,6.6803],[-75.8707,6.7844],[-75.845,6.8712]]]},"properties":{"cod_dep":"01","cod_mun":"061","nombre":"BURITICA"}},
{"type":"Feature","geometry":{"type":"Polygon","coordinates":[[[-75.4716,7.0496],[-75.4447,7.2492],[-75.6871,7.0844],[-75.6589,7.0286],[-75.4716,7.0496]]]},"properties":{"cod_dep":"01","cod_mun":"062","nombre":"BRICEÑO"}},
{"type":"Feature","geometry":{"type":"Polygon","coordinates":[[[-75.0199,7.5814],[-75.3309,7.926],[-75.4582,7.8342],[-75.4851,7.7363],[-75.1656,7.3558],[-74.9942,7.3942],[-75.0199,7.5814]]]},"properties":{"cod_dep":"01","cod_mun":"064","nombre":"CACERES"}},
{"type":"Feature","geometry":{"type":"Polygon","coordinates":[[[-76.0384,6.5043],[-76.058,6.5068],[-75.9882,6.3444],[-75.905,6.3964],[-76.0384,6.5043]]]},"properties":{"cod_dep":"01","cod_mun":"067","nombre":"CAICEDO"}},
{"type":"Feature","geometry":{"type":"Polygon","coordinates":[[[-75.6063,6.1163],[-75.6724,6.1188],[-75.6773,6.0878],[-75.67,5.9986],[-75.6136,5.9787],[-75.5916,6.006],[-75.5732,6.099],[-75.5904,6.1126],[-75.6063,6.1163]]]},"properties":{"cod_dep":"01","cod_mun":"070","nombre":"CALDAS"}},
{"type":"Feature","geometry":{"type":"Polygon","coordinates":[[[-75.2244,6.9331],[-75.2244,7.0373],[-75.3174,7.2133],[-75.3358,6.9455],[-75.2427,6.9269],[-75.2244,6.9331]]]},"properties":{"cod_dep":"01","cod_mun":"073","nombre":"CAMPAMENTO"}},
{"type":"Feature","geometry":{"type":"Polygon","coordinates":[[[-75.954,6.9666],[-75.965,6.9802],[-76.1217,6.8513],[-76.0874,6.7547],[-76.0115,6.6468],[-75.9588,6.7261],[-75.954,6.9666]]]},"properties":{"cod_dep":"01","cod_mun":"076","nombre":"CAÑASGORDAS"}},
{"type":"Feature","geometry":{"type":"Polygon","coordinates":[[[-74.7176,6.3964],[-74.8118,6.4621],[-74.7935,6.3134],[-74.7127,6.2403],[-74.6331,6.275],[-74.7176,6.3964]]]},"properties":{"cod_dep":"01","cod_mun":"078","nombre":"CARACOLI"}},
{"type":"Feature","geometry":{"type":"Polygon","coordinates":[[[-75.5806,5.6057],[-75.6761,5.5982],[-75.714,5.5474],[-75.7042,5.5375],[-75.6406,5.5301],[-75.5769,5.5164],[-75.5708,5.5437],[-75.5806,5.6057]]]},"properties":{"cod_dep":"01","cod_mun":"079","nombre":"CARAMANTA"}},
{"type":"Feature","geometry":{"type":"Polygon","coordinates":[[[-76.7533,7.8789],[-76.8096,7.771],[-76.4914,7.7202],[-76.4644,7.8702],[-76.7533,7.8789]]]},"properties":{"cod_dep":"01","cod_mun":"080","nombre":"CAREPA"}},
{"type":"Feature","geometry":{"type":"Polygon","coordinates":[[[-75.3076,6.1436],[-75.3517,6.1448],[-75.3872,6.0581],[-75.3602,6.0308],[-75.2843,5.8734],[-75.2684,5.8536],[-75.1656,5.8734],[-75.2684,6.0568],[-75.3076,6.1436]]]},"properties":{"cod_dep":"01","cod_mun":"082","nombre":"CARMEN DE VIBORAL"}},
{"type":"Feature","geometry":{"type":"Polygon","coordinates":[[[-75.2868,6.6778],[-75.2305,6.7931],[-75.288,6.8216],[-75.3786,6.7732],[-75.2868,6.6778]]]},"properties":{"cod_dep":"01","cod_mun":"085","nombre":"CAROLINA"}},
{"type":"Feature","geometry":{"type":"Polygon","coordinates":[[[-74.8057,7.7847],[-74.9134,8.0995],[-75.168,8.0524],[-75.337,7.9483],[-75.3309,7.926],[-75.0199,7.5814],[-74.7824,7.7252],[-74.8057,7.7847]]]},"properties":{"cod_dep":"01","cod_mun":"088","nombre":"CAUCASIA"}},
{"type":"Feature","geometry":{"type":"Polygon","coordinates":[[[-75.0346,6.5377],[-75.0934,6.5824],[-75.1362,6.5477],[-75.0346,6.5377]]]},"properties":{"cod_dep":"01","cod_mun":"091","nombre":"CISNEROS"}},
{"type":"Feature","geometry":{"type":"Polygon","coordinates":[[[-75.1668,6.1015],[-75.2684,6.0568],[-75.1656,5.8734],[-75.0554,5.9193],[-75.0689,5.9998],[-75.0848,6.0209],[-75.1668,6.1015]]]},"properties":{"cod_dep":"01","cod_mun":"094","nombre":"COCORNA"}},
{"type":"Feature","geometry":{"type":"Polygon","coordinates":[[[-75.1448,6.4113],[-75.2415,6.4473],[-75.3064,6.3915],[-75.2427,6.3221],[-75.1827,6.2849],[-75.1705,6.2973],[-75.1448,6.4113]]]},"properties":{"cod_dep":"01","cod_mun":"097","nombre":"CONCEPCION"}},
{"type":"Feature","geometry":{"type":"Polygon","coordinates":[[[-75.8413,6.1659],[-75.9968,6.0779],[-75.998,6.0692],[-75.8487,5.9564],[-75.8413,6.0085],[-75.8548,6.1002],[-75.8413,6.1659]]]},"properties":{"cod_dep":"01","cod_mun":"100","nombre":"CONCORDIA"}},
{"type":"Feature","geometry":{"type":"Polygon","coordinates":[[[-75.4508,6.3345],[-75.4888,6.4299],[-75.5328,6.389],[-75.5218,6.2886],[-75.501,6.2973],[-75.4508,6.3345]]]},"properties":{"cod_dep":"01","cod_mun":"103","nombre":"COPACABANA"}},
{"type":"Feature","geometry":{"type":"Polygon","coordinates":[[[-76.4914,7.7202],[-76.8096,7.771],[-76.6444,7.4686],[-76.5024,7.5554],[-76.4914,7.7202]]]},"properties":{"cod_dep":"01","cod_mun":"106","nombre":"CHIGORODO"}},
{"type":"Feature","geometry":{"type":"Polygon","coordinates":[[[-76.2184,7.1501],[-76.4852,7.1352],[-76.5256,7.1054],[-76.5477,7.0026],[-76.577,6.6952],[-76.2245,6.9207],[-75.9821,7.0013],[-75.9662,7.1315],[-76.2184,7.1501]]]},"properties":{"cod_dep":"01","cod_mun":"109","nombre":"DABEIBA"}},
{"type":"Feature","geometry":{"type":"Polygon","coordinates":[[[-75.2097,6.5539],[-75.4582,6.5167],[-75.4606,6.5117],[-75.4888,6.4299],[-75.4484,6.4361],[-75.2635,6.508],[-75.2097,6.5539]]]},"properties":{"cod_dep":"01","cod_mun":"112","nombre":"DON MATIAS"}},
{"type":"Feature","geometry":{"type":"Polygon","coordinates":[[[-75.7177,6.3605],[-75.7801,6.42],[-75.8193,6.4101],[-75.8315,6.3977],[-75.8524,6.2489],[-75.8169,6.2254],[-75.7104,6.2589],[-75.7177,6.3605]]]},"properties":{"cod_dep":"01","cod_mun":"115","nombre":"EBEJICO"}},
{"type":"Feature","geometry":{"type":"Polygon","coordinates":[[[-74.5609,7.9681],[-74.8057,7.7847],[-74.7824,7.7252],[-74.6074,7.3868],[-74.5609,7.4277],[-74.5633,7.4326],[-74.5609,7.9681]]]},"properties":{"cod_dep":"01","cod_mun":"117","nombre":"EL BAGRE"}},
{"type":"Feature","geometry":{"type":"Polygon","coordinates":[[[-75.4582,6.5167],[-75.5855,6.6753],[-75.5647,6.5303],[-75.4606,6.5117],[-75.4582,6.5167]]]},"properties":{"cod_dep":"01","cod_mun":"118","nombre":"ENTRERRIOS"}},
{"type":"Feature","geometry":{"type":"Polygon","coordinates":[[[-75.4851,6.1907],[-75.583,6.1895],[-75.6051,6.1634],[-75.5904,6.1126],[-75.5732,6.099],[-75.4753,6.1585],[-75.4851,6.1907]]]},"properties":{"cod_dep":"01","cod_mun":"121","nombre":"ENVIGADO"}},
{"type":"Feature","geometry":{"type":"Polygon","coordinates":[[[-75.6136,5.9787],[-75.67,5.9986],[-75.6993,5.9812],[-75.7752,5.8808],[-75.7605,5.8734],[-75.665,5.8003],[-75.6406,5.7618],[-75.6198,5.8015],[-75.6136,5.9787]]]},"properties":{"cod_dep":"01","cod_mun":"124","nombre":"FREDONIA"}},
{"type":"Feature","geometry":{"type":"Polygon","coordinates":[[[-76.1217,6.8513],[-76.2245,6.9207],[-76.577,6.6952],[-76.5734,6.6332],[-76.5636,6.5663],[-76.1621,6.5923],[-76.0874,6.7547],[-76.1217,6.8513]]]},"properties":{"cod_dep":"01","cod_mun":"127","nombre":"FRONTINO"}},
{"type":"Feature","geometry":{"type":"Polygon","coordinates":[[[-75.8805,6.6456],[-75.9588,6.7261],[-76.0115,6.6468],[-76.0078,6.6344],[-75.8805,6.6456]]]},"properties":{"cod_dep":"01","cod_mun":"130","nombre":"GIRALDO"}},
{"type":"Feature","geometry":{"type":"Polygon","coordinates":[[[-75.4043,6.3655],[-75.4484,6.4361],[-75.4888,6.4299],[-75.4508,6.3345],[-75.4068,6.3481],[-75.4043,6.3655]]]},"properties":{"cod_dep":"01","cod_mun":"133","nombre":"GIRARDOTA"}},
{"type":"Feature","geometry":{"type":"Polygon","coordinates":[[[-75.1093,6.7819],[-75.1815,6.8464],[-75.2305,6.7931],[-75.2868,6.6778],[-75.1974,6.5749],[-75.1093,6.7819]]]},"properties":{"cod_dep":"01","cod_mun":"136","nombre":"GOMEZ PLATA"}},
{"type":"Feature","geometry":{"type":"Polygon","coordinates":[[[-75.0615,6.1275],[-75.1215,6.2316],[-75.1632,6.1721],[-75.2329,6.1634],[-75.1668,6.1015],[-75.0848,6.0209],[-75.0615,6.1275]]]},"properties":{"cod_dep":"01","cod_mun":"139","nombre":"GRANADA"}},
{"type":"Feature","geometry":{"type":"Polygon","coordinates":[[[-75.1705,6.9059],[-75.2244,6.9331],[-75.2427,6.9269],[-75.288,6.8216],[-75.2305,6.7931],[-75.1815,6.8464],[-75.1705,6.9059]]]},"properties":{"cod_dep":"01","cod_mun":"140","nombre":"GUADALUPE"}},
{"type":"Feature","geometry":{"type":"Polygon","coordinates":[[[-75.4068,6.3481],[-75.4508,6.3345],[-75.501,6.2973],[-75.4863,6.2056],[-75.3798,6.2328],[-75.4068,6.3481]]]},"properties":{"cod_dep":"01","cod_mun":"142","nombre":"GUARNE"}},
{"type":"Feature","geometry":{"type":"Polygon","coordinates":[[[-75.1179,6.2353],[-75.1166,6.3022],[-75.1705,6.2973],[-75.1827,6.2849],[-75.1632,6.1721],[-75.1215,6.2316],[-75.1179,6.2353]]]},"properties":{"cod_dep":"01","cod_mun":"145","nombre":"GUATAPE"}},
{"type":"Feature","geometry":{"type":"Polygon","coordinates":[[[-75.7104,6.2589],[-75.8169,6.2254],[-75.7471,6.1461],[-75.6944,6.1944],[-75.7104,6.2589]]]},"properties":{"cod_dep":"01","cod_mun":"148","nombre":"HELICONIA"}},
{"type":"Feature","geometry":{"type":"Polygon","coordinates":[[[-75.8732,5.7755],[-75.9148,5.8474],[-75.9552,5.7978],[-75.8928,5.7544],[-75.8732,5.7755]]]},"properties":{"cod_dep":"01","cod_mun":"150","nombre":"HISPANIA"}},
{"type":"Feature","geometry":{"type":"Polygon","coordinates":[[[-75.583,6.1895],[-75.6479,6.1721],[-75.6259,6.1535],[-75.6051,6.1634],[-75.583,6.1895]]]},"properties":{"cod_dep":"01","cod_mun":"151","nombre":"ITAGUI"}},
{"type":"Feature","geometry":{"type":"Polygon","coordinates":[[[-75.6724,7.5975],[-75.9662,7.357],[-76.0556,7.3645],[-76.3812,7.3918],[-76.2184,7.1501],[-75.9662,7.1315],[-75.7752,7.0459],[-75.7654,7.0621],[-75.6871,7.0844],[-75.4447,7.2492],[-75.5145,7.3731],[-75.6014,7.5901],[-75.6724,7.5975]]]},"properties":{"cod_dep":"01","cod_mun":"154","nombre":"ITUANGO"}},
{"type":"Feature","geometry":{"type":"Polygon","coordinates":[[[-75.8071,5.654],[-75.8095,5.6552],[-75.9062,5.4817],[-75.8683,5.4904],[-75.7299,5.5635],[-75.8071,5.654]]]},"properties":{"cod_dep":"01","cod_mun":"157","nombre":"JARDIN"}},
{"type":"Feature","geometry":{"type":"Polygon","coordinates":[[[-75.665,5.8003],[-75.7605,5.8734],[-75.8205,5.8213],[-75.8364,5.7296],[-75.8095,5.6552],[-75.8071,5.654],[-75.665,5.8003]]]},"properties":{"cod_dep":"01","cod_mun":"160","nombre":"JERICO"}},
{"type":"Feature","geometry":{"type":"Polygon","coordinates":[[[-75.3872,6.0581],[-75.4447,6.0593],[-75.5084,5.9602],[-75.4814,5.9341],[-75.4153,5.9019],[-75.3602,6.0308],[-75.3872,6.0581]]]},"properties":{"cod_dep":"01","cod_mun":"163","nombre":"LA CEJA"}},
{"type":"Feature","geometry":{"type":"Polygon","coordinates":[[[-75.6479,6.1721],[-75.6797,6.1634],[-75.6724,6.1188],[-75.6063,6.1163],[-75.6259,6.1535],[-75.6479,6.1721]]]},"properties":{"cod_dep":"01","cod_mun":"166","nombre":"LA ESTRELLA"}},
{"type":"Feature","geometry":{"type":"Polygon","coordinates":[[[-74.6331,6.275],[-74.7127,6.2403],[-74.9196,6.0432],[-74.769,5.9936],[-74.567,6.0581],[-74.5339,6.2688],[-74.6331,6.275]]]},"properties":{"cod_dep":"01","cod_mun":"168","nombre":"PUERTO NARE-LA MAGDALENA"}},
{"type":"Feature","geometry":{"type":"Polygon","coordinates":[[[-75.2843,5.8734],[-75.3602,6.0308],[-75.4153,5.9019],[-75.2843,5.8734]]]},"properties":{"cod_dep":"01","cod_mun":"169","nombre":"LA UNION"}},
{"type":"Feature","geometry":{"type":"Polygon","coordinates":[[[-75.5696,5.7247],[-75.6198,5.8015],[-75.6406,5.7618],[-75.6418,5.7569],[-75.599,5.6813],[-75.5696,5.7247]]]},"properties":{"cod_dep":"01","cod_mun":"170","nombre":"LA PINTADA"}},
{"type":"Feature","geometry":{"type":"Polygon","coordinates":[[[-75.7336,6.8055],[-75.7642,6.7881],[-75.8707,6.7844],[-75.8328,6.6803],[-75.823,6.6419],[-75.7201,6.6518],[-75.7263,6.798],[-75.7336,6.8055]]]},"properties":{"cod_dep":"01","cod_mun":"172","nombre":"LIBORINA"}},
{"type":"Feature","geometry":{"type":"Polygon","coordinates":[[[-74.5609,6.6382],[-74.8388,6.5092],[-74.8118,6.4621],[-74.7176,6.3964],[-74.5609,6.6382]]]},"properties":{"cod_dep":"01","cod_mun":"175","nombre":"MACEO"}},
{"type":"Feature","geometry":{"type":"Polygon","coordinates":[[[-75.2843,6.2589],[-75.3272,6.2242],[-75.3517,6.1448],[-75.3076,6.1436],[-75.2525,6.1709],[-75.2843,6.2589]]]},"properties":{"cod_dep":"01","cod_mun":"178","nombre":"MARINILLA"}},
{"type":"Feature","geometry":{"type":"Polygon","coordinates":[[[-75.5622,5.975],[-75.5341,5.8598],[-75.4814,5.9341],[-75.5084,5.9602],[-75.5622,5.975]]]},"properties":{"cod_dep":"01","cod_mun":"181","nombre":"MONTEBELLO"}},
{"type":"Feature","geometry":{"type":"Polygon","coordinates":[[[-76.5477,7.0026],[-76.9002,6.829],[-76.5734,6.6332],[-76.577,6.6952],[-76.5477,7.0026]]]},"properties":{"cod_dep":"01","cod_mun":"184","nombre":"MURINDO"}},
{"type":"Feature","geometry":{"type":"Polygon","coordinates":[[[-76.3812,7.3918],[-76.5024,7.5554],[-76.6444,7.4686],[-76.6823,7.4673],[-76.4852,7.1352],[-76.2184,7.1501],[-76.3812,7.3918]]]},"properties":{"cod_dep":"01","cod_mun":"187","nombre":"MUTATA"}},
{"type":"Feature","geometry":{"type":"Polygon","coordinates":[[[-75.2831,5.4755],[-75.1325,5.5412],[-75.0689,5.6627],[-75.2354,5.6763],[-75.2831,5.4755]]]},"properties":{"cod_dep":"01","cod_mun":"190","nombre":"NARIÑO"}},
{"type":"Feature","geometry":{"type":"Polygon","coordinates":[[[-74.6147,8.0313],[-74.8302,8.1999],[-74.9134,8.0995],[-74.8057,7.7847],[-74.5609,7.9681],[-74.6147,8.0313]]]},"properties":{"cod_dep":"01","cod_mun":"191","nombre":"NECHI"}},
{"type":"Feature","geometry":{"type":"Polygon","coordinates":[[[-76.566,8.6114],[-76.6285,8.7205],[-76.8855,8.6225],[-76.7741,8.2668],[-76.4338,8.4503],[-76.566,8.6114]]]},"properties":{"cod_dep":"01","cod_mun":"192","nombre":"NECOCLI"}},
{"type":"Feature","geometry":{"type":"Polygon","coordinates":[[[-75.7201,6.6518],[-75.823,6.6419],[-75.8009,6.5377],[-75.7177,6.6357],[-75.7201,6.6518]]]},"properties":{"cod_dep":"01","cod_mun":"193","nombre":"OLAYA"}},
{"type":"Feature","geometry":{"type":"Polygon","coordinates":[[[-75.1827,6.2849],[-75.2427,6.3221],[-75.2843,6.2589],[-75.2525,6.1709],[-75.2329,6.1634],[-75.1632,6.1721],[-75.1827,6.2849]]]},"properties":{"cod_dep":"01","cod_mun":"196","nombre":"PEÑOL"}},
{"type":"Feature","geometry":{"type":"Polygon","coordinates":[[[-75.7752,7.0459],[-75.9662,7.1315],[-75.9821,7.0013],[-75.965,6.9802],[-75.954,6.9666],[-75.845,6.8712],[-75.7752,7.0459]]]},"properties":{"cod_dep":"01","cod_mun":"199","nombre":"PEQUE"}},
{"type":"Feature","geometry":{"type":"Polygon","coordinates":[[[-75.8854,5.9069],[-75.9148,5.8635],[-75.9148,5.8474],[-75.8732,5.7755],[-75.8364,5.7296],[-75.8205,5.8213],[-75.8854,5.9069]]]},"properties":{"cod_dep":"01","cod_mun":"202","nombre":"PUEBLORRICO"}},
{"type":"Feature","geometry":{"type":"Polygon","coordinates":[[[-74.3601,6.6319],[-74.4519,6.7547],[-74.4972,6.7001],[-74.5609,6.6382],[-74.7176,6.3964],[-74.6331,6.275],[-74.5339,6.2688],[-74.5266,6.2737],[-74.5082,6.2861],[-74.3601,6.6319]]]},"properties":{"cod_dep":"01","cod_mun":"205","nombre":"PUERTO BERRIO"}},
{"type":"Feature","geometry":{"type":"Polygon","coordinates":[[[-74.6404,5.8598],[-74.567,6.0581],[-74.769,5.9936],[-74.8436,5.9267],[-74.6404,5.8598]]]},"properties":{"cod_dep":"01","cod_mun":"206","nombre":"PUERTO TRIUNFO"}},
{"type":"Feature","geometry":{"type":"Polygon","coordinates":[[[-74.2842,7.0088],[-74.3883,7.2666],[-74.8424,7.1339],[-74.8375,6.9914],[-74.5792,6.7819],[-74.5805,6.7051],[-74.4972,6.7001],[-74.4519,6.7547],[-74.2438,7.0038],[-74.2842,7.0088]]]},"properties":{"cod_dep":"01","cod_mun":"208","nombre":"REMEDIOS"}},
{"type":"Feature","geometry":{"type":"Polygon","coordinates":[[[-75.4753,6.1585],[-75.5732,6.099],[-75.5916,6.006],[-75.5622,5.975],[-75.5084,5.9602],[-75.4447,6.0593],[-75.4753,6.1585]]]},"properties":{"cod_dep":"01","cod_mun":"211","nombre":"RETIRO"}},
{"type":"Feature","geometry":{"type":"Polygon","coordinates":[[[-75.3272,6.2242],[-75.3798,6.2328],[-75.4863,6.2056],[-75.4851,6.1907],[-75.4753,6.1585],[-75.4447,6.0593],[-75.3872,6.0581],[-75.3517,6.1448],[-75.3272,6.2242]]]},"properties":{"cod_dep":"01","cod_mun":"214","nombre":"RIONEGRO"}},
{"type":"Feature","geometry":{"type":"Polygon","coordinates":[[[-75.7361,6.9269],[-75.7654,7.0621],[-75.7752,7.0459],[-75.845,6.8712],[-75.8707,6.7844],[-75.7642,6.7881],[-75.7361,6.9269]]]},"properties":{"cod_dep":"01","cod_mun":"217","nombre":"SABANALARGA"}},
{"type":"Feature","geometry":{"type":"Polygon","coordinates":[[[-75.5904,6.1126],[-75.6051,6.1634],[-75.6259,6.1535],[-75.6063,6.1163],[-75.5904,6.1126]]]},"properties":{"cod_dep":"01","cod_mun":"218","nombre":"SABANETA"}},
{"type":"Feature","geometry":{"type":"Polygon","coordinates":[[[-75.998,6.0692],[-76.0972,6.0035],[-76.0543,5.9317],[-75.9148,5.8635],[-75.8854,5.9069],[-75.856,5.9379],[-75.8487,5.9564],[-75.998,6.0692]]]},"properties":{"cod_dep":"01","cod_mun":"220","nombre":"SALGAR"}},
{"type":"Feature","geometry":{"type":"Polygon","coordinates":[[[-75.5757,6.8935],[-75.6589,7.0286],[-75.7361,6.9269],[-75.7642,6.7881],[-75.7336,6.8055],[-75.643,6.8699],[-75.5757,6.8935]]]},"properties":{"cod_dep":"01","cod_mun":"223","nombre":"SAN ANDRES"}},
{"type":"Feature","geometry":{"type":"Polygon","coordinates":[[[-74.7935,6.3134],[-74.8277,6.3382],[-75.1179,6.2353],[-75.1215,6.2316],[-75.0615,6.1275],[-74.9196,6.0432],[-74.7127,6.2403],[-74.7935,6.3134]]]},"properties":{"cod_dep":"01","cod_mun":"226","nombre":"SAN CARLOS"}},
{"type":"Feature","geometry":{"type":"Polygon","coordinates":[[[-74.8436,5.9267],[-75.0689,5.9998],[-75.0554,5.9193],[-74.8436,5.9267]]]},"properties":{"cod_dep":"01","cod_mun":"227","nombre":"SAN FRANCISCO"}},
{"type":"Feature","geometry":{"type":"Polygon","coordinates":[[[-75.6504,6.5018],[-75.7801,6.42],[-75.7177,6.3605],[-75.6687,6.3729],[-75.6626,6.4051],[-75.6455,6.4944],[-75.6504,6.5018]]]},"properties":{"cod_dep":"01","cod_mun":"229","nombre":"SAN JERONIMO"}},
{"type":"Feature","geometry":{"type":"Polygon","coordinates":[[[-75.643,6.8699],[-75.7336,6.8055],[-75.7263,6.798],[-75.6271,6.7857],[-75.643,6.8699]]]},"properties":{"cod_dep":"01","cod_mun":"230","nombre":"SAN JOSE DE LA MONTAÑA"}},
{"type":"Feature","geometry":{"type":"Polygon","coordinates":[[[-76.566,8.6114],[-76.4865,8.8184],[-76.6285,8.7205],[-76.566,8.6114]]]},"properties":{"cod_dep":"01","cod_mun":"231","nombre":"SAN JUAN DE URABA"}},
{"type":"Feature","geometry":{"type":"Polygon","coordinates":[[[-74.9196,6.0432],[-75.0615,6.1275],[-75.0848,6.0209],[-75.0689,5.9998],[-74.8436,5.9267],[-74.769,5.9936],[-74.9196,6.0432]]]},"properties":{"cod_dep":"01","cod_mun":"232","nombre":"SAN LUIS"}},
{"type":"Feature","geometry":{"type":"Polygon","coordinates":[[[-75.4606,6.5117],[-75.5647,6.5303],[-75.6455,6.4944],[-75.6626,6.4051],[-75.5328,6.389],[-75.4888,6.4299],[-75.4606,6.5117]]]},"properties":{"cod_dep":"01","cod_mun":"235","nombre":"SAN PEDRO"}},
{"type":"Feature","geometry":{"type":"Polygon","coordinates":[[[-76.2551,8.594],[-76.4032,8.4639],[-76.402,8.102],[-76.1804,8.3994],[-76.2551,8.594]]]},"properties":{"cod_dep":"01","cod_mun":"237","nombre":"SAN PEDRO DE URABA"}},
{"type":"Feature","geometry":{"type":"Polygon","coordinates":[[[-74.8277,6.3382],[-74.9869,6.3853],[-75.1166,6.3022],[-75.1179,6.2353],[-74.8277,6.3382]]]},"properties":{"cod_dep":"01","cod_mun":"238","nombre":"SAN RAFAEL"}},
{"type":"Feature","geometry":{"type":"Polygon","coordinates":[[[-74.8388,6.5092],[-75.0199,6.539],[-75.0334,6.4175],[-74.9869,6.3853],[-74.8277,6.3382],[-74.7935,6.3134],[-74.8118,6.4621],[-74.8388,6.5092]]]},"properties":{"cod_dep":"01","cod_mun":"241","nombre":"SAN ROQUE"}},
{"type":"Feature","geometry":{"type":"Polygon","coordinates":[[[-75.3064,6.3915],[-75.4043,6.3655],[-75.4068,6.3481],[-75.3798,6.2328],[-75.3272,6.2242],[-75.2843,6.2589],[-75.2427,6.3221],[-75.3064,6.3915]]]},"properties":{"cod_dep":"01","cod_mun":"244","nombre":"SAN VICENTE"}},
{"type":"Feature","geometry":{"type":"Polygon","coordinates":[[[-75.5916,6.006],[-75.6136,5.9787],[-75.6198,5.8015],[-75.5696,5.7247],[-75.5561,5.7247],[-75.5341,5.8598],[-75.5622,5.975],[-75.5916,6.006]]]},"properties":{"cod_dep":"01","cod_mun":"247","nombre":"SANTA BARBARA"}},
{"type":"Feature","geometry":{"type":"Polygon","coordinates":[[[-75.49,6.7732],[-75.5757,6.8935],[-75.643,6.8699],[-75.6271,6.7857],[-75.5855,6.6753],[-75.4582,6.5167],[-75.2097,6.5539],[-75.2072,6.5551],[-75.1974,6.5749],[-75.2868,6.6778],[-75.3786,6.7732],[-75.49,6.7732]]]},"properties":{"cod_dep":"01","cod_mun":"250","nombre":"SANTA ROSA DE OSOS"}},
{"type":"Feature","geometry":{"type":"Polygon","coordinates":[[[-75.1362,6.5477],[-75.2072,6.5551],[-75.2097,6.5539],[-75.2635,6.508],[-75.2415,6.4473],[-75.1448,6.4113],[-75.0334,6.4175],[-75.0199,6.539],[-75.0346,6.5377],[-75.1362,6.5477]]]},"properties":{"cod_dep":"01","cod_mun":"253","nombre":"SANTO DOMINGO"}},
{"type":"Feature","geometry":{"type":"Polygon","coordinates":[[[-75.2329,6.1634],[-75.2525,6.1709],[-75.3076,6.1436],[-75.2684,6.0568],[-75.1668,6.1015],[-75.2329,6.1634]]]},"properties":{"cod_dep":"01","cod_mun":"256","nombre":"SANTUARIO"}},
{"type":"Feature","geometry":{"type":"Polygon","coordinates":[[[-74.3577,7.4723],[-74.5609,7.4277],[-74.6074,7.3868],[-74.9159,7.2641],[-74.8424,7.1339],[-74.3883,7.2666],[-74.3577,7.4723]]]},"properties":{"cod_dep":"01","cod_mun":"259","nombre":"SEGOVIA"}},
{"type":"Feature","geometry":{"type":"Polygon","coordinates":[[[-74.6404,5.8598],[-74.8436,5.9267],[-75.0554,5.9193],[-75.1656,5.8734],[-75.2684,5.8536],[-75.4239,5.6962],[-75.3162,5.4594],[-75.2831,5.4755],[-75.2354,5.6763],[-74.8804,5.7457],[-74.7396,5.6999],[-74.6649,5.768],[-74.6404,5.8598]]]},"properties":{"cod_dep":"01","cod_mun":"262","nombre":"SONSON"}},
{"type":"Feature","geometry":{"type":"Polygon","coordinates":[[[-75.6504,6.5018],[-75.7177,6.6357],[-75.8009,6.5377],[-75.8193,6.4101],[-75.7801,6.42],[-75.6504,6.5018]]]},"properties":{"cod_dep":"01","cod_mun":"265","nombre":"SOPETRAN"}},
{"type":"Feature","geometry":{"type":"Polygon","coordinates":[[[-75.6406,5.7618],[-75.665,5.8003],[-75.8071,5.654],[-75.7299,5.5635],[-75.714,5.5474],[-75.6761,5.5982],[-75.6418,5.7569],[-75.6406,5.7618]]]},"properties":{"cod_dep":"01","cod_mun":"268","nombre":"TAMESIS"}},
{"type":"Feature","geometry":{"type":"Polygon","coordinates":[[[-75.1656,7.3558],[-75.4851,7.7363],[-75.6014,7.5901],[-75.5145,7.3731],[-75.2966,7.2294],[-75.1656,7.3558]]]},"properties":{"cod_dep":"01","cod_mun":"270","nombre":"TARAZA"}},
{"type":"Feature","geometry":{"type":"Polygon","coordinates":[[[-75.7752,5.8808],[-75.856,5.9379],[-75.8854,5.9069],[-75.8205,5.8213],[-75.7605,5.8734],[-75.7752,5.8808]]]},"properties":{"cod_dep":"01","cod_mun":"271","nombre":"TARSO"}},
{"type":"Feature","geometry":{"type":"Polygon","coordinates":[[[-75.7471,6.0692],[-75.7667,6.1349],[-75.8548,6.1002],[-75.8413,6.0085],[-75.7667,5.9998],[-75.7471,6.0692]]]},"properties":{"cod_dep":"01","cod_mun":"274","nombre":"TITIRIBI"}},
{"type":"Feature","geometry":{"type":"Polygon","coordinates":[[[-75.6871,7.0844],[-75.7654,7.0621],[-75.7361,6.9269],[-75.6589,7.0286],[-75.6871,7.0844]]]},"properties":{"cod_dep":"01","cod_mun":"277","nombre":"TOLEDO"}},
{"type":"Feature","geometry":{"type":"Polygon","coordinates":[[[-76.7741,8.2668],[-76.9382,8.0685],[-77.0753,7.8479],[-76.6823,7.4673],[-76.6444,7.4686],[-76.8096,7.771],[-76.7533,7.8789],[-76.4253,8.0734],[-76.402,8.102],[-76.4032,8.4639],[-76.4338,8.4503],[-76.7741,8.2668]]]},"properties":{"cod_dep":"01","cod_mun":"280","nombre":"TURBO"}},
{"type":"Feature","geometry":{"type":"Polygon","coordinates":[[[-75.965,6.9802],[-75.9821,7.0013],[-76.2245,6.9207],[-76.1217,6.8513],[-75.965,6.9802]]]},"properties":{"cod_dep":"01","cod_mun":"282","nombre":"URAMITA"}},
{"type":"Feature","geometry":{"type":"Polygon","coordinates":[[[-76.1621,6.5923],[-76.5636,6.5663],[-76.4448,6.1684],[-76.2465,6.2043],[-76.1596,6.0035],[-76.0972,6.0035],[-75.998,6.0692],[-75.9968,6.0779],[-76.0041,6.2849],[-75.9882,6.3444],[-76.058,6.5068],[-76.1621,6.5923]]]},"properties":{"cod_dep":"01","cod_mun":"283","nombre":"URRAO"}},
{"type":"Feature","geometry":{"type":"Polygon","coordinates":[[[-75.2966,7.2294],[-75.5145,7.3731],[-75.4447,7.2492],[-75.4716,7.0496],[-75.3872,7.1711],[-75.3015,7.2269],[-75.2966,7.2294]]]},"properties":{"cod_dep":"01","cod_mun":"286","nombre":"VALDIVIA"}},
{"type":"Feature","geometry":{"type":"Polygon","coordinates":[[[-75.599,5.6813],[-75.6418,5.7569],[-75.6761,5.5982],[-75.5806,5.6057],[-75.599,5.6813]]]},"properties":{"cod_dep":"01","cod_mun":"289","nombre":"VALPARAISO"}},
{"type":"Feature","geometry":{"type":"Polygon","coordinates":[[[-74.5792,6.7819],[-74.8375,6.9914],[-74.9208,6.7509],[-74.9073,6.7373],[-74.5792,6.7819]]]},"properties":{"cod_dep":"01","cod_mun":"290","nombre":"VEGACHI"}},
{"type":"Feature","geometry":{"type":"Polygon","coordinates":[[[-76.9002,6.829],[-76.9137,6.8464],[-76.7913,6.3419],[-76.7154,6.1709],[-76.4448,6.1684],[-76.5636,6.5663],[-76.5734,6.6332],[-76.9002,6.829]]]},"properties":{"cod_dep":"01","cod_mun":"291","nombre":"VIGIA DEL FUERTE"}},
{"type":"Feature","geometry":{"type":"Polygon","coordinates":[[[-75.7667,5.9998],[-75.8413,6.0085],[-75.8487,5.9564],[-75.856,5.9379],[-75.7752,5.8808],[-75.6993,5.9812],[-75.7667,5.9998]]]},"properties":{"cod_dep":"01","cod_mun":"292","nombre":"VENECIA"}},
{"type":"Feature","geometry":{"type":"Polygon","coordinates":[[[-74.5792,6.7819],[-74.9073,6.7373],[-74.5805,6.7051],[-74.5792,6.7819]]]},"properties":{"cod_dep":"01","cod_mun":"293","nombre":"YALI"}},
{"type":"Feature","geometry":{"type":"Polygon","coordinates":[[[-75.3015,7.2269],[-75.3872,7.1711],[-75.4716,7.0496],[-75.6589,7.0286],[-75.5757,6.8935],[-75.49,6.7732],[-75.3358,6.9455],[-75.3174,7.2133],[-75.3015,7.2269]]]},"properties":{"cod_dep":"01","cod_mun":"295","nombre":"YARUMAL"}},
{"type":"Feature","geometry":{"type":"Polygon","coordinates":[[[-74.9208,6.7509],[-75.1093,6.7819],[-75.1974,6.5749],[-75.2072,6.5551],[-75.1362,6.5477],[-75.0934,6.5824],[-75.0346,6.5377],[-75.0199,6.539],[-74.8388,6.5092],[-74.5609,6.6382],[-74.4972,6.7001],[-74.5805,6.7051],[-74.9073,6.7373],[-74.9208,6.7509]]]},"properties":{"cod_dep":"01","cod_mun":"298","nombre":"YOLOMBO"}},
{"type":"Feature","geometry":{"type":"Polygon","coordinates":[[[-73.9231,7.2133],[-73.9157,7.2951],[-74.2438,7.0038],[-74.4519,6.7547],[-74.3601,6.6319],[-74.1092,6.777],[-74.0945,6.8042],[-73.9231,7.2133]]]},"properties":{"cod_dep":"01","cod_mun":"300","nombre":"YONDO-CASABE"}},
{"type":"Feature","geometry":{"type":"Polygon","coordinates":[[[-74.6074,7.3868],[-74.7824,7.7252],[-75.0199,7.5814],[-74.9942,7.3942],[-74.9134,7.2876],[-74.9159,7.2641],[-74.6074,7.3868]]]},"properties":{"cod_dep":"01","cod_mun":"301","nombre":"ZARAGOZA"}},
{"type":"Feature","geometry":{"type":"Polygon","coordinates":[[[-74.7567,10.9453],[-74.8522,11.1052],[-74.8743,11.0482],[-74.9183,10.9453],[-74.8265,10.9143],[-74.7567,10.9453]]]},"properties":{"cod_dep":"03","cod_mun":"001","nombre":"BARRANQUILLA"}},
{"type":"Feature","geometry":{"type":"Polygon","coordinates":[[[-74.9453,10.8585],[-74.9942,10.8152],[-74.9844,10.7904],[-74.933,10.711],[-74.8755,10.7259],[-74.8791,10.8127],[-74.8718,10.8536],[-74.9453,10.8585]]]},"properties":{"cod_dep":"03","cod_mun":"004","nombre":"BARANOA"}},
{"type":"Feature","geometry":{"type":"Polygon","coordinates":[[[-74.8069,10.483],[-74.8204,10.4941],[-74.9171,10.4123],[-74.9624,10.3826],[-74.9171,10.338],[-74.8681,10.3404],[-74.8632,10.3665],[-74.8118,10.4508],[-74.8069,10.483]]]},"properties":{"cod_dep":"03","cod_mun":"007","nombre":"CAMPO DE LA CRUZ"}},
{"type":"Feature","geometry":{"type":"Polygon","coordinates":[[[-74.8559,10.5648],[-74.9232,10.5338],[-74.9171,10.4123],[-74.8204,10.4941],[-74.8559,10.5648]]]},"properties":{"cod_dep":"03","cod_mun":"010","nombre":"CANDELARIA"}},
{"type":"Feature","geometry":{"type":"Polygon","coordinates":[[[-74.8265,10.9143],[-74.9183,10.9453],[-74.9453,10.8585],[-74.8718,10.8536],[-74.8388,10.8858],[-74.8265,10.9143]]]},"properties":{"cod_dep":"03","cod_mun":"013","nombre":"GALAPA"}},
{"type":"Feature","geometry":{"type":"Polygon","coordinates":[[[-75.0738,10.8858],[-75.217,10.8052],[-75.0383,10.7705],[-74.9844,10.7904],[-74.9942,10.8152],[-75.0738,10.8858]]]},"properties":{"cod_dep":"03","cod_mun":"016","nombre":"JUAN DE ACOSTA"}},
{"type":"Feature","geometry":{"type":"Polygon","coordinates":[[[-75.0628,10.685],[-75.2476,10.6962],[-75.2256,10.5598],[-75.0603,10.5945],[-75.0628,10.685]]]},"properties":{"cod_dep":"03","cod_mun":"019","nombre":"LURUACO"}},
{"type":"Feature","geometry":{"type":"Polygon","coordinates":[[[-74.7384,10.8759],[-74.8388,10.8858],[-74.8718,10.8536],[-74.8791,10.8127],[-74.8081,10.8127],[-74.7408,10.835],[-74.7384,10.8759]]]},"properties":{"cod_dep":"03","cod_mun":"022","nombre":"MALAMBO"}},
{"type":"Feature","geometry":{"type":"Polygon","coordinates":[[[-74.9232,10.5338],[-75.0273,10.5202],[-75.0738,10.4099],[-75.0334,10.3689],[-74.9624,10.3826],[-74.9171,10.4123],[-74.9232,10.5338]]]},"properties":{"cod_dep":"03","cod_mun":"025","nombre":"MANATI"}},
{"type":"Feature","geometry":{"type":"Polygon","coordinates":[[[-74.7274,10.7495],[-74.8375,10.6863],[-74.7469,10.6516],[-74.7261,10.7272],[-74.7274,10.7495]]]},"properties":{"cod_dep":"03","cod_mun":"028","nombre":"PALMAR DE VARELA"}},
{"type":"Feature","geometry":{"type":"Polygon","coordinates":[[[-75.0383,10.7705],[-75.217,10.8052],[-75.2244,10.7953],[-75.2476,10.6962],[-75.0628,10.685],[-75.0456,10.7011],[-75.0383,10.7705]]]},"properties":{"cod_dep":"03","cod_mun":"031","nombre":"PIOJO"}},
{"type":"Feature","geometry":{"type":"Polygon","coordinates":[[[-74.8081,10.8127],[-74.8791,10.8127],[-74.8755,10.7259],[-74.8498,10.7086],[-74.8118,10.778],[-74.8081,10.8127]]]},"properties":{"cod_dep":"03","cod_mun":"034","nombre":"POLONUEVO"}},
{"type":"Feature","geometry":{"type":"Polygon","coordinates":[[[-74.8498,10.7086],[-74.8755,10.7259],[-74.8559,10.5648],[-74.8204,10.4941],[-74.8069,10.483],[-74.7261,10.6007],[-74.7469,10.6516],[-74.8375,10.6863],[-74.8498,10.7086]]]},"properties":{"cod_dep":"03","cod_mun":"035","nombre":"PONEDERA"}},
{"type":"Feature","geometry":{"type":"Polygon","coordinates":[[[-74.9183,10.9453],[-74.8743,11.0482],[-74.9844,10.9837],[-74.9183,10.9453]]]},"properties":{"cod_dep":"03","cod_mun":"037","nombre":"PUERTO COLOMBIA"}},
{"type":"Feature","geometry":{"type":"Polygon","coordinates":[[[-75.0273,10.5202],[-75.0603,10.5945],[-75.2256,10.5598],[-75.2415,10.504],[-75.1766,10.4557],[-75.1289,10.3975],[-75.0897,10.4111],[-75.0738,10.4099],[-75.0273,10.5202]]]},"properties":{"cod_dep":"03","cod_mun":"040","nombre":"REPELON"}},
{"type":"Feature","geometry":{"type":"Polygon","coordinates":[[[-74.7249,10.7718],[-74.7408,10.835],[-74.8081,10.8127],[-74.8118,10.778],[-74.7249,10.7718]]]},"properties":{"cod_dep":"03","cod_mun":"043","nombre":"SABANAGRANDE"}},
{"type":"Feature","geometry":{"type":"Polygon","coordinates":[[[-74.9232,10.5338],[-74.8559,10.5648],[-74.8755,10.7259],[-74.933,10.711],[-75.0456,10.7011],[-75.0628,10.685],[-75.0603,10.5945],[-75.0273,10.5202],[-74.9232,10.5338]]]},"properties":{"cod_dep":"03","cod_mun":"046","nombre":"SABANALARGA"}},
{"type":"Feature","geometry":{"type":"Polygon","coordinates":[[[-74.9624,10.3826],[-75.0334,10.3689],[-75.0236,10.364],[-74.9379,10.2896],[-74.9171,10.338],[-74.9624,10.3826]]]},"properties":{"cod_dep":"03","cod_mun":"047","nombre":"SANTA LUCIA"}},
{"type":"Feature","geometry":{"type":"Polygon","coordinates":[[[-74.7249,10.7718],[-74.8118,10.778],[-74.8498,10.7086],[-74.8375,10.6863],[-74.7274,10.7495],[-74.7249,10.7718]]]},"properties":{"cod_dep":"03","cod_mun":"049","nombre":"SANTO TOMAS"}},
{"type":"Feature","geometry":{"type":"Polygon","coordinates":[[[-74.7567,10.9453],[-74.8265,10.9143],[-74.8388,10.8858],[-74.7384,10.8759],[-74.7567,10.9453]]]},"properties":{"cod_dep":"03","cod_mun":"052","nombre":"SOLEDAD"}},
{"type":"Feature","geometry":{"type":"Polygon","coordinates":[[[-74.8681,10.3404],[-74.9171,10.338],[-74.9379,10.2896],[-74.911,10.2537],[-74.8681,10.3404]]]},"properties":{"cod_dep":"03","cod_mun":"055","nombre":"SUAN"}},
{"type":"Feature","geometry":{"type":"Polygon","coordinates":[[[-74.9183,10.9453],[-74.9844,10.9837],[-75.0738,10.8858],[-74.9942,10.8152],[-74.9453,10.8585],[-74.9183,10.9453]]]},"properties":{"cod_dep":"03","cod_mun":"058","nombre":"TUBARA"}},
{"type":"Feature","geometry":{"type":"Polygon","coordinates":[[[-74.933,10.711],[-74.9844,10.7904],[-75.0383,10.7705],[-75.0456,10.7011],[-74.933,10.711]]]},"properties":{"cod_dep":"03","cod_mun":"061","nombre":"USIACURI"}},
{"type":"Feature","geometry":{"type":"Polygon","coordinates":[[[-75.3419,10.6144],[-75.2941,10.7036],[-75.512,10.5722],[-75.5341,10.1756],[-75.4423,10.3107],[-75.4227,10.4024],[-75.3713,10.5425],[-75.3419,10.6144]]]},"properties":{"cod_dep":"05","cod_mun":"001","nombre":"CARTAGENA"}},
{"type":"Feature","geometry":{"type":"Polygon","coordinates":[[[-74.4691,8.8246],[-74.5645,8.837],[-74.6086,8.7304],[-74.5694,8.5098],[-74.5388,8.4279],[-74.518,8.3672],[-74.4433,8.4292],[-74.3748,8.6647],[-74.4691,8.8246]]]},"properties":{"cod_dep":"05","cod_mun":"004","nombre":"ACHI"}},
{"type":"Feature","geometry":{"type":"Polygon","coordinates":[[[-73.8802,8.4713],[-74.332,8.1887],[-74.2854,8.154],[-73.8802,8.4713]]]},"properties":{"cod_dep":"05","cod_mun":"005","nombre":"ARENAL"}},
{"type":"Feature","geometry":{"type":"Polygon","coordinates":[[[-74.1777,8.656],[-74.3013,8.8171],[-74.212,8.6498],[-74.1777,8.656]]]},"properties":{"cod_dep":"05","cod_mun":"006","nombre":"ALTOS DEL ROSARIO"}},
{"type":"Feature","geometry":{"type":"Polygon","coordinates":[[[-75.2966,10.3343],[-75.3835,10.2723],[-75.4973,10.1458],[-75.4875,10.0368],[-75.2831,10.0863],[-75.2354,10.2772],[-75.2966,10.3343]]]},"properties":{"cod_dep":"05","cod_mun":"007","nombre":"ARJONA"}},
{"type":"Feature","geometry":{"type":"Polygon","coordinates":[[[-75.0726,10.1607],[-74.9599,10.2115],[-75.0664,10.276],[-75.0726,10.1607]]]},"properties":{"cod_dep":"05","cod_mun":"009","nombre":"ARROYO HONDO"}},
{"type":"Feature","geometry":{"type":"Polygon","coordinates":[[[-74.0712,8.9485],[-74.2254,8.9473],[-74.3013,8.8171],[-74.1777,8.656],[-74.1385,8.6548],[-74.0712,8.9485]]]},"properties":{"cod_dep":"05","cod_mun":"010","nombre":"BARRANCO DE LOBA"}},
{"type":"Feature","geometry":{"type":"Polygon","coordinates":[[[-74.9379,10.2896],[-75.0236,10.364],[-75.0701,10.3442],[-75.0836,10.281],[-75.0664,10.276],[-74.9599,10.2115],[-75.0726,10.1607],[-75.086,10.1186],[-75.0297,10.1111],[-74.9453,10.1285],[-74.9159,10.2388],[-74.911,10.2537],[-74.9379,10.2896]]]},"properties":{"cod_dep":"05","cod_mun":"013","nombre":"CALAMAR"}},
{"type":"Feature","geometry":{"type":"Polygon","coordinates":[[[-73.9157,7.2951],[-73.8949,7.4302],[-74.2903,7.2306],[-74.2842,7.0088],[-74.2438,7.0038],[-73.9157,7.2951]]]},"properties":{"cod_dep":"05","cod_mun":"014","nombre":"CANTAGALLO"}},
{"type":"Feature","geometry":{"type":"Polygon","coordinates":[[[-74.6502,9.1915],[-74.6784,9.3055],[-74.7249,9.1791],[-74.6502,9.1915]]]},"properties":{"cod_dep":"05","cod_mun":"015","nombre":"CICUCO"}},
{"type":"Feature","geometry":{"type":"Polygon","coordinates":[[[-74.9612,9.6811],[-75.0126,9.5286],[-75.0358,9.4741],[-74.9599,9.4344],[-74.922,9.3885],[-74.8008,9.4418],[-74.7775,9.5075],[-74.791,9.6525],[-74.9612,9.6811]]]},"properties":{"cod_dep":"05","cod_mun":"016","nombre":"CORDOBA"}},
{"type":"Feature","geometry":{"type":"Polygon","coordinates":[[[-75.2476,10.5053],[-75.3419,10.6144],[-75.3713,10.5425],[-75.3088,10.5214],[-75.2476,10.5053]]]},"properties":{"cod_dep":"05","cod_mun":"018","nombre":"CLEMENCIA"}},
{"type":"Feature","geometry":{"type":"Polygon","coordinates":[[[-74.9514,9.7666],[-75.3198,9.8769],[-75.3382,9.8285],[-75.3737,9.629],[-75.3272,9.6166],[-75.0126,9.5286],[-74.9612,9.6811],[-74.9514,9.7666]]]},"properties":{"cod_dep":"05","cod_mun":"022","nombre":"EL CARMEN DE BOLIVAR"}},
{"type":"Feature","geometry":{"type":"Polygon","coordinates":[[[-74.8253,10.0591],[-74.9453,10.1285],[-75.0297,10.1111],[-74.862,9.9438],[-74.7898,10.0132],[-74.8253,10.0591]]]},"properties":{"cod_dep":"05","cod_mun":"025","nombre":"EL GUAMO"}},
{"type":"Feature","geometry":{"type":"MultiPolygon","coordinates":[[[[-73.9782,8.9845],[-74.1006,9.0192],[-74.2267,8.9485],[-74.2254,8.9473],[-74.0712,8.9485],[-73.9782,8.9845]]],[[[-74.2634,8.9919],[-74.4323,9.0092],[-74.2781,8.9721],[-74.2634,8.9919]]]]},"properties":{"cod_dep":"05","cod_mun":"026","nombre":"HATILLO DE LOBA"}},
{"type":"Feature","geometry":{"type":"Polygon","coordinates":[[[-73.868,8.9361],[-73.9782,8.9845],[-73.8753,8.7229],[-73.8178,8.8357],[-73.868,8.9361]]]},"properties":{"cod_dep":"05","cod_mun":"027","nombre":"EL PEÑON"}},
{"type":"Feature","geometry":{"type":"Polygon","coordinates":[[[-74.7396,9.4257],[-74.8008,9.4418],[-74.922,9.3885],[-74.9085,9.2051],[-74.8436,9.1072],[-74.7751,9.0378],[-74.5645,8.837],[-74.4691,8.8246],[-74.6062,9.0204],[-74.7249,9.1791],[-74.6784,9.3055],[-74.7396,9.4257]]]},"properties":{"cod_dep":"05","cod_mun":"028","nombre":"MAGANGUE"}},
{"type":"Feature","geometry":{"type":"Polygon","coordinates":[[[-75.1729,10.2859],[-75.2354,10.2772],[-75.2831,10.0863],[-75.2048,10.0392],[-75.086,10.1186],[-75.0726,10.1607],[-75.0664,10.276],[-75.0836,10.281],[-75.1729,10.2859]]]},"properties":{"cod_dep":"05","cod_mun":"031","nombre":"MAHATES"}},
{"type":"Feature","geometry":{"type":"Polygon","coordinates":[[[-74.1753,9.0886],[-74.2977,9.1766],[-74.2634,8.9919],[-74.2781,8.9721],[-74.2267,8.9485],[-74.1006,9.0192],[-74.1753,9.0886]]]},"properties":{"cod_dep":"05","cod_mun":"037","nombre":"MARGARITA"}},
{"type":"Feature","geometry":{"type":"Polygon","coordinates":[[[-75.2831,10.0863],[-75.4875,10.0368],[-75.3382,9.8285],[-75.3198,9.8769],[-75.2354,9.8992],[-75.2048,10.0392],[-75.2831,10.0863]]]},"properties":{"cod_dep":"05","cod_mun":"040","nombre":"MARIA LA BAJA"}},
{"type":"Feature","geometry":{"type":"Polygon","coordinates":[[[-74.3418,8.2767],[-74.4433,8.4292],[-74.518,8.3672],[-74.6147,8.0313],[-74.5609,7.9681],[-74.5633,7.4326],[-74.2609,8.1044],[-74.2854,8.154],[-74.332,8.1887],[-74.3418,8.2767]]]},"properties":{"cod_dep":"05","cod_mun":"041","nombre":"MONTECRISTO"}},
{"type":"Feature","geometry":{"type":"Polygon","coordinates":[[[-74.4176,9.2361],[-74.5303,9.2423],[-74.6502,9.1915],[-74.7249,9.1791],[-74.6062,9.0204],[-74.4801,9.0787],[-74.3919,9.215],[-74.4176,9.2361]]]},"properties":{"cod_dep":"05","cod_mun":"043","nombre":"MOMPOS"}},
{"type":"Feature","geometry":{"type":"Polygon","coordinates":[[[-73.7493,8.4056],[-73.8802,8.4713],[-74.2854,8.154],[-74.2609,8.1044],[-74.0235,8.1751],[-73.868,8.0635],[-73.775,8.1453],[-73.7713,8.154],[-73.7493,8.4056]]]},"properties":{"cod_dep":"05","cod_mun":"044","nombre":"MORALES"}},
{"type":"Feature","geometry":{"type":"Polygon","coordinates":[[[-74.2573,8.3833],[-73.9794,8.5333],[-74.152,8.6039],[-74.2573,8.3833]]]},"properties":{"cod_dep":"05","cod_mun":"050","nombre":"NOROSI"}},
{"type":"Feature","geometry":{"type":"Polygon","coordinates":[[[-74.4323,9.0092],[-74.4801,9.0787],[-74.6062,9.0204],[-74.4691,8.8246],[-74.3748,8.6647],[-74.212,8.6498],[-74.3013,8.8171],[-74.2254,8.9473],[-74.2267,8.9485],[-74.2781,8.9721],[-74.4323,9.0092]]]},"properties":{"cod_dep":"05","cod_mun":"059","nombre":"PINILLOS"}},
{"type":"Feature","geometry":{"type":"Polygon","coordinates":[[[-73.8178,8.8357],[-73.8753,8.7229],[-73.9561,8.6647],[-73.8203,8.6622],[-73.7896,8.7514],[-73.8178,8.8357]]]},"properties":{"cod_dep":"05","cod_mun":"063","nombre":"REGIDOR"}},
{"type":"Feature","geometry":{"type":"Polygon","coordinates":[[[-73.9561,8.6647],[-74.1385,8.6548],[-74.152,8.6039],[-73.9794,8.5333],[-74.2573,8.3833],[-74.3418,8.2767],[-74.332,8.1887],[-73.8802,8.4713],[-73.7493,8.4056],[-73.7468,8.449],[-73.8203,8.6622],[-73.9561,8.6647]]]},"properties":{"cod_dep":"05","cod_mun":"065","nombre":"RIOVIEJO"}},
{"type":"Feature","geometry":{"type":"Polygon","coordinates":[[[-75.1289,10.3975],[-75.1766,10.4557],[-75.2807,10.3628],[-75.2966,10.3343],[-75.2354,10.2772],[-75.1729,10.2859],[-75.1289,10.3975]]]},"properties":{"cod_dep":"05","cod_mun":"070","nombre":"SAN ESTANISLAO"}},
{"type":"Feature","geometry":{"type":"Polygon","coordinates":[[[-75.0738,10.4099],[-75.0897,10.4111],[-75.0701,10.3442],[-75.0236,10.364],[-75.0334,10.3689],[-75.0738,10.4099]]]},"properties":{"cod_dep":"05","cod_mun":"072","nombre":"SAN CRISTOBAL"}},
{"type":"Feature","geometry":{"type":"Polygon","coordinates":[[[-74.3001,9.2038],[-74.3919,9.215],[-74.4801,9.0787],[-74.4323,9.0092],[-74.2634,8.9919],[-74.2977,9.1766],[-74.3001,9.2038]]]},"properties":{"cod_dep":"05","cod_mun":"073","nombre":"SAN FERNANDO"}},
{"type":"Feature","geometry":{"type":"Polygon","coordinates":[[[-74.9404,9.8633],[-75.2354,9.8992],[-75.3198,9.8769],[-74.9514,9.7666],[-74.9404,9.8633]]]},"properties":{"cod_dep":"05","cod_mun":"076","nombre":"SAN JACINTO"}},
{"type":"Feature","geometry":{"type":"Polygon","coordinates":[[[-74.518,8.3672],[-74.5388,8.4279],[-74.7812,8.278],[-74.8302,8.1999],[-74.6147,8.0313],[-74.518,8.3672]]]},"properties":{"cod_dep":"05","cod_mun":"078","nombre":"SAN JACINTO DEL CAUCA"}},
{"type":"Feature","geometry":{"type":"Polygon","coordinates":[[[-75.0297,10.1111],[-75.086,10.1186],[-75.2048,10.0392],[-75.2354,9.8992],[-74.9404,9.8633],[-74.8828,9.8719],[-74.862,9.9438],[-75.0297,10.1111]]]},"properties":{"cod_dep":"05","cod_mun":"079","nombre":"SAN JUAN NEPOMUCENO"}},
{"type":"Feature","geometry":{"type":"Polygon","coordinates":[[[-73.8753,8.7229],[-73.9782,8.9845],[-74.0712,8.9485],[-74.1385,8.6548],[-73.9561,8.6647],[-73.8753,8.7229]]]},"properties":{"cod_dep":"05","cod_mun":"082","nombre":"SAN MARTIN DE LOBA"}},
{"type":"Feature","geometry":{"type":"Polygon","coordinates":[[[-73.8154,7.6917],[-74.152,7.5727],[-74.3577,7.4723],[-74.3883,7.2666],[-74.2842,7.0088],[-74.2903,7.2306],[-73.8949,7.4302],[-73.8154,7.6917]]]},"properties":{"cod_dep":"05","cod_mun":"084","nombre":"SAN PABLO"}},
{"type":"Feature","geometry":{"type":"Polygon","coordinates":[[[-75.2244,10.7953],[-75.2941,10.7036],[-75.3419,10.6144],[-75.2476,10.5053],[-75.2415,10.504],[-75.2256,10.5598],[-75.2476,10.6962],[-75.2244,10.7953]]]},"properties":{"cod_dep":"05","cod_mun":"091","nombre":"SANTA CATALINA"}},
{"type":"Feature","geometry":{"type":"Polygon","coordinates":[[[-75.3088,10.5214],[-75.3713,10.5425],[-75.4227,10.4024],[-75.3358,10.4148],[-75.3088,10.5214]]]},"properties":{"cod_dep":"05","cod_mun":"094","nombre":"SANTA ROSA"}},
{"type":"Feature","geometry":{"type":"Polygon","coordinates":[[[-74.0235,8.1751],[-74.2609,8.1044],[-74.5633,7.4326],[-74.5609,7.4277],[-74.3577,7.4723],[-74.152,7.5727],[-74.0235,8.1751]]]},"properties":{"cod_dep":"05","cod_mun":"095","nombre":"SANTA ROSA DEL SUR"}},
{"type":"Feature","geometry":{"type":"Polygon","coordinates":[[[-73.868,8.0635],[-74.0235,8.1751],[-74.152,7.5727],[-73.8154,7.6917],[-73.868,8.0635]]]},"properties":{"cod_dep":"05","cod_mun":"097","nombre":"SIMITI"}},
{"type":"Feature","geometry":{"type":"Polygon","coordinates":[[[-75.0701,10.3442],[-75.0897,10.4111],[-75.1289,10.3975],[-75.1729,10.2859],[-75.0836,10.281],[-75.0701,10.3442]]]},"properties":{"cod_dep":"05","cod_mun":"106","nombre":"SOPLAVIENTO"}},
{"type":"Feature","geometry":{"type":"Polygon","coordinates":[[[-74.6564,9.3836],[-74.7396,9.4257],[-74.6784,9.3055],[-74.6502,9.1915],[-74.5303,9.2423],[-74.5315,9.2559],[-74.6564,9.3836]]]},"properties":{"cod_dep":"05","cod_mun":"110","nombre":"TALAIGUA NUEVO"}},
{"type":"Feature","geometry":{"type":"Polygon","coordinates":[[[-74.212,8.6498],[-74.3748,8.6647],[-74.4433,8.4292],[-74.3418,8.2767],[-74.2573,8.3833],[-74.152,8.6039],[-74.1385,8.6548],[-74.1777,8.656],[-74.212,8.6498]]]},"properties":{"cod_dep":"05","cod_mun":"113","nombre":"TIQUISIO (PTO. RICO)"}},
{"type":"Feature","geometry":{"type":"Polygon","coordinates":[[[-75.3358,10.4148],[-75.4227,10.4024],[-75.4423,10.3107],[-75.3835,10.2723],[-75.2966,10.3343],[-75.2807,10.3628],[-75.3358,10.4148]]]},"properties":{"cod_dep":"05","cod_mun":"118","nombre":"TURBACO"}},
{"type":"Feature","geometry":{"type":"Polygon","coordinates":[[[-75.4423,10.3107],[-75.5341,10.1756],[-75.5732,10.0863],[-75.4973,10.1458],[-75.3835,10.2723],[-75.4423,10.3107]]]},"properties":{"cod_dep":"05","cod_mun":"121","nombre":"TURBANA"}},
{"type":"Feature","geometry":{"type":"Polygon","coordinates":[[[-75.2476,10.5053],[-75.3088,10.5214],[-75.3358,10.4148],[-75.2807,10.3628],[-75.1766,10.4557],[-75.2415,10.504],[-75.2476,10.5053]]]},"properties":{"cod_dep":"05","cod_mun":"124","nombre":"VILLANUEVA"}},
{"type":"Feature","geometry":{"type":"Polygon","coordinates":[[[-74.84,9.81],[-74.8828,9.8719],[-74.9404,9.8633],[-74.9514,9.7666],[-74.9612,9.6811],[-74.791,9.6525],[-74.84,9.81]]]},"properties":{"cod_dep":"05","cod_mun":"127","nombre":"ZAMBRANO"}},
{"type":"Feature","geometry":{"type":"Polygon","coordinates":[[[-73.3416,5.5846],[-73.4114,5.5672],[-73.4224,5.561],[-73.4322,5.4854],[-73.4469,5.4693],[-73.4163,5.4483],[-73.3612,5.4743],[-73.3086,5.5437],[-73.3073,5.5697],[-73.3269,5.5796],[-73.3416,5.5846]]]},"properties":{"cod_dep":"07","cod_mun":"001","nombre":"TUNJA"}},
{"type":"Feature","geometry":{"type":"Polygon","coordinates":[[[-73.3649,5.0144],[-73.3771,5.0157],[-73.4395,4.9078],[-73.4371,4.9066],[-73.3759,4.9289],[-73.3649,5.0144]]]},"properties":{"cod_dep":"07","cod_mun":"007","nombre":"ALMEIDA"}},
{"type":"Feature","geometry":{"type":"Polygon","coordinates":[[[-72.7136,5.6255],[-72.7712,5.6441],[-72.896,5.6131],[-72.9254,5.5672],[-73.0429,5.3603],[-73.0417,5.3119],[-73.0099,5.214],[-72.9376,5.2041],[-72.8116,5.3776],[-72.6671,5.4359],[-72.7136,5.6255]]]},"properties":{"cod_dep":"07","cod_mun":"008","nombre":"AQUITANIA (PUEBLOVIEJO)"}},
{"type":"Feature","geometry":{"type":"Polygon","coordinates":[[[-73.4714,5.8213],[-73.5007,5.7792],[-73.5069,5.7247],[-73.4236,5.7073],[-73.382,5.6726],[-73.3637,5.6639],[-73.382,5.7606],[-73.4714,5.8213]]]},"properties":{"cod_dep":"07","cod_mun":"010","nombre":"ARCABUCO"}},
{"type":"Feature","geometry":{"type":"Polygon","coordinates":[[[-72.8128,6.0234],[-72.923,6.0977],[-72.9695,6.0197],[-72.9144,5.9453],[-72.8177,5.9775],[-72.8128,6.0234]]]},"properties":{"cod_dep":"07","cod_mun":"013","nombre":"BELEN"}},
{"type":"Feature","geometry":{"type":"Polygon","coordinates":[[[-73.0723,5.1694],[-73.0637,5.3008],[-73.1482,5.2289],[-73.0894,5.1607],[-73.0723,5.1694]]]},"properties":{"cod_dep":"07","cod_mun":"016","nombre":"BERBEO"}},
{"type":"Feature","geometry":{"type":"Polygon","coordinates":[[[-72.7797,5.954],[-72.8177,5.9775],[-72.9144,5.9453],[-72.9254,5.9292],[-72.8728,5.8746],[-72.8581,5.866],[-72.8263,5.8784],[-72.7797,5.954]]]},"properties":{"cod_dep":"07","cod_mun":"019","nombre":"BETEITIVA"}},
{"type":"Feature","geometry":{"type":"Polygon","coordinates":[[[-72.6487,6.4361],[-72.661,6.4436],[-72.6549,6.3779],[-72.6414,6.2787],[-72.6353,6.2204],[-72.5753,6.3506],[-72.623,6.4411],[-72.6487,6.4361]]]},"properties":{"cod_dep":"07","cod_mun":"022","nombre":"BOAVITA"}},
{"type":"Feature","geometry":{"type":"Polygon","coordinates":[[[-73.3343,5.4408],[-73.3612,5.4743],[-73.4163,5.4483],[-73.4408,5.4148],[-73.4261,5.4086],[-73.3526,5.4321],[-73.3343,5.4408]]]},"properties":{"cod_dep":"07","cod_mun":"025","nombre":"BOYACA"}},
{"type":"Feature","geometry":{"type":"Polygon","coordinates":[[[-73.8802,5.7073],[-73.8998,5.737],[-73.9451,5.6937],[-73.8974,5.6193],[-73.8643,5.6379],[-73.8864,5.6899],[-73.8802,5.7073]]]},"properties":{"cod_dep":"07","cod_mun":"028","nombre":"BRICEÑO"}},
{"type":"Feature","geometry":{"type":"Polygon","coordinates":[[[-73.9108,5.5239],[-73.9108,5.5499],[-73.9904,5.5251],[-73.9476,5.4235],[-73.9023,5.4668],[-73.9108,5.5239]]]},"properties":{"cod_dep":"07","cod_mun":"031","nombre":"BUENAVISTA"}},
{"type":"Feature","geometry":{"type":"Polygon","coordinates":[[[-72.8581,5.866],[-72.8728,5.8746],[-72.896,5.8127],[-72.8581,5.866]]]},"properties":{"cod_dep":"07","cod_mun":"034","nombre":"BUSBANZA"}},
{"type":"Feature","geometry":{"type":"Polygon","coordinates":[[[-73.8643,5.6379],[-73.8974,5.6193],[-73.9255,5.5734],[-73.9108,5.5499],[-73.9108,5.5239],[-73.8484,5.5462],[-73.8643,5.6379]]]},"properties":{"cod_dep":"07","cod_mun":"037","nombre":"CALDAS"}},
{"type":"Feature","geometry":{"type":"Polygon","coordinates":[[[-73.0295,4.9921],[-73.1127,5.1124],[-73.2486,5.069],[-73.2229,4.9735],[-73.1751,4.8967],[-73.0295,4.9921]]]},"properties":{"cod_dep":"07","cod_mun":"040","nombre":"CAMPOHERMOSO"}},
{"type":"Feature","geometry":{"type":"Polygon","coordinates":[[[-72.9144,5.9453],[-72.9695,6.0197],[-73.0111,5.9626],[-72.9279,5.9242],[-72.9254,5.9292],[-72.9144,5.9453]]]},"properties":{"cod_dep":"07","cod_mun":"043","nombre":"CERINZA"}},
{"type":"Feature","geometry":{"type":"Polygon","coordinates":[[[-73.2216,5.4074],[-73.3147,5.4495],[-73.3147,5.4433],[-73.2853,5.3491],[-73.2216,5.4074]]]},"properties":{"cod_dep":"07","cod_mun":"046","nombre":"CIENEGA"}},
{"type":"Feature","geometry":{"type":"Polygon","coordinates":[[[-73.2645,5.7036],[-73.3575,5.8065],[-73.382,5.7606],[-73.3637,5.6639],[-73.3416,5.5846],[-73.3269,5.5796],[-73.2669,5.6639],[-73.2645,5.7036]]]},"properties":{"cod_dep":"07","cod_mun":"049","nombre":"COMBITA"}},
{"type":"Feature","geometry":{"type":"Polygon","coordinates":[[[-73.9904,5.5251],[-74.0467,5.5003],[-74.0969,5.4706],[-74.0945,5.4359],[-73.999,5.3677],[-73.9476,5.4235],[-73.9904,5.5251]]]},"properties":{"cod_dep":"07","cod_mun":"052","nombre":"COPER"}},
{"type":"Feature","geometry":{"type":"Polygon","coordinates":[[[-72.7981,5.8536],[-72.8263,5.8784],[-72.8581,5.866],[-72.896,5.8127],[-72.896,5.7953],[-72.8752,5.7705],[-72.8324,5.7978],[-72.7981,5.8536]]]},"properties":{"cod_dep":"07","cod_mun":"055","nombre":"CORRALES"}},
{"type":"Feature","geometry":{"type":"Polygon","coordinates":[[[-72.743,6.5663],[-72.7699,6.5799],[-72.8116,6.5427],[-72.7381,6.4398],[-72.6793,6.4832],[-72.743,6.5663]]]},"properties":{"cod_dep":"07","cod_mun":"058","nombre":"COVARACHIA"}},
{"type":"Feature","geometry":{"type":"Polygon","coordinates":[[[-72.0477,7.0385],[-72.2901,6.9963],[-72.5031,6.9084],[-72.4774,6.8427],[-72.2999,6.7162],[-72.1003,6.746],[-71.9485,7.0112],[-72.0477,7.0385]]]},"properties":{"cod_dep":"07","cod_mun":"059","nombre":"CUBARA"}},
{"type":"Feature","geometry":{"type":"Polygon","coordinates":[[[-73.4224,5.561],[-73.491,5.5487],[-73.4322,5.4854],[-73.4224,5.561]]]},"properties":{"cod_dep":"07","cod_mun":"060","nombre":"CUCAITA"}},
{"type":"Feature","geometry":{"type":"Polygon","coordinates":[[[-72.896,5.6131],[-72.923,5.6205],[-73.0037,5.5933],[-72.9254,5.5672],[-72.896,5.6131]]]},"properties":{"cod_dep":"07","cod_mun":"061","nombre":"CUITIVA"}},
{"type":"Feature","geometry":{"type":"Polygon","coordinates":[[[-73.3294,5.2611],[-73.4016,5.2425],[-73.3918,5.2165],[-73.3637,5.1372],[-73.2682,5.1557],[-73.2951,5.1979],[-73.2829,5.2066],[-73.3294,5.2611]]]},"properties":{"cod_dep":"07","cod_mun":"064","nombre":"CHINAVITA"}},
{"type":"Feature","geometry":{"type":"Polygon","coordinates":[[[-73.6856,5.6292],[-73.8864,5.6899],[-73.8643,5.6379],[-73.8484,5.5462],[-73.7896,5.5524],[-73.7162,5.5908],[-73.6856,5.6292]]]},"properties":{"cod_dep":"07","cod_mun":"067","nombre":"CHIQUINQUIRA"}},
{"type":"Feature","geometry":{"type":"Polygon","coordinates":[[[-73.382,5.6726],[-73.4236,5.7073],[-73.5167,5.6007],[-73.4983,5.5598],[-73.4114,5.6168],[-73.382,5.6726]]]},"properties":{"cod_dep":"07","cod_mun":"068","nombre":"CHIQUIZA"}},
{"type":"Feature","geometry":{"type":"Polygon","coordinates":[[[-72.2999,6.7162],[-72.4774,6.8427],[-72.4994,6.7286],[-72.5422,6.5836],[-72.5349,6.4956],[-72.421,6.5192],[-72.2999,6.7162]]]},"properties":{"cod_dep":"07","cod_mun":"070","nombre":"CHISCAS"}},
{"type":"Feature","geometry":{"type":"Polygon","coordinates":[[[-72.3966,6.2725],[-72.4957,6.2874],[-72.552,6.1771],[-72.5422,6.0692],[-72.4162,5.9044],[-72.3427,6.0011],[-72.3207,6.0878],[-72.3966,6.2725]]]},"properties":{"cod_dep":"07","cod_mun":"073","nombre":"CHITA"}},
{"type":"Feature","geometry":{"type":"Polygon","coordinates":[[[-73.404,6.0556],[-73.4542,6.0792],[-73.4861,6.0011],[-73.4959,5.9874],[-73.4334,5.8982],[-73.404,6.0556]]]},"properties":{"cod_dep":"07","cod_mun":"076","nombre":"CHITARAQUE"}},
{"type":"Feature","geometry":{"type":"Polygon","coordinates":[[[-73.2131,5.6267],[-73.2314,5.6267],[-73.3073,5.5697],[-73.3086,5.5437],[-73.2853,5.5239],[-73.2278,5.5536],[-73.2131,5.6267]]]},"properties":{"cod_dep":"07","cod_mun":"077","nombre":"CHIVATA"}},
{"type":"Feature","geometry":{"type":"Polygon","coordinates":[[[-73.2988,4.9029],[-73.3759,4.9289],[-73.4371,4.9066],[-73.4469,4.8893],[-73.3722,4.8012],[-73.3404,4.7913],[-73.2988,4.9029]]]},"properties":{"cod_dep":"07","cod_mun":"078","nombre":"CHIVOR"}},
{"type":"Feature","geometry":{"type":"Polygon","coordinates":[[[-73.0307,6.0209],[-73.0821,5.9775],[-73.1751,5.9949],[-73.0503,5.7742],[-72.9927,5.8052],[-73.0307,6.0209]]]},"properties":{"cod_dep":"07","cod_mun":"079","nombre":"DUITAMA"}},
{"type":"Feature","geometry":{"type":"Polygon","coordinates":[[[-72.3145,6.358],[-72.4309,6.4398],[-72.4859,6.3902],[-72.5178,6.3494],[-72.4957,6.2874],[-72.3966,6.2725],[-72.339,6.3456],[-72.3145,6.358]]]},"properties":{"cod_dep":"07","cod_mun":"082","nombre":"EL COCUY"}},
{"type":"Feature","geometry":{"type":"Polygon","coordinates":[[[-72.421,6.5192],[-72.5349,6.4956],[-72.5398,6.4882],[-72.4859,6.4646],[-72.437,6.4944],[-72.421,6.5192]]]},"properties":{"cod_dep":"07","cod_mun":"085","nombre":"EL ESPINO"}},
{"type":"Feature","geometry":{"type":"Polygon","coordinates":[[[-72.9474,5.7147],[-73.0601,5.6875],[-73.1029,5.659],[-73.076,5.628],[-72.9989,5.6292],[-72.9634,5.649],[-72.9474,5.7147]]]},"properties":{"cod_dep":"07","cod_mun":"088","nombre":"FIRAVITOBA"}},
{"type":"Feature","geometry":{"type":"Polygon","coordinates":[[[-72.8728,5.8746],[-72.9254,5.9292],[-72.9279,5.9242],[-72.9438,5.8065],[-72.896,5.7953],[-72.896,5.8127],[-72.8728,5.8746]]]},"properties":{"cod_dep":"07","cod_mun":"091","nombre":"FLORESTA"}},
{"type":"Feature","geometry":{"type":"Polygon","coordinates":[[[-73.5007,5.7792],[-73.5828,5.7904],[-73.5742,5.6924],[-73.5069,5.7247],[-73.5007,5.7792]]]},"properties":{"cod_dep":"07","cod_mun":"094","nombre":"GACHANTIVA"}},
{"type":"Feature","geometry":{"type":"Polygon","coordinates":[[[-72.6316,5.8288],[-72.7981,5.8536],[-72.8324,5.7978],[-72.7969,5.7718],[-72.6255,5.7767],[-72.6316,5.8288]]]},"properties":{"cod_dep":"07","cod_mun":"097","nombre":"GAMEZA"}},
{"type":"Feature","geometry":{"type":"Polygon","coordinates":[[[-73.2486,5.069],[-73.2682,5.1557],[-73.3637,5.1372],[-73.3845,5.0851],[-73.3942,5.0479],[-73.3881,5.0157],[-73.3771,5.0157],[-73.3649,5.0144],[-73.2486,5.069]]]},"properties":{"cod_dep":"07","cod_mun":"100","nombre":"GARAGOA"}},
{"type":"Feature","geometry":{"type":"Polygon","coordinates":[[[-72.4859,6.4646],[-72.5398,6.4882],[-72.5484,6.4869],[-72.4969,6.4014],[-72.4859,6.4646]]]},"properties":{"cod_dep":"07","cod_mun":"103","nombre":"GUACAMAYAS"}},
{"type":"Feature","geometry":{"type":"Polygon","coordinates":[[[-73.4738,5.0516],[-73.4799,5.0615],[-73.4799,5.0628],[-73.5228,5.0293],[-73.5069,4.9958],[-73.4665,4.9835],[-73.4469,4.9946],[-73.4738,5.0516]]]},"properties":{"cod_dep":"07","cod_mun":"106","nombre":"GUATEQUE"}},
{"type":"Feature","geometry":{"type":"Polygon","coordinates":[[[-73.4665,4.9835],[-73.5069,4.9958],[-73.5424,4.914],[-73.5203,4.8793],[-73.4469,4.8893],[-73.4371,4.9066],[-73.4395,4.9078],[-73.4665,4.9835]]]},"properties":{"cod_dep":"07","cod_mun":"109","nombre":"GUAYATA"}},
{"type":"Feature","geometry":{"type":"Polygon","coordinates":[[[-72.1003,6.746],[-72.2999,6.7162],[-72.421,6.5192],[-72.437,6.4944],[-72.4309,6.4398],[-72.3145,6.358],[-72.1285,6.5241],[-72.1003,6.746]]]},"properties":{"cod_dep":"07","cod_mun":"112","nombre":"GUICAN"}},
{"type":"Feature","geometry":{"type":"Polygon","coordinates":[[[-72.923,5.6205],[-72.9634,5.649],[-72.9989,5.6292],[-73.0037,5.5933],[-72.923,5.6205]]]},"properties":{"cod_dep":"07","cod_mun":"118","nombre":"IZA"}},
{"type":"Feature","geometry":{"type":"Polygon","coordinates":[[[-73.3367,5.3144],[-73.3526,5.4321],[-73.4261,5.4086],[-73.4187,5.3714],[-73.3367,5.3144]]]},"properties":{"cod_dep":"07","cod_mun":"121","nombre":"JENESANO"}},
{"type":"Feature","geometry":{"type":"Polygon","coordinates":[[[-72.552,6.1771],[-72.6328,6.2043],[-72.6353,6.1808],[-72.6561,6.1163],[-72.5422,6.0692],[-72.552,6.1771]]]},"properties":{"cod_dep":"07","cod_mun":"124","nombre":"JERICO"}},
{"type":"Feature","geometry":{"type":"Polygon","coordinates":[[[-72.5141,5.6082],[-72.5704,5.7098],[-72.7136,5.6255],[-72.6671,5.4359],[-72.5839,5.3826],[-72.4443,5.5202],[-72.5141,5.6082]]]},"properties":{"cod_dep":"07","cod_mun":"127","nombre":"LABRANZAGRANDE"}},
{"type":"Feature","geometry":{"type":"Polygon","coordinates":[[[-73.42,5.1223],[-73.4371,5.1595],[-73.4775,5.1483],[-73.4922,5.1285],[-73.4799,5.0628],[-73.4799,5.0615],[-73.42,5.1223]]]},"properties":{"cod_dep":"07","cod_mun":"130","nombre":"LA CAPILLA"}},
{"type":"Feature","geometry":{"type":"Polygon","coordinates":[[[-72.5178,6.3494],[-72.5753,6.3506],[-72.6353,6.2204],[-72.6328,6.2043],[-72.552,6.1771],[-72.4957,6.2874],[-72.5178,6.3494]]]},"properties":{"cod_dep":"07","cod_mun":"136","nombre":"LA UVITA"}},
{"type":"Feature","geometry":{"type":"Polygon","coordinates":[[[-74.2157,5.4978],[-74.2401,5.5387],[-74.2548,5.4978],[-74.2157,5.4978]]]},"properties":{"cod_dep":"07","cod_mun":"137","nombre":"LA VICTORIA"}},
{"type":"Feature","geometry":{"type":"Polygon","coordinates":[[[-73.4236,5.7073],[-73.5069,5.7247],[-73.5742,5.6924],[-73.5779,5.6751],[-73.5815,5.628],[-73.5167,5.6007],[-73.4236,5.7073]]]},"properties":{"cod_dep":"07","cod_mun":"139","nombre":"VILLA DE LEIVA"}},
{"type":"Feature","geometry":{"type":"Polygon","coordinates":[[[-73.2229,4.9735],[-73.2486,5.069],[-73.3649,5.0144],[-73.3759,4.9289],[-73.2988,4.9029],[-73.2229,4.9735]]]},"properties":{"cod_dep":"07","cod_mun":"142","nombre":"MACANAL"}},
{"type":"Feature","geometry":{"type":"Polygon","coordinates":[[[-73.9255,5.5734],[-74.0602,5.649],[-74.0884,5.6032],[-74.0467,5.5003],[-73.9904,5.5251],[-73.9108,5.5499],[-73.9255,5.5734]]]},"properties":{"cod_dep":"07","cod_mun":"148","nombre":"MARIPI"}},
{"type":"Feature","geometry":{"type":"Polygon","coordinates":[[[-73.1482,5.2289],[-73.2951,5.1979],[-73.2682,5.1557],[-73.2486,5.069],[-73.1127,5.1124],[-73.0894,5.1607],[-73.1482,5.2289]]]},"properties":{"cod_dep":"07","cod_mun":"151","nombre":"MIRAFLORES"}},
{"type":"Feature","geometry":{"type":"Polygon","coordinates":[[[-72.6255,5.7767],[-72.7969,5.7718],[-72.825,5.737],[-72.7908,5.659],[-72.7712,5.6441],[-72.7136,5.6255],[-72.5704,5.7098],[-72.5839,5.7705],[-72.6255,5.7767]]]},"properties":{"cod_dep":"07","cod_mun":"154","nombre":"MONGUA"}},
{"type":"Feature","geometry":{"type":"Polygon","coordinates":[[[-72.825,5.737],[-72.8715,5.742],[-72.7908,5.659],[-72.825,5.737]]]},"properties":{"cod_dep":"07","cod_mun":"157","nombre":"MONGUI"}},
{"type":"Feature","geometry":{"type":"Polygon","coordinates":[[[-73.5497,5.9502],[-73.5938,5.9589],[-73.6354,5.9106],[-73.6256,5.778],[-73.5828,5.7904],[-73.5007,5.7792],[-73.4714,5.8213],[-73.464,5.8486],[-73.5497,5.9502]]]},"properties":{"cod_dep":"07","cod_mun":"160","nombre":"MONIQUIRA"}},
{"type":"Feature","geometry":{"type":"Polygon","coordinates":[[[-73.3416,5.5846],[-73.3637,5.6639],[-73.382,5.6726],[-73.4114,5.6168],[-73.4114,5.5672],[-73.3416,5.5846]]]},"properties":{"cod_dep":"07","cod_mun":"161","nombre":"MOTAVITA"}},
{"type":"Feature","geometry":{"type":"Polygon","coordinates":[[[-74.0884,5.6032],[-74.1594,5.5957],[-74.1618,5.5982],[-74.1753,5.4619],[-74.0969,5.4706],[-74.0467,5.5003],[-74.0884,5.6032]]]},"properties":{"cod_dep":"07","cod_mun":"163","nombre":"MUZO"}},
{"type":"Feature","geometry":{"type":"Polygon","coordinates":[[[-72.9438,5.8065],[-72.9866,5.7866],[-72.945,5.7457],[-72.8826,5.768],[-72.8752,5.7705],[-72.896,5.7953],[-72.9438,5.8065]]]},"properties":{"cod_dep":"07","cod_mun":"166","nombre":"NOBSA"}},
{"type":"Feature","geometry":{"type":"Polygon","coordinates":[[[-73.4261,5.4086],[-73.4408,5.4148],[-73.4775,5.3702],[-73.4775,5.2896],[-73.4518,5.3032],[-73.4187,5.3714],[-73.4261,5.4086]]]},"properties":{"cod_dep":"07","cod_mun":"169","nombre":"NUEVO COLON"}},
{"type":"Feature","geometry":{"type":"Polygon","coordinates":[[[-73.2314,5.6267],[-73.2669,5.6639],[-73.3269,5.5796],[-73.3073,5.5697],[-73.2314,5.6267]]]},"properties":{"cod_dep":"07","cod_mun":"173","nombre":"OICATA"}},
{"type":"Feature","geometry":{"type":"Polygon","coordinates":[[[-74.0786,5.8325],[-74.1802,5.9106],[-74.2659,5.835],[-74.2964,5.7643],[-74.3063,5.6379],[-74.1618,5.5982],[-74.1594,5.5957],[-74.0932,5.7594],[-74.0798,5.8189],[-74.0786,5.8325]]]},"properties":{"cod_dep":"07","cod_mun":"176","nombre":"OTANCHE"}},
{"type":"Feature","geometry":{"type":"Polygon","coordinates":[[[-73.3637,5.1372],[-73.3918,5.2165],[-73.4371,5.1595],[-73.42,5.1223],[-73.3845,5.0851],[-73.3637,5.1372]]]},"properties":{"cod_dep":"07","cod_mun":"178","nombre":"PACHAVITA"}},
{"type":"Feature","geometry":{"type":"Polygon","coordinates":[[[-72.9376,5.2041],[-73.0099,5.214],[-73.0723,5.1694],[-73.0894,5.1607],[-73.1127,5.1124],[-73.0295,4.9921],[-73.0307,4.9822],[-72.9756,4.9748],[-72.9034,5.0677],[-72.9095,5.1037],[-72.9376,5.2041]]]},"properties":{"cod_dep":"07","cod_mun":"179","nombre":"PAEZ"}},
{"type":"Feature","geometry":{"type":"Polygon","coordinates":[[[-73.0503,5.7742],[-73.1751,5.9949],[-73.1837,5.8498],[-73.1555,5.7271],[-73.1029,5.659],[-73.0601,5.6875],[-73.0503,5.7742]]]},"properties":{"cod_dep":"07","cod_mun":"181","nombre":"PAIPA"}},
{"type":"Feature","geometry":{"type":"Polygon","coordinates":[[[-72.6671,5.4359],[-72.8116,5.3776],[-72.7002,5.2735],[-72.5667,5.3739],[-72.5839,5.3826],[-72.6671,5.4359]]]},"properties":{"cod_dep":"07","cod_mun":"184","nombre":"PAJARITO"}},
{"type":"Feature","geometry":{"type":"Polygon","coordinates":[[[-72.4309,6.4398],[-72.437,6.4944],[-72.4859,6.4646],[-72.4969,6.4014],[-72.4859,6.3902],[-72.4309,6.4398]]]},"properties":{"cod_dep":"07","cod_mun":"187","nombre":"PANQUEBA"}},
{"type":"Feature","geometry":{"type":"Polygon","coordinates":[[[-73.9818,5.7209],[-74.0798,5.8189],[-74.0932,5.7594],[-74.0602,5.649],[-73.9255,5.5734],[-73.8974,5.6193],[-73.9451,5.6937],[-73.9818,5.7209]]]},"properties":{"cod_dep":"07","cod_mun":"190","nombre":"PAUNA"}},
{"type":"Feature","geometry":{"type":"Polygon","coordinates":[[[-72.2485,5.6962],[-72.2974,5.7544],[-72.5141,5.6082],[-72.4443,5.5202],[-72.3011,5.5065],[-72.2485,5.6962]]]},"properties":{"cod_dep":"07","cod_mun":"193","nombre":"PAYA"}},
{"type":"Feature","geometry":{"type":"Polygon","coordinates":[[[-72.7014,6.0184],[-72.7944,6.1002],[-72.8103,6.0953],[-72.8128,6.0234],[-72.8177,5.9775],[-72.7797,5.954],[-72.743,5.9874],[-72.7014,6.0184]]]},"properties":{"cod_dep":"07","cod_mun":"199","nombre":"PAZ DE RIO"}},
{"type":"Feature","geometry":{"type":"Polygon","coordinates":[[[-72.9989,5.6292],[-73.076,5.628],[-73.0797,5.6181],[-73.1347,5.5053],[-73.147,5.4817],[-73.1262,5.3578],[-73.0503,5.3739],[-73.0037,5.5933],[-72.9989,5.6292]]]},"properties":{"cod_dep":"07","cod_mun":"202","nombre":"PESCA"}},
{"type":"Feature","geometry":{"type":"Polygon","coordinates":[[[-72.2974,5.7544],[-72.4614,5.8474],[-72.5839,5.7705],[-72.5704,5.7098],[-72.5141,5.6082],[-72.2974,5.7544]]]},"properties":{"cod_dep":"07","cod_mun":"205","nombre":"PISBA"}},
{"type":"Feature","geometry":{"type":"Polygon","coordinates":[[[-74.2659,5.835],[-74.5266,6.2737],[-74.5339,6.2688],[-74.567,6.0581],[-74.6404,5.8598],[-74.6649,5.768],[-74.6612,5.7519],[-74.4862,5.7705],[-74.2964,5.7643],[-74.2659,5.835]]]},"properties":{"cod_dep":"07","cod_mun":"214","nombre":"PUERTO BOYACA"}},
{"type":"Feature","geometry":{"type":"Polygon","coordinates":[[[-74.1618,5.5982],[-74.3063,5.6379],[-74.2401,5.5387],[-74.2157,5.4978],[-74.1777,5.4594],[-74.1753,5.4619],[-74.1618,5.5982]]]},"properties":{"cod_dep":"07","cod_mun":"215","nombre":"QUIPAMA"}},
{"type":"Feature","geometry":{"type":"Polygon","coordinates":[[[-73.3147,5.4433],[-73.3343,5.4408],[-73.3526,5.4321],[-73.3367,5.3144],[-73.3294,5.2611],[-73.2829,5.2066],[-73.2731,5.2995],[-73.2853,5.3491],[-73.3147,5.4433]]]},"properties":{"cod_dep":"07","cod_mun":"217","nombre":"RAMIRIQUI"}},
{"type":"Feature","geometry":{"type":"Polygon","coordinates":[[[-73.5803,5.5896],[-73.6244,5.5697],[-73.6929,5.5251],[-73.7431,5.4706],[-73.7199,5.4594],[-73.6183,5.4049],[-73.5497,5.5214],[-73.5803,5.5896]]]},"properties":{"cod_dep":"07","cod_mun":"220","nombre":"RAQUIRA"}},
{"type":"Feature","geometry":{"type":"Polygon","coordinates":[[[-73.1262,5.3578],[-73.147,5.4817],[-73.2155,5.4408],[-73.2216,5.4074],[-73.2853,5.3491],[-73.2731,5.2995],[-73.1262,5.3578]]]},"properties":{"cod_dep":"07","cod_mun":"223","nombre":"RONDON"}},
{"type":"Feature","geometry":{"type":"Polygon","coordinates":[[[-73.6513,5.7123],[-73.7627,5.773],[-73.8802,5.7073],[-73.8864,5.6899],[-73.6856,5.6292],[-73.6807,5.6367],[-73.6538,5.7024],[-73.6513,5.7123]]]},"properties":{"cod_dep":"07","cod_mun":"226","nombre":"SABOYA"}},
{"type":"Feature","geometry":{"type":"Polygon","coordinates":[[[-73.5167,5.6007],[-73.5815,5.628],[-73.5803,5.5896],[-73.5497,5.5214],[-73.4983,5.5598],[-73.5167,5.6007]]]},"properties":{"cod_dep":"07","cod_mun":"232","nombre":"SACHICA"}},
{"type":"Feature","geometry":{"type":"Polygon","coordinates":[[[-73.491,5.5487],[-73.4983,5.5598],[-73.5497,5.5214],[-73.6183,5.4049],[-73.5926,5.3987],[-73.4469,5.4693],[-73.4322,5.4854],[-73.491,5.5487]]]},"properties":{"cod_dep":"07","cod_mun":"235","nombre":"SAMACA"}},
{"type":"Feature","geometry":{"type":"Polygon","coordinates":[[[-73.0099,5.214],[-73.0417,5.3119],[-73.0637,5.3008],[-73.0723,5.1694],[-73.0099,5.214]]]},"properties":{"cod_dep":"07","cod_mun":"237","nombre":"SAN EDUARDO"}},
{"type":"Feature","geometry":{"type":"Polygon","coordinates":[[[-73.5314,6.0494],[-73.5375,6.042],[-73.5877,5.9973],[-73.5938,5.9589],[-73.5497,5.9502],[-73.4959,5.9874],[-73.4861,6.0011],[-73.5314,6.0494]]]},"properties":{"cod_dep":"07","cod_mun":"238","nombre":"SAN JOSE DE PARE"}},
{"type":"Feature","geometry":{"type":"Polygon","coordinates":[[[-73.0295,4.9921],[-73.1751,4.8967],[-73.2082,4.681],[-73.0527,4.7368],[-73.0307,4.9822],[-73.0295,4.9921]]]},"properties":{"cod_dep":"07","cod_mun":"241","nombre":"SAN LUIS DE GACENO"}},
{"type":"Feature","geometry":{"type":"Polygon","coordinates":[[[-72.4969,6.4014],[-72.5484,6.4869],[-72.623,6.4411],[-72.5753,6.3506],[-72.5178,6.3494],[-72.4859,6.3902],[-72.4969,6.4014]]]},"properties":{"cod_dep":"07","cod_mun":"247","nombre":"SAN MATEO"}},
{"type":"Feature","geometry":{"type":"Polygon","coordinates":[[[-73.7162,5.5908],[-73.7896,5.5524],[-73.7872,5.5102],[-73.7431,5.4706],[-73.6929,5.5251],[-73.7162,5.5908]]]},"properties":{"cod_dep":"07","cod_mun":"248","nombre":"SAN MIGUEL DE SEMA"}},
{"type":"Feature","geometry":{"type":"Polygon","coordinates":[[[-74.0602,5.649],[-74.0932,5.7594],[-74.1594,5.5957],[-74.0884,5.6032],[-74.0602,5.649]]]},"properties":{"cod_dep":"07","cod_mun":"249","nombre":"SAN PABLO DE BORBUR"}},
{"type":"Feature","geometry":{"type":"Polygon","coordinates":[[[-73.4542,6.0792],[-73.4971,6.1077],[-73.5314,6.0494],[-73.4861,6.0011],[-73.4542,6.0792]]]},"properties":{"cod_dep":"07","cod_mun":"250","nombre":"SANTANA"}},
{"type":"Feature","geometry":{"type":"Polygon","coordinates":[[[-73.1751,4.8967],[-73.2229,4.9735],[-73.2988,4.9029],[-73.3404,4.7913],[-73.3245,4.7802],[-73.2204,4.6761],[-73.2082,4.681],[-73.1751,4.8967]]]},"properties":{"cod_dep":"07","cod_mun":"251","nombre":"SANTA MARIA"}},
{"type":"Feature","geometry":{"type":"Polygon","coordinates":[[[-73.0111,5.9626],[-73.0307,6.0209],[-72.9927,5.8052],[-72.9866,5.7866],[-72.9438,5.8065],[-72.9279,5.9242],[-73.0111,5.9626]]]},"properties":{"cod_dep":"07","cod_mun":"253","nombre":"SANTA ROSA DE VITERBO"}},
{"type":"Feature","geometry":{"type":"Polygon","coordinates":[[[-73.5828,5.7904],[-73.6256,5.778],[-73.6513,5.7123],[-73.6538,5.7024],[-73.5779,5.6751],[-73.5742,5.6924],[-73.5828,5.7904]]]},"properties":{"cod_dep":"07","cod_mun":"256","nombre":"SANTA SOFIA"}},
{"type":"Feature","geometry":{"type":"Polygon","coordinates":[[[-72.6353,6.1808],[-72.825,6.1585],[-72.8287,6.1523],[-72.8103,6.0953],[-72.7944,6.1002],[-72.6549,6.0829],[-72.6561,6.1163],[-72.6353,6.1808]]]},"properties":{"cod_dep":"07","cod_mun":"259","nombre":"SATIVANORTE"}},
{"type":"Feature","geometry":{"type":"Polygon","coordinates":[[[-72.6549,6.0829],[-72.7944,6.1002],[-72.7014,6.0184],[-72.6573,6.063],[-72.6549,6.0829]]]},"properties":{"cod_dep":"07","cod_mun":"262","nombre":"SATIVASUR"}},
{"type":"Feature","geometry":{"type":"Polygon","coordinates":[[[-73.1347,5.5053],[-73.2278,5.5536],[-73.2853,5.5239],[-73.2865,5.4854],[-73.2155,5.4408],[-73.147,5.4817],[-73.1347,5.5053]]]},"properties":{"cod_dep":"07","cod_mun":"265","nombre":"SIACHOQUE"}},
{"type":"Feature","geometry":{"type":"Polygon","coordinates":[[[-72.6549,6.3779],[-72.7259,6.3717],[-72.7455,6.275],[-72.6414,6.2787],[-72.6549,6.3779]]]},"properties":{"cod_dep":"07","cod_mun":"268","nombre":"SOATA"}},
{"type":"Feature","geometry":{"type":"Polygon","coordinates":[[[-72.5422,6.0692],[-72.6561,6.1163],[-72.6549,6.0829],[-72.6573,6.063],[-72.6512,5.9069],[-72.6316,5.8288],[-72.6255,5.7767],[-72.5839,5.7705],[-72.4614,5.8474],[-72.4162,5.9044],[-72.5422,6.0692]]]},"properties":{"cod_dep":"07","cod_mun":"271","nombre":"SOCOTA"}},
{"type":"Feature","geometry":{"type":"Polygon","coordinates":[[[-72.6512,5.9069],[-72.6573,6.063],[-72.7014,6.0184],[-72.743,5.9874],[-72.6512,5.9069]]]},"properties":{"cod_dep":"07","cod_mun":"274","nombre":"SOCHA"}},
{"type":"Feature","geometry":{"type":"Polygon","coordinates":[[[-72.8715,5.742],[-72.8826,5.768],[-72.945,5.7457],[-72.9474,5.7147],[-72.9634,5.649],[-72.923,5.6205],[-72.896,5.6131],[-72.7712,5.6441],[-72.7908,5.659],[-72.8715,5.742]]]},"properties":{"cod_dep":"07","cod_mun":"277","nombre":"SOGAMOSO"}},
{"type":"Feature","geometry":{"type":"Polygon","coordinates":[[[-73.3771,5.0157],[-73.3881,5.0157],[-73.4469,4.9946],[-73.4665,4.9835],[-73.4395,4.9078],[-73.3771,5.0157]]]},"properties":{"cod_dep":"07","cod_mun":"280","nombre":"SOMONDOCO"}},
{"type":"Feature","geometry":{"type":"Polygon","coordinates":[[[-73.4114,5.5672],[-73.4114,5.6168],[-73.4983,5.5598],[-73.491,5.5487],[-73.4224,5.561],[-73.4114,5.5672]]]},"properties":{"cod_dep":"07","cod_mun":"281","nombre":"SORA"}},
{"type":"Feature","geometry":{"type":"Polygon","coordinates":[[[-73.3086,5.5437],[-73.3612,5.4743],[-73.3343,5.4408],[-73.3147,5.4433],[-73.3147,5.4495],[-73.2865,5.4854],[-73.2853,5.5239],[-73.3086,5.5437]]]},"properties":{"cod_dep":"07","cod_mun":"282","nombre":"SORACA"}},
{"type":"Feature","geometry":{"type":"Polygon","coordinates":[[[-73.1837,5.8498],[-73.3575,5.8065],[-73.2645,5.7036],[-73.1555,5.7271],[-73.1837,5.8498]]]},"properties":{"cod_dep":"07","cod_mun":"283","nombre":"SOTAQUIRA"}},
{"type":"Feature","geometry":{"type":"Polygon","coordinates":[[[-72.6414,6.2787],[-72.7455,6.275],[-72.825,6.1585],[-72.6353,6.1808],[-72.6328,6.2043],[-72.6353,6.2204],[-72.6414,6.2787]]]},"properties":{"cod_dep":"07","cod_mun":"286","nombre":"SUSACON"}},
{"type":"Feature","geometry":{"type":"Polygon","coordinates":[[[-73.5779,5.6751],[-73.6538,5.7024],[-73.6807,5.6367],[-73.6244,5.5697],[-73.5803,5.5896],[-73.5815,5.628],[-73.5779,5.6751]]]},"properties":{"cod_dep":"07","cod_mun":"289","nombre":"SUTAMARCHAN"}},
{"type":"Feature","geometry":{"type":"Polygon","coordinates":[[[-73.3942,5.0479],[-73.4738,5.0516],[-73.4469,4.9946],[-73.3881,5.0157],[-73.3942,5.0479]]]},"properties":{"cod_dep":"07","cod_mun":"292","nombre":"SUTATENZA"}},
{"type":"Feature","geometry":{"type":"Polygon","coordinates":[[[-72.6512,5.9069],[-72.743,5.9874],[-72.7797,5.954],[-72.8263,5.8784],[-72.7981,5.8536],[-72.6316,5.8288],[-72.6512,5.9069]]]},"properties":{"cod_dep":"07","cod_mun":"298","nombre":"TASCO"}},
{"type":"Feature","geometry":{"type":"Polygon","coordinates":[[[-73.3845,5.0851],[-73.42,5.1223],[-73.4799,5.0615],[-73.4738,5.0516],[-73.3942,5.0479],[-73.3845,5.0851]]]},"properties":{"cod_dep":"07","cod_mun":"301","nombre":"TENZA"}},
{"type":"Feature","geometry":{"type":"Polygon","coordinates":[[[-73.3367,5.3144],[-73.4187,5.3714],[-73.4518,5.3032],[-73.4016,5.2425],[-73.3294,5.2611],[-73.3367,5.3144]]]},"properties":{"cod_dep":"07","cod_mun":"304","nombre":"TIBANA"}},
{"type":"Feature","geometry":{"type":"Polygon","coordinates":[[[-72.9927,5.8052],[-73.0503,5.7742],[-73.0601,5.6875],[-72.9474,5.7147],[-72.945,5.7457],[-72.9866,5.7866],[-72.9927,5.8052]]]},"properties":{"cod_dep":"07","cod_mun":"307","nombre":"TIBASOSA"}},
{"type":"Feature","geometry":{"type":"Polygon","coordinates":[[[-73.6244,5.5697],[-73.6807,5.6367],[-73.6856,5.6292],[-73.7162,5.5908],[-73.6929,5.5251],[-73.6244,5.5697]]]},"properties":{"cod_dep":"07","cod_mun":"310","nombre":"TINJACA"}},
{"type":"Feature","geometry":{"type":"Polygon","coordinates":[[[-72.6549,6.3779],[-72.661,6.4436],[-72.6793,6.4832],[-72.7381,6.4398],[-72.7259,6.3717],[-72.6549,6.3779]]]},"properties":{"cod_dep":"07","cod_mun":"311","nombre":"TIPACOQUE"}},
{"type":"Feature","geometry":{"type":"Polygon","coordinates":[[[-73.0797,5.6181],[-73.2131,5.6267],[-73.2278,5.5536],[-73.1347,5.5053],[-73.0797,5.6181]]]},"properties":{"cod_dep":"07","cod_mun":"313","nombre":"TOCA"}},
{"type":"Feature","geometry":{"type":"Polygon","coordinates":[[[-73.4334,5.8982],[-73.4959,5.9874],[-73.5497,5.9502],[-73.464,5.8486],[-73.4334,5.8982]]]},"properties":{"cod_dep":"07","cod_mun":"316","nombre":"TOGUI"}},
{"type":"Feature","geometry":{"type":"Polygon","coordinates":[[[-72.7969,5.7718],[-72.8324,5.7978],[-72.8752,5.7705],[-72.8826,5.768],[-72.8715,5.742],[-72.825,5.737],[-72.7969,5.7718]]]},"properties":{"cod_dep":"07","cod_mun":"319","nombre":"TOPAGA"}},
{"type":"Feature","geometry":{"type":"Polygon","coordinates":[[[-73.0037,5.5933],[-73.0503,5.3739],[-73.0429,5.3603],[-72.9254,5.5672],[-73.0037,5.5933]]]},"properties":{"cod_dep":"07","cod_mun":"322","nombre":"TOTA"}},
{"type":"Feature","geometry":{"type":"Polygon","coordinates":[[[-73.8998,5.737],[-73.9623,5.7395],[-73.9818,5.7209],[-73.9451,5.6937],[-73.8998,5.737]]]},"properties":{"cod_dep":"07","cod_mun":"324","nombre":"TUNUNGUA"}},
{"type":"Feature","geometry":{"type":"Polygon","coordinates":[[[-73.4775,5.2896],[-73.4775,5.3702],[-73.5485,5.2995],[-73.5142,5.2326],[-73.4775,5.2896]]]},"properties":{"cod_dep":"07","cod_mun":"325","nombre":"TURMEQUE"}},
{"type":"Feature","geometry":{"type":"Polygon","coordinates":[[[-73.1555,5.7271],[-73.2645,5.7036],[-73.2669,5.6639],[-73.2314,5.6267],[-73.2131,5.6267],[-73.0797,5.6181],[-73.076,5.628],[-73.1029,5.659],[-73.1555,5.7271]]]},"properties":{"cod_dep":"07","cod_mun":"328","nombre":"TUTA"}},
{"type":"Feature","geometry":{"type":"Polygon","coordinates":[[[-72.8103,6.0953],[-72.8287,6.1523],[-72.8679,6.1448],[-72.923,6.0977],[-72.8128,6.0234],[-72.8103,6.0953]]]},"properties":{"cod_dep":"07","cod_mun":"331","nombre":"TUTAZA"}},
{"type":"Feature","geometry":{"type":"Polygon","coordinates":[[[-73.4016,5.2425],[-73.4518,5.3032],[-73.4775,5.2896],[-73.5142,5.2326],[-73.4775,5.1483],[-73.4371,5.1595],[-73.3918,5.2165],[-73.4016,5.2425]]]},"properties":{"cod_dep":"07","cod_mun":"334","nombre":"UMBITA"}},
{"type":"Feature","geometry":{"type":"Polygon","coordinates":[[[-73.4163,5.4483],[-73.4469,5.4693],[-73.5926,5.3987],[-73.5987,5.3788],[-73.5962,5.3652],[-73.5485,5.2995],[-73.4775,5.3702],[-73.4408,5.4148],[-73.4163,5.4483]]]},"properties":{"cod_dep":"07","cod_mun":"337","nombre":"VENTAQUEMADA"}},
{"type":"Feature","geometry":{"type":"Polygon","coordinates":[[[-73.2155,5.4408],[-73.2865,5.4854],[-73.3147,5.4495],[-73.2216,5.4074],[-73.2155,5.4408]]]},"properties":{"cod_dep":"07","cod_mun":"340","nombre":"VIRACACHA"}},
{"type":"Feature","geometry":{"type":"Polygon","coordinates":[[[-73.0503,5.3739],[-73.1262,5.3578],[-73.2731,5.2995],[-73.2829,5.2066],[-73.2951,5.1979],[-73.1482,5.2289],[-73.0637,5.3008],[-73.0417,5.3119],[-73.0429,5.3603],[-73.0503,5.3739]]]},"properties":{"cod_dep":"07","cod_mun":"346","nombre":"ZETAQUIRA"}},
{"type":"Feature","geometry":{"type":"Polygon","coordinates":[[[-75.3284,5.0417],[-75.3382,5.0454],[-75.3492,5.1086],[-75.6626,5.1657],[-75.6773,5.1409],[-75.6026,5.0157],[-75.5879,4.9847],[-75.3284,5.0417]]]},"properties":{"cod_dep":"09","cod_mun":"001","nombre":"MANIZALES"}},
{"type":"Feature","geometry":{"type":"Polygon","coordinates":[[[-75.5696,5.7247],[-75.599,5.6813],[-75.5806,5.6057],[-75.5708,5.5437],[-75.3811,5.4197],[-75.3162,5.4594],[-75.4239,5.6962],[-75.5561,5.7247],[-75.5696,5.7247]]]},"properties":{"cod_dep":"09","cod_mun":"004","nombre":"AGUADAS"}},
{"type":"Feature","geometry":{"type":"Polygon","coordinates":[[[-75.7483,5.2847],[-75.8242,5.2698],[-75.8364,5.1148],[-75.8107,5.1173],[-75.7042,5.1124],[-75.6773,5.1409],[-75.6626,5.1657],[-75.6932,5.2549],[-75.7483,5.2847]]]},"properties":{"cod_dep":"09","cod_mun":"007","nombre":"ANSERMA"}},
{"type":"Feature","geometry":{"type":"Polygon","coordinates":[[[-75.3725,5.2214],[-75.5108,5.3342],[-75.5402,5.328],[-75.5524,5.2115],[-75.3725,5.2214]]]},"properties":{"cod_dep":"09","cod_mun":"013","nombre":"ARANZAZU"}},
{"type":"Feature","geometry":{"type":"Polygon","coordinates":[[[-75.774,5.0628],[-75.8585,5.0045],[-75.8609,4.9425],[-75.867,4.9339],[-75.8144,4.919],[-75.7471,5.0467],[-75.7434,5.0516],[-75.774,5.0628]]]},"properties":{"cod_dep":"09","cod_mun":"022","nombre":"BELALCAZAR"}},
{"type":"Feature","geometry":{"type":"Polygon","coordinates":[[[-75.6026,5.0157],[-75.7104,5.0777],[-75.7434,5.0516],[-75.7471,5.0467],[-75.714,4.9574],[-75.572,4.9364],[-75.5879,4.9847],[-75.6026,5.0157]]]},"properties":{"cod_dep":"09","cod_mun":"034","nombre":"CHINCHINA"}},
{"type":"Feature","geometry":{"type":"Polygon","coordinates":[[[-75.5402,5.328],[-75.6075,5.3764],[-75.61,5.3751],[-75.6479,5.307],[-75.6663,5.276],[-75.5524,5.2115],[-75.5402,5.328]]]},"properties":{"cod_dep":"09","cod_mun":"037","nombre":"FILADELFIA"}},
{"type":"Feature","geometry":{"type":"Polygon","coordinates":[[[-74.6649,5.768],[-74.7396,5.6999],[-74.813,5.6044],[-74.7898,5.2983],[-74.7347,5.2871],[-74.6502,5.4421],[-74.6612,5.7519],[-74.6649,5.768]]]},"properties":{"cod_dep":"09","cod_mun":"049","nombre":"LA DORADA"}},
{"type":"Feature","geometry":{"type":"Polygon","coordinates":[[[-75.5328,5.4421],[-75.5818,5.4569],[-75.5855,5.4458],[-75.6075,5.3764],[-75.5402,5.328],[-75.5108,5.3342],[-75.5328,5.4421]]]},"properties":{"cod_dep":"09","cod_mun":"052","nombre":"LA MERCED"}},
{"type":"Feature","geometry":{"type":"Polygon","coordinates":[[[-75.1191,5.3094],[-75.2097,5.2859],[-75.1668,5.1694],[-75.1497,5.1644],[-75.0603,5.271],[-75.1191,5.3094]]]},"properties":{"cod_dep":"09","cod_mun":"055","nombre":"MANZANARES"}},
{"type":"Feature","geometry":{"type":"Polygon","coordinates":[[[-75.5769,5.5164],[-75.6406,5.5301],[-75.5855,5.4458],[-75.5818,5.4569],[-75.5769,5.5164]]]},"properties":{"cod_dep":"09","cod_mun":"058","nombre":"MARMATO"}},
{"type":"Feature","geometry":{"type":"Polygon","coordinates":[[[-74.9624,5.3417],[-75.0346,5.3441],[-75.1191,5.3094],[-75.0603,5.271],[-75.0003,5.2921],[-74.9673,5.3008],[-74.9624,5.3417]]]},"properties":{"cod_dep":"09","cod_mun":"061","nombre":"MARQUETALIA"}},
{"type":"Feature","geometry":{"type":"Polygon","coordinates":[[[-75.2097,5.2859],[-75.2868,5.3466],[-75.3725,5.2214],[-75.3492,5.1086],[-75.3382,5.0454],[-75.1668,5.1694],[-75.2097,5.2859]]]},"properties":{"cod_dep":"09","cod_mun":"067","nombre":"MARULANDA"}},
{"type":"Feature","geometry":{"type":"Polygon","coordinates":[[[-75.5524,5.2115],[-75.6663,5.276],[-75.6932,5.2549],[-75.6626,5.1657],[-75.3492,5.1086],[-75.3725,5.2214],[-75.5524,5.2115]]]},"properties":{"cod_dep":"09","cod_mun":"076","nombre":"NEIRA"}},
{"type":"Feature","geometry":{"type":"Polygon","coordinates":[[[-74.7396,5.6999],[-74.8804,5.7457],[-74.8902,5.5586],[-74.813,5.6044],[-74.7396,5.6999]]]},"properties":{"cod_dep":"09","cod_mun":"078","nombre":"NORCASIA"}},
{"type":"Feature","geometry":{"type":"Polygon","coordinates":[[[-75.3811,5.4197],[-75.5708,5.5437],[-75.5769,5.5164],[-75.5818,5.4569],[-75.5328,5.4421],[-75.3811,5.4197]]]},"properties":{"cod_dep":"09","cod_mun":"079","nombre":"PACORA"}},
{"type":"Feature","geometry":{"type":"Polygon","coordinates":[[[-75.6026,5.0157],[-75.6773,5.1409],[-75.7042,5.1124],[-75.7104,5.0777],[-75.6026,5.0157]]]},"properties":{"cod_dep":"09","cod_mun":"082","nombre":"PALESTINA"}},
{"type":"Feature","geometry":{"type":"Polygon","coordinates":[[[-75.0346,5.3441],[-75.1325,5.5412],[-75.2831,5.4755],[-75.3162,5.4594],[-75.2868,5.3466],[-75.2097,5.2859],[-75.1191,5.3094],[-75.0346,5.3441]]]},"properties":{"cod_dep":"09","cod_mun":"085","nombre":"PENSILVANIA"}},
{"type":"Feature","geometry":{"type":"Polygon","coordinates":[[[-75.714,5.5474],[-75.7299,5.5635],[-75.8683,5.4904],[-75.8328,5.3615],[-75.7507,5.3863],[-75.6479,5.307],[-75.61,5.3751],[-75.7042,5.5375],[-75.714,5.5474]]]},"properties":{"cod_dep":"09","cod_mun":"103","nombre":"RIOSUCIO"}},
{"type":"Feature","geometry":{"type":"Polygon","coordinates":[[[-75.7042,5.1124],[-75.8107,5.1173],[-75.8438,5.0851],[-75.774,5.0628],[-75.7434,5.0516],[-75.7104,5.0777],[-75.7042,5.1124]]]},"properties":{"cod_dep":"09","cod_mun":"106","nombre":"RISARALDA"}},
{"type":"Feature","geometry":{"type":"Polygon","coordinates":[[[-75.3811,5.4197],[-75.5328,5.4421],[-75.5108,5.3342],[-75.3725,5.2214],[-75.2868,5.3466],[-75.3162,5.4594],[-75.3811,5.4197]]]},"properties":{"cod_dep":"09","cod_mun":"109","nombre":"SALAMINA"}},
{"type":"Feature","geometry":{"type":"Polygon","coordinates":[[[-74.8902,5.5586],[-74.8804,5.7457],[-75.0689,5.6627],[-75.1325,5.5412],[-75.0346,5.3441],[-74.9624,5.3417],[-74.8902,5.5586]]]},"properties":{"cod_dep":"09","cod_mun":"115","nombre":"SAMANA"}},
{"type":"Feature","geometry":{"type":"Polygon","coordinates":[[[-75.774,5.0628],[-75.8438,5.0851],[-75.8585,5.0045],[-75.774,5.0628]]]},"properties":{"cod_dep":"09","cod_mun":"120","nombre":"SAN JOSE"}},
{"type":"Feature","geometry":{"type":"Polygon","coordinates":[[[-75.6406,5.5301],[-75.7042,5.5375],[-75.61,5.3751],[-75.6075,5.3764],[-75.5855,5.4458],[-75.6406,5.5301]]]},"properties":{"cod_dep":"09","cod_mun":"124","nombre":"SUPIA"}},
{"type":"Feature","geometry":{"type":"Polygon","coordinates":[[[-74.813,5.6044],[-74.8902,5.5586],[-74.9624,5.3417],[-74.9673,5.3008],[-74.8608,5.3057],[-74.7898,5.2983],[-74.813,5.6044]]]},"properties":{"cod_dep":"09","cod_mun":"127","nombre":"VICTORIA"}},
{"type":"Feature","geometry":{"type":"Polygon","coordinates":[[[-75.3284,5.0417],[-75.5879,4.9847],[-75.572,4.9364],[-75.3749,4.8025],[-75.3186,4.8868],[-75.3198,4.893],[-75.3345,4.8992],[-75.3284,5.0417]]]},"properties":{"cod_dep":"09","cod_mun":"130","nombre":"VILLAMARIA"}},
{"type":"Feature","geometry":{"type":"Polygon","coordinates":[[[-75.8364,5.1148],[-75.8842,5.131],[-75.9221,5.0417],[-75.8609,4.9425],[-75.8585,5.0045],[-75.8438,5.0851],[-75.8107,5.1173],[-75.8364,5.1148]]]},"properties":{"cod_dep":"09","cod_mun":"133","nombre":"VITERBO"}},
{"type":"Feature","geometry":{"type":"Polygon","coordinates":[[[-76.5881,2.5529],[-76.768,2.5677],[-76.7239,2.4773],[-76.6187,2.4153],[-76.5318,2.3124],[-76.3849,2.424],[-76.5881,2.5529]]]},"properties":{"cod_dep":"11","cod_mun":"001","nombre":"POPAYAN"}},
{"type":"Feature","geometry":{"type":"Polygon","coordinates":[[[-76.7239,1.9802],[-76.8366,1.9852],[-76.8659,1.9827],[-76.8684,1.8464],[-76.7239,1.9802]]]},"properties":{"cod_dep":"11","cod_mun":"004","nombre":"ALMAGUER"}},
{"type":"Feature","geometry":{"type":"Polygon","coordinates":[[[-77.3091,2.5082],[-77.4034,2.383],[-77.3752,2.2641],[-77.3054,2.1451],[-77.1781,2.2021],[-77.134,2.3161],[-77.3091,2.5082]]]},"properties":{"cod_dep":"11","cod_mun":"005","nombre":"ARGELIA"}},
{"type":"Feature","geometry":{"type":"Polygon","coordinates":[[[-77.2014,1.9542],[-77.1781,2.2021],[-77.3054,2.1451],[-77.3091,2.1252],[-77.2026,1.9517],[-77.2014,1.9542]]]},"properties":{"cod_dep":"11","cod_mun":"006","nombre":"BALBOA"}},
{"type":"Feature","geometry":{"type":"Polygon","coordinates":[[[-76.8659,1.9827],[-76.9516,2.0967],[-77.1304,1.9381],[-77.052,1.7398],[-77.0263,1.7137],[-76.9002,1.6617],[-76.8525,1.6357],[-76.8084,1.7026],[-76.8684,1.8464],[-76.8659,1.9827]]]},"properties":{"cod_dep":"11","cod_mun":"007","nombre":"BOLIVAR"}},
{"type":"Feature","geometry":{"type":"Polygon","coordinates":[[[-76.5575,3.1019],[-76.7827,3.2309],[-76.7888,3.2184],[-76.8047,3.0511],[-76.6444,2.8887],[-76.6309,2.8726],[-76.6113,2.8751],[-76.5575,3.1019]]]},"properties":{"cod_dep":"11","cod_mun":"010","nombre":"BUENOS AIRES"}},
{"type":"Feature","geometry":{"type":"Polygon","coordinates":[[[-76.6689,2.7189],[-76.8513,2.7611],[-76.768,2.5677],[-76.5881,2.5529],[-76.4975,2.6061],[-76.5011,2.6148],[-76.6689,2.7189]]]},"properties":{"cod_dep":"11","cod_mun":"013","nombre":"CAJIBIO"}},
{"type":"Feature","geometry":{"type":"Polygon","coordinates":[[[-76.3653,2.7673],[-76.3628,2.9185],[-76.6113,2.8751],[-76.6309,2.8726],[-76.6113,2.8553],[-76.5048,2.7066],[-76.3653,2.7673]]]},"properties":{"cod_dep":"11","cod_mun":"016","nombre":"CALDONO"}},
{"type":"Feature","geometry":{"type":"Polygon","coordinates":[[[-76.4301,3.2135],[-76.4314,3.1044],[-76.3665,2.9197],[-76.3139,2.9916],[-76.2759,3.0697],[-76.3322,3.1317],[-76.3555,3.1726],[-76.4204,3.2073],[-76.4301,3.2135]]]},"properties":{"cod_dep":"11","cod_mun":"019","nombre":"CALOTO"}},
{"type":"Feature","geometry":{"type":"Polygon","coordinates":[[[-76.0837,3.1577],[-76.2869,3.2284],[-76.3322,3.1317],[-76.2759,3.0697],[-76.1033,3.0957],[-76.0837,3.1577]]]},"properties":{"cod_dep":"11","cod_mun":"022","nombre":"CORINTO"}},
{"type":"Feature","geometry":{"type":"Polygon","coordinates":[[[-76.9161,2.8156],[-77.2515,2.7028],[-77.3091,2.5082],[-77.134,2.3161],[-76.9321,2.2579],[-76.8402,2.2269],[-76.7595,2.3062],[-76.7239,2.4773],[-76.768,2.5677],[-76.8513,2.7611],[-76.9161,2.8156]]]},"properties":{"cod_dep":"11","cod_mun":"025","nombre":"EL TAMBO"}},
{"type":"Feature","geometry":{"type":"Polygon","coordinates":[[[-77.052,1.7398],[-77.1438,1.6778],[-77.0704,1.6741],[-77.0263,1.7137],[-77.052,1.7398]]]},"properties":{"cod_dep":"11","cod_mun":"027","nombre":"FLORENCIA"}},
{"type":"Feature","geometry":{"type":"Polygon","coordinates":[[[-77.4034,2.383],[-77.7877,2.6904],[-77.9285,2.6409],[-77.8355,2.1761],[-77.5992,2.1674],[-77.3752,2.2641],[-77.4034,2.383]]]},"properties":{"cod_dep":"11","cod_mun":"028","nombre":"GUAPI"}},
{"type":"Feature","geometry":{"type":"Polygon","coordinates":[[[-76.3775,3.2048],[-76.4204,3.2073],[-76.3555,3.1726],[-76.3775,3.2048]]]},"properties":{"cod_dep":"11","cod_mun":"029","nombre":"GUACHENE"}},
{"type":"Feature","geometry":{"type":"Polygon","coordinates":[[[-75.9625,2.4983],[-76.211,2.6322],[-76.2257,2.5479],[-76.3237,2.393],[-76.1266,2.3806],[-75.9625,2.4983]]]},"properties":{"cod_dep":"11","cod_mun":"031","nombre":"INZA"}},
{"type":"Feature","geometry":{"type":"Polygon","coordinates":[[[-76.3139,2.9916],[-76.3665,2.9197],[-76.3628,2.9185],[-76.3653,2.7673],[-76.2441,2.7822],[-76.2245,2.854],[-76.3139,2.9916]]]},"properties":{"cod_dep":"11","cod_mun":"034","nombre":"JAMBALO"}},
{"type":"Feature","geometry":{"type":"Polygon","coordinates":[[[-76.8402,2.2269],[-76.9321,2.2579],[-76.8929,2.1661],[-76.888,2.1624],[-76.7092,2.1426],[-76.6493,2.1885],[-76.8402,2.2269]]]},"properties":{"cod_dep":"11","cod_mun":"037","nombre":"LA SIERRA"}},
{"type":"Feature","geometry":{"type":"Polygon","coordinates":[[[-76.7092,2.1426],[-76.888,2.1624],[-76.8366,1.9852],[-76.7239,1.9802],[-76.6236,1.9753],[-76.5807,2.0286],[-76.7092,2.1426]]]},"properties":{"cod_dep":"11","cod_mun":"040","nombre":"LA VEGA"}},
{"type":"Feature","geometry":{"type":"Polygon","coordinates":[[[-76.7888,3.2184],[-77.2344,3.1081],[-77.4976,3.216],[-77.6702,2.9482],[-77.2515,2.7028],[-76.9161,2.8156],[-76.8586,2.9768],[-76.8047,3.0511],[-76.7888,3.2184]]]},"properties":{"cod_dep":"11","cod_mun":"043","nombre":"LOPEZ (MICAY)"}},
{"type":"Feature","geometry":{"type":"Polygon","coordinates":[[[-77.1304,1.9381],[-77.2014,1.9542],[-77.2026,1.9517],[-77.2944,1.8315],[-77.3299,1.6815],[-77.2699,1.6629],[-77.2381,1.658],[-77.1438,1.6778],[-77.052,1.7398],[-77.1304,1.9381]]]},"properties":{"cod_dep":"11","cod_mun":"046","nombre":"MERCADERES"}},
{"type":"Feature","geometry":{"type":"Polygon","coordinates":[[[-76.0556,3.2234],[-76.3432,3.2817],[-76.3518,3.2866],[-76.3689,3.2395],[-76.2869,3.2284],[-76.0837,3.1577],[-76.0911,3.1986],[-76.0556,3.2234]]]},"properties":{"cod_dep":"11","cod_mun":"049","nombre":"MIRANDA"}},
{"type":"Feature","geometry":{"type":"Polygon","coordinates":[[[-76.6444,2.8887],[-76.8586,2.9768],[-76.9161,2.8156],[-76.8513,2.7611],[-76.6689,2.7189],[-76.6113,2.8553],[-76.6309,2.8726],[-76.6444,2.8887]]]},"properties":{"cod_dep":"11","cod_mun":"052","nombre":"MORALES"}},
{"type":"Feature","geometry":{"type":"Polygon","coordinates":[[[-76.2869,3.2284],[-76.3689,3.2395],[-76.3775,3.2048],[-76.3555,3.1726],[-76.3322,3.1317],[-76.2869,3.2284]]]},"properties":{"cod_dep":"11","cod_mun":"053","nombre":"PADILLA"}},
{"type":"Feature","geometry":{"type":"Polygon","coordinates":[[[-76.0286,2.9408],[-76.0678,3.0462],[-76.2245,2.854],[-76.2441,2.7822],[-76.211,2.6322],[-75.9625,2.4983],[-75.8413,2.4587],[-75.8144,2.4834],[-75.7605,2.6805],[-75.8107,2.7871],[-76.0286,2.9408]]]},"properties":{"cod_dep":"11","cod_mun":"055","nombre":"PAEZ (BELALCAZAR)"}},
{"type":"Feature","geometry":{"type":"Polygon","coordinates":[[[-76.9321,2.2579],[-77.134,2.3161],[-77.1781,2.2021],[-77.2014,1.9542],[-77.1304,1.9381],[-76.9516,2.0967],[-76.8929,2.1661],[-76.9321,2.2579]]]},"properties":{"cod_dep":"11","cod_mun":"058","nombre":"PATIA (EL BORDO)"}},
{"type":"Feature","geometry":{"type":"Polygon","coordinates":[[[-76.1327,1.1014],[-76.1694,1.5885],[-76.1988,1.5749],[-76.5673,1.0816],[-76.4852,1.0085],[-76.0849,1.0581],[-76.1327,1.1014]]]},"properties":{"cod_dep":"11","cod_mun":"060","nombre":"PIAMONTE"}},
{"type":"Feature","geometry":{"type":"Polygon","coordinates":[[[-76.5048,2.7066],[-76.6113,2.8553],[-76.6689,2.7189],[-76.5011,2.6148],[-76.5048,2.7066]]]},"properties":{"cod_dep":"11","cod_mun":"061","nombre":"PIENDAMO"}},
{"type":"Feature","geometry":{"type":"Polygon","coordinates":[[[-76.4608,3.2593],[-76.4301,3.2135],[-76.4204,3.2073],[-76.3775,3.2048],[-76.3689,3.2395],[-76.3518,3.2866],[-76.4608,3.3288],[-76.4926,3.2891],[-76.4608,3.2593]]]},"properties":{"cod_dep":"11","cod_mun":"064","nombre":"PUERTO TEJADA"}},
{"type":"Feature","geometry":{"type":"Polygon","coordinates":[[[-76.3237,2.393],[-76.3849,2.424],[-76.5318,2.3124],[-76.5538,2.1389],[-76.4191,2.1922],[-76.3604,2.2703],[-76.2086,2.1984],[-76.1266,2.3806],[-76.3237,2.393]]]},"properties":{"cod_dep":"11","cod_mun":"067","nombre":"PURACE (COCONUCO)"}},
{"type":"Feature","geometry":{"type":"Polygon","coordinates":[[[-76.7595,2.3062],[-76.8402,2.2269],[-76.6493,2.1885],[-76.7154,2.2864],[-76.7595,2.3062]]]},"properties":{"cod_dep":"11","cod_mun":"070","nombre":"ROSAS"}},
{"type":"Feature","geometry":{"type":"Polygon","coordinates":[[[-76.6236,1.9753],[-76.7239,1.9802],[-76.8684,1.8464],[-76.8084,1.7026],[-76.5905,1.8687],[-76.6236,1.9753]]]},"properties":{"cod_dep":"11","cod_mun":"073","nombre":"SAN SEBASTIAN"}},
{"type":"Feature","geometry":{"type":"Polygon","coordinates":[[[-76.5036,3.1441],[-76.5575,3.1019],[-76.6113,2.8751],[-76.3628,2.9185],[-76.3665,2.9197],[-76.4314,3.1044],[-76.5036,3.1441]]]},"properties":{"cod_dep":"11","cod_mun":"076","nombre":"SANTANDER DE QUILICHAO"}},
{"type":"Feature","geometry":{"type":"Polygon","coordinates":[[[-76.3163,1.684],[-76.5905,1.8687],[-76.8084,1.7026],[-76.8525,1.6357],[-76.9284,1.5006],[-76.921,1.3456],[-76.6015,1.4138],[-76.5673,1.0816],[-76.1988,1.5749],[-76.2269,1.6642],[-76.3163,1.684]]]},"properties":{"cod_dep":"11","cod_mun":"079","nombre":"SANTA ROSA"}},
{"type":"Feature","geometry":{"type":"Polygon","coordinates":[[[-76.211,2.6322],[-76.2441,2.7822],[-76.3653,2.7673],[-76.5048,2.7066],[-76.5011,2.6148],[-76.4975,2.6061],[-76.2257,2.5479],[-76.211,2.6322]]]},"properties":{"cod_dep":"11","cod_mun":"082","nombre":"SILVIA"}},
{"type":"Feature","geometry":{"type":"Polygon","coordinates":[[[-76.6187,2.4153],[-76.7154,2.2864],[-76.6493,2.1885],[-76.7092,2.1426],[-76.5807,2.0286],[-76.5538,2.1389],[-76.5318,2.3124],[-76.6187,2.4153]]]},"properties":{"cod_dep":"11","cod_mun":"085","nombre":"SOTARA (PAISPAMBA)"}},
{"type":"Feature","geometry":{"type":"Polygon","coordinates":[[[-76.888,2.1624],[-76.8929,2.1661],[-76.9516,2.0967],[-76.8659,1.9827],[-76.8366,1.9852],[-76.888,2.1624]]]},"properties":{"cod_dep":"11","cod_mun":"086","nombre":"SUCRE"}},
{"type":"Feature","geometry":{"type":"Polygon","coordinates":[[[-76.6444,2.8887],[-76.8047,3.0511],[-76.8586,2.9768],[-76.6444,2.8887]]]},"properties":{"cod_dep":"11","cod_mun":"087","nombre":"SUAREZ"}},
{"type":"Feature","geometry":{"type":"Polygon","coordinates":[[[-76.6187,2.4153],[-76.7239,2.4773],[-76.7595,2.3062],[-76.7154,2.2864],[-76.6187,2.4153]]]},"properties":{"cod_dep":"11","cod_mun":"088","nombre":"TIMBIO"}},
{"type":"Feature","geometry":{"type":"Polygon","coordinates":[[[-77.2515,2.7028],[-77.6702,2.9482],[-77.7877,2.6904],[-77.4034,2.383],[-77.3091,2.5082],[-77.2515,2.7028]]]},"properties":{"cod_dep":"11","cod_mun":"091","nombre":"TIMBIQUI"}},
{"type":"Feature","geometry":{"type":"Polygon","coordinates":[[[-76.0678,3.0462],[-76.1033,3.0957],[-76.2759,3.0697],[-76.3139,2.9916],[-76.2245,2.854],[-76.0678,3.0462]]]},"properties":{"cod_dep":"11","cod_mun":"094","nombre":"TORIBIO"}},
{"type":"Feature","geometry":{"type":"Polygon","coordinates":[[[-76.4975,2.6061],[-76.5881,2.5529],[-76.3849,2.424],[-76.3237,2.393],[-76.2257,2.5479],[-76.4975,2.6061]]]},"properties":{"cod_dep":"11","cod_mun":"097","nombre":"TOTORO"}},
{"type":"Feature","geometry":{"type":"Polygon","coordinates":[[[-76.4301,3.2135],[-76.4608,3.2593],[-76.5036,3.1441],[-76.4314,3.1044],[-76.4301,3.2135]]]},"properties":{"cod_dep":"11","cod_mun":"098","nombre":"VILLA RICA"}},
{"type":"Feature","geometry":{"type":"Polygon","coordinates":[[[-73.076,10.6367],[-73.4555,10.8672],[-73.5987,10.8362],[-73.562,10.7408],[-73.7346,10.3516],[-73.8129,10.074],[-73.7358,9.8843],[-73.6183,9.8186],[-73.5889,9.8657],[-73.2363,10.3566],[-73.1776,10.457],[-73.1629,10.4892],[-73.0992,10.5524],[-73.076,10.6367]]]},"properties":{"cod_dep":"12","cod_mun":"001","nombre":"VALLEDUPAR"}},
{"type":"Feature","geometry":{"type":"Polygon","coordinates":[[[-73.4922,8.4217],[-73.5767,8.506],[-73.6379,8.4874],[-73.7713,8.154],[-73.775,8.1453],[-73.7211,8.009],[-73.6391,8.066],[-73.4567,8.361],[-73.4922,8.4217]]]},"properties":{"cod_dep":"12","cod_mun":"075","nombre":"AGUACHICA"}},
{"type":"Feature","geometry":{"type":"Polygon","coordinates":[[[-72.9989,9.9215],[-72.907,10.2685],[-73.2057,10.0417],[-73.349,10.0616],[-73.6207,9.7579],[-73.6195,9.7232],[-72.9989,9.9215]]]},"properties":{"cod_dep":"12","cod_mun":"150","nombre":"AGUSTIN CODAZZI"}},
{"type":"Feature","geometry":{"type":"Polygon","coordinates":[[[-73.786,9.5236],[-73.8031,9.6364],[-74.1398,9.4939],[-73.9782,9.3898],[-73.7872,9.4926],[-73.786,9.5236]]]},"properties":{"cod_dep":"12","cod_mun":"170","nombre":"ASTREA"}},
{"type":"Feature","geometry":{"type":"Polygon","coordinates":[[[-73.0699,9.6327],[-72.9989,9.9215],[-73.6195,9.7232],[-73.4897,9.6736],[-73.0699,9.6327]]]},"properties":{"cod_dep":"12","cod_mun":"180","nombre":"BECERRIL"}},
{"type":"Feature","geometry":{"type":"Polygon","coordinates":[[[-73.8129,10.074],[-74.0357,10.0046],[-74.0345,9.9984],[-73.8386,9.7852],[-73.7358,9.8843],[-73.8129,10.074]]]},"properties":{"cod_dep":"12","cod_mun":"200","nombre":"BOSCONIA"}},
{"type":"Feature","geometry":{"type":"Polygon","coordinates":[[[-73.2706,9.3241],[-73.6844,9.2398],[-73.4249,9.122],[-73.3685,9.1729],[-73.2706,9.3241]]]},"properties":{"cod_dep":"12","cod_mun":"225","nombre":"CURUMANI"}},
{"type":"Feature","geometry":{"type":"Polygon","coordinates":[[[-73.7872,9.4926],[-73.9782,9.3898],[-73.9818,9.386],[-73.9892,9.3514],[-73.7994,9.0588],[-73.6917,9.0378],[-73.4359,8.9993],[-73.4249,9.122],[-73.6844,9.2398],[-73.7872,9.4926]]]},"properties":{"cod_dep":"12","cod_mun":"300","nombre":"CHIMICHAGUA"}},
{"type":"Feature","geometry":{"type":"Polygon","coordinates":[[[-73.4861,9.5819],[-73.786,9.5236],[-73.7872,9.4926],[-73.6844,9.2398],[-73.2706,9.3241],[-73.207,9.4232],[-73.4861,9.5819]]]},"properties":{"cod_dep":"12","cod_mun":"375","nombre":"CHIRIGUANA"}},
{"type":"Feature","geometry":{"type":"Polygon","coordinates":[[[-73.7921,10.3925],[-73.9782,10.2772],[-74.0737,10.0517],[-74.0357,10.0046],[-73.8129,10.074],[-73.7346,10.3516],[-73.7921,10.3925]]]},"properties":{"cod_dep":"12","cod_mun":"410","nombre":"EL COPEY"}},
{"type":"Feature","geometry":{"type":"Polygon","coordinates":[[[-73.6183,9.8186],[-73.7358,9.8843],[-73.8386,9.7852],[-73.8398,9.7368],[-73.8105,9.6736],[-73.8031,9.6364],[-73.786,9.5236],[-73.4861,9.5819],[-73.4897,9.6736],[-73.6195,9.7232],[-73.6207,9.7579],[-73.6183,9.8186]]]},"properties":{"cod_dep":"12","cod_mun":"415","nombre":"EL PASO"}},
{"type":"Feature","geometry":{"type":"Polygon","coordinates":[[[-73.6379,8.4874],[-73.7468,8.449],[-73.7493,8.4056],[-73.7713,8.154],[-73.6379,8.4874]]]},"properties":{"cod_dep":"12","cod_mun":"450","nombre":"GAMARRA"}},
{"type":"Feature","geometry":{"type":"Polygon","coordinates":[[[-73.349,8.392],[-73.4138,8.4589],[-73.4102,8.4304],[-73.4114,8.3697],[-73.3612,8.3276],[-73.349,8.392]]]},"properties":{"cod_dep":"12","cod_mun":"525","nombre":"GONZALEZ"}},
{"type":"Feature","geometry":{"type":"Polygon","coordinates":[[[-73.5767,8.506],[-73.4285,8.8233],[-73.7591,8.7403],[-73.7896,8.7514],[-73.8203,8.6622],[-73.7468,8.449],[-73.6379,8.4874],[-73.5767,8.506]]]},"properties":{"cod_dep":"12","cod_mun":"600","nombre":"LA GLORIA"}},
{"type":"Feature","geometry":{"type":"Polygon","coordinates":[[[-73.0699,9.6327],[-73.4897,9.6736],[-73.4861,9.5819],[-73.207,9.4232],[-73.0699,9.6327]]]},"properties":{"cod_dep":"12","cod_mun":"608","nombre":"LA JAGUA DE IBIRICO"}},
{"type":"Feature","geometry":{"type":"Polygon","coordinates":[[[-72.9058,10.3528],[-72.9009,10.4359],[-73.1286,10.3987],[-72.9058,10.3528]]]},"properties":{"cod_dep":"12","cod_mun":"625","nombre":"MANAURE BALCON DEL CESAR (MANA"}},
{"type":"Feature","geometry":{"type":"Polygon","coordinates":[[[-73.4359,8.9993],[-73.6917,9.0378],[-73.6734,8.8407],[-73.4469,8.8704],[-73.4359,8.9993]]]},"properties":{"cod_dep":"12","cod_mun":"650","nombre":"PAILITAS"}},
{"type":"Feature","geometry":{"type":"Polygon","coordinates":[[[-73.4469,8.8704],[-73.6734,8.8407],[-73.7591,8.7403],[-73.4285,8.8233],[-73.4469,8.8704]]]},"properties":{"cod_dep":"12","cod_mun":"700","nombre":"PELAYA"}},
{"type":"Feature","geometry":{"type":"Polygon","coordinates":[[[-73.7346,10.3516],[-73.562,10.7408],[-73.6171,10.6454],[-73.7921,10.3925],[-73.7346,10.3516]]]},"properties":{"cod_dep":"12","cod_mun":"720","nombre":"PUEBLO BELLO"}},
{"type":"Feature","geometry":{"type":"Polygon","coordinates":[[[-73.3612,8.3276],[-73.4114,8.3697],[-73.4567,8.361],[-73.6391,8.066],[-73.393,8.1131],[-73.3612,8.3276]]]},"properties":{"cod_dep":"12","cod_mun":"750","nombre":"RIO DE ORO"}},
{"type":"Feature","geometry":{"type":"Polygon","coordinates":[[[-73.349,7.8293],[-73.2976,7.9842],[-73.633,7.7487],[-73.349,7.8293]]]},"properties":{"cod_dep":"12","cod_mun":"800","nombre":"SAN ALBERTO"}},
{"type":"Feature","geometry":{"type":"Polygon","coordinates":[[[-73.1286,10.3987],[-73.1776,10.457],[-73.2363,10.3566],[-73.1653,10.1099],[-73.3918,10.0814],[-73.5889,9.8657],[-73.6183,9.8186],[-73.6207,9.7579],[-73.349,10.0616],[-73.2057,10.0417],[-72.907,10.2685],[-72.9058,10.3528],[-73.1286,10.3987]]]},"properties":{"cod_dep":"12","cod_mun":"825","nombre":"LA PAZ"}},
{"type":"Feature","geometry":{"type":"Polygon","coordinates":[[[-73.5889,9.8657],[-73.3918,10.0814],[-73.1653,10.1099],[-73.2363,10.3566],[-73.5889,9.8657]]]},"properties":{"cod_dep":"12","cod_mun":"850","nombre":"SAN DIEGO"}},
{"type":"Feature","geometry":{"type":"Polygon","coordinates":[[[-73.3098,8.0152],[-73.393,8.1131],[-73.6391,8.066],[-73.7211,8.009],[-73.7529,7.7512],[-73.633,7.7487],[-73.2976,7.9842],[-73.3098,8.0152]]]},"properties":{"cod_dep":"12","cod_mun":"875","nombre":"SAN MARTIN"}},
{"type":"Feature","geometry":{"type":"Polygon","coordinates":[[[-73.6917,9.0378],[-73.7994,9.0588],[-73.868,8.9361],[-73.8178,8.8357],[-73.7896,8.7514],[-73.7591,8.7403],[-73.6734,8.8407],[-73.6917,9.0378]]]},"properties":{"cod_dep":"12","cod_mun":"900","nombre":"TAMALAMEQUE"}},
{"type":"Feature","geometry":{"type":"Polygon","coordinates":[[[-76.0874,8.9411],[-76.1792,8.8989],[-76.1449,8.7985],[-76.2514,8.6114],[-76.2551,8.594],[-76.1804,8.3994],[-76.0629,8.3325],[-75.7667,8.2978],[-75.6785,8.5135],[-75.7936,8.7985],[-76.0519,8.9485],[-76.0874,8.9411]]]},"properties":{"cod_dep":"13","cod_mun":"001","nombre":"MONTERIA"}},
{"type":"Feature","geometry":{"type":"Polygon","coordinates":[[[-75.0028,8.5221],[-75.1852,8.397],[-75.2464,8.3276],[-75.3247,8.1404],[-75.168,8.0524],[-74.9134,8.0995],[-74.8302,8.1999],[-74.7812,8.278],[-74.84,8.3945],[-74.8987,8.4465],[-75.0028,8.5221]]]},"properties":{"cod_dep":"13","cod_mun":"004","nombre":"AYAPEL"}},
{"type":"Feature","geometry":{"type":"Polygon","coordinates":[[[-75.2464,8.3276],[-75.3541,8.3759],[-75.5732,8.0995],[-75.3896,8.0189],[-75.3247,8.1404],[-75.2464,8.3276]]]},"properties":{"cod_dep":"13","cod_mun":"007","nombre":"BUENAVISTA"}},
{"type":"Feature","geometry":{"type":"Polygon","coordinates":[[[-76.1449,8.7985],[-76.364,8.7093],[-76.2514,8.6114],[-76.1449,8.7985]]]},"properties":{"cod_dep":"13","cod_mun":"009","nombre":"CANALETE"}},
{"type":"Feature","geometry":{"type":"Polygon","coordinates":[[[-75.7177,8.9746],[-76.0519,8.9485],[-75.7936,8.7985],[-75.7177,8.8605],[-75.7177,8.9746]]]},"properties":{"cod_dep":"13","cod_mun":"010","nombre":"CERETE"}},
{"type":"Feature","geometry":{"type":"Polygon","coordinates":[[[-75.5904,9.0378],[-75.7104,8.9845],[-75.7177,8.9746],[-75.7177,8.8605],[-75.6038,8.6399],[-75.501,8.6176],[-75.5573,8.9708],[-75.5683,9.0216],[-75.5904,9.0378]]]},"properties":{"cod_dep":"13","cod_mun":"013","nombre":"CIENAGA DE ORO"}},
{"type":"Feature","geometry":{"type":"Polygon","coordinates":[[[-75.7397,9.1134],[-75.8438,9.0427],[-75.7275,9.0675],[-75.7397,9.1134]]]},"properties":{"cod_dep":"13","cod_mun":"014","nombre":"COTORRA (BONGO)"}},
{"type":"Feature","geometry":{"type":"Polygon","coordinates":[[[-75.6002,9.2386],[-75.6883,9.163],[-75.7397,9.1134],[-75.7275,9.0675],[-75.7104,8.9845],[-75.5904,9.0378],[-75.561,9.163],[-75.6002,9.2386]]]},"properties":{"cod_dep":"13","cod_mun":"016","nombre":"CHIMA"}},
{"type":"Feature","geometry":{"type":"Polygon","coordinates":[[[-75.2244,9.0737],[-75.4484,9.1406],[-75.5683,9.0216],[-75.5573,8.9708],[-75.2586,8.8952],[-75.2036,8.9151],[-75.1864,8.9138],[-75.2084,9.034],[-75.2244,9.0737]]]},"properties":{"cod_dep":"13","cod_mun":"019","nombre":"CHINU"}},
{"type":"Feature","geometry":{"type":"Polygon","coordinates":[[[-75.168,8.0524],[-75.3247,8.1404],[-75.3896,8.0189],[-75.337,7.9483],[-75.168,8.0524]]]},"properties":{"cod_dep":"13","cod_mun":"020","nombre":"LA APARTADA (FRONTERA)"}},
{"type":"Feature","geometry":{"type":"Polygon","coordinates":[[[-75.8646,9.3377],[-76.0715,9.1989],[-76.1547,9.0836],[-76.1106,9.0638],[-75.8438,9.0427],[-75.7397,9.1134],[-75.6883,9.163],[-75.7091,9.2162],[-75.7777,9.2844],[-75.8646,9.3377]]]},"properties":{"cod_dep":"13","cod_mun":"022","nombre":"LORICA"}},
{"type":"Feature","geometry":{"type":"Polygon","coordinates":[[[-76.1792,8.8989],[-76.3249,8.9361],[-76.413,8.8742],[-76.364,8.7093],[-76.1449,8.7985],[-76.1792,8.8989]]]},"properties":{"cod_dep":"13","cod_mun":"023","nombre":"LOS CORDOBAS"}},
{"type":"Feature","geometry":{"type":"Polygon","coordinates":[[[-75.5843,9.2733],[-75.6283,9.3526],[-75.7091,9.2162],[-75.6883,9.163],[-75.6002,9.2386],[-75.5843,9.2733]]]},"properties":{"cod_dep":"13","cod_mun":"024","nombre":"MOMIL"}},
{"type":"Feature","geometry":{"type":"Polygon","coordinates":[[[-75.5732,8.0995],[-75.8009,8.1677],[-76.0103,7.9173],[-76.0556,7.3645],[-75.9662,7.357],[-75.7177,8.0301],[-75.5108,7.9458],[-75.4582,7.8342],[-75.3309,7.926],[-75.337,7.9483],[-75.3896,8.0189],[-75.5732,8.0995]]]},"properties":{"cod_dep":"13","cod_mun":"025","nombre":"MONTELIBANO"}},
{"type":"Feature","geometry":{"type":"Polygon","coordinates":[[[-76.0715,9.1989],[-76.0996,9.3142],[-76.1939,9.1109],[-76.1547,9.0836],[-76.0715,9.1989]]]},"properties":{"cod_dep":"13","cod_mun":"027","nombre":"MOÑITOS"}},
{"type":"Feature","geometry":{"type":"Polygon","coordinates":[[[-75.3541,8.3759],[-75.6418,8.5618],[-75.6785,8.5135],[-75.7667,8.2978],[-75.8009,8.1677],[-75.5732,8.0995],[-75.3541,8.3759]]]},"properties":{"cod_dep":"13","cod_mun":"028","nombre":"PLANETA RICA"}},
{"type":"Feature","geometry":{"type":"Polygon","coordinates":[[[-75.501,8.6176],[-75.6038,8.6399],[-75.6418,8.5618],[-75.3541,8.3759],[-75.2464,8.3276],[-75.1852,8.397],[-75.3186,8.5878],[-75.501,8.6176]]]},"properties":{"cod_dep":"13","cod_mun":"031","nombre":"PUEBLO NUEVO"}},
{"type":"Feature","geometry":{"type":"Polygon","coordinates":[[[-75.5108,7.9458],[-75.7177,8.0301],[-75.9662,7.357],[-75.6724,7.5975],[-75.5108,7.9458]]]},"properties":{"cod_dep":"13","cod_mun":"032","nombre":"PUERTO LIBERTADOR"}},
{"type":"Feature","geometry":{"type":"Polygon","coordinates":[[[-76.1547,9.0836],[-76.1939,9.1109],[-76.3249,8.9361],[-76.1792,8.8989],[-76.0874,8.9411],[-76.1106,9.0638],[-76.1547,9.0836]]]},"properties":{"cod_dep":"13","cod_mun":"033","nombre":"PUERTO ESCONDIDO"}},
{"type":"Feature","geometry":{"type":"Polygon","coordinates":[[[-75.6491,9.3625],[-75.7042,9.3724],[-75.7777,9.2844],[-75.7091,9.2162],[-75.6283,9.3526],[-75.6491,9.3625]]]},"properties":{"cod_dep":"13","cod_mun":"034","nombre":"PURISIMA"}},
{"type":"Feature","geometry":{"type":"Polygon","coordinates":[[[-75.2586,8.8952],[-75.5573,8.9708],[-75.501,8.6176],[-75.3186,8.5878],[-75.3358,8.7118],[-75.2586,8.8952]]]},"properties":{"cod_dep":"13","cod_mun":"037","nombre":"SAHAGUN"}},
{"type":"Feature","geometry":{"type":"Polygon","coordinates":[[[-75.457,9.2373],[-75.4778,9.2472],[-75.561,9.163],[-75.5904,9.0378],[-75.5683,9.0216],[-75.4484,9.1406],[-75.457,9.2373]]]},"properties":{"cod_dep":"13","cod_mun":"040","nombre":"SAN ANDRES DE SOTAVENTO"}},
{"type":"Feature","geometry":{"type":"Polygon","coordinates":[[[-75.7006,9.4121],[-75.8621,9.4245],[-75.8646,9.3377],[-75.7777,9.2844],[-75.7042,9.3724],[-75.7006,9.4121]]]},"properties":{"cod_dep":"13","cod_mun":"043","nombre":"SAN ANTERO"}},
{"type":"Feature","geometry":{"type":"Polygon","coordinates":[[[-75.8621,9.4245],[-76.0996,9.3142],[-76.0715,9.1989],[-75.8646,9.3377],[-75.8621,9.4245]]]},"properties":{"cod_dep":"13","cod_mun":"046","nombre":"SAN BERNARDO DEL VIENTO"}},
{"type":"Feature","geometry":{"type":"Polygon","coordinates":[[[-75.6038,8.6399],[-75.7177,8.8605],[-75.7936,8.7985],[-75.6785,8.5135],[-75.6418,8.5618],[-75.6038,8.6399]]]},"properties":{"cod_dep":"13","cod_mun":"049","nombre":"SAN CARLOS"}},
{"type":"Feature","geometry":{"type":"Polygon","coordinates":[[[-75.5108,7.9458],[-75.6724,7.5975],[-75.6014,7.5901],[-75.4851,7.7363],[-75.4582,7.8342],[-75.5108,7.9458]]]},"properties":{"cod_dep":"13","cod_mun":"052","nombre":"SAN JOSE DE URE"}},
{"type":"Feature","geometry":{"type":"Polygon","coordinates":[[[-75.8438,9.0427],[-76.1106,9.0638],[-76.0874,8.9411],[-76.0519,8.9485],[-75.7177,8.9746],[-75.7104,8.9845],[-75.7275,9.0675],[-75.8438,9.0427]]]},"properties":{"cod_dep":"13","cod_mun":"055","nombre":"SAN PELAYO"}},
{"type":"Feature","geometry":{"type":"Polygon","coordinates":[[[-75.7667,8.2978],[-76.0629,8.3325],[-76.4118,8.0065],[-76.4644,7.8702],[-76.4914,7.7202],[-76.5024,7.5554],[-76.3812,7.3918],[-76.0556,7.3645],[-76.0103,7.9173],[-75.8009,8.1677],[-75.7667,8.2978]]]},"properties":{"cod_dep":"13","cod_mun":"058","nombre":"TIERRALTA"}},
{"type":"Feature","geometry":{"type":"Polygon","coordinates":[[[-75.4778,9.2472],[-75.4986,9.2857],[-75.5843,9.2733],[-75.6002,9.2386],[-75.561,9.163],[-75.4778,9.2472]]]},"properties":{"cod_dep":"13","cod_mun":"060","nombre":"TUCHIN"}},
{"type":"Feature","geometry":{"type":"Polygon","coordinates":[[[-76.0629,8.3325],[-76.1804,8.3994],[-76.402,8.102],[-76.4253,8.0734],[-76.4118,8.0065],[-76.0629,8.3325]]]},"properties":{"cod_dep":"13","cod_mun":"061","nombre":"VALENCIA"}},
{"type":"Feature","geometry":{"type":"Polygon","coordinates":[[[-74.5976,4.3588],[-74.7359,4.3811],[-74.6649,4.3402],[-74.5976,4.3588]]]},"properties":{"cod_dep":"15","cod_mun":"004","nombre":"AGUA DE DIOS"}},
{"type":"Feature","geometry":{"type":"Polygon","coordinates":[[[-74.403,4.8806],[-74.4801,4.9525],[-74.4825,4.9388],[-74.458,4.8322],[-74.4201,4.8384],[-74.403,4.8806]]]},"properties":{"cod_dep":"15","cod_mun":"007","nombre":"ALBAN"}},
{"type":"Feature","geometry":{"type":"Polygon","coordinates":[[[-74.4776,4.5757],[-74.5572,4.6476],[-74.5902,4.6339],[-74.5976,4.6265],[-74.5021,4.484],[-74.4691,4.4963],[-74.4776,4.5757]]]},"properties":{"cod_dep":"15","cod_mun":"010","nombre":"ANAPOIMA"}},
{"type":"Feature","geometry":{"type":"Polygon","coordinates":[[[-74.4201,4.8384],[-74.458,4.8322],[-74.5058,4.8322],[-74.5241,4.7938],[-74.5107,4.7281],[-74.4066,4.7827],[-74.3944,4.8037],[-74.4201,4.8384]]]},"properties":{"cod_dep":"15","cod_mun":"013","nombre":"ANOLAIMA"}},
{"type":"Feature","geometry":{"type":"Polygon","coordinates":[[[-74.3356,4.2274],[-74.5413,4.2522],[-74.5192,4.241],[-74.4666,4.2175],[-74.2401,4.1865],[-74.2377,4.1951],[-74.3356,4.2274]]]},"properties":{"cod_dep":"15","cod_mun":"016","nombre":"ARBELAEZ"}},
{"type":"Feature","geometry":{"type":"Polygon","coordinates":[[[-74.6845,4.7579],[-74.769,4.8422],[-74.8155,4.7133],[-74.8167,4.6116],[-74.7935,4.5918],[-74.7518,4.5881],[-74.7335,4.6215],[-74.6845,4.7579]]]},"properties":{"cod_dep":"15","cod_mun":"019","nombre":"BELTRAN"}},
{"type":"Feature","geometry":{"type":"Polygon","coordinates":[[[-74.5046,4.9438],[-74.5168,4.9438],[-74.5597,4.7963],[-74.5241,4.7938],[-74.5058,4.8322],[-74.5046,4.9438]]]},"properties":{"cod_dep":"15","cod_mun":"022","nombre":"BITUIMA"}},
{"type":"Feature","geometry":{"type":"Polygon","coordinates":[[[-74.2989,4.717],[-74.3283,4.7653],[-74.3466,4.7628],[-74.3981,4.717],[-74.3932,4.6996],[-74.3442,4.6538],[-74.3063,4.6203],[-74.272,4.619],[-74.2989,4.717]]]},"properties":{"cod_dep":"15","cod_mun":"025","nombre":"BOJACA"}},
{"type":"Feature","geometry":{"type":"Polygon","coordinates":[[[-74.3797,4.0365],[-74.5241,4.0229],[-74.5315,3.9758],[-74.5401,3.8444],[-74.5352,3.8431],[-74.4397,3.7304],[-74.365,4.0353],[-74.3797,4.0365]]]},"properties":{"cod_dep":"15","cod_mun":"029","nombre":"CABRERA"}},
{"type":"Feature","geometry":{"type":"Polygon","coordinates":[[[-74.4372,4.7133],[-74.4066,4.7827],[-74.5107,4.7281],[-74.5095,4.6798],[-74.4372,4.7133]]]},"properties":{"cod_dep":"15","cod_mun":"030","nombre":"CACHIPAY"}},
{"type":"Feature","geometry":{"type":"Polygon","coordinates":[[[-73.9978,4.9735],[-74.0333,4.9636],[-74.0773,4.9116],[-74.0063,4.9178],[-73.9978,4.9735]]]},"properties":{"cod_dep":"15","cod_mun":"031","nombre":"CAJICA"}},
{"type":"Feature","geometry":{"type":"Polygon","coordinates":[[[-74.4225,5.4433],[-74.5401,5.5549],[-74.6147,5.3875],[-74.5143,5.1942],[-74.4923,5.2561],[-74.4225,5.4433]]]},"properties":{"cod_dep":"15","cod_mun":"034","nombre":"CAPARRAPI"}},
{"type":"Feature","geometry":{"type":"Polygon","coordinates":[[[-73.9035,4.4406],[-73.9733,4.4579],[-73.9904,4.4183],[-73.9916,4.3551],[-73.8962,4.3488],[-73.8753,4.386],[-73.9035,4.4406]]]},"properties":{"cod_dep":"15","cod_mun":"037","nombre":"CAQUEZA"}},
{"type":"Feature","geometry":{"type":"Polygon","coordinates":[[[-73.8668,5.4619],[-73.9023,5.4668],[-73.9476,5.4235],[-73.999,5.3677],[-73.9953,5.2586],[-73.8974,5.2524],[-73.8668,5.2822],[-73.8398,5.3677],[-73.8668,5.4619]]]},"properties":{"cod_dep":"15","cod_mun":"040","nombre":"CARMEN DE CARUPA"}},
{"type":"Feature","geometry":{"type":"Polygon","coordinates":[[[-73.906,5.1334],[-74.0455,5.1694],[-74.0455,5.1582],[-73.9353,5.043],[-73.906,5.1334]]]},"properties":{"cod_dep":"15","cod_mun":"043","nombre":"COGUA"}},
{"type":"Feature","geometry":{"type":"Polygon","coordinates":[[[-74.0822,4.8347],[-74.0945,4.8483],[-74.163,4.7504],[-74.1569,4.7256],[-74.0822,4.8347]]]},"properties":{"cod_dep":"15","cod_mun":"046","nombre":"COTA"}},
{"type":"Feature","geometry":{"type":"Polygon","coordinates":[[[-73.6844,5.2289],[-73.7652,5.2983],[-73.8043,5.2586],[-73.8472,5.1942],[-73.8386,5.1644],[-73.6844,5.2289]]]},"properties":{"cod_dep":"15","cod_mun":"049","nombre":"CUCUNUBA"}},
{"type":"Feature","geometry":{"type":"Polygon","coordinates":[[[-74.5523,4.9649],[-74.731,4.9971],[-74.7274,4.9773],[-74.5768,4.8893],[-74.5523,4.9649]]]},"properties":{"cod_dep":"15","cod_mun":"052","nombre":"CHAGUANI"}},
{"type":"Feature","geometry":{"type":"Polygon","coordinates":[[[-74.0063,4.8236],[-74.0063,4.9178],[-74.0773,4.9116],[-74.0822,4.893],[-74.0945,4.8483],[-74.0822,4.8347],[-74.0063,4.8236]]]},"properties":{"cod_dep":"15","cod_mun":"055","nombre":"CHIA"}},
{"type":"Feature","geometry":{"type":"Polygon","coordinates":[[[-74.048,4.5125],[-74.1189,4.3104],[-73.9904,4.4183],[-73.9733,4.4579],[-74.048,4.5125]]]},"properties":{"cod_dep":"15","cod_mun":"058","nombre":"CHIPAQUE"}},
{"type":"Feature","geometry":{"type":"Polygon","coordinates":[[[-73.7933,4.6376],[-73.988,4.6315],[-74.0051,4.5608],[-73.9047,4.5001],[-73.7933,4.6376]]]},"properties":{"cod_dep":"15","cod_mun":"061","nombre":"CHOACHI"}},
{"type":"Feature","geometry":{"type":"Polygon","coordinates":[[[-73.5362,5.1322],[-73.6623,5.2425],[-73.6844,5.2289],[-73.7603,5.0516],[-73.6881,4.9835],[-73.5375,5.1223],[-73.5362,5.1322]]]},"properties":{"cod_dep":"15","cod_mun":"064","nombre":"CHOCONTA"}},
{"type":"Feature","geometry":{"type":"Polygon","coordinates":[[[-74.3944,4.6228],[-74.4458,4.598],[-74.4776,4.5757],[-74.4691,4.4963],[-74.3944,4.5001],[-74.3638,4.5571],[-74.3944,4.6228]]]},"properties":{"cod_dep":"15","cod_mun":"067","nombre":"EL COLEGIO"}},
{"type":"Feature","geometry":{"type":"Polygon","coordinates":[[[-74.2487,5.2772],[-74.3577,5.3318],[-74.3552,5.2561],[-74.3699,5.2004],[-74.3405,5.2004],[-74.3001,5.1929],[-74.2487,5.2772]]]},"properties":{"cod_dep":"15","cod_mun":"070","nombre":"EL PEÑON"}},
{"type":"Feature","geometry":{"type":"Polygon","coordinates":[[[-74.2304,4.945],[-74.2842,4.8756],[-74.2609,4.8236],[-74.201,4.857],[-74.2304,4.945]]]},"properties":{"cod_dep":"15","cod_mun":"072","nombre":"EL ROSAL"}},
{"type":"Feature","geometry":{"type":"Polygon","coordinates":[[[-74.3222,4.8855],[-74.3577,4.8942],[-74.403,4.8806],[-74.4201,4.8384],[-74.3944,4.8037],[-74.3466,4.7628],[-74.3283,4.7653],[-74.2609,4.8236],[-74.2842,4.8756],[-74.3222,4.8855]]]},"properties":{"cod_dep":"15","cod_mun":"076","nombre":"FACATATIVA"}},
{"type":"Feature","geometry":{"type":"Polygon","coordinates":[[[-73.6685,4.5397],[-73.7933,4.681],[-73.7933,4.6376],[-73.9047,4.5001],[-73.9035,4.4406],[-73.8753,4.386],[-73.8092,4.396],[-73.7456,4.4554],[-73.6685,4.5397]]]},"properties":{"cod_dep":"15","cod_mun":"079","nombre":"FOMEQUE"}},
{"type":"Feature","geometry":{"type":"Polygon","coordinates":[[[-73.8962,4.3488],[-73.9916,4.3551],[-74.043,4.2968],[-73.9194,4.2646],[-73.901,4.2708],[-73.8962,4.3488]]]},"properties":{"cod_dep":"15","cod_mun":"085","nombre":"FOSCA"}},
{"type":"Feature","geometry":{"type":"Polygon","coordinates":[[[-74.163,4.7504],[-74.2181,4.7938],[-74.2328,4.7368],[-74.1728,4.6959],[-74.1569,4.7256],[-74.163,4.7504]]]},"properties":{"cod_dep":"15","cod_mun":"088","nombre":"FUNZA"}},
{"type":"Feature","geometry":{"type":"Polygon","coordinates":[[[-73.7199,5.4594],[-73.7431,5.4706],[-73.8251,5.3739],[-73.7737,5.3516],[-73.7199,5.4594]]]},"properties":{"cod_dep":"15","cod_mun":"091","nombre":"FUQUENE"}},
{"type":"Feature","geometry":{"type":"Polygon","coordinates":[[[-74.283,4.3798],[-74.3001,4.4269],[-74.4201,4.3588],[-74.5499,4.2608],[-74.5413,4.2522],[-74.3356,4.2274],[-74.283,4.3798]]]},"properties":{"cod_dep":"15","cod_mun":"094","nombre":"FUSAGASUGA"}},
{"type":"Feature","geometry":{"type":"Polygon","coordinates":[[[-73.3722,4.8012],[-73.535,4.7157],[-73.6158,4.6686],[-73.6415,4.5472],[-73.5681,4.5248],[-73.404,4.6786],[-73.3245,4.7802],[-73.3404,4.7913],[-73.3722,4.8012]]]},"properties":{"cod_dep":"15","cod_mun":"097","nombre":"GACHALA"}},
{"type":"Feature","geometry":{"type":"Polygon","coordinates":[[[-73.8705,5.0479],[-73.9121,5.0281],[-73.8741,4.9636],[-73.8558,4.9897],[-73.8558,5.0355],[-73.8705,5.0479]]]},"properties":{"cod_dep":"15","cod_mun":"100","nombre":"GACHANCIPA"}},
{"type":"Feature","geometry":{"type":"Polygon","coordinates":[[[-73.5424,4.914],[-73.6171,4.9611],[-73.6856,4.9339],[-73.7223,4.8422],[-73.6232,4.7951],[-73.5913,4.7789],[-73.5203,4.8793],[-73.5424,4.914]]]},"properties":{"cod_dep":"15","cod_mun":"103","nombre":"GACHETA"}},
{"type":"Feature","geometry":{"type":"Polygon","coordinates":[[[-73.5913,4.7789],[-73.6232,4.7951],[-73.6158,4.6686],[-73.535,4.7157],[-73.5913,4.7789]]]},"properties":{"cod_dep":"15","cod_mun":"106","nombre":"GAMA"}},
{"type":"Feature","geometry":{"type":"Polygon","coordinates":[[[-74.7433,4.3811],[-74.7531,4.4344],[-74.8559,4.3352],[-74.8902,4.2893],[-74.7971,4.2881],[-74.7433,4.3811]]]},"properties":{"cod_dep":"15","cod_mun":"109","nombre":"GIRARDOT"}},
{"type":"Feature","geometry":{"type":"Polygon","coordinates":[[[-73.6183,5.4049],[-73.7199,5.4594],[-73.7737,5.3516],[-73.7639,5.3243],[-73.5987,5.3788],[-73.5926,5.3987],[-73.6183,5.4049]]]},"properties":{"cod_dep":"15","cod_mun":"112","nombre":"GUACHETA"}},
{"type":"Feature","geometry":{"type":"Polygon","coordinates":[[[-74.6502,5.4421],[-74.7347,5.2871],[-74.7298,5.0677],[-74.731,4.9971],[-74.5523,4.9649],[-74.5352,4.9661],[-74.5413,5.0653],[-74.5254,5.1347],[-74.5143,5.1942],[-74.6147,5.3875],[-74.6502,5.4421]]]},"properties":{"cod_dep":"15","cod_mun":"115","nombre":"GUADUAS"}},
{"type":"Feature","geometry":{"type":"Polygon","coordinates":[[[-73.7627,4.8236],[-73.9084,4.9227],[-73.9157,4.914],[-73.9598,4.8124],[-73.7994,4.6835],[-73.7627,4.8236]]]},"properties":{"cod_dep":"15","cod_mun":"118","nombre":"GUASCA"}},
{"type":"Feature","geometry":{"type":"Polygon","coordinates":[[[-74.7518,4.5881],[-74.7935,4.5918],[-74.7947,4.5001],[-74.8216,4.4455],[-74.7433,4.4753],[-74.7518,4.5881]]]},"properties":{"cod_dep":"15","cod_mun":"121","nombre":"GUATAQUI"}},
{"type":"Feature","geometry":{"type":"Polygon","coordinates":[[[-73.7138,4.9525],[-73.8558,4.9897],[-73.8741,4.9636],[-73.9084,4.9227],[-73.7627,4.8236],[-73.7223,4.8422],[-73.6856,4.9339],[-73.7138,4.9525]]]},"properties":{"cod_dep":"15","cod_mun":"124","nombre":"GUATAVITA"}},
{"type":"Feature","geometry":{"type":"Polygon","coordinates":[[[-74.4825,4.9388],[-74.5046,4.9438],[-74.5058,4.8322],[-74.458,4.8322],[-74.4825,4.9388]]]},"properties":{"cod_dep":"15","cod_mun":"127","nombre":"GUAYABAL DE SIQUIMA"}},
{"type":"Feature","geometry":{"type":"Polygon","coordinates":[[[-73.7639,4.2807],[-73.7921,4.3526],[-73.901,4.2708],[-73.9194,4.2646],[-73.9329,4.1493],[-73.7431,4.1989],[-73.7639,4.2807]]]},"properties":{"cod_dep":"15","cod_mun":"128","nombre":"GUAYABETAL"}},
{"type":"Feature","geometry":{"type":"Polygon","coordinates":[[[-73.9194,4.2646],[-74.043,4.2968],[-74.1104,4.1815],[-74.1508,4.0043],[-74.0333,4.0675],[-73.9329,4.1493],[-73.9194,4.2646]]]},"properties":{"cod_dep":"15","cod_mun":"130","nombre":"GUTIERREZ"}},
{"type":"Feature","geometry":{"type":"Polygon","coordinates":[[[-74.3038,4.5546],[-74.3638,4.5571],[-74.3944,4.5001],[-74.3981,4.4914],[-74.3026,4.5038],[-74.2842,4.5125],[-74.3038,4.5546]]]},"properties":{"cod_dep":"15","cod_mun":"132","nombre":"GRANADA"}},
{"type":"Feature","geometry":{"type":"Polygon","coordinates":[[[-74.6086,4.6513],[-74.7335,4.6215],[-74.7518,4.5881],[-74.7433,4.4753],[-74.7261,4.4604],[-74.6,4.619],[-74.5976,4.6265],[-74.5902,4.6339],[-74.6086,4.6513]]]},"properties":{"cod_dep":"15","cod_mun":"133","nombre":"JERUSALEN"}},
{"type":"Feature","geometry":{"type":"Polygon","coordinates":[[[-73.6232,4.7951],[-73.7223,4.8422],[-73.7627,4.8236],[-73.7994,4.6835],[-73.7933,4.681],[-73.6685,4.5397],[-73.6415,4.5472],[-73.6158,4.6686],[-73.6232,4.7951]]]},"properties":{"cod_dep":"15","cod_mun":"136","nombre":"JUNIN"}},
{"type":"Feature","geometry":{"type":"Polygon","coordinates":[[[-73.9598,4.8124],[-74.0063,4.8236],[-73.988,4.6315],[-73.7933,4.6376],[-73.7933,4.681],[-73.7994,4.6835],[-73.9598,4.8124]]]},"properties":{"cod_dep":"15","cod_mun":"139","nombre":"LA CALERA"}},
{"type":"Feature","geometry":{"type":"Polygon","coordinates":[[[-74.3981,4.717],[-74.4372,4.7133],[-74.5095,4.6798],[-74.5572,4.6476],[-74.4776,4.5757],[-74.4458,4.598],[-74.3932,4.6996],[-74.3981,4.717]]]},"properties":{"cod_dep":"15","cod_mun":"142","nombre":"LA MESA"}},
{"type":"Feature","geometry":{"type":"Polygon","coordinates":[[[-74.365,5.4185],[-74.4225,5.4433],[-74.4923,5.2561],[-74.4568,5.2524],[-74.3552,5.2561],[-74.3577,5.3318],[-74.365,5.4185]]]},"properties":{"cod_dep":"15","cod_mun":"145","nombre":"LA PALMA"}},
{"type":"Feature","geometry":{"type":"Polygon","coordinates":[[[-74.3552,5.2561],[-74.4568,5.2524],[-74.447,5.1248],[-74.3699,5.2004],[-74.3552,5.2561]]]},"properties":{"cod_dep":"15","cod_mun":"148","nombre":"LA PEÑA"}},
{"type":"Feature","geometry":{"type":"Polygon","coordinates":[[[-74.2781,5.0293],[-74.3038,5.0739],[-74.3418,5.0516],[-74.3956,5.0219],[-74.3577,4.8942],[-74.3222,4.8855],[-74.2781,5.0293]]]},"properties":{"cod_dep":"15","cod_mun":"151","nombre":"LA VEGA"}},
{"type":"Feature","geometry":{"type":"Polygon","coordinates":[[[-73.6623,5.2425],[-73.5962,5.3652],[-73.5987,5.3788],[-73.7639,5.3243],[-73.7652,5.2983],[-73.6844,5.2289],[-73.6623,5.2425]]]},"properties":{"cod_dep":"15","cod_mun":"154","nombre":"LENGUAZAQUE"}},
{"type":"Feature","geometry":{"type":"Polygon","coordinates":[[[-73.5375,5.1223],[-73.6881,4.9835],[-73.7138,4.9525],[-73.6856,4.9339],[-73.6171,4.9611],[-73.5412,5.0727],[-73.5375,5.1223]]]},"properties":{"cod_dep":"15","cod_mun":"157","nombre":"MACHETA"}},
{"type":"Feature","geometry":{"type":"Polygon","coordinates":[[[-74.1777,4.8583],[-74.201,4.857],[-74.2609,4.8236],[-74.3283,4.7653],[-74.2989,4.717],[-74.2328,4.7368],[-74.2181,4.7938],[-74.1777,4.8583]]]},"properties":{"cod_dep":"15","cod_mun":"160","nombre":"MADRID"}},
{"type":"Feature","geometry":{"type":"Polygon","coordinates":[[[-73.5228,5.0293],[-73.5412,5.0727],[-73.6171,4.9611],[-73.5424,4.914],[-73.5069,4.9958],[-73.5228,5.0293]]]},"properties":{"cod_dep":"15","cod_mun":"163","nombre":"MANTA"}},
{"type":"Feature","geometry":{"type":"Polygon","coordinates":[[[-73.2473,4.624],[-73.404,4.6786],[-73.5681,4.5248],[-73.6024,4.4616],[-73.5717,4.3736],[-73.4273,4.3067],[-73.2473,4.624]]]},"properties":{"cod_dep":"15","cod_mun":"166","nombre":"MEDINA"}},
{"type":"Feature","geometry":{"type":"Polygon","coordinates":[[[-74.1728,4.6959],[-74.2328,4.7368],[-74.2989,4.717],[-74.272,4.619],[-74.223,4.629],[-74.1728,4.6959]]]},"properties":{"cod_dep":"15","cod_mun":"169","nombre":"MOSQUERA"}},
{"type":"Feature","geometry":{"type":"Polygon","coordinates":[[[-74.7261,4.4604],[-74.7433,4.4753],[-74.8216,4.4455],[-74.8559,4.3352],[-74.7531,4.4344],[-74.7261,4.4604]]]},"properties":{"cod_dep":"15","cod_mun":"172","nombre":"NARIÑO"}},
{"type":"Feature","geometry":{"type":"Polygon","coordinates":[[[-73.846,5.1545],[-73.906,5.1334],[-73.9353,5.043],[-73.9121,5.0281],[-73.8705,5.0479],[-73.846,5.1545]]]},"properties":{"cod_dep":"15","cod_mun":"175","nombre":"NEMOCON"}},
{"type":"Feature","geometry":{"type":"Polygon","coordinates":[[[-74.5486,4.3637],[-74.5976,4.3588],[-74.6649,4.3402],[-74.731,4.2447],[-74.556,4.267],[-74.5523,4.2646],[-74.4984,4.3551],[-74.5486,4.3637]]]},"properties":{"cod_dep":"15","cod_mun":"178","nombre":"NILO"}},
{"type":"Feature","geometry":{"type":"Polygon","coordinates":[[[-74.3405,5.2004],[-74.3699,5.2004],[-74.447,5.1248],[-74.4507,5.1235],[-74.4483,5.0727],[-74.4274,5.0653],[-74.3748,5.1049],[-74.3405,5.2004]]]},"properties":{"cod_dep":"15","cod_mun":"181","nombre":"NIMAIMA"}},
{"type":"Feature","geometry":{"type":"Polygon","coordinates":[[[-74.3748,5.1049],[-74.4274,5.0653],[-74.4128,5.0206],[-74.3956,5.0219],[-74.3418,5.0516],[-74.3748,5.1049]]]},"properties":{"cod_dep":"15","cod_mun":"184","nombre":"NOCAIMA"}},
{"type":"Feature","geometry":{"type":"Polygon","coordinates":[[[-74.1373,5.2351],[-74.2132,5.2958],[-74.2487,5.2772],[-74.3001,5.1929],[-74.2267,5.1186],[-74.1581,5.0442],[-74.0932,5.0665],[-74.0455,5.1582],[-74.0455,5.1694],[-74.0773,5.2301],[-74.1373,5.2351]]]},"properties":{"cod_dep":"15","cod_mun":"190","nombre":"PACHO"}},
{"type":"Feature","geometry":{"type":"Polygon","coordinates":[[[-74.0969,5.4706],[-74.1753,5.4619],[-74.1777,5.4594],[-74.234,5.3974],[-74.2206,5.3417],[-74.174,5.297],[-74.0945,5.4359],[-74.0969,5.4706]]]},"properties":{"cod_dep":"15","cod_mun":"193","nombre":"PAIME"}},
{"type":"Feature","geometry":{"type":"Polygon","coordinates":[[[-74.4666,4.2175],[-74.5192,4.241],[-74.4764,4.1196],[-74.4446,4.1109],[-74.4666,4.2175]]]},"properties":{"cod_dep":"15","cod_mun":"196","nombre":"PANDI"}},
{"type":"Feature","geometry":{"type":"Polygon","coordinates":[[[-73.0527,4.7368],[-73.2082,4.681],[-73.2204,4.6761],[-73.2473,4.624],[-73.4273,4.3067],[-73.1249,4.2571],[-73.0919,4.4753],[-73.0527,4.7368]]]},"properties":{"cod_dep":"15","cod_mun":"198","nombre":"PARATEBUENO (LA NAGUAYA)"}},
{"type":"Feature","geometry":{"type":"Polygon","coordinates":[[[-74.2365,4.4009],[-74.283,4.3798],[-74.3356,4.2274],[-74.2377,4.1951],[-74.2144,4.3811],[-74.2365,4.4009]]]},"properties":{"cod_dep":"15","cod_mun":"199","nombre":"PASCA"}},
{"type":"Feature","geometry":{"type":"Polygon","coordinates":[[[-74.4862,5.7705],[-74.6612,5.7519],[-74.6502,5.4421],[-74.6147,5.3875],[-74.5401,5.5549],[-74.4862,5.7705]]]},"properties":{"cod_dep":"15","cod_mun":"202","nombre":"PUERTO SALGAR"}},
{"type":"Feature","geometry":{"type":"Polygon","coordinates":[[[-74.6845,4.7579],[-74.7335,4.6215],[-74.6086,4.6513],[-74.5902,4.743],[-74.6845,4.7579]]]},"properties":{"cod_dep":"15","cod_mun":"205","nombre":"PULI"}},
{"type":"Feature","geometry":{"type":"Polygon","coordinates":[[[-74.4507,5.1235],[-74.5254,5.1347],[-74.5413,5.0653],[-74.4483,5.0727],[-74.4507,5.1235]]]},"properties":{"cod_dep":"15","cod_mun":"208","nombre":"QUEBRADANEGRA"}},
{"type":"Feature","geometry":{"type":"Polygon","coordinates":[[[-73.8092,4.396],[-73.8753,4.386],[-73.8962,4.3488],[-73.901,4.2708],[-73.7921,4.3526],[-73.8092,4.396]]]},"properties":{"cod_dep":"15","cod_mun":"211","nombre":"QUETAME"}},
{"type":"Feature","geometry":{"type":"Polygon","coordinates":[[[-74.5241,4.7938],[-74.5597,4.7963],[-74.5633,4.7963],[-74.5902,4.743],[-74.6086,4.6513],[-74.5902,4.6339],[-74.5572,4.6476],[-74.5095,4.6798],[-74.5107,4.7281],[-74.5241,4.7938]]]},"properties":{"cod_dep":"15","cod_mun":"214","nombre":"QUIPILE"}},
{"type":"Feature","geometry":{"type":"Polygon","coordinates":[[[-74.5021,4.484],[-74.5976,4.6265],[-74.6,4.619],[-74.5621,4.4468],[-74.5021,4.484]]]},"properties":{"cod_dep":"15","cod_mun":"217","nombre":"APULO"}},
{"type":"Feature","geometry":{"type":"Polygon","coordinates":[[[-74.7359,4.3811],[-74.7433,4.3811],[-74.7971,4.2881],[-74.7812,4.2646],[-74.7445,4.2472],[-74.7445,4.2361],[-74.731,4.2447],[-74.6649,4.3402],[-74.7359,4.3811]]]},"properties":{"cod_dep":"15","cod_mun":"218","nombre":"RICAURTE"}},
{"type":"Feature","geometry":{"type":"Polygon","coordinates":[[[-74.3063,4.6203],[-74.3442,4.6538],[-74.3944,4.6228],[-74.3638,4.5571],[-74.3038,4.5546],[-74.3063,4.6203]]]},"properties":{"cod_dep":"15","cod_mun":"220","nombre":"SAN ANTONIO DEL TEQUENDAMA"}},
{"type":"Feature","geometry":{"type":"Polygon","coordinates":[[[-74.2401,4.1865],[-74.4666,4.2175],[-74.4446,4.1109],[-74.3797,4.0365],[-74.365,4.0353],[-74.2401,4.1865]]]},"properties":{"cod_dep":"15","cod_mun":"223","nombre":"SAN BERNARDO"}},
{"type":"Feature","geometry":{"type":"Polygon","coordinates":[[[-73.999,5.3677],[-74.0945,5.4359],[-74.174,5.297],[-74.1373,5.2351],[-74.0773,5.2301],[-73.9953,5.2586],[-73.999,5.3677]]]},"properties":{"cod_dep":"15","cod_mun":"226","nombre":"SAN CAYETANO"}},
{"type":"Feature","geometry":{"type":"Polygon","coordinates":[[[-74.2144,4.9971],[-74.2781,5.0293],[-74.3222,4.8855],[-74.2842,4.8756],[-74.2304,4.945],[-74.2144,4.9971]]]},"properties":{"cod_dep":"15","cod_mun":"229","nombre":"SAN FRANCISCO"}},
{"type":"Feature","geometry":{"type":"Polygon","coordinates":[[[-74.5768,4.8893],[-74.7274,4.9773],[-74.7494,4.9525],[-74.769,4.8422],[-74.6845,4.7579],[-74.5902,4.743],[-74.5633,4.7963],[-74.5768,4.8893]]]},"properties":{"cod_dep":"15","cod_mun":"232","nombre":"SAN JUAN DE RIOSECO"}},
{"type":"Feature","geometry":{"type":"Polygon","coordinates":[[[-74.3577,4.8942],[-74.3956,5.0219],[-74.4128,5.0206],[-74.4801,4.9525],[-74.403,4.8806],[-74.3577,4.8942]]]},"properties":{"cod_dep":"15","cod_mun":"235","nombre":"SASAIMA"}},
{"type":"Feature","geometry":{"type":"Polygon","coordinates":[[[-73.7603,5.0516],[-73.8558,5.0355],[-73.8558,4.9897],[-73.7138,4.9525],[-73.6881,4.9835],[-73.7603,5.0516]]]},"properties":{"cod_dep":"15","cod_mun":"238","nombre":"SESQUILE"}},
{"type":"Feature","geometry":{"type":"Polygon","coordinates":[[[-74.2365,4.4009],[-74.2842,4.5125],[-74.3026,4.5038],[-74.3001,4.4269],[-74.283,4.3798],[-74.2365,4.4009]]]},"properties":{"cod_dep":"15","cod_mun":"239","nombre":"SIBATE"}},
{"type":"Feature","geometry":{"type":"Polygon","coordinates":[[[-74.3001,4.4269],[-74.3026,4.5038],[-74.3981,4.4914],[-74.4519,4.386],[-74.4201,4.3588],[-74.3001,4.4269]]]},"properties":{"cod_dep":"15","cod_mun":"241","nombre":"SILVANIA"}},
{"type":"Feature","geometry":{"type":"Polygon","coordinates":[[[-73.7896,5.5524],[-73.8484,5.5462],[-73.9108,5.5239],[-73.9023,5.4668],[-73.8668,5.4619],[-73.7872,5.5102],[-73.7896,5.5524]]]},"properties":{"cod_dep":"15","cod_mun":"244","nombre":"SIMIJACA"}},
{"type":"Feature","geometry":{"type":"Polygon","coordinates":[[[-74.223,4.629],[-74.272,4.619],[-74.3063,4.6203],[-74.3038,4.5546],[-74.2842,4.5125],[-74.2365,4.4009],[-74.2144,4.3811],[-74.223,4.629]]]},"properties":{"cod_dep":"15","cod_mun":"247","nombre":"SOACHA"}},
{"type":"Feature","geometry":{"type":"Polygon","coordinates":[[[-73.9916,4.9723],[-73.9978,4.9735],[-74.0063,4.9178],[-74.0063,4.8236],[-73.9598,4.8124],[-73.9157,4.914],[-73.9916,4.9723]]]},"properties":{"cod_dep":"15","cod_mun":"250","nombre":"SOPO"}},
{"type":"Feature","geometry":{"type":"Polygon","coordinates":[[[-74.0932,5.0665],[-74.1581,5.0442],[-74.2144,4.9971],[-74.2304,4.945],[-74.201,4.857],[-74.1777,4.8583],[-74.1287,4.9041],[-74.0871,5.0107],[-74.0932,5.0665]]]},"properties":{"cod_dep":"15","cod_mun":"256","nombre":"SUBACHOQUE"}},
{"type":"Feature","geometry":{"type":"Polygon","coordinates":[[[-73.6844,5.2289],[-73.8386,5.1644],[-73.846,5.1545],[-73.8705,5.0479],[-73.8558,5.0355],[-73.7603,5.0516],[-73.6844,5.2289]]]},"properties":{"cod_dep":"15","cod_mun":"259","nombre":"SUESCA"}},
{"type":"Feature","geometry":{"type":"Polygon","coordinates":[[[-74.1581,5.0442],[-74.2267,5.1186],[-74.3038,5.0739],[-74.2781,5.0293],[-74.2144,4.9971],[-74.1581,5.0442]]]},"properties":{"cod_dep":"15","cod_mun":"262","nombre":"SUPATA"}},
{"type":"Feature","geometry":{"type":"Polygon","coordinates":[[[-73.7431,5.4706],[-73.7872,5.5102],[-73.8668,5.4619],[-73.8398,5.3677],[-73.8251,5.3739],[-73.7431,5.4706]]]},"properties":{"cod_dep":"15","cod_mun":"265","nombre":"SUSA"}},
{"type":"Feature","geometry":{"type":"Polygon","coordinates":[[[-73.8043,5.2586],[-73.8668,5.2822],[-73.8974,5.2524],[-73.8472,5.1942],[-73.8043,5.2586]]]},"properties":{"cod_dep":"15","cod_mun":"268","nombre":"SUTATAUSA"}},
{"type":"Feature","geometry":{"type":"Polygon","coordinates":[[[-74.0333,4.9636],[-74.0871,5.0107],[-74.1287,4.9041],[-74.0822,4.893],[-74.0773,4.9116],[-74.0333,4.9636]]]},"properties":{"cod_dep":"15","cod_mun":"271","nombre":"TABIO"}},
{"type":"Feature","geometry":{"type":"Polygon","coordinates":[[[-73.9953,5.2586],[-74.0773,5.2301],[-74.0455,5.1694],[-73.906,5.1334],[-73.846,5.1545],[-73.8386,5.1644],[-73.8472,5.1942],[-73.8974,5.2524],[-73.9953,5.2586]]]},"properties":{"cod_dep":"15","cod_mun":"274","nombre":"TAUSA"}},
{"type":"Feature","geometry":{"type":"Polygon","coordinates":[[[-74.3442,4.6538],[-74.3932,4.6996],[-74.4458,4.598],[-74.3944,4.6228],[-74.3442,4.6538]]]},"properties":{"cod_dep":"15","cod_mun":"277","nombre":"TENA"}},
{"type":"Feature","geometry":{"type":"Polygon","coordinates":[[[-74.0822,4.893],[-74.1287,4.9041],[-74.1777,4.8583],[-74.2181,4.7938],[-74.163,4.7504],[-74.0945,4.8483],[-74.0822,4.893]]]},"properties":{"cod_dep":"15","cod_mun":"280","nombre":"TENJO"}},
{"type":"Feature","geometry":{"type":"Polygon","coordinates":[[[-74.4201,4.3588],[-74.4519,4.386],[-74.4984,4.3551],[-74.5523,4.2646],[-74.5499,4.2608],[-74.4201,4.3588]]]},"properties":{"cod_dep":"15","cod_mun":"283","nombre":"TIBACUY"}},
{"type":"Feature","geometry":{"type":"Polygon","coordinates":[[[-73.4922,5.1285],[-73.5362,5.1322],[-73.5375,5.1223],[-73.5412,5.0727],[-73.5228,5.0293],[-73.4799,5.0628],[-73.4922,5.1285]]]},"properties":{"cod_dep":"15","cod_mun":"286","nombre":"TIBIRITA"}},
{"type":"Feature","geometry":{"type":"Polygon","coordinates":[[[-74.5621,4.4468],[-74.6,4.619],[-74.7261,4.4604],[-74.7531,4.4344],[-74.7433,4.3811],[-74.7359,4.3811],[-74.5976,4.3588],[-74.5486,4.3637],[-74.5621,4.4468]]]},"properties":{"cod_dep":"15","cod_mun":"289","nombre":"TOCAIMA"}},
{"type":"Feature","geometry":{"type":"Polygon","coordinates":[[[-73.8741,4.9636],[-73.9121,5.0281],[-73.9916,4.9723],[-73.9157,4.914],[-73.9084,4.9227],[-73.8741,4.9636]]]},"properties":{"cod_dep":"15","cod_mun":"292","nombre":"TOCANCIPA"}},
{"type":"Feature","geometry":{"type":"Polygon","coordinates":[[[-74.234,5.3974],[-74.365,5.4185],[-74.3577,5.3318],[-74.2487,5.2772],[-74.2132,5.2958],[-74.2206,5.3417],[-74.234,5.3974]]]},"properties":{"cod_dep":"15","cod_mun":"295","nombre":"TOPAIPI"}},
{"type":"Feature","geometry":{"type":"MultiPolygon","coordinates":[[[[-73.2204,4.6761],[-73.3245,4.7802],[-73.404,4.6786],[-73.2473,4.624],[-73.2204,4.6761]]],[[[-73.4469,4.8893],[-73.5203,4.8793],[-73.5913,4.7789],[-73.535,4.7157],[-73.3722,4.8012],[-73.4469,4.8893]]]]},"properties":{"cod_dep":"15","cod_mun":"298","nombre":"UBALA"}},
{"type":"Feature","geometry":{"type":"Polygon","coordinates":[[[-74.0051,4.5608],[-74.048,4.5125],[-73.9733,4.4579],[-73.9035,4.4406],[-73.9047,4.5001],[-74.0051,4.5608]]]},"properties":{"cod_dep":"15","cod_mun":"301","nombre":"UBAQUE"}},
{"type":"Feature","geometry":{"type":"Polygon","coordinates":[[[-73.7737,5.3516],[-73.8251,5.3739],[-73.8398,5.3677],[-73.8668,5.2822],[-73.8043,5.2586],[-73.7652,5.2983],[-73.7639,5.3243],[-73.7737,5.3516]]]},"properties":{"cod_dep":"15","cod_mun":"304","nombre":"UBATE"}},
{"type":"Feature","geometry":{"type":"Polygon","coordinates":[[[-73.9904,4.4183],[-74.1189,4.3104],[-74.1104,4.1815],[-74.043,4.2968],[-73.9916,4.3551],[-73.9904,4.4183]]]},"properties":{"cod_dep":"15","cod_mun":"307","nombre":"UNE"}},
{"type":"Feature","geometry":{"type":"Polygon","coordinates":[[[-74.4568,5.2524],[-74.4923,5.2561],[-74.5143,5.1942],[-74.5254,5.1347],[-74.4507,5.1235],[-74.447,5.1248],[-74.4568,5.2524]]]},"properties":{"cod_dep":"15","cod_mun":"316","nombre":"UTICA"}},
{"type":"Feature","geometry":{"type":"Polygon","coordinates":[[[-74.4446,4.1109],[-74.4764,4.1196],[-74.5241,4.0229],[-74.3797,4.0365],[-74.4446,4.1109]]]},"properties":{"cod_dep":"15","cod_mun":"318","nombre":"VENECIA"}},
{"type":"Feature","geometry":{"type":"Polygon","coordinates":[[[-74.3001,5.1929],[-74.3405,5.2004],[-74.3748,5.1049],[-74.3418,5.0516],[-74.3038,5.0739],[-74.2267,5.1186],[-74.3001,5.1929]]]},"properties":{"cod_dep":"15","cod_mun":"319","nombre":"VERGARA"}},
{"type":"Feature","geometry":{"type":"Polygon","coordinates":[[[-74.5168,4.9438],[-74.5352,4.9661],[-74.5523,4.9649],[-74.5768,4.8893],[-74.5633,4.7963],[-74.5597,4.7963],[-74.5168,4.9438]]]},"properties":{"cod_dep":"15","cod_mun":"322","nombre":"VIANI"}},
{"type":"Feature","geometry":{"type":"Polygon","coordinates":[[[-74.174,5.297],[-74.2206,5.3417],[-74.2132,5.2958],[-74.1373,5.2351],[-74.174,5.297]]]},"properties":{"cod_dep":"15","cod_mun":"323","nombre":"VILLAGOMEZ"}},
{"type":"Feature","geometry":{"type":"Polygon","coordinates":[[[-73.5485,5.2995],[-73.5962,5.3652],[-73.6623,5.2425],[-73.5362,5.1322],[-73.4922,5.1285],[-73.4775,5.1483],[-73.5142,5.2326],[-73.5485,5.2995]]]},"properties":{"cod_dep":"15","cod_mun":"325","nombre":"VILLAPINZON"}},
{"type":"Feature","geometry":{"type":"Polygon","coordinates":[[[-74.4274,5.0653],[-74.4483,5.0727],[-74.5413,5.0653],[-74.5352,4.9661],[-74.5168,4.9438],[-74.5046,4.9438],[-74.4825,4.9388],[-74.4801,4.9525],[-74.4128,5.0206],[-74.4274,5.0653]]]},"properties":{"cod_dep":"15","cod_mun":"328","nombre":"VILLETA"}},
{"type":"Feature","geometry":{"type":"Polygon","coordinates":[[[-74.3944,4.5001],[-74.4691,4.4963],[-74.5021,4.484],[-74.5621,4.4468],[-74.5486,4.3637],[-74.4984,4.3551],[-74.4519,4.386],[-74.3981,4.4914],[-74.3944,4.5001]]]},"properties":{"cod_dep":"15","cod_mun":"331","nombre":"VIOTA"}},
{"type":"Feature","geometry":{"type":"Polygon","coordinates":[[[-74.2964,5.7643],[-74.4862,5.7705],[-74.5401,5.5549],[-74.4225,5.4433],[-74.365,5.4185],[-74.234,5.3974],[-74.1777,5.4594],[-74.2157,5.4978],[-74.2548,5.4978],[-74.2401,5.5387],[-74.3063,5.6379],[-74.2964,5.7643]]]},"properties":{"cod_dep":"15","cod_mun":"334","nombre":"YACOPI"}},
{"type":"Feature","geometry":{"type":"Polygon","coordinates":[[[-74.3466,4.7628],[-74.3944,4.8037],[-74.4066,4.7827],[-74.4372,4.7133],[-74.3981,4.717],[-74.3466,4.7628]]]},"properties":{"cod_dep":"15","cod_mun":"337","nombre":"ZIPACON"}},
{"type":"Feature","geometry":{"type":"Polygon","coordinates":[[[-74.0455,5.1582],[-74.0932,5.0665],[-74.0871,5.0107],[-74.0333,4.9636],[-73.9978,4.9735],[-73.9916,4.9723],[-73.9121,5.0281],[-73.9353,5.043],[-74.0455,5.1582]]]},"properties":{"cod_dep":"15","cod_mun":"340","nombre":"ZIPAQUIRA"}},
{"type":"Feature","geometry":{"type":"Polygon","coordinates":[[[-74.0063,4.8236],[-74.0822,4.8347],[-74.1569,4.7256],[-74.1728,4.6959],[-74.223,4.629],[-74.2144,4.3811],[-74.2377,4.1951],[-74.2401,4.1865],[-74.365,4.0353],[-74.4397,3.7304],[-74.4164,3.7403],[-74.3981,3.7452],[-74.2022,4.0142],[-74.1508,4.0043],[-74.1104,4.1815],[-74.1189,4.3104],[-74.048,4.5125],[-74.0051,4.5608],[-73.988,4.6315],[-74.0063,4.8236]]]},"properties":{"cod_dep":"16","cod_mun":"001","nombre":"BOGOTA. D.C."}},
{"type":"Feature","geometry":{"type":"Polygon","coordinates":[[[-76.7913,6.3419],[-77.1402,6.037],[-76.9492,5.6676],[-76.6787,5.6515],[-76.4754,5.6875],[-76.3763,5.7234],[-76.1596,6.0035],[-76.2465,6.2043],[-76.8378,5.8114],[-76.7154,6.1709],[-76.7913,6.3419]]]},"properties":{"cod_dep":"17","cod_mun":"001","nombre":"QUIBDO"}},
{"type":"Feature","geometry":{"type":"Polygon","coordinates":[[[-76.4754,5.6875],[-76.6787,5.6515],[-76.6823,5.4334],[-76.5697,5.4507],[-76.4754,5.6875]]]},"properties":{"cod_dep":"17","cod_mun":"002","nombre":"ATRATO (YUTO)"}},
{"type":"Feature","geometry":{"type":"Polygon","coordinates":[[[-77.0777,8.3176],[-77.2479,8.4713],[-77.2981,8.2767],[-77.0777,8.3176]]]},"properties":{"cod_dep":"17","cod_mun":"004","nombre":"ACANDI"}},
{"type":"Feature","geometry":{"type":"Polygon","coordinates":[[[-77.1402,6.037],[-77.276,6.0283],[-77.2895,6.006],[-77.2687,5.5065],[-76.9321,5.2871],[-76.8611,5.3875],[-76.8757,5.514],[-76.9492,5.6676],[-77.1402,6.037]]]},"properties":{"cod_dep":"17","cod_mun":"006","nombre":"ALTO BAUDO (PIE DE PATO)"}},
{"type":"Feature","geometry":{"type":"Polygon","coordinates":[[[-76.0739,5.6776],[-76.0874,5.6887],[-76.14,5.6552],[-76.3359,5.4284],[-76.4044,5.359],[-76.1914,5.4148],[-76.0886,5.447],[-76.009,5.5672],[-76.0739,5.6776]]]},"properties":{"cod_dep":"17","cod_mun":"007","nombre":"BAGADO"}},
{"type":"Feature","geometry":{"type":"Polygon","coordinates":[[[-77.3629,6.808],[-77.3715,6.808],[-77.4829,6.6976],[-77.325,6.5489],[-77.3336,5.9899],[-77.2895,6.006],[-77.276,6.0283],[-77.3128,6.7671],[-77.3629,6.808]]]},"properties":{"cod_dep":"17","cod_mun":"008","nombre":"BAHIA SOLANO (MUTIS)"}},
{"type":"Feature","geometry":{"type":"Polygon","coordinates":[[[-77.2687,5.5065],[-77.5233,5.5053],[-77.3899,5.4433],[-77.3262,4.5695],[-77.0606,4.4728],[-76.9773,4.9178],[-76.9321,5.2871],[-77.2687,5.5065]]]},"properties":{"cod_dep":"17","cod_mun":"010","nombre":"BAJO BAUDO (PIZARRO)"}},
{"type":"Feature","geometry":{"type":"Polygon","coordinates":[[[-76.7913,6.3419],[-76.9137,6.8464],[-77.3128,6.7671],[-77.276,6.0283],[-77.1402,6.037],[-76.7913,6.3419]]]},"properties":{"cod_dep":"17","cod_mun":"011","nombre":"BOJAYA (BELLAVISTA)"}},
{"type":"Feature","geometry":{"type":"Polygon","coordinates":[[[-76.2465,6.2043],[-76.4448,6.1684],[-76.7154,6.1709],[-76.8378,5.8114],[-76.2465,6.2043]]]},"properties":{"cod_dep":"17","cod_mun":"012","nombre":"MEDIO ATRATO (BETE)"}},
{"type":"Feature","geometry":{"type":"Polygon","coordinates":[[[-76.2906,5.126],[-76.3604,5.1979],[-76.6774,5.1086],[-76.7068,4.9909],[-76.4436,5.0268],[-76.2906,5.126]]]},"properties":{"cod_dep":"17","cod_mun":"013","nombre":"CONDOTO"}},
{"type":"Feature","geometry":{"type":"Polygon","coordinates":[[[-76.3359,5.4284],[-76.5697,5.4507],[-76.6823,5.4334],[-76.7215,5.4222],[-76.686,5.3999],[-76.5979,5.2735],[-76.4044,5.359],[-76.3359,5.4284]]]},"properties":{"cod_dep":"17","cod_mun":"014","nombre":"CERTEGUI"}},
{"type":"Feature","geometry":{"type":"Polygon","coordinates":[[[-76.5256,7.1054],[-76.9871,7.2914],[-77.3629,6.808],[-77.3128,6.7671],[-76.9137,6.8464],[-76.9002,6.829],[-76.5477,7.0026],[-76.5256,7.1054]]]},"properties":{"cod_dep":"17","cod_mun":"015","nombre":"CARMEN DEL DARIEN"}},
{"type":"Feature","geometry":{"type":"Polygon","coordinates":[[[-76.0972,6.0035],[-76.1596,6.0035],[-76.3763,5.7234],[-76.14,5.6552],[-76.0874,5.6887],[-76.0653,5.7643],[-76.0543,5.9317],[-76.0972,6.0035]]]},"properties":{"cod_dep":"17","cod_mun":"016","nombre":"EL CARMEN"}},
{"type":"Feature","geometry":{"type":"Polygon","coordinates":[[[-76.7215,5.4222],[-76.8757,5.514],[-76.8611,5.3875],[-76.8415,5.2685],[-76.7044,5.245],[-76.686,5.3999],[-76.7215,5.4222]]]},"properties":{"cod_dep":"17","cod_mun":"017","nombre":"EL CANTON DEL SAN PABLO (MAN."}},
{"type":"Feature","geometry":{"type":"Polygon","coordinates":[[[-76.7044,5.245],[-76.8415,5.2685],[-76.9773,4.9178],[-77.0606,4.4728],[-76.637,4.3811],[-76.6529,4.4914],[-76.8427,4.6141],[-76.8598,4.9302],[-76.6823,5.1272],[-76.5354,5.2177],[-76.6285,5.2152],[-76.7044,5.245]]]},"properties":{"cod_dep":"17","cod_mun":"019","nombre":"ISTMINA"}},
{"type":"Feature","geometry":{"type":"Polygon","coordinates":[[[-77.3715,6.808],[-77.5368,6.8464],[-77.7106,7.4996],[-77.8832,7.2182],[-77.4829,6.6976],[-77.3715,6.808]]]},"properties":{"cod_dep":"17","cod_mun":"022","nombre":"JURADO"}},
{"type":"Feature","geometry":{"type":"Polygon","coordinates":[[[-76.3763,5.7234],[-76.4754,5.6875],[-76.5697,5.4507],[-76.3359,5.4284],[-76.14,5.6552],[-76.3763,5.7234]]]},"properties":{"cod_dep":"17","cod_mun":"025","nombre":"LLORO"}},
{"type":"Feature","geometry":{"type":"Polygon","coordinates":[[[-76.8415,5.2685],[-76.8611,5.3875],[-76.9321,5.2871],[-76.9773,4.9178],[-76.8415,5.2685]]]},"properties":{"cod_dep":"17","cod_mun":"026","nombre":"MEDIO BAUDO (PUERTO MELUK)"}},
{"type":"Feature","geometry":{"type":"Polygon","coordinates":[[[-76.6823,5.1272],[-76.8598,4.9302],[-76.8427,4.6141],[-76.6529,4.4914],[-76.8427,4.7517],[-76.7068,4.9909],[-76.6774,5.1086],[-76.6823,5.1272]]]},"properties":{"cod_dep":"17","cod_mun":"027","nombre":"MEDIO SAN JUAN"}},
{"type":"Feature","geometry":{"type":"Polygon","coordinates":[[[-76.5085,4.7963],[-76.4436,5.0268],[-76.7068,4.9909],[-76.8427,4.7517],[-76.5085,4.7963]]]},"properties":{"cod_dep":"17","cod_mun":"028","nombre":"NOVITA"}},
{"type":"Feature","geometry":{"type":"Polygon","coordinates":[[[-77.2687,5.5065],[-77.2895,6.006],[-77.3336,5.9899],[-77.5233,5.5053],[-77.2687,5.5065]]]},"properties":{"cod_dep":"17","cod_mun":"031","nombre":"NUQUI"}},
{"type":"Feature","geometry":{"type":"Polygon","coordinates":[[[-76.3604,5.1979],[-76.5354,5.2177],[-76.6823,5.1272],[-76.6774,5.1086],[-76.3604,5.1979]]]},"properties":{"cod_dep":"17","cod_mun":"032","nombre":"RIO IRO"}},
{"type":"Feature","geometry":{"type":"Polygon","coordinates":[[[-77.1793,7.9569],[-77.7106,7.4996],[-77.5368,6.8464],[-77.3715,6.808],[-77.3629,6.808],[-76.9871,7.2914],[-76.5256,7.1054],[-76.4852,7.1352],[-76.6823,7.4673],[-77.0753,7.8479],[-77.1793,7.9569]]]},"properties":{"cod_dep":"17","cod_mun":"034","nombre":"RIOSUCIO"}},
{"type":"Feature","geometry":{"type":"Polygon","coordinates":[[[-76.6787,5.6515],[-76.9492,5.6676],[-76.8757,5.514],[-76.7215,5.4222],[-76.6823,5.4334],[-76.6787,5.6515]]]},"properties":{"cod_dep":"17","cod_mun":"035","nombre":"RIO QUITO (PAIMADO)"}},
{"type":"Feature","geometry":{"type":"Polygon","coordinates":[[[-76.1327,5.183],[-76.2906,5.126],[-76.4436,5.0268],[-76.5085,4.7963],[-76.3126,4.7504],[-76.1388,4.8409],[-76.1376,4.8434],[-76.0776,5.0467],[-76.0605,5.1322],[-76.1327,5.183]]]},"properties":{"cod_dep":"17","cod_mun":"037","nombre":"SAN JOSE DEL PALMAR"}},
{"type":"Feature","geometry":{"type":"Polygon","coordinates":[[[-77.0606,4.4728],[-77.3262,4.5695],[-77.4499,4.039],[-77.3532,4.1976],[-76.8598,4.0303],[-76.4987,4.0638],[-76.4485,4.1617],[-76.4546,4.2299],[-76.5489,4.3377],[-76.637,4.3811],[-77.0606,4.4728]]]},"properties":{"cod_dep":"17","cod_mun":"038","nombre":"EL LITORAL DEL SAN JUAN"}},
{"type":"Feature","geometry":{"type":"Polygon","coordinates":[[[-76.3126,4.7504],[-76.5085,4.7963],[-76.8427,4.7517],[-76.6529,4.4914],[-76.637,4.3811],[-76.5489,4.3377],[-76.3653,4.4926],[-76.3004,4.6538],[-76.2979,4.6984],[-76.3126,4.7504]]]},"properties":{"cod_dep":"17","cod_mun":"040","nombre":"SIPI"}},
{"type":"Feature","geometry":{"type":"Polygon","coordinates":[[[-76.1327,5.183],[-76.1914,5.4148],[-76.4044,5.359],[-76.5979,5.2735],[-76.6285,5.2152],[-76.5354,5.2177],[-76.3604,5.1979],[-76.2906,5.126],[-76.1327,5.183]]]},"properties":{"cod_dep":"17","cod_mun":"043","nombre":"TADO"}},
{"type":"Feature","geometry":{"type":"Polygon","coordinates":[[[-77.0777,8.3176],[-77.2981,8.2767],[-77.1793,7.9569],[-77.0753,7.8479],[-76.9382,8.0685],[-77.0777,8.3176]]]},"properties":{"cod_dep":"17","cod_mun":"048","nombre":"UNGUIA"}},
{"type":"Feature","geometry":{"type":"Polygon","coordinates":[[[-76.5979,5.2735],[-76.686,5.3999],[-76.7044,5.245],[-76.6285,5.2152],[-76.5979,5.2735]]]},"properties":{"cod_dep":"17","cod_mun":"060","nombre":"UNION PANAMERICANA (LAS ANIMAS"}},
{"type":"Feature","geometry":{"type":"Polygon","coordinates":[[[-75.2672,3.1292],[-75.5843,3.1503],[-75.6002,3.0486],[-75.2905,2.8689],[-75.1448,2.7239],[-74.944,2.8962],[-75.2672,3.1292]]]},"properties":{"cod_dep":"19","cod_mun":"001","nombre":"NEIVA"}},
{"type":"Feature","geometry":{"type":"Polygon","coordinates":[[[-75.8377,1.7398],[-75.9503,1.8563],[-75.9625,1.8538],[-76.058,1.7385],[-76.1694,1.5885],[-76.0996,1.5638],[-75.8377,1.7398]]]},"properties":{"cod_dep":"19","cod_mun":"004","nombre":"ACEVEDO"}},
{"type":"Feature","geometry":{"type":"Polygon","coordinates":[[[-75.6663,2.3558],[-75.7826,2.326],[-75.7299,2.1637],[-75.6859,2.1674],[-75.6467,2.3112],[-75.6663,2.3558]]]},"properties":{"cod_dep":"19","cod_mun":"007","nombre":"AGRADO"}},
{"type":"Feature","geometry":{"type":"Polygon","coordinates":[[[-75.2684,3.3821],[-75.5769,3.2209],[-75.5843,3.1503],[-75.2672,3.1292],[-75.266,3.1391],[-75.1729,3.3783],[-75.2684,3.3821]]]},"properties":{"cod_dep":"19","cod_mun":"010","nombre":"AIPE"}},
{"type":"Feature","geometry":{"type":"Polygon","coordinates":[[[-75.1338,2.5987],[-75.1521,2.709],[-75.1717,2.7028],[-75.3786,2.5095],[-75.4288,2.4525],[-75.3859,2.3149],[-75.3492,2.3236],[-75.1338,2.5987]]]},"properties":{"cod_dep":"19","cod_mun":"013","nombre":"ALGECIRAS"}},
{"type":"Feature","geometry":{"type":"Polygon","coordinates":[[[-75.6859,2.1674],[-75.7299,2.1637],[-75.7336,2.1612],[-75.8585,2.0459],[-75.8205,1.9976],[-75.7887,1.9914],[-75.7079,2.0893],[-75.6859,2.1674]]]},"properties":{"cod_dep":"19","cod_mun":"016","nombre":"ALTAMIRA"}},
{"type":"Feature","geometry":{"type":"Polygon","coordinates":[[[-74.9098,3.2903],[-75.0077,3.2804],[-75.1632,3.1354],[-74.9049,2.9582],[-74.8987,2.9644],[-74.7665,3.097],[-74.9098,3.2903]]]},"properties":{"cod_dep":"19","cod_mun":"019","nombre":"BARAYA"}},
{"type":"Feature","geometry":{"type":"Polygon","coordinates":[[[-75.1717,2.7028],[-75.3345,2.7809],[-75.4227,2.7338],[-75.4361,2.678],[-75.3786,2.5095],[-75.1717,2.7028]]]},"properties":{"cod_dep":"19","cod_mun":"022","nombre":"CAMPOALEGRE"}},
{"type":"Feature","geometry":{"type":"Polygon","coordinates":[[[-75.5843,2.5491],[-75.7312,2.6656],[-75.7948,2.476],[-75.5683,2.4624],[-75.5683,2.4884],[-75.5843,2.5491]]]},"properties":{"cod_dep":"19","cod_mun":"025","nombre":"TESALIA (CARNICERIAS)"}},
{"type":"Feature","geometry":{"type":"Polygon","coordinates":[[[-74.4397,3.7304],[-74.5352,3.8431],[-74.8106,3.4106],[-74.9098,3.2903],[-74.7665,3.097],[-74.4164,3.7403],[-74.4397,3.7304]]]},"properties":{"cod_dep":"19","cod_mun":"028","nombre":"COLOMBIA"}},
{"type":"Feature","geometry":{"type":"Polygon","coordinates":[[[-75.8621,2.0434],[-75.9625,2.041],[-76.0054,2.0013],[-76.025,1.9765],[-75.987,1.9542],[-75.8621,2.0434]]]},"properties":{"cod_dep":"19","cod_mun":"031","nombre":"ELIAS"}},
{"type":"Feature","geometry":{"type":"Polygon","coordinates":[[[-75.3945,2.3025],[-75.6467,2.3112],[-75.6859,2.1674],[-75.7079,2.0893],[-75.5879,2.0137],[-75.4263,2.1947],[-75.3945,2.3025]]]},"properties":{"cod_dep":"19","cod_mun":"034","nombre":"GARZON"}},
{"type":"Feature","geometry":{"type":"Polygon","coordinates":[[[-75.4288,2.4525],[-75.528,2.5343],[-75.5683,2.4884],[-75.5683,2.4624],[-75.6663,2.3558],[-75.6467,2.3112],[-75.3945,2.3025],[-75.3859,2.3149],[-75.4288,2.4525]]]},"properties":{"cod_dep":"19","cod_mun":"037","nombre":"GIGANTE"}},
{"type":"Feature","geometry":{"type":"Polygon","coordinates":[[[-75.5879,2.0137],[-75.7079,2.0893],[-75.7887,1.9914],[-75.6883,1.8811],[-75.5879,2.0137]]]},"properties":{"cod_dep":"19","cod_mun":"040","nombre":"GUADALUPE"}},
{"type":"Feature","geometry":{"type":"Polygon","coordinates":[[[-75.4361,2.678],[-75.528,2.5343],[-75.4288,2.4525],[-75.3786,2.5095],[-75.4361,2.678]]]},"properties":{"cod_dep":"19","cod_mun":"043","nombre":"HOBO"}},
{"type":"Feature","geometry":{"type":"Polygon","coordinates":[[[-76.1327,1.9963],[-76.3604,2.2703],[-76.4191,2.1922],[-76.1951,1.8625],[-76.1327,1.9963]]]},"properties":{"cod_dep":"19","cod_mun":"044","nombre":"ISNOS"}},
{"type":"Feature","geometry":{"type":"Polygon","coordinates":[[[-75.5879,2.6842],[-75.8107,2.7871],[-75.7605,2.6805],[-75.7312,2.6656],[-75.5843,2.5491],[-75.5879,2.6842]]]},"properties":{"cod_dep":"19","cod_mun":"046","nombre":"IQUIRA"}},
{"type":"Feature","geometry":{"type":"Polygon","coordinates":[[[-76.2086,2.1984],[-76.3604,2.2703],[-76.1498,2.1178],[-76.0066,2.1141],[-75.9136,2.2058],[-75.8891,2.2603],[-76.2086,2.1984]]]},"properties":{"cod_dep":"19","cod_mun":"047","nombre":"LA ARGENTINA (PLATA VIEJA)"}},
{"type":"Feature","geometry":{"type":"Polygon","coordinates":[[[-75.9625,2.4983],[-76.1266,2.3806],[-76.2086,2.1984],[-75.8891,2.2603],[-75.8279,2.3533],[-75.8413,2.4587],[-75.9625,2.4983]]]},"properties":{"cod_dep":"19","cod_mun":"049","nombre":"LA PLATA"}},
{"type":"Feature","geometry":{"type":"Polygon","coordinates":[[[-75.7312,2.6656],[-75.7605,2.6805],[-75.8144,2.4834],[-75.7948,2.476],[-75.7312,2.6656]]]},"properties":{"cod_dep":"19","cod_mun":"050","nombre":"NATAGA"}},
{"type":"Feature","geometry":{"type":"Polygon","coordinates":[[[-76.0066,2.1141],[-76.1498,2.1178],[-76.0054,2.0013],[-75.9625,2.041],[-76.0066,2.1141]]]},"properties":{"cod_dep":"19","cod_mun":"051","nombre":"OPORAPA"}},
{"type":"Feature","geometry":{"type":"Polygon","coordinates":[[[-75.7948,2.476],[-75.8144,2.4834],[-75.8413,2.4587],[-75.8279,2.3533],[-75.7826,2.326],[-75.6663,2.3558],[-75.5683,2.4624],[-75.7948,2.476]]]},"properties":{"cod_dep":"19","cod_mun":"052","nombre":"PAICOL"}},
{"type":"Feature","geometry":{"type":"Polygon","coordinates":[[[-75.2905,2.8689],[-75.6002,3.0486],[-75.6136,3.0239],[-75.6185,2.8503],[-75.4986,2.7673],[-75.4227,2.7338],[-75.3345,2.7809],[-75.2905,2.8689]]]},"properties":{"cod_dep":"19","cod_mun":"055","nombre":"PALERMO"}},
{"type":"Feature","geometry":{"type":"Polygon","coordinates":[[[-76.058,1.7385],[-76.2269,1.6642],[-76.1988,1.5749],[-76.1694,1.5885],[-76.058,1.7385]]]},"properties":{"cod_dep":"19","cod_mun":"056","nombre":"PALESTINA"}},
{"type":"Feature","geometry":{"type":"Polygon","coordinates":[[[-75.7826,2.326],[-75.8279,2.3533],[-75.8891,2.2603],[-75.9136,2.2058],[-75.7336,2.1612],[-75.7299,2.1637],[-75.7826,2.326]]]},"properties":{"cod_dep":"19","cod_mun":"058","nombre":"PITAL"}},
{"type":"Feature","geometry":{"type":"Polygon","coordinates":[[[-76.025,1.9765],[-76.1327,1.9963],[-76.1951,1.8625],[-76.3163,1.684],[-76.2269,1.6642],[-76.058,1.7385],[-75.9625,1.8538],[-75.987,1.9542],[-76.025,1.9765]]]},"properties":{"cod_dep":"19","cod_mun":"061","nombre":"PITALITO"}},
{"type":"Feature","geometry":{"type":"Polygon","coordinates":[[[-75.1448,2.7239],[-75.2905,2.8689],[-75.3345,2.7809],[-75.1717,2.7028],[-75.1521,2.709],[-75.1448,2.7239]]]},"properties":{"cod_dep":"19","cod_mun":"064","nombre":"RIVERA"}},
{"type":"Feature","geometry":{"type":"Polygon","coordinates":[[[-76.1498,2.1178],[-76.3604,2.2703],[-76.1327,1.9963],[-76.025,1.9765],[-76.0054,2.0013],[-76.1498,2.1178]]]},"properties":{"cod_dep":"19","cod_mun":"067","nombre":"SALADOBLANCO"}},
{"type":"Feature","geometry":{"type":"Polygon","coordinates":[[[-76.1951,1.8625],[-76.4191,2.1922],[-76.5538,2.1389],[-76.5807,2.0286],[-76.6236,1.9753],[-76.5905,1.8687],[-76.3163,1.684],[-76.1951,1.8625]]]},"properties":{"cod_dep":"19","cod_mun":"070","nombre":"SAN AGUSTIN"}},
{"type":"Feature","geometry":{"type":"Polygon","coordinates":[[[-75.6185,2.8503],[-75.6136,3.0239],[-75.7679,2.9148],[-75.6185,2.8503]]]},"properties":{"cod_dep":"19","cod_mun":"074","nombre":"SANTA MARIA"}},
{"type":"Feature","geometry":{"type":"Polygon","coordinates":[[[-75.8205,1.9976],[-75.9503,1.8563],[-75.8377,1.7398],[-75.7862,1.7633],[-75.6883,1.8811],[-75.7887,1.9914],[-75.8205,1.9976]]]},"properties":{"cod_dep":"19","cod_mun":"076","nombre":"SUAZA"}},
{"type":"Feature","geometry":{"type":"Polygon","coordinates":[[[-75.7336,2.1612],[-75.9136,2.2058],[-76.0066,2.1141],[-75.9625,2.041],[-75.8621,2.0434],[-75.8585,2.0459],[-75.7336,2.1612]]]},"properties":{"cod_dep":"19","cod_mun":"079","nombre":"TARQUI"}},
{"type":"Feature","geometry":{"type":"Polygon","coordinates":[[[-75.1632,3.1354],[-75.266,3.1391],[-75.2672,3.1292],[-74.944,2.8962],[-74.9049,2.9582],[-75.1632,3.1354]]]},"properties":{"cod_dep":"19","cod_mun":"082","nombre":"TELLO"}},
{"type":"Feature","geometry":{"type":"Polygon","coordinates":[[[-75.7679,2.9148],[-76.0286,2.9408],[-75.8107,2.7871],[-75.5879,2.6842],[-75.4986,2.7673],[-75.6185,2.8503],[-75.7679,2.9148]]]},"properties":{"cod_dep":"19","cod_mun":"085","nombre":"TERUEL"}},
{"type":"Feature","geometry":{"type":"Polygon","coordinates":[[[-75.8205,1.9976],[-75.8585,2.0459],[-75.8621,2.0434],[-75.987,1.9542],[-75.9625,1.8538],[-75.9503,1.8563],[-75.8205,1.9976]]]},"properties":{"cod_dep":"19","cod_mun":"088","nombre":"TIMANA"}},
{"type":"Feature","geometry":{"type":"Polygon","coordinates":[[[-75.0346,3.4279],[-75.1729,3.3783],[-75.266,3.1391],[-75.1632,3.1354],[-75.0077,3.2804],[-75.0346,3.4279]]]},"properties":{"cod_dep":"19","cod_mun":"091","nombre":"VILLAVIEJA"}},
{"type":"Feature","geometry":{"type":"Polygon","coordinates":[[[-75.4227,2.7338],[-75.4986,2.7673],[-75.5879,2.6842],[-75.5843,2.5491],[-75.5683,2.4884],[-75.528,2.5343],[-75.4361,2.678],[-75.4227,2.7338]]]},"properties":{"cod_dep":"19","cod_mun":"094","nombre":"YAGUARA"}},
{"type":"Feature","geometry":{"type":"Polygon","coordinates":[[[-73.5754,11.2601],[-74.1459,11.3357],[-74.2144,11.0755],[-73.7652,10.8759],[-73.5987,10.8362],[-73.5754,11.2601]]]},"properties":{"cod_dep":"21","cod_mun":"001","nombre":"SANTA MARTA"}},
{"type":"Feature","geometry":{"type":"Polygon","coordinates":[[[-73.9782,10.2772],[-74.1581,10.3566],[-74.0737,10.0517],[-73.9782,10.2772]]]},"properties":{"cod_dep":"21","cod_mun":"008","nombre":"ALGARROBO"}},
{"type":"Feature","geometry":{"type":"Polygon","coordinates":[[[-73.5987,10.8362],[-73.7652,10.8759],[-74.152,10.6367],[-74.2193,10.6627],[-74.2573,10.6652],[-74.2157,10.5363],[-74.0308,10.426],[-73.6171,10.6454],[-73.562,10.7408],[-73.5987,10.8362]]]},"properties":{"cod_dep":"21","cod_mun":"010","nombre":"ARACATACA"}},
{"type":"Feature","geometry":{"type":"Polygon","coordinates":[[[-73.8386,9.7852],[-74.0345,9.9984],[-74.2683,9.8794],[-74.1777,9.6191],[-73.8398,9.7368],[-73.8386,9.7852]]]},"properties":{"cod_dep":"21","cod_mun":"012","nombre":"ARIGUANI (EL DIFICIL)"}},
{"type":"Feature","geometry":{"type":"Polygon","coordinates":[[[-74.7017,10.2747],[-74.8632,10.3665],[-74.8681,10.3404],[-74.911,10.2537],[-74.9159,10.2388],[-74.8767,10.214],[-74.7163,10.2487],[-74.7017,10.2747]]]},"properties":{"cod_dep":"21","cod_mun":"013","nombre":"CERRO DE SAN ANTONIO"}},
{"type":"Feature","geometry":{"type":"Polygon","coordinates":[[[-74.4654,10.2029],[-74.496,10.2326],[-74.5866,10.219],[-74.6612,10.012],[-74.5547,9.9475],[-74.4421,10.0169],[-74.4654,10.2029]]]},"properties":{"cod_dep":"21","cod_mun":"015","nombre":"CHIVOLO"}},
{"type":"Feature","geometry":{"type":"Polygon","coordinates":[[[-73.7652,10.8759],[-74.2144,11.0755],[-74.2646,11.006],[-74.2659,10.866],[-74.152,10.6367],[-73.7652,10.8759]]]},"properties":{"cod_dep":"21","cod_mun":"016","nombre":"CIENAGA"}},
{"type":"Feature","geometry":{"type":"Polygon","coordinates":[[[-74.7163,10.2487],[-74.8767,10.214],[-74.6931,10.2252],[-74.7163,10.2487]]]},"properties":{"cod_dep":"21","cod_mun":"020","nombre":"CONCORDIA"}},
{"type":"Feature","geometry":{"type":"Polygon","coordinates":[[[-73.7994,9.0588],[-73.9892,9.3514],[-74.1753,9.0886],[-74.1006,9.0192],[-73.9782,8.9845],[-73.868,8.9361],[-73.7994,9.0588]]]},"properties":{"cod_dep":"21","cod_mun":"025","nombre":"EL BANCO"}},
{"type":"Feature","geometry":{"type":"Polygon","coordinates":[[[-74.496,10.2326],[-74.6845,10.4706],[-74.8118,10.4508],[-74.8632,10.3665],[-74.7017,10.2747],[-74.5866,10.219],[-74.496,10.2326]]]},"properties":{"cod_dep":"21","cod_mun":"028","nombre":"EL PIÑON"}},
{"type":"Feature","geometry":{"type":"Polygon","coordinates":[[[-74.2573,10.6652],[-74.4274,10.7234],[-74.4495,10.6714],[-74.2438,10.5573],[-74.2157,10.5363],[-74.2573,10.6652]]]},"properties":{"cod_dep":"21","cod_mun":"030","nombre":"EL RETEN"}},
{"type":"Feature","geometry":{"type":"Polygon","coordinates":[[[-73.7921,10.3925],[-73.6171,10.6454],[-74.0308,10.426],[-74.2157,10.5363],[-74.2438,10.5573],[-74.1802,10.3826],[-74.1581,10.3566],[-73.9782,10.2772],[-73.7921,10.3925]]]},"properties":{"cod_dep":"21","cod_mun":"031","nombre":"FUNDACION"}},
{"type":"Feature","geometry":{"type":"Polygon","coordinates":[[[-73.9818,9.386],[-74.3001,9.2038],[-74.2977,9.1766],[-74.1753,9.0886],[-73.9892,9.3514],[-73.9818,9.386]]]},"properties":{"cod_dep":"21","cod_mun":"040","nombre":"GUAMAL"}},
{"type":"Feature","geometry":{"type":"Polygon","coordinates":[[[-74.2683,9.8794],[-74.4005,9.9525],[-74.4507,9.6092],[-74.1777,9.6191],[-74.2683,9.8794]]]},"properties":{"cod_dep":"21","cod_mun":"042","nombre":"NUEVA GRANADA"}},
{"type":"Feature","geometry":{"type":"Polygon","coordinates":[[[-74.8767,10.214],[-74.9159,10.2388],[-74.9453,10.1285],[-74.8253,10.0591],[-74.6931,10.2252],[-74.8767,10.214]]]},"properties":{"cod_dep":"21","cod_mun":"046","nombre":"PEDRAZA"}},
{"type":"Feature","geometry":{"type":"Polygon","coordinates":[[[-73.8105,9.6736],[-74.1973,9.5683],[-74.4801,9.303],[-74.1863,9.484],[-74.1398,9.4939],[-73.8031,9.6364],[-73.8105,9.6736]]]},"properties":{"cod_dep":"21","cod_mun":"048","nombre":"PIJIÑO DEL CARMEN"}},
{"type":"Feature","geometry":{"type":"Polygon","coordinates":[[[-74.2438,10.5573],[-74.4495,10.6714],[-74.6686,10.5635],[-74.6845,10.4706],[-74.496,10.2326],[-74.4654,10.2029],[-74.1802,10.3826],[-74.2438,10.5573]]]},"properties":{"cod_dep":"21","cod_mun":"049","nombre":"PIVIJAY"}},
{"type":"Feature","geometry":{"type":"Polygon","coordinates":[[[-74.4421,10.0169],[-74.5547,9.9475],[-74.84,9.81],[-74.791,9.6525],[-74.7775,9.5075],[-74.5217,9.5658],[-74.4507,9.6092],[-74.4005,9.9525],[-74.4421,10.0169]]]},"properties":{"cod_dep":"21","cod_mun":"052","nombre":"PLATO"}},
{"type":"Feature","geometry":{"type":"Polygon","coordinates":[[[-74.2659,10.866],[-74.2646,11.006],[-74.485,10.9812],[-74.4274,10.7234],[-74.2573,10.6652],[-74.2193,10.6627],[-74.2659,10.866]]]},"properties":{"cod_dep":"21","cod_mun":"055","nombre":"PUEBLOVIEJO"}},
{"type":"Feature","geometry":{"type":"Polygon","coordinates":[[[-74.4274,10.7234],[-74.7261,10.7272],[-74.7469,10.6516],[-74.7261,10.6007],[-74.6686,10.5635],[-74.4495,10.6714],[-74.4274,10.7234]]]},"properties":{"cod_dep":"21","cod_mun":"058","nombre":"REMOLINO"}},
{"type":"Feature","geometry":{"type":"Polygon","coordinates":[[[-74.1802,10.3826],[-74.4654,10.2029],[-74.4421,10.0169],[-74.4005,9.9525],[-74.2683,9.8794],[-74.0345,9.9984],[-74.0357,10.0046],[-74.0737,10.0517],[-74.1581,10.3566],[-74.1802,10.3826]]]},"properties":{"cod_dep":"21","cod_mun":"060","nombre":"SABANAS DE SAN ANGEL"}},
{"type":"Feature","geometry":{"type":"Polygon","coordinates":[[[-74.6686,10.5635],[-74.7261,10.6007],[-74.8069,10.483],[-74.8118,10.4508],[-74.6845,10.4706],[-74.6686,10.5635]]]},"properties":{"cod_dep":"21","cod_mun":"067","nombre":"SALAMINA"}},
{"type":"Feature","geometry":{"type":"Polygon","coordinates":[[[-74.1398,9.4939],[-74.1863,9.484],[-74.4176,9.2361],[-74.3919,9.215],[-74.3001,9.2038],[-73.9818,9.386],[-73.9782,9.3898],[-74.1398,9.4939]]]},"properties":{"cod_dep":"21","cod_mun":"070","nombre":"SAN SEBASTIAN DE BUENAVISTA"}},
{"type":"Feature","geometry":{"type":"Polygon","coordinates":[[[-74.4176,9.2361],[-74.1863,9.484],[-74.4801,9.303],[-74.5315,9.2559],[-74.5303,9.2423],[-74.4176,9.2361]]]},"properties":{"cod_dep":"21","cod_mun":"073","nombre":"SAN ZENON"}},
{"type":"Feature","geometry":{"type":"Polygon","coordinates":[[[-73.8398,9.7368],[-74.1777,9.6191],[-74.4507,9.6092],[-74.5217,9.5658],[-74.6564,9.3836],[-74.5315,9.2559],[-74.4801,9.303],[-74.1973,9.5683],[-73.8105,9.6736],[-73.8398,9.7368]]]},"properties":{"cod_dep":"21","cod_mun":"076","nombre":"SANTA ANA"}},
{"type":"Feature","geometry":{"type":"Polygon","coordinates":[[[-74.5217,9.5658],[-74.7775,9.5075],[-74.8008,9.4418],[-74.7396,9.4257],[-74.6564,9.3836],[-74.5217,9.5658]]]},"properties":{"cod_dep":"21","cod_mun":"078","nombre":"SANTA BARBARA DE PINTO"}},
{"type":"Feature","geometry":{"type":"Polygon","coordinates":[[[-74.485,10.9812],[-74.8522,11.1052],[-74.7567,10.9453],[-74.7384,10.8759],[-74.7408,10.835],[-74.7249,10.7718],[-74.7274,10.7495],[-74.7261,10.7272],[-74.4274,10.7234],[-74.485,10.9812]]]},"properties":{"cod_dep":"21","cod_mun":"079","nombre":"SITIONUEVO"}},
{"type":"Feature","geometry":{"type":"Polygon","coordinates":[[[-74.6612,10.012],[-74.7898,10.0132],[-74.862,9.9438],[-74.8828,9.8719],[-74.84,9.81],[-74.5547,9.9475],[-74.6612,10.012]]]},"properties":{"cod_dep":"21","cod_mun":"085","nombre":"TENERIFE"}},
{"type":"Feature","geometry":{"type":"Polygon","coordinates":[[[-74.5866,10.219],[-74.7017,10.2747],[-74.7163,10.2487],[-74.6931,10.2252],[-74.8253,10.0591],[-74.7898,10.0132],[-74.6612,10.012],[-74.5866,10.219]]]},"properties":{"cod_dep":"21","cod_mun":"090","nombre":"ZAPAYAN"}},
{"type":"Feature","geometry":{"type":"Polygon","coordinates":[[[-74.152,10.6367],[-74.2659,10.866],[-74.2193,10.6627],[-74.152,10.6367]]]},"properties":{"cod_dep":"21","cod_mun":"095","nombre":"ZONA BANANERA (SEVILLA)"}},
{"type":"Feature","geometry":{"type":"Polygon","coordinates":[[[-77.3103,1.3531],[-77.3752,1.3059],[-77.3287,1.301],[-77.3593,1.2217],[-77.3617,1.2018],[-77.3177,0.9614],[-77.1389,0.8213],[-77.0728,0.9428],[-77.0471,0.9787],[-77.0887,1.182],[-77.2491,1.2886],[-77.3103,1.3531]]]},"properties":{"cod_dep":"23","cod_mun":"001","nombre":"PASTO"}},
{"type":"Feature","geometry":{"type":"Polygon","coordinates":[[[-77.019,1.4956],[-77.0716,1.5154],[-77.0814,1.4869],[-77.1108,1.4435],[-77.1047,1.4361],[-77.019,1.4956]]]},"properties":{"cod_dep":"23","cod_mun":"004","nombre":"ALBAN (SAN JOSE)"}},
{"type":"Feature","geometry":{"type":"Polygon","coordinates":[[[-77.6763,0.9639],[-77.7253,0.9093],[-77.6849,0.8374],[-77.6727,0.8659],[-77.6763,0.9639]]]},"properties":{"cod_dep":"23","cod_mun":"007","nombre":"ALDANA"}},
{"type":"Feature","geometry":{"type":"Polygon","coordinates":[[[-77.5037,1.3171],[-77.538,1.3047],[-77.5686,1.208],[-77.5013,1.2192],[-77.5062,1.2638],[-77.5037,1.3171]]]},"properties":{"cod_dep":"23","cod_mun":"010","nombre":"ANCUYA"}},
{"type":"Feature","geometry":{"type":"Polygon","coordinates":[[[-77.0814,1.4869],[-77.145,1.5278],[-77.1842,1.4485],[-77.1108,1.4435],[-77.0814,1.4869]]]},"properties":{"cod_dep":"23","cod_mun":"013","nombre":"ARBOLEDA (BERRUECOS)"}},
{"type":"Feature","geometry":{"type":"Polygon","coordinates":[[[-77.8649,1.6171],[-77.7963,1.8538],[-78.2333,1.7311],[-78.2566,1.6282],[-78.2909,1.1386],[-77.8747,1.4894],[-77.8428,1.5947],[-77.8649,1.6171]]]},"properties":{"cod_dep":"23","cod_mun":"016","nombre":"BARBACOAS"}},
{"type":"Feature","geometry":{"type":"Polygon","coordinates":[[[-77.0141,1.6171],[-77.079,1.5935],[-77.063,1.5538],[-77.0116,1.5724],[-77.0141,1.6171]]]},"properties":{"cod_dep":"23","cod_mun":"017","nombre":"BELEN"}},
{"type":"Feature","geometry":{"type":"Polygon","coordinates":[[[-77.1842,1.4485],[-77.2356,1.4522],[-77.2491,1.2886],[-77.0887,1.182],[-77.0214,1.1956],[-76.9333,1.2849],[-77.1047,1.4361],[-77.1108,1.4435],[-77.1842,1.4485]]]},"properties":{"cod_dep":"23","cod_mun":"019","nombre":"BUESACO"}},
{"type":"Feature","geometry":{"type":"Polygon","coordinates":[[[-76.9847,1.6567],[-77.0692,1.6654],[-77.079,1.5935],[-77.0141,1.6171],[-76.9847,1.6567]]]},"properties":{"cod_dep":"23","cod_mun":"022","nombre":"COLON (GENOVA)"}},
{"type":"Feature","geometry":{"type":"Polygon","coordinates":[[[-77.3752,1.2303],[-77.5062,1.2638],[-77.5013,1.2192],[-77.4792,1.156],[-77.3789,1.1919],[-77.3617,1.2018],[-77.3593,1.2217],[-77.3752,1.2303]]]},"properties":{"cod_dep":"23","cod_mun":"025","nombre":"CONSACA"}},
{"type":"Feature","geometry":{"type":"Polygon","coordinates":[[[-77.4707,0.949],[-77.576,0.9564],[-77.5515,0.9031],[-77.538,0.8957],[-77.4805,0.9279],[-77.4707,0.949]]]},"properties":{"cod_dep":"23","cod_mun":"028","nombre":"CONTADERO"}},
{"type":"Feature","geometry":{"type":"Polygon","coordinates":[[[-77.5417,0.892],[-77.5576,0.8411],[-77.1867,0.6304],[-77.1769,0.6713],[-77.5417,0.892]]]},"properties":{"cod_dep":"23","cod_mun":"031","nombre":"CORDOBA"}},
{"type":"Feature","geometry":{"type":"Polygon","coordinates":[[[-77.7253,0.9093],[-77.7743,0.918],[-77.7583,0.8387],[-77.6849,0.8287],[-77.6849,0.8374],[-77.7253,0.9093]]]},"properties":{"cod_dep":"23","cod_mun":"034","nombre":"CUASPUD (CARLOSAMA)"}},
{"type":"Feature","geometry":{"type":"Polygon","coordinates":[[[-77.7987,0.9986],[-77.9163,1.0779],[-78.2088,1.0048],[-77.7583,0.8387],[-77.7743,0.918],[-77.7987,0.9986]]]},"properties":{"cod_dep":"23","cod_mun":"037","nombre":"CUMBAL"}},
{"type":"Feature","geometry":{"type":"Polygon","coordinates":[[[-77.3017,1.5179],[-77.3226,1.5006],[-77.2981,1.4225],[-77.3103,1.3531],[-77.2491,1.2886],[-77.2356,1.4522],[-77.3017,1.5179]]]},"properties":{"cod_dep":"23","cod_mun":"038","nombre":"CHACHAGUI"}},
{"type":"Feature","geometry":{"type":"Polygon","coordinates":[[[-77.609,1.8724],[-77.6714,1.9034],[-77.6812,1.8959],[-77.7131,1.8154],[-77.4805,1.6022],[-77.609,1.8724]]]},"properties":{"cod_dep":"23","cod_mun":"039","nombre":"CUMBITARA"}},
{"type":"Feature","geometry":{"type":"Polygon","coordinates":[[[-77.396,1.9827],[-77.6714,1.9034],[-77.609,1.8724],[-77.3544,1.6691],[-77.3299,1.6815],[-77.2944,1.8315],[-77.396,1.9827]]]},"properties":{"cod_dep":"23","cod_mun":"040","nombre":"EL ROSARIO"}},
{"type":"Feature","geometry":{"type":"Polygon","coordinates":[[[-78.1134,2.6433],[-78.2248,2.6669],[-78.1831,2.1104],[-77.6812,1.8959],[-77.6714,1.9034],[-77.396,1.9827],[-77.3091,2.1252],[-77.3054,2.1451],[-77.3752,2.2641],[-77.5992,2.1674],[-77.9407,2.1612],[-78.1134,2.6433]]]},"properties":{"cod_dep":"23","cod_mun":"041","nombre":"EL CHARCO"}},
{"type":"Feature","geometry":{"type":"Polygon","coordinates":[[[-76.9321,1.5006],[-77.019,1.4956],[-77.1047,1.4361],[-76.9333,1.2849],[-76.9039,1.3208],[-76.921,1.3456],[-76.9284,1.5006],[-76.9321,1.5006]]]},"properties":{"cod_dep":"23","cod_mun":"043","nombre":"EL TABLON"}},
{"type":"Feature","geometry":{"type":"Polygon","coordinates":[[[-77.385,1.5278],[-77.396,1.6059],[-77.4462,1.5873],[-77.4744,1.5055],[-77.4829,1.4547],[-77.385,1.5278]]]},"properties":{"cod_dep":"23","cod_mun":"044","nombre":"EL PEÑOL"}},
{"type":"Feature","geometry":{"type":"Polygon","coordinates":[[[-77.3226,1.5006],[-77.385,1.5278],[-77.4829,1.4547],[-77.4805,1.3692],[-77.467,1.363],[-77.2981,1.4225],[-77.3226,1.5006]]]},"properties":{"cod_dep":"23","cod_mun":"046","nombre":"EL TAMBO"}},
{"type":"Feature","geometry":{"type":"Polygon","coordinates":[[[-78.4696,2.2504],[-78.5002,2.2777],[-78.701,2.2145],[-78.5173,2.0348],[-78.4696,2.2504]]]},"properties":{"cod_dep":"23","cod_mun":"047","nombre":"FRANCISCO PIZARRO (SALAHONDA)"}},
{"type":"Feature","geometry":{"type":"Polygon","coordinates":[[[-77.4278,1.0543],[-77.4474,1.0556],[-77.4744,1.0221],[-77.4707,0.949],[-77.4805,0.9279],[-77.1597,0.7432],[-77.1389,0.8213],[-77.3177,0.9614],[-77.4278,1.0543]]]},"properties":{"cod_dep":"23","cod_mun":"049","nombre":"FUNES"}},
{"type":"Feature","geometry":{"type":"Polygon","coordinates":[[[-77.6139,0.9948],[-77.7645,1.0395],[-77.7987,0.9986],[-77.7743,0.918],[-77.7253,0.9093],[-77.6763,0.9639],[-77.6139,0.9948]]]},"properties":{"cod_dep":"23","cod_mun":"052","nombre":"GUACHUCAL"}},
{"type":"Feature","geometry":{"type":"Polygon","coordinates":[[[-77.4792,1.156],[-77.5013,1.2192],[-77.5686,1.208],[-77.5735,1.1894],[-77.5784,1.1708],[-77.5698,1.0928],[-77.478,1.1176],[-77.4792,1.156]]]},"properties":{"cod_dep":"23","cod_mun":"055","nombre":"GUAITARILLA"}},
{"type":"Feature","geometry":{"type":"Polygon","coordinates":[[[-77.576,0.9564],[-77.5894,0.975],[-77.5698,0.8957],[-77.5515,0.9031],[-77.576,0.9564]]]},"properties":{"cod_dep":"23","cod_mun":"058","nombre":"GUALMATAN"}},
{"type":"Feature","geometry":{"type":"Polygon","coordinates":[[[-77.4744,1.0221],[-77.4964,1.0246],[-77.5955,0.9924],[-77.5894,0.975],[-77.576,0.9564],[-77.4707,0.949],[-77.4744,1.0221]]]},"properties":{"cod_dep":"23","cod_mun":"061","nombre":"ILES"}},
{"type":"Feature","geometry":{"type":"Polygon","coordinates":[[[-77.4474,1.0556],[-77.478,1.1176],[-77.5698,1.0928],[-77.5588,1.0717],[-77.4964,1.0246],[-77.4744,1.0221],[-77.4474,1.0556]]]},"properties":{"cod_dep":"23","cod_mun":"064","nombre":"IMUES"}},
{"type":"Feature","geometry":{"type":"Polygon","coordinates":[[[-77.538,0.8957],[-77.5515,0.9031],[-77.5698,0.8957],[-77.6727,0.8659],[-77.6849,0.8374],[-77.6849,0.8287],[-77.5233,0.416],[-77.1132,0.3726],[-77.09,0.4197],[-77.1867,0.6304],[-77.3862,0.6267],[-77.5576,0.8411],[-77.5417,0.892],[-77.538,0.8957]]]},"properties":{"cod_dep":"23","cod_mun":"067","nombre":"IPIALES"}},
{"type":"Feature","geometry":{"type":"Polygon","coordinates":[[[-76.8525,1.6357],[-76.9002,1.6617],[-76.9847,1.6567],[-77.0141,1.6171],[-77.0116,1.5724],[-76.9321,1.5006],[-76.9284,1.5006],[-76.8525,1.6357]]]},"properties":{"cod_dep":"23","cod_mun":"073","nombre":"LA CRUZ"}},
{"type":"Feature","geometry":{"type":"Polygon","coordinates":[[[-77.3103,1.3531],[-77.2981,1.4225],[-77.467,1.363],[-77.3752,1.2303],[-77.3593,1.2217],[-77.3752,1.3059],[-77.3103,1.3531]]]},"properties":{"cod_dep":"23","cod_mun":"076","nombre":"LA FLORIDA"}},
{"type":"Feature","geometry":{"type":"Polygon","coordinates":[[[-77.5343,1.4485],[-77.8649,1.6171],[-77.8428,1.5947],[-77.5503,1.4336],[-77.5343,1.4485]]]},"properties":{"cod_dep":"23","cod_mun":"077","nombre":"LA LLANADA"}},
{"type":"Feature","geometry":{"type":"Polygon","coordinates":[[[-78.1831,2.1104],[-78.2248,2.6669],[-78.3104,2.6582],[-78.2076,2.0348],[-78.1831,2.1104]]]},"properties":{"cod_dep":"23","cod_mun":"078","nombre":"LA TOLA"}},
{"type":"Feature","geometry":{"type":"Polygon","coordinates":[[[-77.1438,1.6778],[-77.2381,1.658],[-77.1475,1.5303],[-77.063,1.5538],[-77.079,1.5935],[-77.0692,1.6654],[-77.0704,1.6741],[-77.1438,1.6778]]]},"properties":{"cod_dep":"23","cod_mun":"079","nombre":"LA UNION"}},
{"type":"Feature","geometry":{"type":"Polygon","coordinates":[[[-77.2026,1.9517],[-77.3091,2.1252],[-77.396,1.9827],[-77.2944,1.8315],[-77.2026,1.9517]]]},"properties":{"cod_dep":"23","cod_mun":"080","nombre":"LEIVA"}},
{"type":"Feature","geometry":{"type":"Polygon","coordinates":[[[-77.4829,1.4547],[-77.4744,1.5055],[-77.5343,1.4485],[-77.5503,1.4336],[-77.538,1.3047],[-77.5037,1.3171],[-77.4805,1.3692],[-77.4829,1.4547]]]},"properties":{"cod_dep":"23","cod_mun":"082","nombre":"LINARES"}},
{"type":"Feature","geometry":{"type":"Polygon","coordinates":[[[-77.7131,1.8154],[-77.7963,1.8538],[-77.8649,1.6171],[-77.5343,1.4485],[-77.4744,1.5055],[-77.4462,1.5873],[-77.4805,1.6022],[-77.7131,1.8154]]]},"properties":{"cod_dep":"23","cod_mun":"085","nombre":"LOS ANDES (SOTOMAYOR)"}},
{"type":"Feature","geometry":{"type":"Polygon","coordinates":[[[-77.6812,1.8959],[-78.1831,2.1104],[-78.2076,2.0348],[-78.2713,2.0174],[-78.2333,1.7311],[-77.7963,1.8538],[-77.7131,1.8154],[-77.6812,1.8959]]]},"properties":{"cod_dep":"23","cod_mun":"088","nombre":"MAGUI (PAYAN)"}},
{"type":"Feature","geometry":{"type":"Polygon","coordinates":[[[-77.7216,1.0977],[-77.8465,1.3791],[-77.9163,1.0779],[-77.7987,0.9986],[-77.7645,1.0395],[-77.7216,1.0977]]]},"properties":{"cod_dep":"23","cod_mun":"091","nombre":"MALLAMA (PIEDRANCHA)"}},
{"type":"Feature","geometry":{"type":"Polygon","coordinates":[[[-78.3264,2.657],[-78.5638,2.4326],[-78.5002,2.2777],[-78.4696,2.2504],[-78.3851,2.1934],[-78.3264,2.657]]]},"properties":{"cod_dep":"23","cod_mun":"094","nombre":"MOSQUERA"}},
{"type":"Feature","geometry":{"type":"Polygon","coordinates":[[[-78.2076,2.0348],[-78.3104,2.6582],[-78.3264,2.657],[-78.3851,2.1934],[-78.2713,2.0174],[-78.2076,2.0348]]]},"properties":{"cod_dep":"23","cod_mun":"095","nombre":"OLAYA HERRERA"}},
{"type":"Feature","geometry":{"type":"Polygon","coordinates":[[[-77.3593,1.2217],[-77.3287,1.301],[-77.3752,1.3059],[-77.3593,1.2217]]]},"properties":{"cod_dep":"23","cod_mun":"096","nombre":"NARIÑO"}},
{"type":"Feature","geometry":{"type":"Polygon","coordinates":[[[-77.4964,1.0246],[-77.5588,1.0717],[-77.5808,1.0556],[-77.5955,0.9924],[-77.4964,1.0246]]]},"properties":{"cod_dep":"23","cod_mun":"097","nombre":"OSPINA"}},
{"type":"Feature","geometry":{"type":"Polygon","coordinates":[[[-77.3544,1.6691],[-77.609,1.8724],[-77.4805,1.6022],[-77.4462,1.5873],[-77.396,1.6059],[-77.3544,1.6691]]]},"properties":{"cod_dep":"23","cod_mun":"098","nombre":"POLICARPA"}},
{"type":"Feature","geometry":{"type":"Polygon","coordinates":[[[-77.1867,0.6304],[-77.5576,0.8411],[-77.3862,0.6267],[-77.1867,0.6304]]]},"properties":{"cod_dep":"23","cod_mun":"100","nombre":"POTOSI"}},
{"type":"Feature","geometry":{"type":"Polygon","coordinates":[[[-77.5735,1.1894],[-77.6139,1.2973],[-77.6151,1.2898],[-77.5784,1.1708],[-77.5735,1.1894]]]},"properties":{"cod_dep":"23","cod_mun":"101","nombre":"PROVIDENCIA"}},
{"type":"Feature","geometry":{"type":"Polygon","coordinates":[[[-77.1597,0.7432],[-77.4805,0.9279],[-77.538,0.8957],[-77.5417,0.892],[-77.1769,0.6713],[-77.1597,0.7432]]]},"properties":{"cod_dep":"23","cod_mun":"103","nombre":"PUERRES"}},
{"type":"Feature","geometry":{"type":"Polygon","coordinates":[[[-77.5955,0.9924],[-77.6139,0.9948],[-77.6763,0.9639],[-77.6727,0.8659],[-77.5698,0.8957],[-77.5894,0.975],[-77.5955,0.9924]]]},"properties":{"cod_dep":"23","cod_mun":"106","nombre":"PUPIALES"}},
{"type":"Feature","geometry":{"type":"Polygon","coordinates":[[[-77.9163,1.0779],[-77.8465,1.3791],[-77.8404,1.4634],[-77.8747,1.4894],[-78.2909,1.1386],[-78.2088,1.0048],[-77.9163,1.0779]]]},"properties":{"cod_dep":"23","cod_mun":"109","nombre":"RICAURTE"}},
{"type":"Feature","geometry":{"type":"Polygon","coordinates":[[[-78.3851,2.1934],[-78.4696,2.2504],[-78.5173,2.0348],[-78.5345,1.9703],[-78.2566,1.6282],[-78.2333,1.7311],[-78.2713,2.0174],[-78.3851,2.1934]]]},"properties":{"cod_dep":"23","cod_mun":"112","nombre":"ROBERTO PAYAN (SAN JOSE)"}},
{"type":"Feature","geometry":{"type":"Polygon","coordinates":[[[-77.5503,1.4336],[-77.8428,1.5947],[-77.8747,1.4894],[-77.8404,1.4634],[-77.6139,1.2973],[-77.5735,1.1894],[-77.5686,1.208],[-77.538,1.3047],[-77.5503,1.4336]]]},"properties":{"cod_dep":"23","cod_mun":"115","nombre":"SAMANIEGO"}},
{"type":"Feature","geometry":{"type":"Polygon","coordinates":[[[-77.467,1.363],[-77.4805,1.3692],[-77.5037,1.3171],[-77.5062,1.2638],[-77.3752,1.2303],[-77.467,1.363]]]},"properties":{"cod_dep":"23","cod_mun":"118","nombre":"SANDONA"}},
{"type":"Feature","geometry":{"type":"Polygon","coordinates":[[[-76.9321,1.5006],[-77.0116,1.5724],[-77.063,1.5538],[-77.0716,1.5154],[-77.019,1.4956],[-76.9321,1.5006]]]},"properties":{"cod_dep":"23","cod_mun":"120","nombre":"SAN BERNARDO"}},
{"type":"Feature","geometry":{"type":"Polygon","coordinates":[[[-77.2381,1.658],[-77.2699,1.6629],[-77.3017,1.5179],[-77.2356,1.4522],[-77.1842,1.4485],[-77.145,1.5278],[-77.1475,1.5303],[-77.2381,1.658]]]},"properties":{"cod_dep":"23","cod_mun":"121","nombre":"SAN LORENZO"}},
{"type":"Feature","geometry":{"type":"Polygon","coordinates":[[[-77.063,1.5538],[-77.1475,1.5303],[-77.145,1.5278],[-77.0814,1.4869],[-77.0716,1.5154],[-77.063,1.5538]]]},"properties":{"cod_dep":"23","cod_mun":"123","nombre":"SAN PEDRO DE CARTAGO"}},
{"type":"Feature","geometry":{"type":"Polygon","coordinates":[[[-76.9002,1.6617],[-77.0263,1.7137],[-77.0704,1.6741],[-77.0692,1.6654],[-76.9847,1.6567],[-76.9002,1.6617]]]},"properties":{"cod_dep":"23","cod_mun":"124","nombre":"SAN PABLO"}},
{"type":"Feature","geometry":{"type":"Polygon","coordinates":[[[-77.9285,2.6409],[-78.1134,2.6433],[-77.9407,2.1612],[-77.5992,2.1674],[-77.8355,2.1761],[-77.9285,2.6409]]]},"properties":{"cod_dep":"23","cod_mun":"125","nombre":"SANTA BARBARA (ISCUANDE)"}},
{"type":"Feature","geometry":{"type":"Polygon","coordinates":[[[-77.6139,1.2973],[-77.8404,1.4634],[-77.8465,1.3791],[-77.7216,1.0977],[-77.6996,1.094],[-77.6151,1.2898],[-77.6139,1.2973]]]},"properties":{"cod_dep":"23","cod_mun":"127","nombre":"SANTACRUZ (GUACHAVES)"}},
{"type":"Feature","geometry":{"type":"Polygon","coordinates":[[[-77.6996,1.094],[-77.7216,1.0977],[-77.7645,1.0395],[-77.6139,0.9948],[-77.5955,0.9924],[-77.5808,1.0556],[-77.6996,1.094]]]},"properties":{"cod_dep":"23","cod_mun":"130","nombre":"SAPUYES"}},
{"type":"Feature","geometry":{"type":"Polygon","coordinates":[[[-77.2699,1.6629],[-77.3299,1.6815],[-77.3544,1.6691],[-77.396,1.6059],[-77.385,1.5278],[-77.3226,1.5006],[-77.3017,1.5179],[-77.2699,1.6629]]]},"properties":{"cod_dep":"23","cod_mun":"133","nombre":"TAMINANGO"}},
{"type":"Feature","geometry":{"type":"Polygon","coordinates":[[[-77.3177,0.9614],[-77.3617,1.2018],[-77.3789,1.1919],[-77.4278,1.0543],[-77.3177,0.9614]]]},"properties":{"cod_dep":"23","cod_mun":"136","nombre":"TANGUA"}},
{"type":"Feature","geometry":{"type":"Polygon","coordinates":[[[-78.5638,2.4326],[-78.701,2.2145],[-78.5002,2.2777],[-78.5638,2.4326]]]},"properties":{"cod_dep":"23","cod_mun":"139","nombre":"TUMACO"}},
{"type":"Feature","geometry":{"type":"Polygon","coordinates":[[[-77.5784,1.1708],[-77.6151,1.2898],[-77.6996,1.094],[-77.5808,1.0556],[-77.5588,1.0717],[-77.5698,1.0928],[-77.5784,1.1708]]]},"properties":{"cod_dep":"23","cod_mun":"142","nombre":"TUQUERRES"}},
{"type":"Feature","geometry":{"type":"Polygon","coordinates":[[[-77.4278,1.0543],[-77.3789,1.1919],[-77.4792,1.156],[-77.478,1.1176],[-77.4474,1.0556],[-77.4278,1.0543]]]},"properties":{"cod_dep":"23","cod_mun":"145","nombre":"YACUANQUER"}},
{"type":"Feature","geometry":{"type":"Polygon","coordinates":[[[-75.7079,4.8731],[-75.8156,4.9066],[-75.8854,4.893],[-75.9148,4.8731],[-75.9356,4.8075],[-75.856,4.7281],[-75.714,4.7133],[-75.5647,4.7009],[-75.3884,4.7157],[-75.3749,4.8025],[-75.6455,4.7926],[-75.7079,4.8731]]]},"properties":{"cod_dep":"24","cod_mun":"001","nombre":"PEREIRA"}},
{"type":"Feature","geometry":{"type":"Polygon","coordinates":[[[-75.9283,5.2264],[-76.0605,5.1322],[-75.9221,5.0417],[-75.8842,5.131],[-75.9283,5.2264]]]},"properties":{"cod_dep":"24","cod_mun":"008","nombre":"APIA"}},
{"type":"Feature","geometry":{"type":"Polygon","coordinates":[[[-75.8817,4.9128],[-75.9454,4.9897],[-75.9907,4.9128],[-75.9895,4.8806],[-75.9148,4.8731],[-75.8854,4.893],[-75.8817,4.9128]]]},"properties":{"cod_dep":"24","cod_mun":"013","nombre":"BALBOA"}},
{"type":"Feature","geometry":{"type":"Polygon","coordinates":[[[-75.8511,5.2722],[-75.9246,5.2462],[-75.9283,5.2264],[-75.8842,5.131],[-75.8364,5.1148],[-75.8242,5.2698],[-75.8511,5.2722]]]},"properties":{"cod_dep":"24","cod_mun":"021","nombre":"BELEN DE UMBRIA"}},
{"type":"Feature","geometry":{"type":"Polygon","coordinates":[[[-75.6455,4.7926],[-75.6883,4.8893],[-75.7079,4.8731],[-75.6455,4.7926]]]},"properties":{"cod_dep":"24","cod_mun":"025","nombre":"DOSQUEBRADAS"}},
{"type":"Feature","geometry":{"type":"Polygon","coordinates":[[[-75.7507,5.3863],[-75.8328,5.3615],[-75.8511,5.2722],[-75.8242,5.2698],[-75.7483,5.2847],[-75.7507,5.3863]]]},"properties":{"cod_dep":"24","cod_mun":"029","nombre":"GUATICA"}},
{"type":"Feature","geometry":{"type":"Polygon","coordinates":[[[-75.9454,4.9897],[-76.0776,5.0467],[-75.9907,4.9128],[-75.9454,4.9897]]]},"properties":{"cod_dep":"24","cod_mun":"038","nombre":"LA CELIA"}},
{"type":"Feature","geometry":{"type":"Polygon","coordinates":[[[-75.8144,4.919],[-75.867,4.9339],[-75.8817,4.9128],[-75.8854,4.893],[-75.8156,4.9066],[-75.8144,4.919]]]},"properties":{"cod_dep":"24","cod_mun":"046","nombre":"LA VIRGINIA"}},
{"type":"Feature","geometry":{"type":"Polygon","coordinates":[[[-75.714,4.9574],[-75.7471,5.0467],[-75.8144,4.919],[-75.8156,4.9066],[-75.7079,4.8731],[-75.6883,4.8893],[-75.714,4.9574]]]},"properties":{"cod_dep":"24","cod_mun":"054","nombre":"MARSELLA"}},
{"type":"Feature","geometry":{"type":"Polygon","coordinates":[[[-75.9062,5.4817],[-76.009,5.5672],[-76.0886,5.447],[-75.9246,5.2462],[-75.8511,5.2722],[-75.8328,5.3615],[-75.8683,5.4904],[-75.9062,5.4817]]]},"properties":{"cod_dep":"24","cod_mun":"062","nombre":"MISTRATO"}},
{"type":"Feature","geometry":{"type":"Polygon","coordinates":[[[-76.0886,5.447],[-76.1914,5.4148],[-76.1327,5.183],[-76.0605,5.1322],[-75.9283,5.2264],[-75.9246,5.2462],[-76.0886,5.447]]]},"properties":{"cod_dep":"24","cod_mun":"070","nombre":"PUEBLO RICO"}},
{"type":"Feature","geometry":{"type":"Polygon","coordinates":[[[-75.6479,5.307],[-75.7507,5.3863],[-75.7483,5.2847],[-75.6932,5.2549],[-75.6663,5.276],[-75.6479,5.307]]]},"properties":{"cod_dep":"24","cod_mun":"078","nombre":"QUINCHIA"}},
{"type":"Feature","geometry":{"type":"Polygon","coordinates":[[[-75.572,4.9364],[-75.714,4.9574],[-75.6883,4.8893],[-75.6455,4.7926],[-75.3749,4.8025],[-75.572,4.9364]]]},"properties":{"cod_dep":"24","cod_mun":"086","nombre":"SANTA ROSA DE CABAL"}},
{"type":"Feature","geometry":{"type":"Polygon","coordinates":[[[-75.9221,5.0417],[-76.0605,5.1322],[-76.0776,5.0467],[-75.9454,4.9897],[-75.8817,4.9128],[-75.867,4.9339],[-75.8609,4.9425],[-75.9221,5.0417]]]},"properties":{"cod_dep":"24","cod_mun":"094","nombre":"SANTUARIO"}},
{"type":"Feature","geometry":{"type":"Polygon","coordinates":[[[-72.4725,8.4304],[-72.6034,8.3226],[-72.6071,8.2829],[-72.5875,7.9185],[-72.5814,7.7611],[-72.5753,7.7214],[-72.4872,7.8578],[-72.4602,7.9012],[-72.3868,8.278],[-72.4394,8.3325],[-72.4272,8.3808],[-72.4725,8.4304]]]},"properties":{"cod_dep":"25","cod_mun":"001","nombre":"CUCUTA"}},
{"type":"Feature","geometry":{"type":"Polygon","coordinates":[[[-72.9903,8.2854],[-73.0552,8.2854],[-73.2731,8.1912],[-73.3098,8.0152],[-73.2976,7.9842],[-73.349,7.8293],[-73.1531,7.8095],[-73.0454,7.8677],[-73.0025,8.0995],[-72.9621,8.1875],[-72.9903,8.2854]]]},"properties":{"cod_dep":"25","cod_mun":"004","nombre":"ABREGO"}},
{"type":"Feature","geometry":{"type":"Polygon","coordinates":[[[-72.6965,7.6334],[-72.7246,7.7462],[-72.9536,7.6669],[-72.9829,7.6198],[-72.896,7.4673],[-72.743,7.6235],[-72.6965,7.6334]]]},"properties":{"cod_dep":"25","cod_mun":"007","nombre":"ARBOLEDAS"}},
{"type":"Feature","geometry":{"type":"Polygon","coordinates":[[[-72.5814,7.7611],[-72.6194,7.7537],[-72.6965,7.6334],[-72.743,7.6235],[-72.7075,7.5256],[-72.6365,7.5665],[-72.5863,7.7016],[-72.5753,7.7214],[-72.5814,7.7611]]]},"properties":{"cod_dep":"25","cod_mun":"010","nombre":"BOCHALEMA"}},
{"type":"Feature","geometry":{"type":"Polygon","coordinates":[[[-72.8556,8.0264],[-72.9621,8.1875],[-73.0025,8.0995],[-72.874,7.9978],[-72.8556,8.0264]]]},"properties":{"cod_dep":"25","cod_mun":"013","nombre":"BUCARASICA"}},
{"type":"Feature","geometry":{"type":"Polygon","coordinates":[[[-72.5802,7.2641],[-72.7026,7.3236],[-72.7259,7.2566],[-72.6989,7.2455],[-72.5802,7.2641]]]},"properties":{"cod_dep":"25","cod_mun":"016","nombre":"CACOTA"}},
{"type":"Feature","geometry":{"type":"Polygon","coordinates":[[[-72.9989,7.7648],[-73.0454,7.8677],[-73.1531,7.8095],[-73.3698,7.564],[-73.2816,7.5479],[-73.049,7.6062],[-72.9829,7.6198],[-72.9536,7.6669],[-72.9989,7.7648]]]},"properties":{"cod_dep":"25","cod_mun":"019","nombre":"CACHIRA"}},
{"type":"Feature","geometry":{"type":"Polygon","coordinates":[[[-72.9854,9.1456],[-73.0037,9.2745],[-73.2523,9.0043],[-73.4138,8.4589],[-73.349,8.392],[-73.3245,8.4069],[-72.9854,9.1456]]]},"properties":{"cod_dep":"25","cod_mun":"022","nombre":"CONVENCION"}},
{"type":"Feature","geometry":{"type":"Polygon","coordinates":[[[-72.743,7.6235],[-72.896,7.4673],[-72.863,7.3831],[-72.8385,7.3595],[-72.8177,7.3719],[-72.6904,7.4723],[-72.7075,7.5256],[-72.743,7.6235]]]},"properties":{"cod_dep":"25","cod_mun":"025","nombre":"CUCUTILLA"}},
{"type":"Feature","geometry":{"type":"Polygon","coordinates":[[[-72.5276,7.6372],[-72.5863,7.7016],[-72.6365,7.5665],[-72.5777,7.455],[-72.5349,7.4897],[-72.5471,7.5504],[-72.5276,7.6372]]]},"properties":{"cod_dep":"25","cod_mun":"028","nombre":"CHINACOTA"}},
{"type":"Feature","geometry":{"type":"Polygon","coordinates":[[[-72.481,7.1587],[-72.5777,7.2628],[-72.5802,7.2641],[-72.6989,7.2455],[-72.7503,7.0596],[-72.7344,6.9864],[-72.5471,6.886],[-72.5031,6.9084],[-72.2901,6.9963],[-72.481,7.1587]]]},"properties":{"cod_dep":"25","cod_mun":"031","nombre":"CHITAGA"}},
{"type":"Feature","geometry":{"type":"Polygon","coordinates":[[[-72.6194,7.7537],[-72.6598,7.833],[-72.71,7.8008],[-72.7246,7.7462],[-72.6965,7.6334],[-72.6194,7.7537]]]},"properties":{"cod_dep":"25","cod_mun":"034","nombre":"DURANIA"}},
{"type":"Feature","geometry":{"type":"Polygon","coordinates":[[[-73.016,8.5457],[-73.0601,8.8667],[-73.158,8.573],[-73.016,8.5457]]]},"properties":{"cod_dep":"25","cod_mun":"036","nombre":"EL TARRA"}},
{"type":"Feature","geometry":{"type":"Polygon","coordinates":[[[-73.0037,9.2745],[-73.3685,9.1729],[-73.4249,9.122],[-73.4359,8.9993],[-73.4469,8.8704],[-73.4285,8.8233],[-73.5767,8.506],[-73.4922,8.4217],[-73.4102,8.4304],[-73.4138,8.4589],[-73.2523,9.0043],[-73.0037,9.2745]]]},"properties":{"cod_dep":"25","cod_mun":"037","nombre":"EL CARMEN"}},
{"type":"Feature","geometry":{"type":"Polygon","coordinates":[[[-72.5875,7.9185],[-72.6071,8.2829],[-72.754,8.0177],[-72.7601,7.9693],[-72.6561,7.9061],[-72.5875,7.9185]]]},"properties":{"cod_dep":"25","cod_mun":"038","nombre":"EL ZULIA"}},
{"type":"Feature","geometry":{"type":"Polygon","coordinates":[[[-72.7601,7.9693],[-72.754,8.0177],[-72.7944,8.0053],[-72.896,7.9049],[-72.9009,7.9024],[-72.7601,7.8479],[-72.7601,7.9693]]]},"properties":{"cod_dep":"25","cod_mun":"040","nombre":"GRAMALOTE"}},
{"type":"Feature","geometry":{"type":"Polygon","coordinates":[[[-72.9682,8.4329],[-73.1849,8.3697],[-73.0552,8.2854],[-72.9903,8.2854],[-72.9682,8.4329]]]},"properties":{"cod_dep":"25","cod_mun":"043","nombre":"HACARI"}},
{"type":"Feature","geometry":{"type":"Polygon","coordinates":[[[-72.4553,7.5529],[-72.5471,7.5504],[-72.5349,7.4897],[-72.4162,7.4004],[-72.4553,7.5529]]]},"properties":{"cod_dep":"25","cod_mun":"046","nombre":"HERRAN"}},
{"type":"Feature","geometry":{"type":"Polygon","coordinates":[[[-72.481,7.1587],[-72.5692,7.393],[-72.5777,7.3893],[-72.5777,7.2628],[-72.481,7.1587]]]},"properties":{"cod_dep":"25","cod_mun":"049","nombre":"LABATECA"}},
{"type":"Feature","geometry":{"type":"Polygon","coordinates":[[[-73.1531,7.8095],[-73.349,7.8293],[-73.633,7.7487],[-73.3698,7.564],[-73.1531,7.8095]]]},"properties":{"cod_dep":"25","cod_mun":"051","nombre":"LA ESPERANZA"}},
{"type":"Feature","geometry":{"type":"Polygon","coordinates":[[[-73.0552,8.2854],[-73.1849,8.3697],[-73.2694,8.3238],[-73.2731,8.1912],[-73.0552,8.2854]]]},"properties":{"cod_dep":"25","cod_mun":"052","nombre":"LA PLAYA"}},
{"type":"Feature","geometry":{"type":"Polygon","coordinates":[[[-72.4872,7.8578],[-72.5753,7.7214],[-72.5863,7.7016],[-72.5276,7.6372],[-72.5214,7.6483],[-72.4872,7.8578]]]},"properties":{"cod_dep":"25","cod_mun":"054","nombre":"LOS PATIOS"}},
{"type":"Feature","geometry":{"type":"Polygon","coordinates":[[[-72.7944,8.0053],[-72.8556,8.0264],[-72.874,7.9978],[-72.896,7.9049],[-72.7944,8.0053]]]},"properties":{"cod_dep":"25","cod_mun":"055","nombre":"LOURDES"}},
{"type":"Feature","geometry":{"type":"Polygon","coordinates":[[[-72.7026,7.3236],[-72.8177,7.3719],[-72.8385,7.3595],[-72.8336,7.3037],[-72.7259,7.2566],[-72.7026,7.3236]]]},"properties":{"cod_dep":"25","cod_mun":"058","nombre":"MUTISCUA"}},
{"type":"Feature","geometry":{"type":"MultiPolygon","coordinates":[[[[-73.2743,8.3895],[-73.3245,8.4069],[-73.349,8.392],[-73.3612,8.3276],[-73.393,8.1131],[-73.3098,8.0152],[-73.2731,8.1912],[-73.2694,8.3238],[-73.2743,8.3895]]],[[[-73.4114,8.3697],[-73.4102,8.4304],[-73.4922,8.4217],[-73.4567,8.361],[-73.4114,8.3697]]]]},"properties":{"cod_dep":"25","cod_mun":"061","nombre":"OCAÑA"}},
{"type":"Feature","geometry":{"type":"Polygon","coordinates":[[[-72.6904,7.4723],[-72.8177,7.3719],[-72.7026,7.3236],[-72.5802,7.2641],[-72.5777,7.2628],[-72.5777,7.3893],[-72.6904,7.4723]]]},"properties":{"cod_dep":"25","cod_mun":"064","nombre":"PAMPLONA"}},
{"type":"Feature","geometry":{"type":"Polygon","coordinates":[[[-72.5777,7.455],[-72.6365,7.5665],[-72.7075,7.5256],[-72.6904,7.4723],[-72.5777,7.3893],[-72.5692,7.393],[-72.5777,7.455]]]},"properties":{"cod_dep":"25","cod_mun":"067","nombre":"PAMPLONITA"}},
{"type":"Feature","geometry":{"type":"Polygon","coordinates":[[[-72.3868,8.278],[-72.4272,8.3808],[-72.4394,8.3325],[-72.3868,8.278]]]},"properties":{"cod_dep":"25","cod_mun":"069","nombre":"PUERTO SANTANDER"}},
{"type":"Feature","geometry":{"type":"Polygon","coordinates":[[[-72.4749,7.6582],[-72.5214,7.6483],[-72.5276,7.6372],[-72.5471,7.5504],[-72.4553,7.5529],[-72.4749,7.6582]]]},"properties":{"cod_dep":"25","cod_mun":"070","nombre":"RAGONVALIA"}},
{"type":"Feature","geometry":{"type":"Polygon","coordinates":[[[-72.7601,7.8479],[-72.9009,7.9024],[-72.9989,7.7648],[-72.9536,7.6669],[-72.7246,7.7462],[-72.71,7.8008],[-72.7601,7.8479]]]},"properties":{"cod_dep":"25","cod_mun":"073","nombre":"SALAZAR"}},
{"type":"Feature","geometry":{"type":"Polygon","coordinates":[[[-73.016,8.5457],[-73.158,8.573],[-73.2743,8.3895],[-73.2694,8.3238],[-73.1849,8.3697],[-72.9682,8.4329],[-72.9695,8.4651],[-73.016,8.5457]]]},"properties":{"cod_dep":"25","cod_mun":"076","nombre":"SAN CALIXTO"}},
{"type":"Feature","geometry":{"type":"Polygon","coordinates":[[[-72.5875,7.9185],[-72.6561,7.9061],[-72.6598,7.833],[-72.6194,7.7537],[-72.5814,7.7611],[-72.5875,7.9185]]]},"properties":{"cod_dep":"25","cod_mun":"079","nombre":"SAN CAYETANO"}},
{"type":"Feature","geometry":{"type":"Polygon","coordinates":[[[-72.6561,7.9061],[-72.7601,7.9693],[-72.7601,7.8479],[-72.71,7.8008],[-72.6598,7.833],[-72.6561,7.9061]]]},"properties":{"cod_dep":"25","cod_mun":"082","nombre":"SANTIAGO"}},
{"type":"Feature","geometry":{"type":"Polygon","coordinates":[[[-72.6034,8.3226],[-72.9695,8.4651],[-72.9682,8.4329],[-72.9903,8.2854],[-72.9621,8.1875],[-72.8556,8.0264],[-72.7944,8.0053],[-72.754,8.0177],[-72.6071,8.2829],[-72.6034,8.3226]]]},"properties":{"cod_dep":"25","cod_mun":"085","nombre":"SARDINATA"}},
{"type":"Feature","geometry":{"type":"Polygon","coordinates":[[[-72.7259,7.2566],[-72.8336,7.3037],[-72.8764,7.2641],[-72.8483,7.1376],[-72.8189,7.072],[-72.7503,7.0596],[-72.6989,7.2455],[-72.7259,7.2566]]]},"properties":{"cod_dep":"25","cod_mun":"088","nombre":"SILOS"}},
{"type":"Feature","geometry":{"type":"Polygon","coordinates":[[[-72.9854,9.1456],[-73.3245,8.4069],[-73.2743,8.3895],[-73.158,8.573],[-73.0601,8.8667],[-72.9474,9.0923],[-72.9854,9.1456]]]},"properties":{"cod_dep":"25","cod_mun":"091","nombre":"TEORAMA"}},
{"type":"Feature","geometry":{"type":"Polygon","coordinates":[[[-72.4725,8.4304],[-72.6549,8.6151],[-72.7663,9.0997],[-72.9474,9.0923],[-73.0601,8.8667],[-73.016,8.5457],[-72.9695,8.4651],[-72.6034,8.3226],[-72.4725,8.4304]]]},"properties":{"cod_dep":"25","cod_mun":"093","nombre":"TIBU"}},
{"type":"Feature","geometry":{"type":"Polygon","coordinates":[[[-72.4162,7.4004],[-72.5349,7.4897],[-72.5777,7.455],[-72.5692,7.393],[-72.481,7.1587],[-72.2901,6.9963],[-72.0477,7.0385],[-72.4162,7.4004]]]},"properties":{"cod_dep":"25","cod_mun":"094","nombre":"TOLEDO"}},
{"type":"Feature","geometry":{"type":"Polygon","coordinates":[[[-72.874,7.9978],[-73.0025,8.0995],[-73.0454,7.8677],[-72.9989,7.7648],[-72.9009,7.9024],[-72.896,7.9049],[-72.874,7.9978]]]},"properties":{"cod_dep":"25","cod_mun":"097","nombre":"VILLA CARO"}},
{"type":"Feature","geometry":{"type":"Polygon","coordinates":[[[-72.4749,7.6582],[-72.4602,7.9012],[-72.4872,7.8578],[-72.5214,7.6483],[-72.4749,7.6582]]]},"properties":{"cod_dep":"25","cod_mun":"100","nombre":"VILLA DEL ROSARIO"}},
{"type":"Feature","geometry":{"type":"Polygon","coordinates":[[[-75.6332,4.5695],[-75.643,4.5881],[-75.7409,4.5397],[-75.7973,4.479],[-75.774,4.3947],[-75.6332,4.5695]]]},"properties":{"cod_dep":"26","cod_mun":"001","nombre":"ARMENIA"}},
{"type":"Feature","geometry":{"type":"Polygon","coordinates":[[[-75.7275,4.4059],[-75.7838,4.3464],[-75.7165,4.3774],[-75.7275,4.4059]]]},"properties":{"cod_dep":"26","cod_mun":"005","nombre":"BUENAVISTA"}},
{"type":"Feature","geometry":{"type":"Polygon","coordinates":[[[-75.5561,4.4716],[-75.6332,4.5695],[-75.774,4.3947],[-75.8034,4.396],[-75.7924,4.3377],[-75.7838,4.3464],[-75.7275,4.4059],[-75.583,4.4245],[-75.5561,4.4716]]]},"properties":{"cod_dep":"26","cod_mun":"010","nombre":"CALARCA"}},
{"type":"Feature","geometry":{"type":"Polygon","coordinates":[[[-75.6002,4.6761],[-75.6993,4.6079],[-75.7348,4.5806],[-75.7409,4.5397],[-75.643,4.5881],[-75.6002,4.6761]]]},"properties":{"cod_dep":"26","cod_mun":"020","nombre":"CIRCASIA"}},
{"type":"Feature","geometry":{"type":"Polygon","coordinates":[[[-75.583,4.4245],[-75.7275,4.4059],[-75.7165,4.3774],[-75.5928,4.3612],[-75.583,4.4245]]]},"properties":{"cod_dep":"26","cod_mun":"025","nombre":"CORDOBA"}},
{"type":"Feature","geometry":{"type":"Polygon","coordinates":[[[-75.5647,4.7009],[-75.714,4.7133],[-75.7091,4.6798],[-75.7409,4.655],[-75.6993,4.6079],[-75.6002,4.6761],[-75.5647,4.7009]]]},"properties":{"cod_dep":"26","cod_mun":"030","nombre":"FILANDIA"}},
{"type":"Feature","geometry":{"type":"Polygon","coordinates":[[[-75.6589,4.2224],[-75.7948,4.3104],[-75.8254,4.215],[-75.752,4.0774],[-75.6589,4.2224]]]},"properties":{"cod_dep":"26","cod_mun":"040","nombre":"GENOVA"}},
{"type":"Feature","geometry":{"type":"Polygon","coordinates":[[[-75.774,4.3947],[-75.7973,4.479],[-75.8695,4.4542],[-75.8952,4.4257],[-75.8781,4.4096],[-75.867,4.4108],[-75.8034,4.396],[-75.774,4.3947]]]},"properties":{"cod_dep":"26","cod_mun":"050","nombre":"LA TEBAIDA"}},
{"type":"Feature","geometry":{"type":"Polygon","coordinates":[[[-75.7409,4.5397],[-75.7348,4.5806],[-75.867,4.5757],[-75.8805,4.531],[-75.8695,4.4542],[-75.7973,4.479],[-75.7409,4.5397]]]},"properties":{"cod_dep":"26","cod_mun":"060","nombre":"MONTENEGRO"}},
{"type":"Feature","geometry":{"type":"Polygon","coordinates":[[[-75.5928,4.3612],[-75.7165,4.3774],[-75.7838,4.3464],[-75.7924,4.3377],[-75.7948,4.3104],[-75.6589,4.2224],[-75.5977,4.2794],[-75.5928,4.3612]]]},"properties":{"cod_dep":"26","cod_mun":"070","nombre":"PIJAO"}},
{"type":"Feature","geometry":{"type":"Polygon","coordinates":[[[-75.7409,4.655],[-75.8279,4.66],[-75.8658,4.6129],[-75.867,4.5757],[-75.7348,4.5806],[-75.6993,4.6079],[-75.7409,4.655]]]},"properties":{"cod_dep":"26","cod_mun":"080","nombre":"QUIMBAYA"}},
{"type":"Feature","geometry":{"type":"Polygon","coordinates":[[[-75.3835,4.7083],[-75.3884,4.7157],[-75.5647,4.7009],[-75.6002,4.6761],[-75.643,4.5881],[-75.6332,4.5695],[-75.5561,4.4716],[-75.4851,4.5819],[-75.3859,4.7009],[-75.3835,4.7083]]]},"properties":{"cod_dep":"26","cod_mun":"090","nombre":"SALENTO"}},
{"type":"Feature","geometry":{"type":"Polygon","coordinates":[[[-73.0711,7.1996],[-73.0821,7.2666],[-73.158,7.2157],[-73.1237,7.0682],[-73.0466,7.1389],[-73.0564,7.1848],[-73.0711,7.1996]]]},"properties":{"cod_dep":"27","cod_mun":"001","nombre":"BUCARAMANGA"}},
{"type":"Feature","geometry":{"type":"Polygon","coordinates":[[[-73.4812,6.1857],[-73.5767,6.2539],[-73.5424,6.1101],[-73.4812,6.1634],[-73.4812,6.1857]]]},"properties":{"cod_dep":"27","cod_mun":"004","nombre":"AGUADA"}},
{"type":"Feature","geometry":{"type":"Polygon","coordinates":[[[-73.7627,5.773],[-73.7444,5.8709],[-73.8264,5.7904],[-73.9623,5.7395],[-73.8998,5.737],[-73.8802,5.7073],[-73.7627,5.773]]]},"properties":{"cod_dep":"27","cod_mun":"007","nombre":"ALBANIA"}},
{"type":"Feature","geometry":{"type":"Polygon","coordinates":[[[-72.9389,6.6902],[-72.9829,6.7918],[-73.0037,6.8241],[-73.0674,6.7373],[-73.0809,6.6865],[-72.9389,6.6902]]]},"properties":{"cod_dep":"27","cod_mun":"010","nombre":"ARATOCA"}},
{"type":"Feature","geometry":{"type":"Polygon","coordinates":[[[-73.5877,5.9973],[-73.6195,5.9924],[-73.6636,5.9279],[-73.6354,5.9106],[-73.5938,5.9589],[-73.5877,5.9973]]]},"properties":{"cod_dep":"27","cod_mun":"013","nombre":"BARBOSA"}},
{"type":"Feature","geometry":{"type":"Polygon","coordinates":[[[-73.1543,6.5997],[-73.2241,6.7336],[-73.2584,6.6952],[-73.2645,6.6295],[-73.2118,6.5588],[-73.1543,6.5997]]]},"properties":{"cod_dep":"27","cod_mun":"016","nombre":"BARICHARA"}},
{"type":"Feature","geometry":{"type":"Polygon","coordinates":[[[-73.5681,7.1835],[-73.9231,7.2133],[-74.0945,6.8042],[-73.9488,6.8885],[-73.7493,6.86],[-73.5399,7.1538],[-73.5509,7.1637],[-73.5681,7.1835]]]},"properties":{"cod_dep":"27","cod_mun":"019","nombre":"BARRANCABERMEJA"}},
{"type":"Feature","geometry":{"type":"Polygon","coordinates":[[[-73.2168,6.9257],[-73.5399,7.1538],[-73.453,6.9604],[-73.2168,6.9257]]]},"properties":{"cod_dep":"27","cod_mun":"022","nombre":"BETULIA"}},
{"type":"Feature","geometry":{"type":"Polygon","coordinates":[[[-74.1006,6.2217],[-74.5082,6.2861],[-74.5266,6.2737],[-74.2659,5.835],[-74.1802,5.9106],[-74.1275,6.0333],[-74.0773,6.1548],[-73.8019,6.1287],[-73.8509,6.0147],[-73.7676,5.9379],[-73.7517,6.0011],[-73.7688,6.1944],[-74.1006,6.2217]]]},"properties":{"cod_dep":"27","cod_mun":"025","nombre":"BOLIVAR"}},
{"type":"Feature","geometry":{"type":"Polygon","coordinates":[[[-73.2118,6.5588],[-73.2645,6.6295],[-73.2829,6.565],[-73.2718,6.5105],[-73.2253,6.5266],[-73.2045,6.5427],[-73.2118,6.5588]]]},"properties":{"cod_dep":"27","cod_mun":"028","nombre":"CABRERA"}},
{"type":"Feature","geometry":{"type":"Polygon","coordinates":[[[-72.8654,7.3769],[-72.9499,7.3484],[-72.923,7.2926],[-72.8654,7.3769]]]},"properties":{"cod_dep":"27","cod_mun":"031","nombre":"CALIFORNIA"}},
{"type":"Feature","geometry":{"type":"Polygon","coordinates":[[[-72.6377,6.508],[-72.7026,6.5948],[-72.7234,6.5786],[-72.743,6.5663],[-72.6793,6.4832],[-72.661,6.4436],[-72.6487,6.4361],[-72.6377,6.508]]]},"properties":{"cod_dep":"27","cod_mun":"034","nombre":"CAPITANEJO"}},
{"type":"Feature","geometry":{"type":"Polygon","coordinates":[[[-72.4994,6.7286],[-72.6243,6.7014],[-72.6671,6.6171],[-72.5998,6.5588],[-72.5422,6.5836],[-72.4994,6.7286]]]},"properties":{"cod_dep":"27","cod_mun":"037","nombre":"CARCASI"}},
{"type":"Feature","geometry":{"type":"Polygon","coordinates":[[[-72.9095,6.6828],[-72.885,6.8141],[-72.9376,6.8067],[-72.9829,6.7918],[-72.9389,6.6902],[-72.9083,6.6766],[-72.9095,6.6828]]]},"properties":{"cod_dep":"27","cod_mun":"040","nombre":"CEPITA"}},
{"type":"Feature","geometry":{"type":"Polygon","coordinates":[[[-72.5471,6.886],[-72.7344,6.9864],[-72.7467,6.9579],[-72.7577,6.8266],[-72.5471,6.886]]]},"properties":{"cod_dep":"27","cod_mun":"043","nombre":"CERRITO"}},
{"type":"Feature","geometry":{"type":"Polygon","coordinates":[[[-73.8705,6.513],[-74.1092,6.777],[-74.3601,6.6319],[-74.5082,6.2861],[-74.1006,6.2217],[-73.8705,6.513]]]},"properties":{"cod_dep":"27","cod_mun":"045","nombre":"CIMITARRA"}},
{"type":"Feature","geometry":{"type":"Polygon","coordinates":[[[-72.4774,6.8427],[-72.5031,6.9084],[-72.5471,6.886],[-72.7577,6.8266],[-72.754,6.7832],[-72.7075,6.7175],[-72.6243,6.7014],[-72.4994,6.7286],[-72.4774,6.8427]]]},"properties":{"cod_dep":"27","cod_mun":"046","nombre":"CONCEPCION"}},
{"type":"Feature","geometry":{"type":"Polygon","coordinates":[[[-73.2094,6.4064],[-73.2265,6.4089],[-73.3049,6.3481],[-73.278,6.3345],[-73.2302,6.3072],[-73.2045,6.3295],[-73.2094,6.4064]]]},"properties":{"cod_dep":"27","cod_mun":"049","nombre":"CONFINES"}},
{"type":"Feature","geometry":{"type":"Polygon","coordinates":[[[-73.4763,6.3754],[-73.5999,6.3208],[-73.4506,6.2316],[-73.4077,6.3109],[-73.4763,6.3754]]]},"properties":{"cod_dep":"27","cod_mun":"052","nombre":"CONTRATACION"}},
{"type":"Feature","geometry":{"type":"Polygon","coordinates":[[[-72.9095,6.3741],[-72.9119,6.3791],[-73.0013,6.358],[-73.136,6.2068],[-72.923,6.0977],[-72.8679,6.1448],[-72.9095,6.3741]]]},"properties":{"cod_dep":"27","cod_mun":"055","nombre":"COROMORO"}},
{"type":"Feature","geometry":{"type":"Polygon","coordinates":[[[-73.0809,6.6865],[-73.1176,6.6865],[-73.1102,6.6493],[-73.0295,6.5377],[-72.8728,6.6307],[-72.9083,6.6766],[-72.9389,6.6902],[-73.0809,6.6865]]]},"properties":{"cod_dep":"27","cod_mun":"058","nombre":"CURITI"}},
{"type":"Feature","geometry":{"type":"Polygon","coordinates":[[[-73.0013,6.358],[-73.0699,6.3828],[-73.1592,6.3556],[-73.2045,6.3295],[-73.2302,6.3072],[-73.2376,6.1275],[-73.24,6.0544],[-73.1751,5.9949],[-73.0821,5.9775],[-73.136,6.2068],[-73.0013,6.358]]]},"properties":{"cod_dep":"27","cod_mun":"061","nombre":"CHARALA"}},
{"type":"Feature","geometry":{"type":"Polygon","coordinates":[[[-72.923,7.2926],[-72.978,7.3149],[-73.0711,7.1996],[-73.0564,7.1848],[-72.8813,7.2566],[-72.923,7.2926]]]},"properties":{"cod_dep":"27","cod_mun":"064","nombre":"CHARTA"}},
{"type":"Feature","geometry":{"type":"Polygon","coordinates":[[[-73.3208,6.4002],[-73.4652,6.4547],[-73.4763,6.3754],[-73.4077,6.3109],[-73.3783,6.3109],[-73.3318,6.3704],[-73.3208,6.4002]]]},"properties":{"cod_dep":"27","cod_mun":"067","nombre":"CHIMA"}},
{"type":"Feature","geometry":{"type":"Polygon","coordinates":[[[-73.5791,6.0866],[-73.6366,6.1312],[-73.5962,6.0197],[-73.5791,6.0804],[-73.5791,6.0866]]]},"properties":{"cod_dep":"27","cod_mun":"070","nombre":"CHIPATA"}},
{"type":"Feature","geometry":{"type":"Polygon","coordinates":[[[-73.3832,6.7014],[-73.7309,6.7633],[-73.4383,6.5254],[-73.3992,6.6357],[-73.3832,6.7014]]]},"properties":{"cod_dep":"27","cod_mun":"071","nombre":"EL CARMEN"}},
{"type":"Feature","geometry":{"type":"Polygon","coordinates":[[[-73.4506,6.2316],[-73.5999,6.3208],[-73.6366,6.2911],[-73.5767,6.2539],[-73.4812,6.1857],[-73.4506,6.2316]]]},"properties":{"cod_dep":"27","cod_mun":"073","nombre":"EL GUACAMAYO"}},
{"type":"Feature","geometry":{"type":"Polygon","coordinates":[[[-73.049,7.6062],[-73.2816,7.5479],[-73.0784,7.4574],[-73.0454,7.4587],[-73.049,7.6062]]]},"properties":{"cod_dep":"27","cod_mun":"074","nombre":"EL PLAYON"}},
{"type":"Feature","geometry":{"type":"Polygon","coordinates":[[[-73.8509,6.0147],[-73.8019,6.1287],[-74.0773,6.1548],[-73.8509,6.0147]]]},"properties":{"cod_dep":"27","cod_mun":"075","nombre":"EL PEÑON"}},
{"type":"Feature","geometry":{"type":"Polygon","coordinates":[[[-72.923,6.0977],[-73.136,6.2068],[-73.0821,5.9775],[-73.0307,6.0209],[-73.0111,5.9626],[-72.9695,6.0197],[-72.923,6.0977]]]},"properties":{"cod_dep":"27","cod_mun":"076","nombre":"ENCINO"}},
{"type":"Feature","geometry":{"type":"Polygon","coordinates":[[[-72.6243,6.7014],[-72.7075,6.7175],[-72.7075,6.6741],[-72.7234,6.5786],[-72.7026,6.5948],[-72.6671,6.6171],[-72.6243,6.7014]]]},"properties":{"cod_dep":"27","cod_mun":"079","nombre":"ENCISO"}},
{"type":"Feature","geometry":{"type":"Polygon","coordinates":[[[-73.8264,5.7904],[-73.9145,5.8424],[-74.0786,5.8325],[-74.0798,5.8189],[-73.9818,5.7209],[-73.9623,5.7395],[-73.8264,5.7904]]]},"properties":{"cod_dep":"27","cod_mun":"080","nombre":"FLORIAN"}},
{"type":"Feature","geometry":{"type":"Polygon","coordinates":[[[-73.005,7.0992],[-73.0466,7.1389],[-73.1237,7.0682],[-73.1176,7.0187],[-73.005,7.0992]]]},"properties":{"cod_dep":"27","cod_mun":"082","nombre":"FLORIDABLANCA"}},
{"type":"Feature","geometry":{"type":"Polygon","coordinates":[[[-73.2584,6.6952],[-73.36,6.7832],[-73.3832,6.7014],[-73.3992,6.6357],[-73.3037,6.5663],[-73.2829,6.565],[-73.2645,6.6295],[-73.2584,6.6952]]]},"properties":{"cod_dep":"27","cod_mun":"085","nombre":"GALAN"}},
{"type":"Feature","geometry":{"type":"Polygon","coordinates":[[[-73.24,6.0544],[-73.404,6.0556],[-73.4334,5.8982],[-73.464,5.8486],[-73.4714,5.8213],[-73.382,5.7606],[-73.3575,5.8065],[-73.1837,5.8498],[-73.1751,5.9949],[-73.24,6.0544]]]},"properties":{"cod_dep":"27","cod_mun":"088","nombre":"GAMBITA"}},
{"type":"Feature","geometry":{"type":"Polygon","coordinates":[[[-73.1237,7.0682],[-73.158,7.2157],[-73.1641,7.2108],[-73.4371,7.181],[-73.5509,7.1637],[-73.5399,7.1538],[-73.2168,6.9257],[-73.1763,6.8848],[-73.1054,6.9108],[-73.1176,7.0187],[-73.1237,7.0682]]]},"properties":{"cod_dep":"27","cod_mun":"091","nombre":"GIRON"}},
{"type":"Feature","geometry":{"type":"Polygon","coordinates":[[[-72.7503,7.0596],[-72.8189,7.072],[-72.9181,6.8476],[-72.9376,6.8067],[-72.885,6.8141],[-72.7467,6.9579],[-72.7344,6.9864],[-72.7503,7.0596]]]},"properties":{"cod_dep":"27","cod_mun":"094","nombre":"GUACA"}},
{"type":"Feature","geometry":{"type":"Polygon","coordinates":[[[-73.3783,6.3109],[-73.4077,6.3109],[-73.4506,6.2316],[-73.4812,6.1857],[-73.4812,6.1634],[-73.4738,6.156],[-73.3612,6.1783],[-73.36,6.2762],[-73.3783,6.3109]]]},"properties":{"cod_dep":"27","cod_mun":"097","nombre":"GUADALUPE"}},
{"type":"Feature","geometry":{"type":"Polygon","coordinates":[[[-73.3049,6.3481],[-73.3318,6.3704],[-73.3783,6.3109],[-73.36,6.2762],[-73.278,6.3345],[-73.3049,6.3481]]]},"properties":{"cod_dep":"27","cod_mun":"100","nombre":"GUAPOTA"}},
{"type":"Feature","geometry":{"type":"Polygon","coordinates":[[[-73.6636,5.9279],[-73.7517,6.0011],[-73.7676,5.9379],[-73.7578,5.9044],[-73.7505,5.8932],[-73.6636,5.9279]]]},"properties":{"cod_dep":"27","cod_mun":"103","nombre":"GUAVATA"}},
{"type":"Feature","geometry":{"type":"Polygon","coordinates":[[[-73.5375,6.042],[-73.5791,6.0804],[-73.5962,6.0197],[-73.6195,5.9924],[-73.5877,5.9973],[-73.5375,6.042]]]},"properties":{"cod_dep":"27","cod_mun":"106","nombre":"GUEPSA"}},
{"type":"Feature","geometry":{"type":"Polygon","coordinates":[[[-73.3037,6.5663],[-73.3992,6.6357],[-73.4383,6.5254],[-73.3061,6.4906],[-73.3037,6.5663]]]},"properties":{"cod_dep":"27","cod_mun":"109","nombre":"HATO"}},
{"type":"Feature","geometry":{"type":"Polygon","coordinates":[[[-73.7578,5.9044],[-73.9243,5.8684],[-73.9145,5.8424],[-73.8264,5.7904],[-73.7444,5.8709],[-73.7505,5.8932],[-73.7578,5.9044]]]},"properties":{"cod_dep":"27","cod_mun":"112","nombre":"JESUS MARIA"}},
{"type":"Feature","geometry":{"type":"Polygon","coordinates":[[[-73.0809,6.6865],[-73.0674,6.7373],[-73.1458,6.7299],[-73.1176,6.6865],[-73.0809,6.6865]]]},"properties":{"cod_dep":"27","cod_mun":"115","nombre":"JORDAN"}},
{"type":"Feature","geometry":{"type":"Polygon","coordinates":[[[-73.6366,6.2911],[-73.6685,6.3841],[-73.6366,6.1312],[-73.5791,6.0866],[-73.5424,6.1101],[-73.5767,6.2539],[-73.6366,6.2911]]]},"properties":{"cod_dep":"27","cod_mun":"118","nombre":"LA PAZ"}},
{"type":"Feature","geometry":{"type":"Polygon","coordinates":[[[-73.9243,5.8684],[-74.1275,6.0333],[-74.1802,5.9106],[-74.0786,5.8325],[-73.9145,5.8424],[-73.9243,5.8684]]]},"properties":{"cod_dep":"27","cod_mun":"119","nombre":"LA BELLEZA"}},
{"type":"Feature","geometry":{"type":"Polygon","coordinates":[[[-73.7811,6.5526],[-73.8705,6.513],[-74.1006,6.2217],[-73.7688,6.1944],[-73.7811,6.5526]]]},"properties":{"cod_dep":"27","cod_mun":"120","nombre":"LANDAZURI"}},
{"type":"Feature","geometry":{"type":"Polygon","coordinates":[[[-73.1641,7.2108],[-73.3967,7.4029],[-73.4371,7.181],[-73.1641,7.2108]]]},"properties":{"cod_dep":"27","cod_mun":"121","nombre":"LEBRIJA"}},
{"type":"Feature","geometry":{"type":"Polygon","coordinates":[[[-73.1054,6.9108],[-73.1763,6.8848],[-73.1984,6.7683],[-73.1458,6.7299],[-73.0674,6.7373],[-73.0037,6.8241],[-73.1054,6.9108]]]},"properties":{"cod_dep":"27","cod_mun":"124","nombre":"LOS SANTOS"}},
{"type":"Feature","geometry":{"type":"Polygon","coordinates":[[[-72.5422,6.5836],[-72.5998,6.5588],[-72.6377,6.508],[-72.6487,6.4361],[-72.623,6.4411],[-72.5484,6.4869],[-72.5398,6.4882],[-72.5349,6.4956],[-72.5422,6.5836]]]},"properties":{"cod_dep":"27","cod_mun":"127","nombre":"MACARAVITA"}},
{"type":"Feature","geometry":{"type":"Polygon","coordinates":[[[-72.7075,6.7175],[-72.754,6.7832],[-72.7748,6.7249],[-72.7699,6.6828],[-72.7075,6.6741],[-72.7075,6.7175]]]},"properties":{"cod_dep":"27","cod_mun":"130","nombre":"MALAGA"}},
{"type":"Feature","geometry":{"type":"Polygon","coordinates":[[[-73.0454,7.4587],[-73.0784,7.4574],[-73.0821,7.2666],[-73.0711,7.1996],[-72.978,7.3149],[-73.0454,7.4587]]]},"properties":{"cod_dep":"27","cod_mun":"133","nombre":"MATANZA"}},
{"type":"Feature","geometry":{"type":"Polygon","coordinates":[[[-72.8728,6.6307],[-73.0295,6.5377],[-73.0747,6.482],[-73.0723,6.3902],[-73.0699,6.3828],[-73.0013,6.358],[-72.9119,6.3791],[-72.8336,6.5675],[-72.8728,6.6307]]]},"properties":{"cod_dep":"27","cod_mun":"136","nombre":"MOGOTES"}},
{"type":"Feature","geometry":{"type":"Polygon","coordinates":[[[-72.7699,6.6828],[-72.7748,6.7249],[-72.9095,6.6828],[-72.9083,6.6766],[-72.8728,6.6307],[-72.8336,6.5675],[-72.8189,6.5439],[-72.8116,6.5427],[-72.7699,6.5799],[-72.7699,6.6828]]]},"properties":{"cod_dep":"27","cod_mun":"139","nombre":"MOLAGAVITA"}},
{"type":"Feature","geometry":{"type":"Polygon","coordinates":[[[-73.0723,6.3902],[-73.1617,6.4027],[-73.1592,6.3556],[-73.0699,6.3828],[-73.0723,6.3902]]]},"properties":{"cod_dep":"27","cod_mun":"142","nombre":"OCAMONTE"}},
{"type":"Feature","geometry":{"type":"Polygon","coordinates":[[[-73.278,6.3345],[-73.36,6.2762],[-73.3612,6.1783],[-73.2376,6.1275],[-73.2302,6.3072],[-73.278,6.3345]]]},"properties":{"cod_dep":"27","cod_mun":"145","nombre":"OIBA"}},
{"type":"Feature","geometry":{"type":"Polygon","coordinates":[[[-72.8116,6.5427],[-72.8189,6.5439],[-72.9095,6.3741],[-72.8679,6.1448],[-72.8287,6.1523],[-72.825,6.1585],[-72.7455,6.275],[-72.7259,6.3717],[-72.7381,6.4398],[-72.8116,6.5427]]]},"properties":{"cod_dep":"27","cod_mun":"148","nombre":"ONZAGA"}},
{"type":"Feature","geometry":{"type":"Polygon","coordinates":[[[-73.2829,6.565],[-73.3037,6.5663],[-73.3061,6.4906],[-73.2926,6.4844],[-73.2718,6.5105],[-73.2829,6.565]]]},"properties":{"cod_dep":"27","cod_mun":"151","nombre":"PALMAR"}},
{"type":"Feature","geometry":{"type":"Polygon","coordinates":[[[-73.2265,6.4089],[-73.3159,6.4163],[-73.3208,6.4002],[-73.3318,6.3704],[-73.3049,6.3481],[-73.2265,6.4089]]]},"properties":{"cod_dep":"27","cod_mun":"154","nombre":"PALMAS DEL SOCORRO"}},
{"type":"Feature","geometry":{"type":"Polygon","coordinates":[[[-73.1151,6.482],[-73.1482,6.4944],[-73.1751,6.4646],[-73.2094,6.4064],[-73.2045,6.3295],[-73.1592,6.3556],[-73.1617,6.4027],[-73.1151,6.482]]]},"properties":{"cod_dep":"27","cod_mun":"157","nombre":"PARAMO"}},
{"type":"Feature","geometry":{"type":"Polygon","coordinates":[[[-72.9107,7.0819],[-73.005,7.0992],[-73.1176,7.0187],[-73.1054,6.9108],[-73.0037,6.8241],[-72.9829,6.7918],[-72.9376,6.8067],[-72.9181,6.8476],[-72.9107,7.0819]]]},"properties":{"cod_dep":"27","cod_mun":"160","nombre":"PIEDECUESTA"}},
{"type":"Feature","geometry":{"type":"Polygon","coordinates":[[[-73.1482,6.4944],[-73.2045,6.5427],[-73.2253,6.5266],[-73.1751,6.4646],[-73.1482,6.4944]]]},"properties":{"cod_dep":"27","cod_mun":"163","nombre":"PINCHOTE"}},
{"type":"Feature","geometry":{"type":"Polygon","coordinates":[[[-73.6354,5.9106],[-73.6636,5.9279],[-73.7505,5.8932],[-73.7444,5.8709],[-73.7627,5.773],[-73.6513,5.7123],[-73.6256,5.778],[-73.6354,5.9106]]]},"properties":{"cod_dep":"27","cod_mun":"166","nombre":"PUENTE NACIONAL"}},
{"type":"Feature","geometry":{"type":"Polygon","coordinates":[[[-73.7615,6.5526],[-73.9488,6.8885],[-74.0945,6.8042],[-74.1092,6.777],[-73.8705,6.513],[-73.7811,6.5526],[-73.7615,6.5526]]]},"properties":{"cod_dep":"27","cod_mun":"167","nombre":"PUERTO PARRA"}},
{"type":"Feature","geometry":{"type":"Polygon","coordinates":[[[-73.7211,8.009],[-73.775,8.1453],[-73.868,8.0635],[-73.8154,7.6917],[-73.8949,7.4302],[-73.9157,7.2951],[-73.9231,7.2133],[-73.5681,7.1835],[-73.7603,7.6954],[-73.7529,7.7512],[-73.7211,8.009]]]},"properties":{"cod_dep":"27","cod_mun":"169","nombre":"PUERTO WILCHES"}},
{"type":"Feature","geometry":{"type":"Polygon","coordinates":[[[-73.3698,7.564],[-73.633,7.7487],[-73.7529,7.7512],[-73.7603,7.6954],[-73.3967,7.4029],[-73.1641,7.2108],[-73.158,7.2157],[-73.0821,7.2666],[-73.0784,7.4574],[-73.2816,7.5479],[-73.3698,7.564]]]},"properties":{"cod_dep":"27","cod_mun":"172","nombre":"RIONEGRO"}},
{"type":"Feature","geometry":{"type":"Polygon","coordinates":[[[-73.3967,7.4029],[-73.7603,7.6954],[-73.5681,7.1835],[-73.5509,7.1637],[-73.4371,7.181],[-73.3967,7.4029]]]},"properties":{"cod_dep":"27","cod_mun":"174","nombre":"SABANA DE TORRES"}},
{"type":"Feature","geometry":{"type":"Polygon","coordinates":[[[-72.7577,6.8266],[-72.7467,6.9579],[-72.885,6.8141],[-72.9095,6.6828],[-72.7748,6.7249],[-72.754,6.7832],[-72.7577,6.8266]]]},"properties":{"cod_dep":"27","cod_mun":"175","nombre":"SAN ANDRES"}},
{"type":"Feature","geometry":{"type":"Polygon","coordinates":[[[-73.4812,6.1634],[-73.5424,6.1101],[-73.5791,6.0866],[-73.5791,6.0804],[-73.5375,6.042],[-73.5314,6.0494],[-73.4971,6.1077],[-73.4738,6.156],[-73.4812,6.1634]]]},"properties":{"cod_dep":"27","cod_mun":"178","nombre":"SAN BENITO"}},
{"type":"Feature","geometry":{"type":"Polygon","coordinates":[[[-73.1102,6.6493],[-73.1543,6.5997],[-73.2118,6.5588],[-73.2045,6.5427],[-73.1482,6.4944],[-73.1151,6.482],[-73.0747,6.482],[-73.0295,6.5377],[-73.1102,6.6493]]]},"properties":{"cod_dep":"27","cod_mun":"181","nombre":"SAN GIL"}},
{"type":"Feature","geometry":{"type":"Polygon","coordinates":[[[-72.8189,6.5439],[-72.8336,6.5675],[-72.9119,6.3791],[-72.9095,6.3741],[-72.8189,6.5439]]]},"properties":{"cod_dep":"27","cod_mun":"184","nombre":"SAN JOAQUIN"}},
{"type":"Feature","geometry":{"type":"Polygon","coordinates":[[[-72.7075,6.6741],[-72.7699,6.6828],[-72.7699,6.5799],[-72.743,6.5663],[-72.7234,6.5786],[-72.7075,6.6741]]]},"properties":{"cod_dep":"27","cod_mun":"187","nombre":"SAN JOSE DE MIRANDA"}},
{"type":"Feature","geometry":{"type":"Polygon","coordinates":[[[-72.5998,6.5588],[-72.6671,6.6171],[-72.7026,6.5948],[-72.6377,6.508],[-72.5998,6.5588]]]},"properties":{"cod_dep":"27","cod_mun":"190","nombre":"SAN MIGUEL"}},
{"type":"Feature","geometry":{"type":"Polygon","coordinates":[[[-73.453,6.9604],[-73.5399,7.1538],[-73.7493,6.86],[-73.7309,6.7633],[-73.3832,6.7014],[-73.36,6.7832],[-73.453,6.9604]]]},"properties":{"cod_dep":"27","cod_mun":"193","nombre":"SAN VICENTE DE CHUCURI"}},
{"type":"Feature","geometry":{"type":"Polygon","coordinates":[[[-73.4652,6.4547],[-73.6758,6.4807],[-73.6685,6.3841],[-73.6366,6.2911],[-73.5999,6.3208],[-73.4763,6.3754],[-73.4652,6.4547]]]},"properties":{"cod_dep":"27","cod_mun":"194","nombre":"SANTA HELENA DEL OPON"}},
{"type":"Feature","geometry":{"type":"Polygon","coordinates":[[[-72.8189,7.072],[-72.8483,7.1376],[-72.9107,7.0819],[-72.9181,6.8476],[-72.8189,7.072]]]},"properties":{"cod_dep":"27","cod_mun":"195","nombre":"SANTA BARBARA"}},
{"type":"Feature","geometry":{"type":"Polygon","coordinates":[[[-73.7493,6.86],[-73.9488,6.8885],[-73.7615,6.5526],[-73.6758,6.4807],[-73.4652,6.4547],[-73.3208,6.4002],[-73.3159,6.4163],[-73.2926,6.4844],[-73.3061,6.4906],[-73.4383,6.5254],[-73.7309,6.7633],[-73.7493,6.86]]]},"properties":{"cod_dep":"27","cod_mun":"196","nombre":"SIMACOTA"}},
{"type":"Feature","geometry":{"type":"Polygon","coordinates":[[[-73.1751,6.4646],[-73.2253,6.5266],[-73.2718,6.5105],[-73.2926,6.4844],[-73.3159,6.4163],[-73.2265,6.4089],[-73.2094,6.4064],[-73.1751,6.4646]]]},"properties":{"cod_dep":"27","cod_mun":"199","nombre":"SOCORRO"}},
{"type":"Feature","geometry":{"type":"Polygon","coordinates":[[[-73.3612,6.1783],[-73.4738,6.156],[-73.4971,6.1077],[-73.4542,6.0792],[-73.404,6.0556],[-73.24,6.0544],[-73.2376,6.1275],[-73.3612,6.1783]]]},"properties":{"cod_dep":"27","cod_mun":"202","nombre":"SUAITA"}},
{"type":"Feature","geometry":{"type":"Polygon","coordinates":[[[-74.0773,6.1548],[-74.1275,6.0333],[-73.9243,5.8684],[-73.7578,5.9044],[-73.7676,5.9379],[-73.8509,6.0147],[-74.0773,6.1548]]]},"properties":{"cod_dep":"27","cod_mun":"205","nombre":"SUCRE"}},
{"type":"Feature","geometry":{"type":"Polygon","coordinates":[[[-72.9829,7.6198],[-73.049,7.6062],[-73.0454,7.4587],[-72.978,7.3149],[-72.923,7.2926],[-72.9499,7.3484],[-72.8654,7.3769],[-72.863,7.3831],[-72.896,7.4673],[-72.9829,7.6198]]]},"properties":{"cod_dep":"27","cod_mun":"208","nombre":"SURATA"}},
{"type":"Feature","geometry":{"type":"Polygon","coordinates":[[[-72.8483,7.1376],[-72.8764,7.2641],[-72.8813,7.2566],[-73.0564,7.1848],[-73.0466,7.1389],[-73.005,7.0992],[-72.9107,7.0819],[-72.8483,7.1376]]]},"properties":{"cod_dep":"27","cod_mun":"211","nombre":"TONA"}},
{"type":"Feature","geometry":{"type":"Polygon","coordinates":[[[-73.0747,6.482],[-73.1151,6.482],[-73.1617,6.4027],[-73.0723,6.3902],[-73.0747,6.482]]]},"properties":{"cod_dep":"27","cod_mun":"217","nombre":"VALLE DE SAN JOSE"}},
{"type":"Feature","geometry":{"type":"Polygon","coordinates":[[[-72.8385,7.3595],[-72.863,7.3831],[-72.8654,7.3769],[-72.923,7.2926],[-72.8813,7.2566],[-72.8764,7.2641],[-72.8336,7.3037],[-72.8385,7.3595]]]},"properties":{"cod_dep":"27","cod_mun":"219","nombre":"VETAS"}},
{"type":"Feature","geometry":{"type":"Polygon","coordinates":[[[-73.7615,6.5526],[-73.7811,6.5526],[-73.7688,6.1944],[-73.7517,6.0011],[-73.6636,5.9279],[-73.6195,5.9924],[-73.5962,6.0197],[-73.6366,6.1312],[-73.6685,6.3841],[-73.6758,6.4807],[-73.7615,6.5526]]]},"properties":{"cod_dep":"27","cod_mun":"220","nombre":"VELEZ"}},
{"type":"Feature","geometry":{"type":"Polygon","coordinates":[[[-73.1984,6.7683],[-73.2241,6.7336],[-73.1543,6.5997],[-73.1102,6.6493],[-73.1176,6.6865],[-73.1458,6.7299],[-73.1984,6.7683]]]},"properties":{"cod_dep":"27","cod_mun":"221","nombre":"VILLANUEVA"}},
{"type":"Feature","geometry":{"type":"Polygon","coordinates":[[[-73.2168,6.9257],[-73.453,6.9604],[-73.36,6.7832],[-73.2584,6.6952],[-73.2241,6.7336],[-73.1984,6.7683],[-73.1763,6.8848],[-73.2168,6.9257]]]},"properties":{"cod_dep":"27","cod_mun":"223","nombre":"ZAPATOCA"}},
{"type":"Feature","geometry":{"type":"Polygon","coordinates":[[[-75.3982,9.396],[-75.5267,9.4269],[-75.5414,9.3935],[-75.4986,9.2857],[-75.4778,9.2472],[-75.457,9.2373],[-75.3492,9.2262],[-75.3382,9.3142],[-75.3982,9.396]]]},"properties":{"cod_dep":"28","cod_mun":"001","nombre":"SINCELEJO"}},
{"type":"Feature","geometry":{"type":"Polygon","coordinates":[[[-74.922,9.3885],[-74.9599,9.4344],[-75.0077,9.3241],[-74.9367,9.2101],[-74.9085,9.2051],[-74.922,9.3885]]]},"properties":{"cod_dep":"28","cod_mun":"010","nombre":"BUENAVISTA"}},
{"type":"Feature","geometry":{"type":"Polygon","coordinates":[[[-75.1864,8.9138],[-75.2036,8.9151],[-75.217,8.7341],[-75.0309,8.6535],[-75.1864,8.9138]]]},"properties":{"cod_dep":"28","cod_mun":"020","nombre":"CAIMITO"}},
{"type":"Feature","geometry":{"type":"Polygon","coordinates":[[[-75.3737,9.629],[-75.4006,9.629],[-75.3639,9.4443],[-75.3003,9.4728],[-75.2856,9.5001],[-75.2856,9.5038],[-75.3737,9.629]]]},"properties":{"cod_dep":"28","cod_mun":"030","nombre":"COLOSO (RICAURTE)"}},
{"type":"Feature","geometry":{"type":"Polygon","coordinates":[[[-75.2366,9.3402],[-75.2856,9.3526],[-75.3382,9.3142],[-75.3492,9.2262],[-75.2721,9.1382],[-75.1423,9.1592],[-75.2048,9.2113],[-75.2366,9.3402]]]},"properties":{"cod_dep":"28","cod_mun":"040","nombre":"COROZAL"}},
{"type":"Feature","geometry":{"type":"Polygon","coordinates":[[[-75.6173,9.4059],[-75.6075,9.4691],[-75.7006,9.4121],[-75.7042,9.3724],[-75.6491,9.3625],[-75.6173,9.4059]]]},"properties":{"cod_dep":"28","cod_mun":"041","nombre":"COVEÑAS"}},
{"type":"Feature","geometry":{"type":"Polygon","coordinates":[[[-75.0824,9.1097],[-75.1423,9.1592],[-75.2721,9.1382],[-75.2244,9.0737],[-75.2084,9.034],[-75.0285,9.0477],[-75.0824,9.1097]]]},"properties":{"cod_dep":"28","cod_mun":"042","nombre":"EL ROBLE"}},
{"type":"Feature","geometry":{"type":"Polygon","coordinates":[[[-75.3272,9.6166],[-75.3737,9.629],[-75.2856,9.5038],[-75.3272,9.6166]]]},"properties":{"cod_dep":"28","cod_mun":"045","nombre":"CHALAN"}},
{"type":"Feature","geometry":{"type":"Polygon","coordinates":[[[-74.9085,9.2051],[-74.9367,9.2101],[-75.0824,9.1097],[-75.0285,9.0477],[-74.8436,9.1072],[-74.9085,9.2051]]]},"properties":{"cod_dep":"28","cod_mun":"048","nombre":"GALERAS (NUEVA GRANADA)"}},
{"type":"Feature","geometry":{"type":"Polygon","coordinates":[[[-74.5388,8.4279],[-74.5694,8.5098],[-74.84,8.3945],[-74.7812,8.278],[-74.5388,8.4279]]]},"properties":{"cod_dep":"28","cod_mun":"049","nombre":"GUARANDA"}},
{"type":"Feature","geometry":{"type":"Polygon","coordinates":[[[-75.2036,8.9151],[-75.2586,8.8952],[-75.3358,8.7118],[-75.217,8.7341],[-75.2036,8.9151]]]},"properties":{"cod_dep":"28","cod_mun":"050","nombre":"LA UNION"}},
{"type":"Feature","geometry":{"type":"Polygon","coordinates":[[[-75.1105,9.4406],[-75.2856,9.5001],[-75.3003,9.4728],[-75.2856,9.3526],[-75.2366,9.3402],[-75.1472,9.4009],[-75.113,9.4009],[-75.1105,9.4406]]]},"properties":{"cod_dep":"28","cod_mun":"055","nombre":"LOS PALMITOS"}},
{"type":"Feature","geometry":{"type":"Polygon","coordinates":[[[-74.6086,8.7304],[-74.8461,8.5308],[-74.8987,8.4465],[-74.84,8.3945],[-74.5694,8.5098],[-74.6086,8.7304]]]},"properties":{"cod_dep":"28","cod_mun":"060","nombre":"MAJAGUAL"}},
{"type":"Feature","geometry":{"type":"Polygon","coordinates":[[[-75.3003,9.4728],[-75.3639,9.4443],[-75.3982,9.396],[-75.3382,9.3142],[-75.2856,9.3526],[-75.3003,9.4728]]]},"properties":{"cod_dep":"28","cod_mun":"080","nombre":"MORROA"}},
{"type":"Feature","geometry":{"type":"Polygon","coordinates":[[[-75.0126,9.5286],[-75.3272,9.6166],[-75.2856,9.5038],[-75.2856,9.5001],[-75.1105,9.4406],[-75.0358,9.4741],[-75.0126,9.5286]]]},"properties":{"cod_dep":"28","cod_mun":"100","nombre":"OVEJAS"}},
{"type":"Feature","geometry":{"type":"Polygon","coordinates":[[[-75.5414,9.3935],[-75.6173,9.4059],[-75.6491,9.3625],[-75.6283,9.3526],[-75.5843,9.2733],[-75.4986,9.2857],[-75.5414,9.3935]]]},"properties":{"cod_dep":"28","cod_mun":"120","nombre":"PALMITO"}},
{"type":"Feature","geometry":{"type":"Polygon","coordinates":[[[-75.3492,9.2262],[-75.457,9.2373],[-75.4484,9.1406],[-75.2244,9.0737],[-75.2721,9.1382],[-75.3492,9.2262]]]},"properties":{"cod_dep":"28","cod_mun":"160","nombre":"SAMPUES"}},
{"type":"Feature","geometry":{"type":"Polygon","coordinates":[[[-74.8436,9.1072],[-75.0285,9.0477],[-75.2084,9.034],[-75.1864,8.9138],[-75.0309,8.6535],[-75.0028,8.5221],[-74.8987,8.4465],[-74.8461,8.5308],[-74.7751,9.0378],[-74.8436,9.1072]]]},"properties":{"cod_dep":"28","cod_mun":"180","nombre":"SAN BENITO ABAD"}},
{"type":"Feature","geometry":{"type":"Polygon","coordinates":[[[-75.2048,9.2113],[-75.1472,9.4009],[-75.2366,9.3402],[-75.2048,9.2113]]]},"properties":{"cod_dep":"28","cod_mun":"190","nombre":"SAN JUAN DE BETULIA (BETULIA)"}},
{"type":"Feature","geometry":{"type":"Polygon","coordinates":[[[-75.217,8.7341],[-75.3358,8.7118],[-75.3186,8.5878],[-75.1852,8.397],[-75.0028,8.5221],[-75.0309,8.6535],[-75.217,8.7341]]]},"properties":{"cod_dep":"28","cod_mun":"200","nombre":"SAN MARCOS"}},
{"type":"Feature","geometry":{"type":"Polygon","coordinates":[[[-75.4875,10.0368],[-75.4973,10.1458],[-75.5732,10.0863],[-75.5781,9.6377],[-75.457,9.6352],[-75.4006,9.629],[-75.3737,9.629],[-75.3382,9.8285],[-75.4875,10.0368]]]},"properties":{"cod_dep":"28","cod_mun":"220","nombre":"SAN ONOFRE"}},
{"type":"Feature","geometry":{"type":"Polygon","coordinates":[[[-75.0358,9.4741],[-75.1105,9.4406],[-75.113,9.4009],[-75.0077,9.3241],[-74.9599,9.4344],[-75.0358,9.4741]]]},"properties":{"cod_dep":"28","cod_mun":"240","nombre":"SAN PEDRO"}},
{"type":"Feature","geometry":{"type":"Polygon","coordinates":[[[-75.113,9.4009],[-75.1472,9.4009],[-75.2048,9.2113],[-75.1423,9.1592],[-75.0824,9.1097],[-74.9367,9.2101],[-75.0077,9.3241],[-75.113,9.4009]]]},"properties":{"cod_dep":"28","cod_mun":"260","nombre":"SINCE"}},
{"type":"Feature","geometry":{"type":"Polygon","coordinates":[[[-74.5645,8.837],[-74.7751,9.0378],[-74.8461,8.5308],[-74.6086,8.7304],[-74.5645,8.837]]]},"properties":{"cod_dep":"28","cod_mun":"280","nombre":"SUCRE"}},
{"type":"Feature","geometry":{"type":"Polygon","coordinates":[[[-75.457,9.6352],[-75.5781,9.6377],[-75.6075,9.4691],[-75.6173,9.4059],[-75.5414,9.3935],[-75.5267,9.4269],[-75.457,9.6352]]]},"properties":{"cod_dep":"28","cod_mun":"300","nombre":"TOLU"}},
{"type":"Feature","geometry":{"type":"Polygon","coordinates":[[[-75.4006,9.629],[-75.457,9.6352],[-75.5267,9.4269],[-75.3982,9.396],[-75.3639,9.4443],[-75.4006,9.629]]]},"properties":{"cod_dep":"28","cod_mun":"320","nombre":"TOLUVIEJO"}},
{"type":"Feature","geometry":{"type":"Polygon","coordinates":[[[-75.0738,4.5682],[-75.3859,4.7009],[-75.4851,4.5819],[-75.5194,4.2559],[-75.1485,4.3216],[-75.0297,4.2794],[-74.9661,4.3612],[-75.0432,4.4505],[-75.0738,4.5682]]]},"properties":{"cod_dep":"29","cod_mun":"001","nombre":"IBAGUE"}},
{"type":"Feature","geometry":{"type":"Polygon","coordinates":[[[-74.8106,3.4106],[-74.9954,3.5122],[-75.0346,3.4279],[-75.0077,3.2804],[-74.9098,3.2903],[-74.8106,3.4106]]]},"properties":{"cod_dep":"29","cod_mun":"004","nombre":"ALPUJARRA"}},
{"type":"Feature","geometry":{"type":"Polygon","coordinates":[[[-74.862,4.6253],[-75.0175,4.6885],[-75.0738,4.5682],[-75.0432,4.4505],[-74.862,4.6253]]]},"properties":{"cod_dep":"29","cod_mun":"007","nombre":"ALVARADO"}},
{"type":"Feature","geometry":{"type":"Polygon","coordinates":[[[-74.769,4.8422],[-74.7494,4.9525],[-74.8118,4.8868],[-74.8718,4.774],[-74.8155,4.7133],[-74.769,4.8422]]]},"properties":{"cod_dep":"29","cod_mun":"010","nombre":"AMBALEMA"}},
{"type":"Feature","geometry":{"type":"Polygon","coordinates":[[[-75.0505,4.6959],[-75.3835,4.7083],[-75.3859,4.7009],[-75.0738,4.5682],[-75.0175,4.6885],[-75.0505,4.6959]]]},"properties":{"cod_dep":"29","cod_mun":"013","nombre":"ANZOATEGUI"}},
{"type":"Feature","geometry":{"type":"Polygon","coordinates":[[[-74.8841,5.1471],[-74.9,5.1421],[-75.0089,5.0095],[-75.0162,4.9958],[-74.9734,4.9673],[-74.8118,4.8868],[-74.7494,4.9525],[-74.7274,4.9773],[-74.731,4.9971],[-74.7298,5.0677],[-74.8841,5.1471]]]},"properties":{"cod_dep":"29","cod_mun":"016","nombre":"ARMERO (GUAYABAL)"}},
{"type":"Feature","geometry":{"type":"Polygon","coordinates":[[[-75.2366,3.6002],[-75.3235,3.6634],[-75.5794,3.4639],[-75.7397,3.3226],[-75.5769,3.2209],[-75.2684,3.3821],[-75.2366,3.6002]]]},"properties":{"cod_dep":"29","cod_mun":"019","nombre":"ATACO"}},
{"type":"Feature","geometry":{"type":"Polygon","coordinates":[[[-75.5194,4.2559],[-75.4851,4.5819],[-75.5561,4.4716],[-75.583,4.4245],[-75.5928,4.3612],[-75.5977,4.2794],[-75.5696,4.2385],[-75.5194,4.2559]]]},"properties":{"cod_dep":"29","cod_mun":"022","nombre":"CAJAMARCA"}},
{"type":"Feature","geometry":{"type":"Polygon","coordinates":[[[-74.7445,4.2361],[-74.7445,4.2472],[-74.78,4.0142],[-74.6845,4.096],[-74.7445,4.2361]]]},"properties":{"cod_dep":"29","cod_mun":"025","nombre":"CARMEN DE APICALA"}},
{"type":"Feature","geometry":{"type":"Polygon","coordinates":[[[-75.0444,5.1223],[-75.1289,5.0938],[-75.3345,4.8992],[-75.3198,4.893],[-75.0664,5.0318],[-75.0456,5.0541],[-75.0444,5.1223]]]},"properties":{"cod_dep":"29","cod_mun":"028","nombre":"CASABIANCA"}},
{"type":"Feature","geometry":{"type":"Polygon","coordinates":[[[-74.7947,4.5001],[-74.9661,4.3612],[-75.0297,4.2794],[-74.9979,4.2485],[-74.9073,4.2497],[-74.8902,4.2893],[-74.8559,4.3352],[-74.8216,4.4455],[-74.7947,4.5001]]]},"properties":{"cod_dep":"29","cod_mun":"031","nombre":"COELLO"}},
{"type":"Feature","geometry":{"type":"Polygon","coordinates":[[[-75.1032,3.9088],[-75.2733,3.7465],[-75.3235,3.6634],[-75.2366,3.6002],[-75.015,3.687],[-74.9746,3.7452],[-75.0334,3.8196],[-75.1032,3.9088]]]},"properties":{"cod_dep":"29","cod_mun":"034","nombre":"COYAIMA"}},
{"type":"Feature","geometry":{"type":"Polygon","coordinates":[[[-74.6245,4.101],[-74.6845,4.096],[-74.78,4.0142],[-74.8241,3.8952],[-74.7065,3.8022],[-74.5315,3.9758],[-74.6245,4.101]]]},"properties":{"cod_dep":"29","cod_mun":"037","nombre":"CUNDAY"}},
{"type":"Feature","geometry":{"type":"Polygon","coordinates":[[[-75.632,3.9336],[-75.7459,4.0427],[-75.823,3.9051],[-75.8499,3.889],[-75.9172,3.7489],[-75.5794,3.4639],[-75.3235,3.6634],[-75.2733,3.7465],[-75.4398,3.8729],[-75.632,3.9336]]]},"properties":{"cod_dep":"29","cod_mun":"040","nombre":"CHAPARRAL"}},
{"type":"Feature","geometry":{"type":"Polygon","coordinates":[[[-74.5352,3.8431],[-74.5401,3.8444],[-74.7176,3.7589],[-74.9306,3.6176],[-74.9954,3.5122],[-74.8106,3.4106],[-74.5352,3.8431]]]},"properties":{"cod_dep":"29","cod_mun":"043","nombre":"DOLORES"}},
{"type":"Feature","geometry":{"type":"Polygon","coordinates":[[[-74.8118,4.1914],[-74.9073,4.2497],[-74.9979,4.2485],[-75.0065,4.2361],[-74.8277,4.0898],[-74.8118,4.1914]]]},"properties":{"cod_dep":"29","cod_mun":"046","nombre":"ESPINAL"}},
{"type":"Feature","geometry":{"type":"Polygon","coordinates":[[[-74.9,5.1421],[-74.9661,5.1706],[-74.9942,5.1458],[-75.0456,5.0541],[-75.0664,5.0318],[-75.0089,5.0095],[-74.9,5.1421]]]},"properties":{"cod_dep":"29","cod_mun":"049","nombre":"FALAN"}},
{"type":"Feature","geometry":{"type":"Polygon","coordinates":[[[-74.7971,4.2881],[-74.8902,4.2893],[-74.9073,4.2497],[-74.8118,4.1914],[-74.7812,4.2646],[-74.7971,4.2881]]]},"properties":{"cod_dep":"29","cod_mun":"052","nombre":"FLANDES"}},
{"type":"Feature","geometry":{"type":"Polygon","coordinates":[[[-75.0003,5.2921],[-75.0603,5.271],[-75.1497,5.1644],[-75.1289,5.0938],[-75.0444,5.1223],[-74.9942,5.1458],[-74.9661,5.1706],[-75.0003,5.2921]]]},"properties":{"cod_dep":"29","cod_mun":"055","nombre":"FRESNO"}},
{"type":"Feature","geometry":{"type":"Polygon","coordinates":[[[-75.0065,4.2361],[-75.0615,3.9857],[-74.9196,3.9559],[-74.8657,4.0092],[-74.8277,4.0898],[-75.0065,4.2361]]]},"properties":{"cod_dep":"29","cod_mun":"058","nombre":"GUAMO"}},
{"type":"Feature","geometry":{"type":"Polygon","coordinates":[[[-75.1497,5.1644],[-75.1668,5.1694],[-75.3382,5.0454],[-75.3284,5.0417],[-75.3345,4.8992],[-75.1289,5.0938],[-75.1497,5.1644]]]},"properties":{"cod_dep":"29","cod_mun":"061","nombre":"HERVEO"}},
{"type":"Feature","geometry":{"type":"Polygon","coordinates":[[[-74.7898,5.2983],[-74.8608,5.3057],[-74.8841,5.1471],[-74.7298,5.0677],[-74.7347,5.2871],[-74.7898,5.2983]]]},"properties":{"cod_dep":"29","cod_mun":"064","nombre":"HONDA"}},
{"type":"Feature","geometry":{"type":"Polygon","coordinates":[[[-74.5413,4.2522],[-74.5499,4.2608],[-74.5523,4.2646],[-74.556,4.267],[-74.6245,4.101],[-74.5315,3.9758],[-74.5241,4.0229],[-74.4764,4.1196],[-74.5192,4.241],[-74.5413,4.2522]]]},"properties":{"cod_dep":"29","cod_mun":"067","nombre":"ICONONZO"}},
{"type":"Feature","geometry":{"type":"Polygon","coordinates":[[[-74.8118,4.8868],[-74.9734,4.9673],[-75.0077,4.8112],[-74.8718,4.774],[-74.8118,4.8868]]]},"properties":{"cod_dep":"29","cod_mun":"070","nombre":"LERIDA"}},
{"type":"Feature","geometry":{"type":"Polygon","coordinates":[[[-75.0162,4.9958],[-75.1093,4.8979],[-75.0701,4.7529],[-75.0126,4.8112],[-75.0077,4.8112],[-74.9734,4.9673],[-75.0162,4.9958]]]},"properties":{"cod_dep":"29","cod_mun":"073","nombre":"LIBANO"}},
{"type":"Feature","geometry":{"type":"Polygon","coordinates":[[[-74.8608,5.3057],[-74.9673,5.3008],[-75.0003,5.2921],[-74.9661,5.1706],[-74.9,5.1421],[-74.8841,5.1471],[-74.8608,5.3057]]]},"properties":{"cod_dep":"29","cod_mun":"076","nombre":"MARIQUITA"}},
{"type":"Feature","geometry":{"type":"Polygon","coordinates":[[[-74.6245,4.101],[-74.556,4.267],[-74.731,4.2447],[-74.7445,4.2361],[-74.6845,4.096],[-74.6245,4.101]]]},"properties":{"cod_dep":"29","cod_mun":"079","nombre":"MELGAR"}},
{"type":"Feature","geometry":{"type":"Polygon","coordinates":[[[-75.1093,4.8979],[-75.3186,4.8868],[-75.3749,4.8025],[-75.0701,4.7529],[-75.1093,4.8979]]]},"properties":{"cod_dep":"29","cod_mun":"080","nombre":"MURILLO"}},
{"type":"Feature","geometry":{"type":"Polygon","coordinates":[[[-75.015,3.687],[-75.2366,3.6002],[-75.2684,3.3821],[-75.1729,3.3783],[-75.0346,3.4279],[-74.9954,3.5122],[-74.9306,3.6176],[-75.015,3.687]]]},"properties":{"cod_dep":"29","cod_mun":"082","nombre":"NATAGAIMA"}},
{"type":"Feature","geometry":{"type":"Polygon","coordinates":[[[-75.2439,4.1071],[-75.408,4.0551],[-75.4398,3.8729],[-75.2733,3.7465],[-75.1032,3.9088],[-75.0726,3.9373],[-75.1901,4.1084],[-75.2439,4.1071]]]},"properties":{"cod_dep":"29","cod_mun":"085","nombre":"ORTEGA"}},
{"type":"Feature","geometry":{"type":"Polygon","coordinates":[[[-74.9942,5.1458],[-75.0444,5.1223],[-75.0456,5.0541],[-74.9942,5.1458]]]},"properties":{"cod_dep":"29","cod_mun":"087","nombre":"PALOCABILDO"}},
{"type":"Feature","geometry":{"type":"Polygon","coordinates":[[[-74.8167,4.6116],[-74.862,4.6253],[-75.0432,4.4505],[-74.9661,4.3612],[-74.7947,4.5001],[-74.7935,4.5918],[-74.8167,4.6116]]]},"properties":{"cod_dep":"29","cod_mun":"088","nombre":"PIEDRAS"}},
{"type":"Feature","geometry":{"type":"Polygon","coordinates":[[[-75.5769,3.2209],[-75.7397,3.3226],[-76.0911,3.1986],[-76.0837,3.1577],[-76.1033,3.0957],[-76.0678,3.0462],[-76.0286,2.9408],[-75.7679,2.9148],[-75.6136,3.0239],[-75.6002,3.0486],[-75.5843,3.1503],[-75.5769,3.2209]]]},"properties":{"cod_dep":"29","cod_mun":"089","nombre":"PLANADAS"}},
{"type":"Feature","geometry":{"type":"Polygon","coordinates":[[[-74.7078,3.7898],[-74.9746,3.7452],[-75.015,3.687],[-74.9306,3.6176],[-74.7176,3.7589],[-74.7078,3.7898]]]},"properties":{"cod_dep":"29","cod_mun":"091","nombre":"PRADO"}},
{"type":"Feature","geometry":{"type":"Polygon","coordinates":[[[-74.8241,3.8952],[-74.8657,4.0092],[-74.9196,3.9559],[-75.0334,3.8196],[-74.9746,3.7452],[-74.7078,3.7898],[-74.7065,3.8022],[-74.8241,3.8952]]]},"properties":{"cod_dep":"29","cod_mun":"094","nombre":"PURIFICACION"}},
{"type":"Feature","geometry":{"type":"Polygon","coordinates":[[[-75.5794,3.4639],[-75.9172,3.7489],[-75.9552,3.7142],[-75.9601,3.7043],[-76.0372,3.4527],[-76.0617,3.3548],[-76.0556,3.2234],[-76.0911,3.1986],[-75.7397,3.3226],[-75.5794,3.4639]]]},"properties":{"cod_dep":"29","cod_mun":"097","nombre":"RIOBLANCO"}},
{"type":"Feature","geometry":{"type":"Polygon","coordinates":[[[-75.5696,4.2385],[-75.5977,4.2794],[-75.6589,4.2224],[-75.752,4.0774],[-75.7459,4.0427],[-75.632,3.9336],[-75.3896,4.1208],[-75.5696,4.2385]]]},"properties":{"cod_dep":"29","cod_mun":"100","nombre":"RONCESVALLES"}},
{"type":"Feature","geometry":{"type":"Polygon","coordinates":[[[-75.1485,4.3216],[-75.5194,4.2559],[-75.5696,4.2385],[-75.3896,4.1208],[-75.408,4.0551],[-75.2439,4.1071],[-75.1791,4.2782],[-75.1485,4.3216]]]},"properties":{"cod_dep":"29","cod_mun":"103","nombre":"ROVIRA"}},
{"type":"Feature","geometry":{"type":"Polygon","coordinates":[[[-74.9196,3.9559],[-75.0615,3.9857],[-75.0726,3.9373],[-75.1032,3.9088],[-75.0334,3.8196],[-74.9196,3.9559]]]},"properties":{"cod_dep":"29","cod_mun":"105","nombre":"SALDAÑA"}},
{"type":"Feature","geometry":{"type":"Polygon","coordinates":[[[-75.3896,4.1208],[-75.632,3.9336],[-75.4398,3.8729],[-75.408,4.0551],[-75.3896,4.1208]]]},"properties":{"cod_dep":"29","cod_mun":"106","nombre":"SAN ANTONIO"}},
{"type":"Feature","geometry":{"type":"Polygon","coordinates":[[[-75.0297,4.2794],[-75.1485,4.3216],[-75.1791,4.2782],[-75.1901,4.1084],[-75.0726,3.9373],[-75.0615,3.9857],[-75.0065,4.2361],[-74.9979,4.2485],[-75.0297,4.2794]]]},"properties":{"cod_dep":"29","cod_mun":"109","nombre":"SAN LUIS"}},
{"type":"Feature","geometry":{"type":"Polygon","coordinates":[[[-75.0505,4.6959],[-75.0126,4.8112],[-75.0701,4.7529],[-75.3749,4.8025],[-75.3884,4.7157],[-75.3835,4.7083],[-75.0505,4.6959]]]},"properties":{"cod_dep":"29","cod_mun":"112","nombre":"SANTA ISABEL"}},
{"type":"Feature","geometry":{"type":"Polygon","coordinates":[[[-74.7445,4.2472],[-74.7812,4.2646],[-74.8118,4.1914],[-74.8277,4.0898],[-74.8657,4.0092],[-74.8241,3.8952],[-74.78,4.0142],[-74.7445,4.2472]]]},"properties":{"cod_dep":"29","cod_mun":"115","nombre":"SUAREZ"}},
{"type":"Feature","geometry":{"type":"Polygon","coordinates":[[[-75.1901,4.1084],[-75.1791,4.2782],[-75.2439,4.1071],[-75.1901,4.1084]]]},"properties":{"cod_dep":"29","cod_mun":"118","nombre":"VALLE DE SAN JUAN"}},
{"type":"Feature","geometry":{"type":"Polygon","coordinates":[[[-75.0077,4.8112],[-75.0126,4.8112],[-75.0505,4.6959],[-75.0175,4.6885],[-74.862,4.6253],[-74.8167,4.6116],[-74.8155,4.7133],[-74.8718,4.774],[-75.0077,4.8112]]]},"properties":{"cod_dep":"29","cod_mun":"121","nombre":"VENADILLO"}},
{"type":"Feature","geometry":{"type":"Polygon","coordinates":[[[-75.0664,5.0318],[-75.3198,4.893],[-75.3186,4.8868],[-75.1093,4.8979],[-75.0162,4.9958],[-75.0089,5.0095],[-75.0664,5.0318]]]},"properties":{"cod_dep":"29","cod_mun":"124","nombre":"VILLAHERMOSA"}},
{"type":"Feature","geometry":{"type":"Polygon","coordinates":[[[-74.5315,3.9758],[-74.7065,3.8022],[-74.7078,3.7898],[-74.7176,3.7589],[-74.5401,3.8444],[-74.5315,3.9758]]]},"properties":{"cod_dep":"29","cod_mun":"127","nombre":"VILLARRICA"}},
{"type":"Feature","geometry":{"type":"Polygon","coordinates":[[[-76.4914,3.506],[-76.5917,3.5469],[-76.5954,3.5482],[-76.7068,3.4279],[-76.7019,3.356],[-76.4926,3.2891],[-76.4608,3.3288],[-76.4754,3.4515],[-76.4914,3.506]]]},"properties":{"cod_dep":"31","cod_mun":"001","nombre":"CALI"}},
{"type":"Feature","geometry":{"type":"Polygon","coordinates":[[[-75.7091,4.6798],[-75.856,4.7133],[-75.8279,4.66],[-75.7409,4.655],[-75.7091,4.6798]]]},"properties":{"cod_dep":"31","cod_mun":"004","nombre":"ALCALA"}},
{"type":"Feature","geometry":{"type":"Polygon","coordinates":[[[-76.0715,4.0886],[-76.2355,4.2138],[-76.249,4.184],[-76.2453,4.1679],[-76.0715,4.0886]]]},"properties":{"cod_dep":"31","cod_mun":"007","nombre":"ANDALUCIA"}},
{"type":"Feature","geometry":{"type":"Polygon","coordinates":[[[-75.9895,4.8806],[-76.1376,4.8434],[-76.1388,4.8409],[-76.1474,4.7851],[-76.0886,4.7356],[-76.0164,4.6922],[-75.9356,4.8075],[-75.9148,4.8731],[-75.9895,4.8806]]]},"properties":{"cod_dep":"31","cod_mun":"010","nombre":"ANSERMANUEVO"}},
{"type":"Feature","geometry":{"type":"Polygon","coordinates":[[[-76.0886,4.7356],[-76.1474,4.7851],[-76.1939,4.6823],[-76.1229,4.6513],[-76.0886,4.7356]]]},"properties":{"cod_dep":"31","cod_mun":"013","nombre":"ARGELIA"}},
{"type":"Feature","geometry":{"type":"Polygon","coordinates":[[[-76.2686,4.4815],[-76.3653,4.4926],[-76.5489,4.3377],[-76.4546,4.2299],[-76.2122,4.2596],[-76.1719,4.3179],[-76.1486,4.3724],[-76.2686,4.4815]]]},"properties":{"cod_dep":"31","cod_mun":"016","nombre":"BOLIVAR"}},
{"type":"Feature","geometry":{"type":"Polygon","coordinates":[[[-76.8598,4.0303],[-77.3532,4.1976],[-77.4499,4.039],[-77.1842,3.6547],[-77.4976,3.216],[-77.2344,3.1081],[-76.7888,3.2184],[-76.7827,3.2309],[-76.7019,3.356],[-76.7068,3.4279],[-76.8145,3.8754],[-76.8598,4.0303]]]},"properties":{"cod_dep":"31","cod_mun":"019","nombre":"BUENAVENTURA"}},
{"type":"Feature","geometry":{"type":"Polygon","coordinates":[[[-76.3126,3.9931],[-76.3726,3.8122],[-76.178,3.8047],[-76.0825,3.77],[-75.9552,3.7142],[-75.9172,3.7489],[-75.8499,3.889],[-76.1008,3.9572],[-76.3126,3.9931]]]},"properties":{"cod_dep":"31","cod_mun":"022","nombre":"BUGA"}},
{"type":"Feature","geometry":{"type":"Polygon","coordinates":[[[-76.0372,4.2559],[-76.1719,4.3179],[-76.2122,4.2596],[-76.2355,4.2138],[-76.0715,4.0886],[-75.954,4.1766],[-76.0372,4.2559]]]},"properties":{"cod_dep":"31","cod_mun":"025","nombre":"BUGALAGRANDE"}},
{"type":"Feature","geometry":{"type":"Polygon","coordinates":[[[-75.8034,4.396],[-75.867,4.4108],[-75.8254,4.215],[-75.7948,4.3104],[-75.7924,4.3377],[-75.8034,4.396]]]},"properties":{"cod_dep":"31","cod_mun":"028","nombre":"CAICEDONIA"}},
{"type":"Feature","geometry":{"type":"Polygon","coordinates":[[[-76.2906,3.4713],[-76.4754,3.4515],[-76.4608,3.3288],[-76.3518,3.2866],[-76.3432,3.2817],[-76.3004,3.366],[-76.2906,3.4713]]]},"properties":{"cod_dep":"31","cod_mun":"031","nombre":"CANDELARIA"}},
{"type":"Feature","geometry":{"type":"Polygon","coordinates":[[[-75.9356,4.8075],[-76.0164,4.6922],[-76.0164,4.6662],[-75.8658,4.6129],[-75.8279,4.66],[-75.856,4.7133],[-75.856,4.7281],[-75.9356,4.8075]]]},"properties":{"cod_dep":"31","cod_mun":"034","nombre":"CARTAGO"}},
{"type":"Feature","geometry":{"type":"Polygon","coordinates":[[[-76.593,3.863],[-76.8145,3.8754],[-76.7068,3.4279],[-76.5954,3.5482],[-76.593,3.863]]]},"properties":{"cod_dep":"31","cod_mun":"037","nombre":"DAGUA"}},
{"type":"Feature","geometry":{"type":"Polygon","coordinates":[[[-76.4987,4.0638],[-76.8598,4.0303],[-76.8145,3.8754],[-76.593,3.863],[-76.5611,3.8481],[-76.4779,3.8655],[-76.4155,4.0092],[-76.4987,4.0638]]]},"properties":{"cod_dep":"31","cod_mun":"040","nombre":"CALIMA (DARIEN)"}},
{"type":"Feature","geometry":{"type":"Polygon","coordinates":[[[-75.9907,4.9128],[-76.0776,5.0467],[-76.1376,4.8434],[-75.9895,4.8806],[-75.9907,4.9128]]]},"properties":{"cod_dep":"31","cod_mun":"043","nombre":"EL AGUILA"}},
{"type":"Feature","geometry":{"type":"Polygon","coordinates":[[[-76.1474,4.7851],[-76.1388,4.8409],[-76.3126,4.7504],[-76.2979,4.6984],[-76.1939,4.6823],[-76.1474,4.7851]]]},"properties":{"cod_dep":"31","cod_mun":"046","nombre":"EL CAIRO"}},
{"type":"Feature","geometry":{"type":"Polygon","coordinates":[[[-75.9552,3.7142],[-76.0825,3.77],[-76.3212,3.7068],[-76.3971,3.7626],[-76.4008,3.7403],[-76.4265,3.6944],[-75.9601,3.7043],[-75.9552,3.7142]]]},"properties":{"cod_dep":"31","cod_mun":"049","nombre":"EL CERRITO"}},
{"type":"Feature","geometry":{"type":"Polygon","coordinates":[[[-76.1853,4.5459],[-76.3004,4.6538],[-76.3653,4.4926],[-76.2686,4.4815],[-76.1657,4.5125],[-76.1853,4.5459]]]},"properties":{"cod_dep":"31","cod_mun":"052","nombre":"EL DOVIO"}},
{"type":"Feature","geometry":{"type":"Polygon","coordinates":[[[-76.0617,3.3548],[-76.3004,3.366],[-76.3432,3.2817],[-76.0556,3.2234],[-76.0617,3.3548]]]},"properties":{"cod_dep":"31","cod_mun":"055","nombre":"FLORIDA"}},
{"type":"Feature","geometry":{"type":"Polygon","coordinates":[[[-76.0825,3.77],[-76.178,3.8047],[-76.3212,3.7068],[-76.0825,3.77]]]},"properties":{"cod_dep":"31","cod_mun":"058","nombre":"GINEBRA"}},
{"type":"Feature","geometry":{"type":"Polygon","coordinates":[[[-76.178,3.8047],[-76.3726,3.8122],[-76.3971,3.7626],[-76.3212,3.7068],[-76.178,3.8047]]]},"properties":{"cod_dep":"31","cod_mun":"061","nombre":"GUACARI"}},
{"type":"Feature","geometry":{"type":"Polygon","coordinates":[[[-76.4926,3.2891],[-76.7019,3.356],[-76.7827,3.2309],[-76.5575,3.1019],[-76.5036,3.1441],[-76.4608,3.2593],[-76.4926,3.2891]]]},"properties":{"cod_dep":"31","cod_mun":"064","nombre":"JAMUNDI"}},
{"type":"Feature","geometry":{"type":"Polygon","coordinates":[[[-76.5611,3.8481],[-76.593,3.863],[-76.5954,3.5482],[-76.5917,3.5469],[-76.5061,3.6994],[-76.5366,3.7489],[-76.5611,3.8481]]]},"properties":{"cod_dep":"31","cod_mun":"067","nombre":"LA CUMBRE"}},
{"type":"Feature","geometry":{"type":"Polygon","coordinates":[[[-76.0384,4.5831],[-76.151,4.5757],[-76.1853,4.5459],[-76.1657,4.5125],[-76.0653,4.4926],[-76.0311,4.5695],[-76.0384,4.5831]]]},"properties":{"cod_dep":"31","cod_mun":"070","nombre":"LA UNION"}},
{"type":"Feature","geometry":{"type":"Polygon","coordinates":[[[-75.8805,4.531],[-76.0311,4.5695],[-76.0653,4.4926],[-76.069,4.4554],[-75.8952,4.4257],[-75.8695,4.4542],[-75.8805,4.531]]]},"properties":{"cod_dep":"31","cod_mun":"073","nombre":"LA VICTORIA"}},
{"type":"Feature","geometry":{"type":"Polygon","coordinates":[[[-75.8658,4.6129],[-76.0164,4.6662],[-76.0384,4.5831],[-76.0311,4.5695],[-75.8805,4.531],[-75.867,4.5757],[-75.8658,4.6129]]]},"properties":{"cod_dep":"31","cod_mun":"076","nombre":"OBANDO"}},
{"type":"Feature","geometry":{"type":"Polygon","coordinates":[[[-75.9601,3.7043],[-76.4265,3.6944],[-76.4265,3.6808],[-76.4914,3.506],[-76.4754,3.4515],[-76.2906,3.4713],[-76.0372,3.4527],[-75.9601,3.7043]]]},"properties":{"cod_dep":"31","cod_mun":"079","nombre":"PALMIRA"}},
{"type":"Feature","geometry":{"type":"Polygon","coordinates":[[[-76.0372,3.4527],[-76.2906,3.4713],[-76.3004,3.366],[-76.0617,3.3548],[-76.0372,3.4527]]]},"properties":{"cod_dep":"31","cod_mun":"082","nombre":"PRADERA"}},
{"type":"Feature","geometry":{"type":"Polygon","coordinates":[[[-76.4779,3.8655],[-76.5611,3.8481],[-76.5366,3.7489],[-76.4681,3.8308],[-76.4779,3.8655]]]},"properties":{"cod_dep":"31","cod_mun":"085","nombre":"RESTREPO"}},
{"type":"Feature","geometry":{"type":"Polygon","coordinates":[[[-76.249,4.184],[-76.4485,4.1617],[-76.4987,4.0638],[-76.4155,4.0092],[-76.3028,4.0675],[-76.2453,4.1679],[-76.249,4.184]]]},"properties":{"cod_dep":"31","cod_mun":"088","nombre":"RIOFRIO"}},
{"type":"Feature","geometry":{"type":"Polygon","coordinates":[[[-76.1657,4.5125],[-76.2686,4.4815],[-76.1486,4.3724],[-76.069,4.4554],[-76.0653,4.4926],[-76.1657,4.5125]]]},"properties":{"cod_dep":"31","cod_mun":"091","nombre":"ROLDANILLO"}},
{"type":"Feature","geometry":{"type":"Polygon","coordinates":[[[-76.1008,3.9572],[-76.3004,4.0489],[-76.3126,3.9931],[-76.1008,3.9572]]]},"properties":{"cod_dep":"31","cod_mun":"094","nombre":"SAN PEDRO"}},
{"type":"Feature","geometry":{"type":"Polygon","coordinates":[[[-75.867,4.4108],[-75.8781,4.4096],[-76.0372,4.2559],[-75.954,4.1766],[-75.823,3.9051],[-75.7459,4.0427],[-75.752,4.0774],[-75.8254,4.215],[-75.867,4.4108]]]},"properties":{"cod_dep":"31","cod_mun":"097","nombre":"SEVILLA"}},
{"type":"Feature","geometry":{"type":"Polygon","coordinates":[[[-76.0164,4.6922],[-76.0886,4.7356],[-76.1229,4.6513],[-76.151,4.5757],[-76.0384,4.5831],[-76.0164,4.6662],[-76.0164,4.6922]]]},"properties":{"cod_dep":"31","cod_mun":"100","nombre":"TORO"}},
{"type":"Feature","geometry":{"type":"Polygon","coordinates":[[[-76.2122,4.2596],[-76.4546,4.2299],[-76.4485,4.1617],[-76.249,4.184],[-76.2355,4.2138],[-76.2122,4.2596]]]},"properties":{"cod_dep":"31","cod_mun":"103","nombre":"TRUJILLO"}},
{"type":"Feature","geometry":{"type":"Polygon","coordinates":[[[-75.823,3.9051],[-75.954,4.1766],[-76.0715,4.0886],[-76.2453,4.1679],[-76.3028,4.0675],[-76.3004,4.0489],[-76.1008,3.9572],[-75.8499,3.889],[-75.823,3.9051]]]},"properties":{"cod_dep":"31","cod_mun":"106","nombre":"TULUA"}},
{"type":"Feature","geometry":{"type":"Polygon","coordinates":[[[-75.714,4.7133],[-75.856,4.7281],[-75.856,4.7133],[-75.7091,4.6798],[-75.714,4.7133]]]},"properties":{"cod_dep":"31","cod_mun":"109","nombre":"ULLOA"}},
{"type":"Feature","geometry":{"type":"Polygon","coordinates":[[[-76.1939,4.6823],[-76.2979,4.6984],[-76.3004,4.6538],[-76.1853,4.5459],[-76.151,4.5757],[-76.1229,4.6513],[-76.1939,4.6823]]]},"properties":{"cod_dep":"31","cod_mun":"112","nombre":"VERSALLES"}},
{"type":"Feature","geometry":{"type":"Polygon","coordinates":[[[-76.4008,3.7403],[-76.4681,3.8308],[-76.5366,3.7489],[-76.5061,3.6994],[-76.4265,3.6808],[-76.4265,3.6944],[-76.4008,3.7403]]]},"properties":{"cod_dep":"31","cod_mun":"115","nombre":"VIJES"}},
{"type":"Feature","geometry":{"type":"Polygon","coordinates":[[[-76.3004,4.0489],[-76.3028,4.0675],[-76.4155,4.0092],[-76.4779,3.8655],[-76.4681,3.8308],[-76.4008,3.7403],[-76.3971,3.7626],[-76.3726,3.8122],[-76.3126,3.9931],[-76.3004,4.0489]]]},"properties":{"cod_dep":"31","cod_mun":"118","nombre":"YOTOCO"}},
{"type":"Feature","geometry":{"type":"Polygon","coordinates":[[[-76.4265,3.6808],[-76.5061,3.6994],[-76.5917,3.5469],[-76.4914,3.506],[-76.4265,3.6808]]]},"properties":{"cod_dep":"31","cod_mun":"121","nombre":"YUMBO"}},
{"type":"Feature","geometry":{"type":"Polygon","coordinates":[[[-75.8952,4.4257],[-76.069,4.4554],[-76.1486,4.3724],[-76.1719,4.3179],[-76.0372,4.2559],[-75.8781,4.4096],[-75.8952,4.4257]]]},"properties":{"cod_dep":"31","cod_mun":"124","nombre":"ZARZAL"}},
{"type":"Feature","geometry":{"type":"Polygon","coordinates":[[[-69.7622,6.5303],[-70.1172,6.979],[-70.5481,7.0744],[-71.0892,6.984],[-70.8847,6.6233],[-70.6546,6.4844],[-70.4098,6.6468],[-69.7622,6.5303]]]},"properties":{"cod_dep":"40","cod_mun":"001","nombre":"ARAUCA"}},
{"type":"Feature","geometry":{"type":"Polygon","coordinates":[[[-71.454,6.6753],[-71.8861,6.684],[-72.1285,6.5241],[-72.3145,6.358],[-72.339,6.3456],[-72.2729,6.1312],[-72.0611,6.1176],[-71.2251,6.2948],[-71.3389,6.57],[-71.454,6.6753]]]},"properties":{"cod_dep":"40","cod_mun":"005","nombre":"TAME"}},
{"type":"Feature","geometry":{"type":"Polygon","coordinates":[[[-71.0892,6.984],[-71.6927,7.0373],[-71.6706,6.8749],[-71.454,6.6753],[-71.3389,6.57],[-70.8847,6.6233],[-71.0892,6.984]]]},"properties":{"cod_dep":"40","cod_mun":"010","nombre":"ARAUQUITA"}},
{"type":"Feature","geometry":{"type":"Polygon","coordinates":[[[-69.7622,6.5303],[-70.4098,6.6468],[-70.6546,6.4844],[-70.7195,6.2204],[-70.1992,6.2948],[-69.892,6.0544],[-69.8356,6.0407],[-69.428,6.1077],[-69.7622,6.5303]]]},"properties":{"cod_dep":"40","cod_mun":"015","nombre":"CRAVO NORTE"}},
{"type":"Feature","geometry":{"type":"Polygon","coordinates":[[[-71.454,6.6753],[-71.6706,6.8749],[-72.1003,6.746],[-72.1285,6.5241],[-71.8861,6.684],[-71.454,6.6753]]]},"properties":{"cod_dep":"40","cod_mun":"017","nombre":"FORTUL"}},
{"type":"Feature","geometry":{"type":"Polygon","coordinates":[[[-70.6546,6.4844],[-70.8847,6.6233],[-71.3389,6.57],[-71.2251,6.2948],[-70.7195,6.2204],[-70.6546,6.4844]]]},"properties":{"cod_dep":"40","cod_mun":"020","nombre":"PUERTO RONDON"}},
{"type":"Feature","geometry":{"type":"Polygon","coordinates":[[[-71.6927,7.0373],[-71.9485,7.0112],[-72.1003,6.746],[-71.6706,6.8749],[-71.6927,7.0373]]]},"properties":{"cod_dep":"40","cod_mun":"025","nombre":"SARAVENA"}},
{"type":"Feature","geometry":{"type":"Polygon","coordinates":[[[-75.4043,1.7695],[-75.4263,2.1947],[-75.5879,2.0137],[-75.6883,1.8811],[-75.7862,1.7633],[-75.7789,1.5823],[-75.5683,1.3221],[-75.479,1.3431],[-75.4043,1.7695]]]},"properties":{"cod_dep":"44","cod_mun":"001","nombre":"FLORENCIA"}},
{"type":"Feature","geometry":{"type":"Polygon","coordinates":[[[-75.7569,1.1894],[-75.9062,1.3593],[-75.9552,1.182],[-75.8144,1.1114],[-75.7569,1.1894]]]},"properties":{"cod_dep":"44","cod_mun":"002","nombre":"ALBANIA"}},
{"type":"Feature","geometry":{"type":"Polygon","coordinates":[[[-73.6734,0.5362],[-73.9623,0.6156],[-74.7873,1.5675],[-74.9293,1.4249],[-74.9648,1.4435],[-75.0811,1.2737],[-74.9,0.9762],[-74.5119,0.1694],[-73.2351,0.1607],[-73.6734,0.5362]]]},"properties":{"cod_dep":"44","cod_mun":"003","nombre":"CARTAGENA DEL CHAIRA"}},
{"type":"Feature","geometry":{"type":"Polygon","coordinates":[[[-75.7789,1.5823],[-75.7862,1.7633],[-75.8377,1.7398],[-76.0996,1.5638],[-75.9062,1.3593],[-75.7569,1.1894],[-75.7422,1.3233],[-75.7789,1.5823]]]},"properties":{"cod_dep":"44","cod_mun":"004","nombre":"BELEN DE LOS ANDAQUIES"}},
{"type":"Feature","geometry":{"type":"Polygon","coordinates":[[[-75.3492,2.3236],[-75.3859,2.3149],[-75.3309,1.6592],[-74.9648,1.4435],[-74.9293,1.4249],[-75.0542,1.7323],[-75.3149,1.8017],[-75.3492,2.3236]]]},"properties":{"cod_dep":"44","cod_mun":"005","nombre":"EL DONCELLO"}},
{"type":"Feature","geometry":{"type":"Polygon","coordinates":[[[-74.9648,1.4435],[-75.3309,1.6592],[-75.3859,2.3149],[-75.3945,2.3025],[-75.4263,2.1947],[-75.4043,1.7695],[-75.0811,1.2737],[-74.9648,1.4435]]]},"properties":{"cod_dep":"44","cod_mun":"006","nombre":"EL PAUJIL"}},
{"type":"Feature","geometry":{"type":"Polygon","coordinates":[[[-75.0811,1.2737],[-75.4043,1.7695],[-75.479,1.3431],[-75.195,1.0419],[-74.9,0.9762],[-75.0811,1.2737]]]},"properties":{"cod_dep":"44","cod_mun":"007","nombre":"LA MONTAÑITA"}},
{"type":"Feature","geometry":{"type":"Polygon","coordinates":[[[-74.7873,1.5675],[-75.1338,2.5987],[-75.3492,2.3236],[-75.3149,1.8017],[-75.0542,1.7323],[-74.9293,1.4249],[-74.7873,1.5675]]]},"properties":{"cod_dep":"44","cod_mun":"009","nombre":"PUERTO RICO"}},
{"type":"Feature","geometry":{"type":"Polygon","coordinates":[[[-74.6,2.6359],[-74.8987,2.9644],[-74.9049,2.9582],[-74.944,2.8962],[-75.1448,2.7239],[-75.1521,2.709],[-75.1338,2.5987],[-74.7873,1.5675],[-73.9623,0.6156],[-73.6734,0.5362],[-73.5142,0.9837],[-73.2388,1.032],[-73.6599,1.6121],[-74.5633,1.8476],[-74.7433,2.2703],[-74.6,2.6359]]]},"properties":{"cod_dep":"44","cod_mun":"010","nombre":"SAN VICENTE DEL CAGUAN"}},
{"type":"Feature","geometry":{"type":"Polygon","coordinates":[[[-75.8144,1.1114],[-75.9552,1.182],[-76.1327,1.1014],[-76.0849,1.0581],[-75.8095,0.8957],[-75.8205,0.9341],[-75.8144,1.1114]]]},"properties":{"cod_dep":"44","cod_mun":"012","nombre":"CURILLO"}},
{"type":"Feature","geometry":{"type":"Polygon","coordinates":[[[-75.195,1.0419],[-75.479,1.3431],[-75.5683,1.3221],[-75.5683,1.2167],[-75.3235,0.9242],[-75.195,1.0419]]]},"properties":{"cod_dep":"44","cod_mun":"016","nombre":"MILAN"}},
{"type":"Feature","geometry":{"type":"Polygon","coordinates":[[[-75.5683,1.3221],[-75.7789,1.5823],[-75.7422,1.3233],[-75.5683,1.2167],[-75.5683,1.3221]]]},"properties":{"cod_dep":"44","cod_mun":"017","nombre":"MORELIA"}},
{"type":"Feature","geometry":{"type":"Polygon","coordinates":[[[-76.0996,1.5638],[-76.1694,1.5885],[-76.1327,1.1014],[-75.9552,1.182],[-75.9062,1.3593],[-76.0996,1.5638]]]},"properties":{"cod_dep":"44","cod_mun":"020","nombre":"SAN JOSE DEL FRAGUA"}},
{"type":"Feature","geometry":{"type":"Polygon","coordinates":[[[-72.033,0.6639],[-72.7259,1.1857],[-73.0784,0.8944],[-73.2388,1.032],[-73.5142,0.9837],[-73.6734,0.5362],[-73.2351,0.1607],[-74.5119,0.1694],[-74.9,0.9762],[-75.195,1.0419],[-75.3235,0.9242],[-75.4692,0.8424],[-75.4839,0.7829],[-75.266,0.7259],[-74.9648,0.245],[-74.5413,-0.1207],[-73.8411,-0.3983],[-72.9964,-0.5334],[-72.317,-0.6524],[-71.9963,-0.2768],[-71.4368,0.007],[-71.2544,0.059],[-71.8322,0.3392],[-72.033,0.6639]]]},"properties":{"cod_dep":"44","cod_mun":"022","nombre":"SOLANO"}},
{"type":"Feature","geometry":{"type":"Polygon","coordinates":[[[-75.4692,0.8424],[-75.8205,0.9341],[-75.8095,0.8957],[-75.4839,0.7829],[-75.4692,0.8424]]]},"properties":{"cod_dep":"44","cod_mun":"024","nombre":"SOLITA"}},
{"type":"Feature","geometry":{"type":"Polygon","coordinates":[[[-75.5683,1.2167],[-75.7422,1.3233],[-75.7569,1.1894],[-75.8144,1.1114],[-75.8205,0.9341],[-75.4692,0.8424],[-75.3235,0.9242],[-75.5683,1.2167]]]},"properties":{"cod_dep":"44","cod_mun":"040","nombre":"VALPARAISO"}},
{"type":"Feature","geometry":{"type":"Polygon","coordinates":[[[-72.3011,5.5065],[-72.4443,5.5202],[-72.5839,5.3826],[-72.5667,5.3739],[-72.3378,5.0677],[-72.1554,4.9041],[-71.9742,5.0677],[-72.0979,5.3441],[-72.3011,5.5065]]]},"properties":{"cod_dep":"46","cod_mun":"001","nombre":"YOPAL"}},
{"type":"Feature","geometry":{"type":"Polygon","coordinates":[[[-72.3378,5.0677],[-72.5667,5.3739],[-72.7002,5.2735],[-72.7565,5.1842],[-72.4468,4.8545],[-72.3378,5.0677]]]},"properties":{"cod_dep":"46","cod_mun":"040","nombre":"AGUAZUL"}},
{"type":"Feature","geometry":{"type":"Polygon","coordinates":[[[-72.7687,5.178],[-72.8116,5.3776],[-72.9376,5.2041],[-72.9095,5.1037],[-72.7687,5.178]]]},"properties":{"cod_dep":"46","cod_mun":"120","nombre":"CHAMEZA"}},
{"type":"Feature","geometry":{"type":"Polygon","coordinates":[[[-69.892,6.0544],[-70.1992,6.2948],[-70.7195,6.2204],[-71.2251,6.2948],[-72.0611,6.1176],[-72.0256,6.0494],[-71.7025,5.8201],[-71.2104,6.0568],[-70.1148,6.1139],[-69.892,6.0544]]]},"properties":{"cod_dep":"46","cod_mun":"320","nombre":"HATO COROZAL"}},
{"type":"Feature","geometry":{"type":"Polygon","coordinates":[[[-72.2729,6.1312],[-72.339,6.3456],[-72.3966,6.2725],[-72.3207,6.0878],[-72.2729,6.1312]]]},"properties":{"cod_dep":"46","cod_mun":"480","nombre":"LA SALINA"}},
{"type":"Feature","geometry":{"type":"Polygon","coordinates":[[[-72.3378,5.0677],[-72.4468,4.8545],[-72.2582,4.4183],[-72.0734,4.3922],[-71.6694,4.6091],[-72.1554,4.9041],[-72.3378,5.0677]]]},"properties":{"cod_dep":"46","cod_mun":"520","nombre":"MANI"}},
{"type":"Feature","geometry":{"type":"Polygon","coordinates":[[[-72.7589,4.6414],[-72.9034,5.0677],[-72.9756,4.9748],[-72.8568,4.7195],[-72.7589,4.6414]]]},"properties":{"cod_dep":"46","cod_mun":"540","nombre":"MONTERREY"}},
{"type":"Feature","geometry":{"type":"Polygon","coordinates":[[[-72.1052,5.7135],[-72.2485,5.6962],[-72.3011,5.5065],[-72.0979,5.3441],[-71.9522,5.5474],[-72.1052,5.7135]]]},"properties":{"cod_dep":"46","cod_mun":"560","nombre":"NUNCHIA"}},
{"type":"Feature","geometry":{"type":"Polygon","coordinates":[[[-70.9741,5.0801],[-71.2128,5.0058],[-71.5225,5.2115],[-71.9742,5.0677],[-72.1554,4.9041],[-71.6694,4.6091],[-71.0782,4.8992],[-70.9741,5.0801]]]},"properties":{"cod_dep":"46","cod_mun":"640","nombre":"OROCUE"}},
{"type":"Feature","geometry":{"type":"Polygon","coordinates":[[[-69.892,6.0544],[-70.1148,6.1139],[-71.2104,6.0568],[-71.7025,5.8201],[-72.0256,6.0494],[-72.0489,5.8374],[-71.6596,5.5561],[-71.2471,5.4458],[-70.6044,5.4222],[-70.1527,5.6007],[-69.8356,6.0407],[-69.892,6.0544]]]},"properties":{"cod_dep":"46","cod_mun":"680","nombre":"PAZ DE ARIPORO (MORENO)"}},
{"type":"Feature","geometry":{"type":"Polygon","coordinates":[[[-71.6596,5.5561],[-72.0489,5.8374],[-72.1052,5.7135],[-71.9522,5.5474],[-71.9057,5.5375],[-71.6596,5.5561]]]},"properties":{"cod_dep":"46","cod_mun":"700","nombre":"PORE"}},
{"type":"Feature","geometry":{"type":"Polygon","coordinates":[[[-72.7002,5.2735],[-72.8116,5.3776],[-72.7687,5.178],[-72.7565,5.1842],[-72.7002,5.2735]]]},"properties":{"cod_dep":"46","cod_mun":"760","nombre":"RECETOR"}},
{"type":"Feature","geometry":{"type":"Polygon","coordinates":[[[-72.9756,4.9748],[-73.0307,4.9822],[-73.0527,4.7368],[-73.0405,4.6773],[-72.8568,4.7195],[-72.9756,4.9748]]]},"properties":{"cod_dep":"46","cod_mun":"800","nombre":"SABANALARGA"}},
{"type":"Feature","geometry":{"type":"Polygon","coordinates":[[[-72.0611,6.1176],[-72.2729,6.1312],[-72.3207,6.0878],[-72.3427,6.0011],[-72.0256,6.0494],[-72.0611,6.1176]]]},"properties":{"cod_dep":"46","cod_mun":"815","nombre":"SACAMA"}},
{"type":"Feature","geometry":{"type":"Polygon","coordinates":[[[-71.9057,5.5375],[-71.9522,5.5474],[-72.0979,5.3441],[-71.9742,5.0677],[-71.5225,5.2115],[-71.2128,5.0058],[-70.9741,5.0801],[-70.9129,5.1409],[-71.3732,5.2586],[-71.9057,5.5375]]]},"properties":{"cod_dep":"46","cod_mun":"830","nombre":"SAN LUIS DE PALENQUE"}},
{"type":"Feature","geometry":{"type":"Polygon","coordinates":[[[-72.0256,6.0494],[-72.3427,6.0011],[-72.4162,5.9044],[-72.4614,5.8474],[-72.2974,5.7544],[-72.2485,5.6962],[-72.1052,5.7135],[-72.0489,5.8374],[-72.0256,6.0494]]]},"properties":{"cod_dep":"46","cod_mun":"840","nombre":"TAMARA"}},
{"type":"Feature","geometry":{"type":"Polygon","coordinates":[[[-72.7565,5.1842],[-72.7687,5.178],[-72.9095,5.1037],[-72.9034,5.0677],[-72.7589,4.6414],[-72.6169,4.3104],[-72.2582,4.4183],[-72.4468,4.8545],[-72.7565,5.1842]]]},"properties":{"cod_dep":"46","cod_mun":"850","nombre":"TAURAMENA"}},
{"type":"Feature","geometry":{"type":"Polygon","coordinates":[[[-71.6596,5.5561],[-71.9057,5.5375],[-71.3732,5.2586],[-70.9129,5.1409],[-70.6522,5.3739],[-70.6044,5.4222],[-71.2471,5.4458],[-71.6596,5.5561]]]},"properties":{"cod_dep":"46","cod_mun":"865","nombre":"TRINIDAD"}},
{"type":"Feature","geometry":{"type":"Polygon","coordinates":[[[-72.7589,4.6414],[-72.8568,4.7195],[-73.0405,4.6773],[-72.8434,4.4331],[-72.7393,4.3092],[-72.6169,4.3104],[-72.7589,4.6414]]]},"properties":{"cod_dep":"46","cod_mun":"880","nombre":"VILLANUEVA"}},
{"type":"Feature","geometry":{"type":"Polygon","coordinates":[[[-72.6475,11.4287],[-72.8911,11.5601],[-73.2168,11.3295],[-73.3857,10.9168],[-73.0184,11.0073],[-72.9144,11.0321],[-72.9119,11.0345],[-72.8568,11.0965],[-72.6487,11.1634],[-72.6145,11.3221],[-72.6475,11.4287]]]},"properties":{"cod_dep":"48","cod_mun":"001","nombre":"RIOHACHA"}},
{"type":"Feature","geometry":{"type":"Polygon","coordinates":[[[-72.459,11.1164],[-72.6145,11.3221],[-72.6487,11.1634],[-72.6377,11.1226],[-72.6292,11.1176],[-72.4957,11.0816],[-72.459,11.1164]]]},"properties":{"cod_dep":"48","cod_mun":"002","nombre":"ALBANIA"}},
{"type":"Feature","geometry":{"type":"Polygon","coordinates":[[[-72.4921,11.0792],[-72.6292,11.1176],[-72.6377,11.1226],[-72.8568,11.0965],[-72.9119,11.0345],[-72.6757,10.8189],[-72.4921,11.0792]]]},"properties":{"cod_dep":"48","cod_mun":"004","nombre":"BARRANCAS"}},
{"type":"Feature","geometry":{"type":"Polygon","coordinates":[[[-73.3857,10.9168],[-73.2168,11.3295],[-73.5754,11.2601],[-73.5987,10.8362],[-73.4555,10.8672],[-73.3857,10.9168]]]},"properties":{"cod_dep":"48","cod_mun":"005","nombre":"DIBULLA"}},
{"type":"Feature","geometry":{"type":"Polygon","coordinates":[[[-72.781,10.6119],[-73.0135,10.6677],[-72.8422,10.5388],[-72.781,10.6119]]]},"properties":{"cod_dep":"48","cod_mun":"006","nombre":"EL MOLINO"}},
{"type":"Feature","geometry":{"type":"Polygon","coordinates":[[[-72.6757,10.8189],[-72.9119,11.0345],[-72.9144,11.0321],[-72.8985,10.7904],[-72.7479,10.6528],[-72.6757,10.8189]]]},"properties":{"cod_dep":"48","cod_mun":"007","nombre":"FONSECA"}},
{"type":"Feature","geometry":{"type":"Polygon","coordinates":[[[-72.9144,11.0321],[-73.0184,11.0073],[-72.8985,10.7904],[-72.9144,11.0321]]]},"properties":{"cod_dep":"48","cod_mun":"008","nombre":"DISTRACCION"}},
{"type":"Feature","geometry":{"type":"MultiPolygon","coordinates":[[[[-72.4957,11.0816],[-72.6292,11.1176],[-72.4921,11.0792],[-72.4957,11.0816]]],[[[-72.6487,11.1634],[-72.8568,11.0965],[-72.6377,11.1226],[-72.6487,11.1634]]]]},"properties":{"cod_dep":"48","cod_mun":"009","nombre":"HATONUEVO"}},
{"type":"Feature","geometry":{"type":"Polygon","coordinates":[[[-71.9791,11.6307],[-72.2619,11.5266],[-72.6475,11.4287],[-72.6145,11.3221],[-72.459,11.1164],[-72.246,11.1449],[-71.9791,11.6307]]]},"properties":{"cod_dep":"48","cod_mun":"010","nombre":"MAICAO"}},
{"type":"Feature","geometry":{"type":"Polygon","coordinates":[[[-72.2619,11.5266],[-72.355,11.8278],[-72.8911,11.5601],[-72.6475,11.4287],[-72.2619,11.5266]]]},"properties":{"cod_dep":"48","cod_mun":"011","nombre":"MANAURE"}},
{"type":"Feature","geometry":{"type":"Polygon","coordinates":[[[-72.8862,10.4532],[-73.1629,10.4892],[-73.1776,10.457],[-73.1286,10.3987],[-72.9009,10.4359],[-72.8862,10.4532]]]},"properties":{"cod_dep":"48","cod_mun":"012","nombre":"LA JAGUA DEL PILAR"}},
{"type":"Feature","geometry":{"type":"Polygon","coordinates":[[[-73.0184,11.0073],[-73.3857,10.9168],[-73.4555,10.8672],[-73.076,10.6367],[-73.0135,10.6677],[-72.781,10.6119],[-72.7479,10.6528],[-72.8985,10.7904],[-73.0184,11.0073]]]},"properties":{"cod_dep":"48","cod_mun":"013","nombre":"SAN JUAN DEL CESAR"}},
{"type":"Feature","geometry":{"type":"Polygon","coordinates":[[[-71.9791,11.6307],[-71.3781,11.8117],[-71.1149,12.0856],[-71.2826,12.3434],[-71.6241,12.4401],[-72.1432,12.2393],[-72.355,11.8278],[-72.2619,11.5266],[-71.9791,11.6307]]]},"properties":{"cod_dep":"48","cod_mun":"016","nombre":"URIBIA"}},
{"type":"Feature","geometry":{"type":"Polygon","coordinates":[[[-72.8434,10.5078],[-73.0992,10.5524],[-73.1629,10.4892],[-72.8862,10.4532],[-72.8434,10.5078]]]},"properties":{"cod_dep":"48","cod_mun":"018","nombre":"URUMITA"}},
{"type":"Feature","geometry":{"type":"Polygon","coordinates":[[[-72.8422,10.5388],[-73.0135,10.6677],[-73.076,10.6367],[-73.0992,10.5524],[-72.8434,10.5078],[-72.8422,10.5388]]]},"properties":{"cod_dep":"48","cod_mun":"020","nombre":"VILLANUEVA"}},
{"type":"Feature","geometry":{"type":"Polygon","coordinates":[[[-67.582,3.7527],[-67.7081,4.0452],[-68.314,3.9783],[-68.838,3.6709],[-68.5209,3.4453],[-69.1256,3.2098],[-69.4182,2.8677],[-69.1881,2.3632],[-69.177,2.3632],[-69.111,2.6037],[-68.3287,3.0189],[-67.7791,3.1478],[-67.8464,3.3895],[-67.582,3.7527]]]},"properties":{"cod_dep":"50","cod_mun":"001","nombre":"INIRIDA"}},
{"type":"Feature","geometry":{"type":"Polygon","coordinates":[[[-68.838,3.6709],[-69.5602,3.6783],[-70.0535,3.3969],[-69.876,2.6966],[-69.4182,2.8677],[-69.1256,3.2098],[-68.5209,3.4453],[-68.838,3.6709]]]},"properties":{"cod_dep":"50","cod_mun":"070","nombre":"BARRANCOMINAS"}},
{"type":"Feature","geometry":{"type":"Polygon","coordinates":[[[-67.5159,3.1751],[-67.3347,3.335],[-67.582,3.7527],[-67.8464,3.3895],[-67.7791,3.1478],[-67.5159,3.1751]]]},"properties":{"cod_dep":"50","cod_mun":"073","nombre":"CACAHUAL"}},
{"type":"Feature","geometry":{"type":"Polygon","coordinates":[[[-67.1437,1.6047],[-67.0887,1.1659],[-66.8573,1.2279],[-66.9858,1.6865],[-67.1437,1.6047]]]},"properties":{"cod_dep":"50","cod_mun":"078","nombre":"LA GUADALUPE"}},
{"type":"Feature","geometry":{"type":"Polygon","coordinates":[[[-69.4182,2.8677],[-69.876,2.6966],[-70.3816,2.6049],[-70.635,2.3483],[-70.5432,2.2802],[-70.1098,2.0806],[-70.1637,1.9195],[-69.6716,2],[-69.1881,2.3632],[-69.4182,2.8677]]]},"properties":{"cod_dep":"50","cod_mun":"083","nombre":"MORICHAL (MORICHAL NUEVO)"}},
{"type":"Feature","geometry":{"type":"Polygon","coordinates":[[[-68.2173,1.9653],[-68.8502,2.129],[-69.177,2.3632],[-69.1881,2.3632],[-69.6716,2],[-70.1637,1.9195],[-69.8687,1.7187],[-69.8454,1.7137],[-68.1634,1.7274],[-68.2173,1.9653]]]},"properties":{"cod_dep":"50","cod_mun":"087","nombre":"PANA PANA (CAMPO ALEGRE)"}},
{"type":"Feature","geometry":{"type":"Polygon","coordinates":[[[-67.5159,3.1751],[-67.7791,3.1478],[-68.3287,3.0189],[-69.111,2.6037],[-69.177,2.3632],[-68.8502,2.129],[-68.2173,1.9653],[-67.9076,1.8042],[-67.6775,2.0087],[-67.6664,2.4587],[-67.3359,2.5008],[-67.6579,2.797],[-67.5159,3.1751]]]},"properties":{"cod_dep":"50","cod_mun":"090","nombre":"PUERTO COLOMBIA"}},
{"type":"Feature","geometry":{"type":"Polygon","coordinates":[[[-67.3359,2.5008],[-67.6664,2.4587],[-67.6775,2.0087],[-67.347,1.9852],[-67.1437,1.6047],[-66.9858,1.6865],[-67.3359,2.5008]]]},"properties":{"cod_dep":"50","cod_mun":"092","nombre":"SAN FELIPE"}},
{"type":"Feature","geometry":{"type":"Polygon","coordinates":[[[-73.6281,4.2869],[-73.7639,4.2807],[-73.7431,4.1989],[-73.4163,3.9844],[-73.1751,3.9349],[-73.2608,4.1295],[-73.3992,4.1307],[-73.5889,4.1927],[-73.6281,4.2869]]]},"properties":{"cod_dep":"52","cod_mun":"001","nombre":"VILLAVICENCIO"}},
{"type":"Feature","geometry":{"type":"Polygon","coordinates":[[[-73.7431,4.1989],[-73.9329,4.1493],[-74.0333,4.0675],[-73.7284,3.9212],[-73.4579,3.8555],[-73.4163,3.9844],[-73.7431,4.1989]]]},"properties":{"cod_dep":"52","cod_mun":"005","nombre":"ACACIAS"}},
{"type":"Feature","geometry":{"type":"Polygon","coordinates":[[[-72.8434,4.4331],[-73.0405,4.6773],[-73.0527,4.7368],[-73.0919,4.4753],[-72.8434,4.4331]]]},"properties":{"cod_dep":"52","cod_mun":"006","nombre":"BARRANCA DE UPIA"}},
{"type":"Feature","geometry":{"type":"Polygon","coordinates":[[[-72.8434,4.4331],[-73.0919,4.4753],[-73.1249,4.2571],[-73.0442,4.1766],[-72.7393,4.3092],[-72.8434,4.4331]]]},"properties":{"cod_dep":"52","cod_mun":"008","nombre":"CABUYARO"}},
{"type":"Feature","geometry":{"type":"Polygon","coordinates":[[[-73.4579,3.8555],[-73.7284,3.9212],[-73.7186,3.806],[-73.3575,3.7105],[-73.4579,3.8555]]]},"properties":{"cod_dep":"52","cod_mun":"010","nombre":"CASTILLA LA NUEVA"}},
{"type":"Feature","geometry":{"type":"Polygon","coordinates":[[[-73.7493,3.8109],[-74.2022,4.0142],[-74.3981,3.7452],[-74.2352,3.7861],[-74.043,3.7142],[-73.8888,3.7316],[-73.7872,3.7242],[-73.7493,3.8109]]]},"properties":{"cod_dep":"52","cod_mun":"015","nombre":"CUBARRAL"}},
{"type":"Feature","geometry":{"type":"Polygon","coordinates":[[[-73.4273,4.3067],[-73.5717,4.3736],[-73.4249,4.1555],[-73.1102,4.1654],[-73.0442,4.1766],[-73.1249,4.2571],[-73.4273,4.3067]]]},"properties":{"cod_dep":"52","cod_mun":"020","nombre":"CUMARAL"}},
{"type":"Feature","geometry":{"type":"Polygon","coordinates":[[[-73.633,4.3972],[-73.7456,4.4554],[-73.8092,4.396],[-73.7921,4.3526],[-73.7639,4.2807],[-73.6281,4.2869],[-73.633,4.3972]]]},"properties":{"cod_dep":"52","cod_mun":"025","nombre":"EL CALVARIO"}},
{"type":"Feature","geometry":{"type":"Polygon","coordinates":[[[-73.8888,3.7316],[-74.043,3.7142],[-73.8815,3.5085],[-73.7468,3.6188],[-73.7652,3.6585],[-73.8888,3.7316]]]},"properties":{"cod_dep":"52","cod_mun":"027","nombre":"EL CASTILLO"}},
{"type":"Feature","geometry":{"type":"Polygon","coordinates":[[[-73.7872,3.7242],[-73.8888,3.7316],[-73.7652,3.6585],[-73.7872,3.7242]]]},"properties":{"cod_dep":"52","cod_mun":"028","nombre":"EL DORADO"}},
{"type":"Feature","geometry":{"type":"Polygon","coordinates":[[[-73.4236,3.3461],[-73.6428,3.5506],[-73.7468,3.361],[-73.5473,3.2309],[-73.4236,3.3461]]]},"properties":{"cod_dep":"52","cod_mun":"030","nombre":"FUENTE DE ORO"}},
{"type":"Feature","geometry":{"type":"Polygon","coordinates":[[[-73.6428,3.5506],[-73.7468,3.6188],[-73.8815,3.5085],[-73.8668,3.4465],[-73.7468,3.361],[-73.6428,3.5506]]]},"properties":{"cod_dep":"52","cod_mun":"035","nombre":"GRANADA"}},
{"type":"Feature","geometry":{"type":"Polygon","coordinates":[[[-73.7284,3.9212],[-74.0333,4.0675],[-74.1508,4.0043],[-74.2022,4.0142],[-73.7493,3.8109],[-73.7186,3.806],[-73.7284,3.9212]]]},"properties":{"cod_dep":"52","cod_mun":"040","nombre":"GUAMAL"}},
{"type":"Feature","geometry":{"type":"Polygon","coordinates":[[[-73.4469,2.3855],[-73.5595,2.6396],[-73.9341,2.5392],[-74.5021,2.5107],[-74.6,2.6359],[-74.7433,2.2703],[-74.5633,1.8476],[-73.6599,1.6121],[-73.6611,2.062],[-73.4469,2.3855]]]},"properties":{"cod_dep":"52","cod_mun":"041","nombre":"LA MACARENA"}},
{"type":"Feature","geometry":{"type":"Polygon","coordinates":[[[-74.043,3.7142],[-74.2352,3.7861],[-74.2524,3.6448],[-74.0516,3.4552],[-73.8668,3.4465],[-73.8815,3.5085],[-74.043,3.7142]]]},"properties":{"cod_dep":"52","cod_mun":"042","nombre":"LEJANIAS"}},
{"type":"Feature","geometry":{"type":"Polygon","coordinates":[[[-71.0782,4.8992],[-71.6694,4.6091],[-72.0734,4.3922],[-72.295,3.7564],[-72.4064,3.4354],[-72.1934,3.2767],[-71.6498,3.4862],[-71.0782,3.356],[-71.0782,4.7269],[-71.0782,4.8992]]]},"properties":{"cod_dep":"52","cod_mun":"043","nombre":"PUERTO GAITAN"}},
{"type":"Feature","geometry":{"type":"Polygon","coordinates":[[[-74.0516,3.4552],[-74.2524,3.6448],[-74.2964,3.3523],[-74.1655,2.8441],[-73.972,2.5702],[-74.0345,3.154],[-74.0516,3.4552]]]},"properties":{"cod_dep":"52","cod_mun":"044","nombre":"MESETAS"}},
{"type":"Feature","geometry":{"type":"Polygon","coordinates":[[[-72.0734,4.3922],[-72.2582,4.4183],[-72.6169,4.3104],[-72.7393,4.3092],[-73.0442,4.1766],[-73.1102,4.1654],[-73.2608,4.1295],[-73.1751,3.9349],[-73.1629,3.7304],[-72.9719,3.656],[-72.295,3.7564],[-72.0734,4.3922]]]},"properties":{"cod_dep":"52","cod_mun":"045","nombre":"PUERTO LOPEZ"}},
{"type":"Feature","geometry":{"type":"Polygon","coordinates":[[[-71.0782,3.356],[-71.6498,3.4862],[-72.1934,3.2767],[-72.4064,3.4354],[-72.8777,3.2643],[-72.9009,2.9706],[-72.8911,2.8887],[-72.4357,2.74],[-72.1126,2.8751],[-71.6523,2.8206],[-71.0769,2.8826],[-71.0782,3.356]]]},"properties":{"cod_dep":"52","cod_mun":"046","nombre":"MAPIRIPAN"}},
{"type":"Feature","geometry":{"type":"Polygon","coordinates":[[[-72.4357,2.74],[-72.8911,2.8887],[-72.9413,2.5244],[-72.4357,2.74]]]},"properties":{"cod_dep":"52","cod_mun":"047","nombre":"PUERTO CONCORDIA"}},
{"type":"Feature","geometry":{"type":"Polygon","coordinates":[[[-72.8777,3.2643],[-73.4236,3.3461],[-73.5473,3.2309],[-73.475,3.123],[-73.4212,2.9272],[-73.1384,3.092],[-72.9009,2.9706],[-72.8777,3.2643]]]},"properties":{"cod_dep":"52","cod_mun":"048","nombre":"PUERTO LLERAS"}},
{"type":"Feature","geometry":{"type":"Polygon","coordinates":[[[-72.9009,2.9706],[-73.1384,3.092],[-73.4212,2.9272],[-73.3343,2.5355],[-73.0699,2.4252],[-72.9413,2.5244],[-72.8911,2.8887],[-72.9009,2.9706]]]},"properties":{"cod_dep":"52","cod_mun":"049","nombre":"PUERTO RICO"}},
{"type":"Feature","geometry":{"type":"Polygon","coordinates":[[[-73.5717,4.3736],[-73.6024,4.4616],[-73.633,4.3972],[-73.6281,4.2869],[-73.5889,4.1927],[-73.3992,4.1307],[-73.2608,4.1295],[-73.1102,4.1654],[-73.4249,4.1555],[-73.5717,4.3736]]]},"properties":{"cod_dep":"52","cod_mun":"050","nombre":"RESTREPO"}},
{"type":"Feature","geometry":{"type":"Polygon","coordinates":[[[-73.1751,3.9349],[-73.4163,3.9844],[-73.4579,3.8555],[-73.3575,3.7105],[-73.1629,3.7304],[-73.1751,3.9349]]]},"properties":{"cod_dep":"52","cod_mun":"055","nombre":"SAN CARLOS DE GUAROA"}},
{"type":"Feature","geometry":{"type":"Polygon","coordinates":[[[-73.8668,3.4465],[-74.0516,3.4552],[-74.0345,3.154],[-73.475,3.123],[-73.5473,3.2309],[-73.7468,3.361],[-73.8668,3.4465]]]},"properties":{"cod_dep":"52","cod_mun":"058","nombre":"SAN JUAN DE ARAMA"}},
{"type":"Feature","geometry":{"type":"Polygon","coordinates":[[[-73.5681,4.5248],[-73.6415,4.5472],[-73.6685,4.5397],[-73.7456,4.4554],[-73.633,4.3972],[-73.6024,4.4616],[-73.5681,4.5248]]]},"properties":{"cod_dep":"52","cod_mun":"059","nombre":"SAN JUANITO"}},
{"type":"Feature","geometry":{"type":"Polygon","coordinates":[[[-73.7186,3.806],[-73.7493,3.8109],[-73.7872,3.7242],[-73.7652,3.6585],[-73.7468,3.6188],[-73.6428,3.5506],[-73.4236,3.3461],[-72.8777,3.2643],[-72.4064,3.4354],[-72.295,3.7564],[-72.9719,3.656],[-73.1629,3.7304],[-73.3575,3.7105],[-73.7186,3.806]]]},"properties":{"cod_dep":"52","cod_mun":"060","nombre":"SAN MARTIN DE LOS LLANOS"}},
{"type":"Feature","geometry":{"type":"Polygon","coordinates":[[[-74.2524,3.6448],[-74.2352,3.7861],[-74.3981,3.7452],[-74.4164,3.7403],[-74.7665,3.097],[-74.8987,2.9644],[-74.6,2.6359],[-74.5021,2.5107],[-73.9341,2.5392],[-73.972,2.5702],[-74.1655,2.8441],[-74.2964,3.3523],[-74.2524,3.6448]]]},"properties":{"cod_dep":"52","cod_mun":"074","nombre":"URIBE"}},
{"type":"Feature","geometry":{"type":"Polygon","coordinates":[[[-73.475,3.123],[-74.0345,3.154],[-73.972,2.5702],[-73.9341,2.5392],[-73.5595,2.6396],[-73.4469,2.3855],[-73.0699,2.4252],[-73.3343,2.5355],[-73.4212,2.9272],[-73.475,3.123]]]},"properties":{"cod_dep":"52","cod_mun":"080","nombre":"VISTA HERMOSA"}},
{"type":"Feature","geometry":{"type":"Polygon","coordinates":[[[-71.0769,2.8826],[-71.6523,2.8206],[-72.1126,2.8751],[-72.4357,2.74],[-72.9413,2.5244],[-73.0699,2.4252],[-73.4469,2.3855],[-73.6611,2.062],[-72.9903,2.1562],[-72.7491,2.4314],[-70.8468,2.1761],[-70.5432,2.2802],[-70.635,2.3483],[-70.5016,2.7884],[-71.0769,2.8826]]]},"properties":{"cod_dep":"54","cod_mun":"001","nombre":"SAN JOSE DEL GUAVIARE"}},
{"type":"Feature","geometry":{"type":"Polygon","coordinates":[[[-72.4357,1.855],[-72.6744,2.1277],[-72.9903,2.1562],[-73.6611,2.062],[-73.6599,1.6121],[-73.2388,1.032],[-73.0784,0.8944],[-72.7259,1.1857],[-72.4357,1.855]]]},"properties":{"cod_dep":"54","cod_mun":"003","nombre":"CALAMAR"}},
{"type":"Feature","geometry":{"type":"Polygon","coordinates":[[[-70.5432,2.2802],[-70.8468,2.1761],[-72.7491,2.4314],[-72.9903,2.1562],[-72.6744,2.1277],[-72.4357,1.855],[-72.0293,1.9951],[-71.3928,1.7361],[-71.2532,1.6704],[-70.8945,1.9195],[-70.1098,2.0806],[-70.5432,2.2802]]]},"properties":{"cod_dep":"54","cod_mun":"007","nombre":"EL RETORNO"}},
{"type":"Feature","geometry":{"type":"Polygon","coordinates":[[[-71.3928,1.7361],[-72.0293,1.9951],[-72.4357,1.855],[-72.7259,1.1857],[-72.033,0.6639],[-71.8029,0.8882],[-71.5739,1.0816],[-71.3928,1.7361]]]},"properties":{"cod_dep":"54","cod_mun":"012","nombre":"MIRAFLORES"}},
{"type":"Feature","geometry":{"type":"Polygon","coordinates":[[[-81.7038,12.595],[-81.7221,12.5777],[-81.7356,12.5306],[-81.7038,12.543],[-81.7038,12.595]]]},"properties":{"cod_dep":"56","cod_mun":"001","nombre":"SAN ANDRES"}},
{"type":"Feature","geometry":{"type":"Polygon","coordinates":[[[-81.3647,13.3858],[-81.3929,13.3561],[-81.3598,13.335],[-81.3647,13.3858]]]},"properties":{"cod_dep":"56","cod_mun":"004","nombre":"PROVIDENCIA"}},
{"type":"Feature","geometry":{"type":"Polygon","coordinates":[[[-69.7144,-3.0025],[-70.3351,-3.197],[-70.3082,-3.8118],[-69.9336,-4.2196],[-69.7144,-3.0025]]]},"properties":{"cod_dep":"60","cod_mun":"001","nombre":"LETICIA"}},
{"type":"Feature","geometry":{"type":"Polygon","coordinates":[[[-70.3082,-3.8118],[-70.3351,-3.197],[-70.7134,-3.7957],[-70.3082,-3.8118]]]},"properties":{"cod_dep":"60","cod_mun":"007","nombre":"PUERTO NARIÑO"}},
{"type":"Feature","geometry":{"type":"Polygon","coordinates":[[[-72.9964,-1.5027],[-73.4922,-1.5027],[-73.5069,-1.732],[-73.109,-1.8844],[-73.1568,-2.26],[-72.9058,-2.4447],[-72.366,-2.493],[-71.9155,-2.3678],[-71.7686,-2.1807],[-71.9951,-2.1423],[-72.1995,-2.0964],[-72.6891,-1.5027],[-72.9964,-1.5027]]]},"properties":{"cod_dep":"60","cod_mun":"010","nombre":"EL ENCANTO"}},
{"type":"Feature","geometry":{"type":"Polygon","coordinates":[[[-72.9964,-0.5334],[-73.8411,-0.3983],[-72.9964,-1.5027],[-72.6891,-1.5027],[-72.1995,-2.0964],[-71.9951,-2.1423],[-71.9901,-1.5337],[-72.1774,-1.2213],[-72.7834,-1.1184],[-72.9964,-0.5334]]]},"properties":{"cod_dep":"60","cod_mun":"013","nombre":"LA CHORRERA"}},
{"type":"Feature","geometry":{"type":"Polygon","coordinates":[[[-70.2555,-0.433],[-70.4967,-0.3859],[-70.4967,-1.4767],[-70.4967,-2.0034],[-69.5345,-2.0022],[-69.4329,-1.0689],[-70.2249,-0.8953],[-70.2555,-0.433]]]},"properties":{"cod_dep":"60","cod_mun":"016","nombre":"LA PEDRERA"}},
{"type":"Feature","geometry":{"type":"Polygon","coordinates":[[[-70.8431,-0.3326],[-70.9986,-0.0029],[-71.2544,0.059],[-71.4368,0.007],[-71.0855,-0.3004],[-70.8431,-0.3326]]]},"properties":{"cod_dep":"60","cod_mun":"017","nombre":"LA VICTORIA"}},
{"type":"Feature","geometry":{"type":"Polygon","coordinates":[[[-71.4368,0.007],[-71.9963,-0.2768],[-71.9963,-0.7838],[-71.5605,-1.1296],[-71.1736,-1.054],[-70.728,-1.4283],[-70.4967,-1.4767],[-70.4967,-0.3859],[-70.8431,-0.3326],[-71.0855,-0.3004],[-71.4368,0.007]]]},"properties":{"cod_dep":"60","cod_mun":"019","nombre":"MIRITI PARANA"}},
{"type":"Feature","geometry":{"type":"Polygon","coordinates":[[[-70.728,-1.4283],[-71.1736,-1.054],[-71.5605,-1.1296],[-71.9963,-0.7838],[-71.9963,-0.2768],[-72.317,-0.6524],[-72.9964,-0.5334],[-72.7834,-1.1184],[-72.1774,-1.2213],[-71.9901,-1.5337],[-71.4931,-1.8274],[-71.2251,-1.3924],[-70.728,-1.4283]]]},"properties":{"cod_dep":"60","cod_mun":"021","nombre":"PUERTO SANTANDER"}},
{"type":"Feature","geometry":{"type":"Polygon","coordinates":[[[-69.7144,-3.0025],[-69.5345,-2.0022],[-70.4967,-2.0034],[-70.4955,-2.4769],[-70.0609,-2.7595],[-70.3351,-3.197],[-69.7144,-3.0025]]]},"properties":{"cod_dep":"60","cod_mun":"022","nombre":"TARAPACA"}},
{"type":"Feature","geometry":{"type":"Polygon","coordinates":[[[-72.9964,-1.5027],[-73.8411,-0.3983],[-74.3895,-0.5533],[-74.2744,-0.9796],[-73.6317,-1.2721],[-73.4922,-1.5027],[-72.9964,-1.5027]]]},"properties":{"cod_dep":"60","cod_mun":"030","nombre":"PUERTO ALEGRIA"}},
{"type":"Feature","geometry":{"type":"Polygon","coordinates":[[[-70.728,-1.4283],[-71.2251,-1.3924],[-71.4931,-1.8274],[-71.9901,-1.5337],[-71.9951,-2.1423],[-71.7686,-2.1807],[-71.3169,-2.3802],[-70.9814,-2.2141],[-70.4955,-2.4769],[-70.4967,-2.0034],[-70.4967,-1.4767],[-70.728,-1.4283]]]},"properties":{"cod_dep":"60","cod_mun":"040","nombre":"PUERTO ARICA"}},
{"type":"Feature","geometry":{"type":"Polygon","coordinates":[[[-76.5673,1.0816],[-76.6015,1.4138],[-76.921,1.3456],[-76.9039,1.3208],[-76.877,1.2898],[-76.7411,1.006],[-76.4656,0.8684],[-76.4106,0.8684],[-76.4852,1.0085],[-76.5673,1.0816]]]},"properties":{"cod_dep":"64","cod_mun":"001","nombre":"MOCOA"}},
{"type":"Feature","geometry":{"type":"Polygon","coordinates":[[[-75.7716,0.4396],[-76.2367,0.6614],[-76.6542,0.6478],[-76.7717,0.5052],[-76.6566,0.3317],[-76.6407,0.2586],[-76.1449,0.3751],[-75.7716,0.4396]]]},"properties":{"cod_dep":"64","cod_mun":"002","nombre":"PUERTO ASIS"}},
{"type":"Feature","geometry":{"type":"Polygon","coordinates":[[[-73.8411,-0.3983],[-74.5413,-0.1207],[-74.9648,0.245],[-75.266,0.7259],[-75.7716,0.4396],[-76.1449,0.3751],[-75.7397,0.0318],[-75.2023,-0.0451],[-74.3895,-0.5533],[-73.8411,-0.3983]]]},"properties":{"cod_dep":"64","cod_mun":"004","nombre":"PUERTO LEGUIZAMO"}},
{"type":"Feature","geometry":{"type":"Polygon","coordinates":[[[-76.9333,1.2849],[-77.0214,1.1956],[-76.9651,1.1572],[-76.9333,1.2849]]]},"properties":{"cod_dep":"64","cod_mun":"007","nombre":"COLON"}},
{"type":"Feature","geometry":{"type":"Polygon","coordinates":[[[-76.7411,1.006],[-76.877,1.2898],[-76.9651,1.1572],[-76.8537,1.0457],[-76.7411,1.006]]]},"properties":{"cod_dep":"64","cod_mun":"013","nombre":"SAN FRANCISCO"}},
{"type":"Feature","geometry":{"type":"Polygon","coordinates":[[[-77.0214,1.1956],[-77.0887,1.182],[-77.0471,0.9787],[-76.8537,1.0457],[-76.9651,1.1572],[-77.0214,1.1956]]]},"properties":{"cod_dep":"64","cod_mun":"016","nombre":"SANTIAGO"}},
{"type":"Feature","geometry":{"type":"Polygon","coordinates":[[[-76.6566,0.3317],[-77.0496,0.2896],[-76.6407,0.2586],[-76.6566,0.3317]]]},"properties":{"cod_dep":"64","cod_mun":"018","nombre":"SAN MIGUEL (LA DORADA)"}},
{"type":"Feature","geometry":{"type":"Polygon","coordinates":[[[-76.877,1.2898],[-76.9039,1.3208],[-76.9333,1.2849],[-76.9651,1.1572],[-76.877,1.2898]]]},"properties":{"cod_dep":"64","cod_mun":"019","nombre":"SIBUNDOY"}},
{"type":"Feature","geometry":{"type":"Polygon","coordinates":[[[-77.0728,0.9428],[-77.1389,0.8213],[-77.1597,0.7432],[-77.1769,0.6713],[-77.1867,0.6304],[-77.09,0.4197],[-76.7717,0.5052],[-76.6542,0.6478],[-76.7656,0.7928],[-77.0728,0.9428]]]},"properties":{"cod_dep":"64","cod_mun":"023","nombre":"ORITO"}},
{"type":"Feature","geometry":{"type":"Polygon","coordinates":[[[-75.8095,0.8957],[-76.0849,1.0581],[-76.4852,1.0085],[-76.4106,0.8684],[-76.2367,0.6614],[-75.7716,0.4396],[-75.266,0.7259],[-75.4839,0.7829],[-75.8095,0.8957]]]},"properties":{"cod_dep":"64","cod_mun":"025","nombre":"PUERTO GUZMAN"}},
{"type":"Feature","geometry":{"type":"Polygon","coordinates":[[[-76.2367,0.6614],[-76.4106,0.8684],[-76.4656,0.8684],[-76.7656,0.7928],[-76.6542,0.6478],[-76.2367,0.6614]]]},"properties":{"cod_dep":"64","cod_mun":"026","nombre":"PUERTO CAICEDO"}},
{"type":"Feature","geometry":{"type":"Polygon","coordinates":[[[-76.7717,0.5052],[-77.09,0.4197],[-77.1132,0.3726],[-77.0496,0.2896],[-76.6566,0.3317],[-76.7717,0.5052]]]},"properties":{"cod_dep":"64","cod_mun":"028","nombre":"VALLE DEL GUAMUEZ (LA HORMIGA)"}},
{"type":"Feature","geometry":{"type":"Polygon","coordinates":[[[-76.4656,0.8684],[-76.7411,1.006],[-76.8537,1.0457],[-77.0471,0.9787],[-77.0728,0.9428],[-76.7656,0.7928],[-76.4656,0.8684]]]},"properties":{"cod_dep":"64","cod_mun":"030","nombre":"VILLAGARZON"}},
{"type":"Feature","geometry":{"type":"Polygon","coordinates":[[[-69.8687,1.7187],[-70.4538,1.7906],[-70.9937,1.1535],[-71.0365,0.5722],[-70.8284,0.4024],[-70.0474,0.2598],[-70.0388,0.566],[-70.116,0.8275],[-69.8148,1.0642],[-69.8454,1.7137],[-69.8687,1.7187]]]},"properties":{"cod_dep":"68","cod_mun":"001","nombre":"MITU"}},
{"type":"Feature","geometry":{"type":"Polygon","coordinates":[[[-71.2532,1.6704],[-71.3928,1.7361],[-71.5739,1.0816],[-71.8029,0.8882],[-71.4809,0.5957],[-71.0365,0.5722],[-70.9937,1.1535],[-71.2532,1.6704]]]},"properties":{"cod_dep":"68","cod_mun":"004","nombre":"CARURU"}},
{"type":"Feature","geometry":{"type":"Polygon","coordinates":[[[-70.1098,2.0806],[-70.8945,1.9195],[-71.2532,1.6704],[-70.9937,1.1535],[-70.4538,1.7906],[-69.8687,1.7187],[-70.1637,1.9195],[-70.1098,2.0806]]]},"properties":{"cod_dep":"68","cod_mun":"010","nombre":"MORICHAL (PAPUNAGUA)"}},
{"type":"Feature","geometry":{"type":"Polygon","coordinates":[[[-71.0365,0.5722],[-71.4809,0.5957],[-71.8029,0.8882],[-72.033,0.6639],[-71.8322,0.3392],[-71.2544,0.059],[-70.9986,-0.0029],[-70.8431,-0.3326],[-70.4967,-0.3859],[-70.2555,-0.433],[-70.0462,-0.1157],[-70.0474,0.2598],[-70.8284,0.4024],[-71.0365,0.5722]]]},"properties":{"cod_dep":"68","cod_mun":"013","nombre":"BUENOS AIRES (PACOA)"}},
{"type":"Feature","geometry":{"type":"Polygon","coordinates":[[[-69.4329,-1.0689],[-69.6116,-0.5],[-70.0462,-0.1157],[-70.2555,-0.433],[-70.2249,-0.8953],[-69.4329,-1.0689]]]},"properties":{"cod_dep":"68","cod_mun":"017","nombre":"TARAIRA"}},
{"type":"Feature","geometry":{"type":"Polygon","coordinates":[[[-70.0388,0.566],[-69.1403,0.6899],[-69.3215,1.0878],[-69.8148,1.0642],[-70.116,0.8275],[-70.0388,0.566]]]},"properties":{"cod_dep":"68","cod_mun":"022","nombre":"YAVARATE"}},
{"type":"Feature","geometry":{"type":"Polygon","coordinates":[[[-67.8146,5.3429],[-67.6248,5.4768],[-67.4571,6.1895],[-67.8354,6.3171],[-68.8135,6.1734],[-68.8159,5.4185],[-68.3263,5.5015],[-67.8146,5.3429]]]},"properties":{"cod_dep":"72","cod_mun":"001","nombre":"PUERTO CARREÑO"}},
{"type":"Feature","geometry":{"type":"Polygon","coordinates":[[[-70.6522,5.3739],[-70.9129,5.1409],[-70.9741,5.0801],[-71.0782,4.8992],[-71.0782,4.7269],[-70.4771,4.712],[-70.198,4.8831],[-70.6522,5.3739]]]},"properties":{"cod_dep":"72","cod_mun":"002","nombre":"SANTA ROSALIA"}},
{"type":"Feature","geometry":{"type":"Polygon","coordinates":[[[-67.8146,5.3429],[-68.3263,5.5015],[-68.8159,5.4185],[-69.5651,4.9153],[-70.198,4.8831],[-70.4771,4.712],[-71.0782,4.7269],[-71.0782,3.356],[-71.0769,2.8826],[-70.5016,2.7884],[-70.28,2.9346],[-70.0535,3.3969],[-69.5602,3.6783],[-68.838,3.6709],[-68.314,3.9783],[-67.7081,4.0452],[-67.8574,4.5248],[-67.8146,5.3429]]]},"properties":{"cod_dep":"72","cod_mun":"006","nombre":"CUMARIBO"}},
{"type":"Feature","geometry":{"type":"Polygon","coordinates":[[[-68.8135,6.1734],[-69.428,6.1077],[-69.8356,6.0407],[-70.1527,5.6007],[-70.6044,5.4222],[-70.6522,5.3739],[-70.198,4.8831],[-69.5651,4.9153],[-68.8159,5.4185],[-68.8135,6.1734]]]},"properties":{"cod_dep":"72","cod_mun":"008","nombre":"LA PRIMAVERA"}}
]}
